Tempo Ângulo omega x y
s graus graus/s  
0.0370 -2.9266 -14.6277  
0.0990 -3.8707 1.1626  
0.1320 -4.6088 3.6592  
0.1650 -5.0414 30.1355  
0.1990 -5.1930 18.0090  
0.2320 -5.2233 -7.9139  
0.2650 -5.1381 22.0915  
0.2990 -4.9606 37.8635  
0.3320 -4.4873 68.2874  
0.3650 -3.7707 57.9693  
0.3990 -2.8194 52.6942  
0.4320 -1.6811 58.8749  
0.4700 -0.4797 19.7685  
0.4850 0.5137 -72.3764  
0.5320 1.5096 13.5478  
0.5650 2.6608 39.1523  
0.5990 3.7061 -9.6870  
0.6660 4.6757 7.9098  
0.6980 5.3905 -9.1826  
0.7320 5.7874 -37.2552  
0.7650 5.9412 -19.3742  
0.7980 5.9873 26.2269  
0.8320 5.8301 -37.6719  
0.8660 5.6198 -47.5640  
0.8990 5.1523 -58.6391  
0.9310 4.2987 -80.2923  
0.9660 3.3168 -46.0604  
0.9990 2.1632 -35.9555  
1.0320 1.0130 -7.9104  
1.0650 -0.0487 -11.5449  
1.0980 -1.0644 -5.4184  
1.1330 -2.2484 -23.3681  
1.1660 -3.4264 -37.0197  
1.1980 -4.7205 -86.8025  
1.2320 -5.4489 109.4705  
1.2650 -5.8650 16.8016  
1.2980 -6.0274 27.9955  
1.3320 -6.0939 -6.6812  
1.3650 -6.0519 24.9479  
1.3990 -5.8909 23.8092  
1.4320 -5.5966 35.0050  
1.4650 -4.9794 73.0244  
1.4980 -4.0491 57.8848  
1.5320 -2.6354 60.4433  
1.5650 -1.4391 46.9476  
1.5990 -0.2360 18.2995  
1.6320 0.7666 -32.7756  
1.6650 1.8532 18.5658  
1.6990 2.9666 32.1209  
1.7320 3.8874 -33.8295  
1.7650 5.0361 104.0343  
1.7980 5.7175 -68.5788  
1.8320 6.1138 -27.6294  
1.8650 6.2433 -18.6302  
1.8980 6.1538 -19.3687  
1.9320 6.0895 25.6965  
1.9660 5.9886 -42.6078  
1.9990 5.6416 -55.9662  
2.0320 4.9951 -57.6847  
2.0660 4.2108 -73.3491  
2.0980 2.9336 -46.7628  
2.1320 1.8079 -21.9829  
2.1660 0.7611 -4.4551  
2.1980 -0.2459 -6.7492  
2.2320 -1.2841 -27.9785  
2.2660 -2.4443 -10.2001  
2.2990 -3.7758 -95.7781  
2.3320 -4.9635 -12.4320  
2.3660 -5.6127 102.4241  
2.3990 -5.9842 8.5763  
2.4320 -6.0866 36.1841  
2.4650 -5.9968 35.6238  
2.4990 -5.9747 -24.3908  
2.5320 -5.8329 29.7116  
2.5660 -5.5005 28.1062  
2.5990 -4.8602 82.7954  
2.6320 -3.6988 62.1287  
2.6710 -2.3201 45.1852  
2.6860 -1.1681 81.0431  
2.7370 -0.1167 -14.1626  
2.7510 0.8790 45.4624  
2.7990 1.8117 11.3764  
2.8320 2.9082 24.4775  
2.8520 4.1163 104.8309  
2.8990 5.2008 -5.9390  
2.9320 5.7770 -71.2730  
2.9660 6.1026 -13.3915  
2.9990 6.1904 -18.6564  
3.0320 6.1949 11.5744  
3.0660 6.2392 -9.5049  
3.0990 6.0411 -54.1894  
3.1310 5.6244 -51.2399  
3.1650 4.9359 -56.1955  
3.1990 3.7769 -76.6962  
3.2320 2.5412 -31.7102  
3.2650 1.4664 -22.5412  
3.2980 0.4944 17.3852  
3.3320 -0.5033 -25.6699  
3.3650 -1.6356 -29.2360  
3.3990 -2.7553 -5.7652  
3.4310 -4.2706 -179.5258  
3.4660 -5.2647 102.0725  
3.4990 -5.8412 68.6157  
3.5310 -6.0661 28.4156  
3.5650 -6.1252 18.0001  
3.5980 -6.1024 2.2379  
3.6310 -6.1161 6.3471  
3.6650 -5.9123 38.3061  
3.6980 -5.4525 48.3427  
3.7330 -4.7488 64.0525  
3.7650 -3.2995 53.5083  
3.7990 -2.0150 56.6063  
3.8320 -0.8910 19.9539  
3.8660 0.1980 16.4779  
3.8980 1.1847 -12.8603  
3.9310 2.2682 31.5534  
3.9650 3.3289 -0.4986  
3.9990 4.4144 45.5559  
4.0320 5.3067 -10.1838  
4.0650 5.8494 -38.0007  
4.0980 6.1340 -26.3342  
4.1320 6.1622 -18.8044  
4.1650 6.0698 -16.5918  
4.1980 5.9580 11.1042  
4.2370 5.7083 -45.9265  
4.2510 5.1895 -117.7686  
4.2990 4.4808 -39.9237  
4.3320 3.3852 -70.3201  
4.3650 2.2027 -36.4900  
4.3980 1.0943 -15.5864  
4.4320 -0.0158 -26.0239  
4.4650 -1.0043 17.4686  
4.4990 -2.0267 -26.1022  
4.5320 -3.1047 -5.7260  
4.5990 -4.1492 -21.7181  
4.6320 -4.8185 63.6910  
4.6650 -5.2351 18.5094  
4.6980 -5.3564 19.1932  
4.7320 -5.3483 2.6219  
4.7650 -5.2585 9.1760  
4.7990 -4.9761 30.6064  
4.8320 -4.5119 72.5825  
4.8690 -3.7820 47.8173  
4.8830 -2.8488 131.7471  
4.9320 -1.5592 43.0254  
4.9650 -0.4297 15.2009  
4.9990 0.5498 -26.1696  
5.0320 1.5185 15.9075  
5.0650 2.5459 20.5178  
5.0980 3.5152 -8.4496  
5.1660 4.4793 14.5337  
5.1990 5.1578 -13.9336  
5.2320 5.5508 -32.9201  
5.2650 5.8466 26.4479  
5.2980 5.8332 -29.8336  
5.3320 5.6521 -34.5370  
5.3690 5.4092 -40.7647  
5.3830 4.9264 -133.8625  
5.4320 4.1342 -49.3257  
5.4650 3.2333 -41.4107  
5.4990 2.1121 -35.6928  
5.5310 1.0085 -8.8940  
5.5650 0.0320 5.4500  
5.5990 -1.0985 -19.6232  
5.6320 -2.2199 -27.0807  
5.6650 -3.2244 -0.1644  
5.6990 -4.3970 -93.8035  
5.7230 -5.0608 133.9021  
5.7490 -5.4113 27.5383  
5.7990 -5.5731 10.4180  
5.8320 -5.6271 -4.1034  
5.8650 -5.5936 17.8976  
5.8990 -5.5012 22.7428  
5.9320 -5.2256 35.3279  
5.9650 -4.6189 73.2207  
5.9990 -3.8350 51.9935  
6.0320 -2.5113 66.9144  
6.0650 -1.4289 24.2541  
6.0990 -0.3038 33.6215  
6.1320 0.6849 -25.5437  
6.1650 1.7396 15.8891  
6.1990 2.8112 22.3543  
6.2320 3.6977 -32.6817  
6.2650 4.7430 83.4682  
6.2810 5.3644 -113.9410  
6.3320 5.7501 -11.5504  
6.3700 5.8601 -14.4267  
6.3840 5.8354 -39.1246  
6.4320 5.7430 9.7248  
6.4650 5.6340 -30.5689  
6.4990 5.2802 -56.5961  
6.5320 4.6589 -58.0212  
6.5660 3.9200 -66.2985  
6.5990 2.7610 -43.8529  
6.6320 1.7007 -25.2983  
6.6650 0.6687 -9.3215  
6.6990 -0.3019 1.9515  
6.7320 -1.2811 -19.2032  
6.7650 -2.3784 -21.6189  
6.7990 -3.6936 -93.7861  
6.8320 -4.8198 -1.0458  
6.8700 -5.4323 84.8108  
6.8830 -5.7390 61.8781  
6.9320 -5.8375 12.9310  
6.9480 -5.7759 47.9585  
6.9980 -5.7045 -4.2133  
7.0320 -5.5543 25.1628  
7.0650 -5.2032 41.6473  
7.0990 -4.5464 68.9229  
7.1320 -3.3801 57.7962  
7.1490 -2.0340 103.6766  
7.1990 -0.9091 20.2335  
7.2320 0.0611 -22.5310  
7.2650 1.0318 19.3661  
7.2980 2.0257 30.2820  
7.3330 3.0214 -5.5069  
7.3650 4.0727 44.1264  
7.3980 4.9810 -1.6861  
7.4140 5.5487 -66.4394  
7.4650 5.8522 -14.4012  
7.4990 5.9156 -18.8071  
7.5320 5.9895 33.8776  
7.5660 6.0188 -35.0078  
7.5990 5.8427 -42.8698  
7.6320 5.3880 -54.1354  
7.6650 4.7612 -58.0122  
7.6810 3.7803 -133.0383  
7.7320 2.6788 -24.7382  
7.7650 1.6282 -16.7917  
7.7990 0.5438 -31.5227  
7.8320 -0.4266 15.1387  
7.8660 -1.5632 -15.9790  
7.8980 -2.6412 -18.8802  
7.9320 -3.8110 -68.6329  
7.9650 -4.8195 -5.2492  
7.9980 -5.3323 92.2148  
8.0150 -5.5892 25.2977  
8.0650 -5.6566 12.6691  
8.0810 -5.6066 38.7578  
8.1320 -5.4755 -5.1282  
8.1650 -5.2694 37.8658  
8.1820 -4.8516 92.6219  
8.2320 -4.1527 44.1252  
8.2480 -3.0343 116.3645  
8.2990 -1.7345 32.1642  
8.3320 -0.6598 24.0103  
8.3650 0.3105 -18.6079  
8.3980 1.2722 16.6029  
8.4350 2.2514 21.4690  
8.4490 3.2392 -12.4675  
8.5320 4.3420 28.8932  
8.5480 5.0835 -127.3046  
8.5990 5.5749 -5.8078  
8.6320 5.7658 -34.5905  
8.6650 5.8307 11.4785  
8.6810 5.7296 -54.1639  
8.7320 5.5573 -26.0056  
8.7660 5.1493 -53.2375  
8.7990 4.4469 -65.1148  
8.8320 3.5804 -55.0000  
8.8660 2.3339 -41.2522  
8.8990 1.2514 -12.0208  
8.9310 0.2260 8.5805  
8.9480 -0.7534 -40.0911  
8.9990 -1.8137 -8.4326  
9.0160 -2.8326 -26.6260  
9.0810 -3.7448 -3.9847  
9.1320 -4.3958 15.7227  
9.1480 -4.7798 32.5562  
9.1980 -5.0049 -4.5173  
9.2140 -5.0217 42.5552  
9.2660 -4.9012 18.7620  
9.2990 -4.7314 23.2729  
9.3320 -4.2469 74.6923  
9.3650 -3.5423 53.6923  
9.3860 -2.6230 80.6428  
9.4150 -1.5337 49.7264  
9.4660 -0.4354 17.4790  
9.4990 0.5351 -22.9656  
9.5320 1.5738 13.8387  
9.5650 2.6189 22.5660  
9.5990 3.4826 -24.6427  
9.6650 4.3809 16.8771  
9.6810 4.9673 -40.9452  
9.7320 5.3216 -10.7510  
9.7480 5.4517 -34.2387  
9.8000 5.4967 11.3378  
9.8320 5.3406 -34.9624  
9.8650 5.1010 -48.2631  
9.8990 4.6398 -51.7528  
9.9150 3.8449 -162.0391  
9.9650 2.9966 -27.4291  
9.9980 1.9541 -25.0697  
10.0140 0.9786 0.8669  
10.0660 0.0170 -7.8777  
10.0980 -0.9532 -19.7980  
10.1150 -2.0557 -43.1278  
10.1660 -3.1537 -21.0474  
10.1990 -4.5142 -127.8145  
10.2150 -5.1730 328.5474  
10.2650 -5.5094 12.6361  
10.2810 -5.6498 36.7805  
10.3330 -5.6298 14.9386  
10.3660 -5.6356 -7.4118  
10.3990 -5.5204 24.2739  
10.4320 -5.2886 16.1260  
10.4480 -4.6775 191.2285  
10.5020 -3.7824 32.7227  
10.5160 -2.3016 117.0659  
10.5660 -1.2163 26.0373  
10.5990 -0.1329 18.5562  
10.6320 0.8195 -21.8720  
10.6650 1.7557 18.6652  
10.6810 2.8121 59.7973  
10.7320 3.9446 30.6335  
10.7480 5.0549 19.3249  
10.7990 5.6701 -37.0628  
10.8320 6.0852 -7.1130  
10.8480 6.2135 -76.7486  
10.8990 6.3100 19.2632  
10.9140 6.2337 -74.2956  
10.9660 6.1456 -16.1677  
10.9990 5.8003 -59.2557  
11.0150 5.1832 -110.0958  
11.0660 4.0968 -61.3851  
11.0990 2.9228 -17.1857  
11.1150 1.8573 -50.3018  
11.1650 0.7297 -17.1094  
11.1810 -0.2228 32.7172  
11.2310 -1.3346 -12.2401  
11.2480 -2.3942 -34.7660  
11.2990 -3.6556 -56.0782  
11.3140 -4.6643 38.1639  
11.3670 -5.2781 41.2574  
11.3940 -5.4917 32.3049  
11.4240 -5.5963 17.4050  
11.4480 -5.4939 52.7309  
11.4990 -5.3708 -12.7003  
11.5150 -5.2221 48.6543  
11.5660 -4.8916 23.6543  
11.5990 -4.2437 78.2552  
11.6150 -3.1337 110.1038  
11.6660 -1.9150 32.5362  
11.6990 -0.8280 26.3415  
11.7320 0.1220 -15.0898  
11.7650 1.0745 16.5983  
11.7980 2.0297 39.1593  
11.8150 3.0384 -6.5994  
11.8660 4.1078 27.1568  
11.8990 5.1792 37.1611  
11.9140 5.7607 -154.4070  
11.9660 6.0528 -21.7876  
11.9990 6.1173 -18.6741  
12.0140 6.1855 60.3841  
12.0650 6.1982 -20.6268  
12.0810 6.0028 -95.8692  
12.1330 5.5245 -29.5470  
12.1660 4.8695 -56.9705  
12.1980 3.8441 -72.4356  
12.2140 2.5746 -75.9940  
12.2650 1.5085 -5.5177  
12.2810 0.5612 3.4594  
12.3320 -0.3911 -13.0626  
12.3650 -1.5247 -27.5070  
12.3990 -2.5764 -6.8388  
12.4660 -3.7142 -35.7598  
12.4990 -4.4460 76.5103  
12.5320 -4.9067 25.1605  
12.5480 -5.0723 39.5860  
12.5990 -5.0963 3.9185  
12.6320 -5.0586 10.1730  
12.6480 -4.9225 64.9224  
12.6990 -4.5233 38.5419  
12.7320 -3.8430 57.6655  
12.7480 -2.9638 109.7745  
12.7820 -1.6802 48.4731  
12.8320 -0.6093 7.9706  
12.8480 0.3520 -16.6808  
12.8990 1.3024 10.3051  
12.9320 2.2784 13.7885  
12.9480 3.2403 12.1692  
13.0330 4.1857 10.2828  
13.0650 4.8186 -36.2430  
13.0810 5.2156 -28.4345  
13.1330 5.3825 -10.4906  
13.1660 5.4598 22.8050  
13.1980 5.3604 -42.8047  
13.2150 5.1439 -84.4898  
13.2650 4.7084 -33.3112  
13.2810 4.0660 -100.7857  
13.3330 3.1939 -40.4595  
13.3660 2.1366 -29.6036  
13.3810 1.1248 -47.0030  
13.4320 0.1925 6.6633  
13.4480 -0.8023 -73.1229  
13.4990 -1.9089 -7.1831  
13.5140 -2.8910 -8.2265  
13.5660 -4.4563 -139.8052  
13.5990 -5.1862 202.7042  
13.6150 -5.6832 44.7892  
13.6660 -5.8626 21.0080  
13.6980 -5.8754 21.5491  
13.7140 -5.8059 7.3785  
13.7660 -5.7461 4.6682  
13.7990 -5.4524 35.4311  
13.8150 -4.9104 132.2867  
13.8660 -4.1794 34.6364  
13.8990 -2.5564 49.9822  
13.9320 -1.4398 49.2791  
13.9650 -0.3477 14.2755  
13.9810 0.5864 -31.7794  
14.0320 1.5132 12.0890  
14.0660 2.5204 27.1298  
14.0980 3.6125 34.1099  
14.1150 4.6270 23.1602  
14.1660 5.3082 -23.8639  
14.1810 5.7119 -67.2403  
14.2150 5.8960 -16.0535  
14.2650 5.8649 -10.5299  
14.2810 5.7137 -45.5998  
14.3320 5.6170 0.7058  
14.3660 5.3040 -45.4636  
14.3990 4.7232 -53.2213  
14.4320 3.7962 -71.8065  
14.4480 2.7042 -78.5433  
14.4990 1.6317 -20.0472  
14.5320 0.6923 9.7870  
14.5660 -0.2399 -13.9497  
14.5810 -1.1717 -34.8310  
14.6330 -2.1248 -18.1310  
14.6700 -3.3307 -67.3382  
14.6830 -4.4924 -84.9208  
14.7320 -5.1290 71.3326  
14.7480 -5.4333 59.5534  
14.7990 -5.5687 8.4643  
14.8210 -5.6015 0.2324  
14.8490 -5.5849 29.1376  
14.8990 -5.4895 6.2731  
14.9140 -5.2113 87.0658  
14.9650 -4.6142 44.0454  
14.9810 -3.6059 101.2466  
15.0320 -2.2949 37.7176  
15.0650 -1.2107 37.1666  
15.0810 -0.1785 27.0998  
15.1330 0.7648 -8.7995  
15.1660 1.8043 29.3014  
15.1990 2.7627 0.1492  
15.2140 3.7988 72.7342  
15.2660 4.7857 15.6549  
15.2980 5.3541 -60.5965  
15.3140 5.7686 5.0812  
15.3480 5.8798 -32.6602  
15.3990 5.8135 -10.7358  
15.4140 5.7457 27.8783  
15.4650 5.5810 -27.9693  
15.4810 5.1569 -101.6495  
15.5330 4.5696 -31.3096  
15.5650 3.6475 -70.4964  
15.5810 2.5188 -78.2766  
15.6330 1.5319 -10.0325  
15.6660 0.5589 6.6930  
15.6810 -0.3752 -48.1518  
15.7330 -1.2999 -8.7024  
15.7650 -2.3457 -24.7709  
15.7810 -3.5301 -175.8279  
15.8320 -4.6027 -9.9596  
15.8480 -5.1724 212.5394  
15.8990 -5.4271 17.5348  
15.9140 -5.5079 32.4416  
15.9660 -5.5508 -2.7495  
15.9810 -5.5652 33.7509  
16.0320 -5.4090 19.2895  
16.0650 -5.0777 39.3358  
16.0810 -4.4402 141.8541  
16.1320 -3.3453 34.5143  
16.1480 -2.0263 108.3441  
16.1810 -0.9776 21.1420  
16.2320 -0.0528 -6.7596  
16.2480 0.8781 34.2294  
16.2990 1.9087 16.7436  
16.3140 2.8756 -8.7098  
16.3990 4.0021 30.3495  
16.4320 4.7598 -72.4328  
16.4480 5.2266 -39.9185  
16.4990 5.4535 -12.5327  
16.5140 5.4615 -30.4124  
16.5660 5.4087 1.7384  
16.5980 5.2487 -44.2528  
16.6150 4.8831 -88.7552  
16.6650 4.2550 -35.4239  
16.6810 3.4277 -132.6996  
16.7320 2.2273 -22.5614  
16.7480 1.2041 -38.6687  
16.7990 0.2821 7.3303  
16.8140 -0.6429 -44.6014  
16.8650 -1.5654 -8.4579  
16.8990 -2.5579 -17.9588  
16.9660 -3.5545 -21.7380  
16.9990 -4.2047 59.2503  
17.0140 -4.6326 30.1763  
17.0650 -4.7797 13.4064  
17.0850 -4.8408 -14.5364  
17.1320 -4.7723 14.4323  
17.1480 -4.6463 59.2671  
17.1990 -4.2421 41.4249  
17.2320 -3.6181 53.5216  
17.2480 -2.7664 104.2213  
17.2990 -1.6177 29.6665  
17.3140 -0.5852 52.8735  
17.3650 0.3488 -10.4313  
17.3810 1.2692 34.2387  
17.4320 2.3043 16.7786  
17.4480 3.2423 -18.2552  
17.5330 4.1960 13.0022  
17.5650 4.8586 -24.9491  
17.5850 5.2393 -52.6551  
17.6150 5.4076 -15.2141  
17.6470 5.4389 4.4754  
17.6990 5.3226 -13.1374  
17.7140 5.1070 -101.5947  
17.7540 4.6786 -39.5289  
17.7990 3.9615 -45.1550  
17.8140 3.1033 -113.4567  
17.8650 2.0272 -21.0667  
17.8810 1.0737 26.7362  
17.9330 0.1701 -10.6590  
17.9660 -0.7548 -20.2764  
17.9810 -1.7764 -54.9299  
18.0320 -2.8959 -32.5936  
18.0990 -3.8727 -1.4490  
18.1180 -4.5228 88.7506  
18.1650 -4.8619 22.9365  
18.1810 -5.0519 -13.1530  
18.2330 -5.0210 21.8057  
18.2480 -5.0111 14.5325  
18.2990 -4.8352 21.6794  
18.3140 -4.3779 142.9952  
18.3650 -3.6557 35.7757  
18.3810 -2.5935 108.6695  
18.4330 -1.3727 28.6222  
18.4650 -0.4020 -25.4552  
18.4810 0.5230 38.8330  
18.5310 1.5239 10.9579  
18.5480 2.4664 32.3696  
18.5990 3.3238 -12.4246  
18.6150 4.2481 110.9776  
18.6650 4.8463 -22.3336  
18.6810 5.2136 -30.2642  
18.7330 5.3614 -8.7823  
18.7660 5.3056 -16.5939  
18.7810 5.3565 16.8573  
18.8320 5.2631 -16.1060  
18.8480 4.9570 -98.7236  
18.8990 4.4204 -34.4117  
18.9140 3.7248 -148.2154  
18.9650 2.7170 -26.4084  
18.9810 1.7350 -53.6335  
19.0320 0.8407 7.6988  
19.0650 -0.0845 -23.2053  
19.0810 -1.0478 -58.0033  
19.1140 -2.0632 -8.1650  
19.1650 -3.1404 -28.2018  
19.1810 -4.2290 -105.8309  
19.2330 -4.8372 58.6220  
19.2660 -5.1996 7.1022  
19.2810 -5.3183 72.7051  
19.3320 -5.2394 21.9156  
19.3480 -5.2772 -48.3678  
19.3990 -5.1462 18.0743  
19.4150 -4.8251 60.8411  
19.4690 -4.2254 46.6068  
19.4830 -3.3192 116.1539  
19.5330 -2.0528 38.1585  
19.5650 -1.0292 19.4184  
19.5810 -0.0450 -9.9880  
19.6320 0.8666 7.1581  
19.6480 1.7486 51.2729  
19.6990 2.7152 1.4336  
19.7140 3.7152 83.7030  
19.7650 4.6314 2.6548  
19.7810 5.1683 -79.7437  
19.8330 5.5354 -1.3880  
19.8480 5.6089 -68.5086  
19.8990 5.5656 -10.7345  
19.9150 5.4964 -26.1417  
19.9660 5.3568 -6.6412  
19.9850 4.9713 -86.2689  
20.0320 4.4017 -37.6123  
20.0480 3.4391 -167.1442  
20.0990 2.3980 -12.7427  
20.1140 1.4353 -32.7546  
20.1650 0.4839 0.7928  
20.1810 -0.4321 -42.0963  
20.2320 -1.3752 -16.0554  
20.2480 -2.3124 -22.4362  
20.2990 -3.6238 -80.0125  
20.3320 -4.6922 23.9697  
20.3480 -5.2494 208.9938  
20.4000 -5.4540 16.3865  
20.4140 -5.5336 42.8435  
20.4480 -5.5330 9.1497  
20.4880 -5.4790 14.3402  
20.5150 -5.2986 21.8744  
20.5660 -4.9183 23.1608  
20.5810 -4.2670 156.6648  
20.6320 -3.0465 31.6060  
20.6480 -1.7311 108.7046  
20.6990 -0.6790 13.9612  
20.7140 0.2459 -28.0428  
20.7660 1.2059 18.2793  
20.7810 2.1620 18.2070  
20.8320 3.0284 -6.3634  
20.8990 3.9387 15.3801  
20.9180 4.6497 -42.7491  
20.9650 5.0687 -12.1188  
20.9810 5.2718 -34.2340  
21.0330 5.3253 4.6886  
21.0480 5.2349 -48.4977  
21.0990 5.0658 -23.6660  
21.1150 4.6504 -94.5267  
21.1650 4.0312 -35.3130  
21.1810 3.2326 -132.4035  
21.2320 2.2428 -17.2727  
21.2480 1.3153 -11.8582  
21.2990 0.3831 -12.0918  
21.3170 -0.5237 -16.2998  
21.3490 -1.5389 -26.2476  
21.3990 -2.4939 -2.5261  
21.4650 -3.5385 -31.8491  
21.4810 -4.2117 137.5587  
21.5320 -4.6216 17.0065  
21.5480 -4.7506 43.1825  
21.5990 -4.7640 5.3811  
21.6150 -4.7303 17.6333  
21.6660 -4.5609 14.5083  
21.6810 -4.1364 150.5130  
21.7320 -3.4659 31.7592  
21.7480 -2.6181 102.9007  
21.7810 -1.4261 40.6229  
21.8150 -0.3865 19.9235  
21.8650 0.5294 -7.4012  
21.8810 1.4491 45.5498  
21.9330 2.3592 3.4217  
21.9480 3.2000 -27.3829  
22.0330 4.1129 17.1968  
22.0660 4.7107 -27.0733  
22.0810 5.0675 -52.6958  
22.1340 5.2141 -8.6106  
22.1660 5.2311 1.4295  
22.1850 5.1091 -37.5809  
22.2150 4.9109 -37.7023  
22.2650 4.4644 -35.0879  
22.2810 3.7913 -130.4703  
22.3320 3.0040 -30.4574  
22.3480 1.9860 -52.7999  
22.3990 1.0818 4.7789  
22.4150 0.1837 -45.5432  
22.4650 -0.7321 -12.6644  
22.4810 -1.7256 -45.7401  
22.5330 -2.6780 -5.8360  
22.5480 -3.8255 -205.4381  
22.5990 -4.5406 50.3933  
22.6150 -4.9194 79.7049  
22.6650 -5.0737 13.8267  
22.6810 -5.0793 40.1772  
22.7310 -5.1013 1.5811  
22.7480 -5.0008 29.2020  
22.8000 -4.7404 18.5857  
22.8150 -4.1804 150.8527  
22.8660 -3.4129 34.7642  
22.8810 -2.1913 97.2454  
22.9320 -1.1134 22.2183  
22.9480 -0.2070 -27.4639  
22.9990 0.6942 12.5228  
23.0140 1.6023 47.4660  
23.0660 2.5217 3.7086  
23.0810 3.4406 32.7168  
23.1320 4.3307 13.3083  
23.1480 4.8758 -74.2078  
23.1990 5.2355 -1.5901  
23.2320 5.3759 -22.2732  
23.2510 5.3593 -22.9418  
23.2820 5.3835 -1.0039  
23.3160 5.2971 -13.7597  
23.3660 4.9611 -35.6963  
23.3810 4.4436 -108.0440  
23.4210 3.6128 -66.0738  
23.4490 2.6374 -27.4275  
23.4990 1.7478 -6.5615  
23.5140 0.8868 13.6253  
23.5660 -0.0182 -22.5955  
23.5810 -0.9691 -59.7168  
23.6320 -1.9450 -5.4968  
23.6480 -3.1773 -189.4586  
23.6990 -4.2648 -6.6140  
23.7180 -4.8655 170.9234  
23.7660 -5.1264 15.7153  
23.7810 -5.2507 39.9238  
23.8320 -5.2315 21.6896  
23.8480 -5.3006 -42.3951  
23.8990 -5.1580 18.4896  
23.9150 -4.8352 56.5868  
23.9660 -4.2317 49.5365  
23.9810 -3.1632 107.9383  
24.0150 -1.9072 45.2143  
24.0660 -0.9533 4.4489  
24.0810 -0.0285 30.8950  
24.1320 0.8729 7.1581  
24.1510 1.7495 45.1435  
24.1990 2.6844 -1.9751  
24.2140 3.6709 97.1800  
24.2660 4.6383 13.7583  
24.2810 5.1545 -132.3968  
24.3320 5.4390 -13.6812  
24.3480 5.5243 -28.4100  
24.3990 5.5250 -12.1362  
24.4150 5.4898 6.5087  
24.4660 5.3184 -19.5551  
24.4810 4.9144 -97.8578  
24.5150 4.3431 -51.9915  
24.5660 3.4243 -39.5716  
24.5840 2.3120 -67.7139  
24.6320 1.3839 -2.9867  
24.6480 0.4050 -75.3927  
24.6990 -0.4908 7.3682  
24.7140 -1.4137 -59.2900  
24.7650 -2.3593 -2.4038  
24.7810 -3.5118 -191.6400  
24.8320 -4.4781 7.7144  
24.8480 -5.0004 167.0479  
24.8990 -5.2468 14.5209  
24.9140 -5.3102 40.7143  
24.9650 -5.2499 21.4650  
24.9810 -5.1238 -34.2976  
25.0370 -4.9418 16.6895  
25.0510 -4.5349 97.1245  
25.0990 -3.8945 46.0930  
25.1150 -2.7863 100.7049  
25.1500 -1.5708 41.9139  
25.1990 -0.5779 9.1296  
25.2150 0.3380 -1.9217  
25.2650 1.2690 15.2552  
25.2810 2.1325 26.1746  
25.3330 3.0260 -4.7563  
25.3990 3.9527 19.1669  
25.4150 4.6612 -51.3397  
25.4650 5.0451 -20.6698  
25.4810 5.2315 -22.7234  
25.5330 5.1986 -13.9733  
25.5480 5.1342 8.8124  
25.5990 4.9643 -21.2691  
25.6150 4.5530 -103.2481  
25.6700 3.9379 -29.4418  
25.6830 3.1358 -162.8829  
25.7330 2.1118 -19.0617  
25.7480 1.1830 8.6438  
25.7990 0.3051 -10.2788  
25.8150 -0.6449 -67.7266  
25.8660 -1.5469 -4.8584  
25.8810 -2.4851 -15.3167  
25.9660 -3.5097 -22.9197  
25.9810 -4.1664 135.0802  
26.0330 -4.5701 17.5243  
26.0660 -4.6987 19.2219  
26.0810 -4.6838 32.0243  
26.1150 -4.6664 4.5717  
26.1660 -4.5015 18.6538  
26.1810 -4.0319 130.8291  
26.2320 -3.3752 31.8296  
26.2480 -2.5313 102.6764  
26.2980 -1.3716 24.1848  
26.3180 -0.4437 -14.5556  
26.3470 0.4570 22.0175  
26.3810 1.3898 28.1169  
26.4160 2.2984 6.8032  
26.4650 3.1446 -9.5764  
26.5320 3.9633 10.1060  
26.5480 4.5764 -5.8688  
26.5990 4.9216 -20.6792  
26.6150 5.0663 -22.7205  
26.6660 5.1045 2.8475  
26.6810 5.0909 -53.9907  
26.7320 4.8725 -27.6314  
26.7480 4.3977 -100.5222  
26.8040 3.6892 -37.4793  
26.8170 2.8803 -113.2894  
26.8660 1.9326 -14.5065  
26.8810 0.9816 -8.5287  
26.9320 0.0946 -8.0972  
26.9480 -0.8453 -55.8604  
26.9990 -1.8346 -6.8331  
27.0150 -2.8880 -90.7146  
27.0480 -4.2687 -141.8715  
27.0990 -4.9335 108.8519  
27.1150 -5.2783 68.7672  
27.1660 -5.4241 10.1542  
27.1810 -5.4363 41.6492  
27.2330 -5.3716 12.3215  
27.2480 -5.2693 -2.4322  
27.2990 -5.0399 7.4002  
27.3150 -4.4774 186.3642  
27.3660 -3.6073 31.8580  
27.3840 -2.1260 79.4854  
27.4150 -1.0745 40.4185  
27.4660 -0.1862 -10.4180  
27.4810 0.7616 74.1898  
27.5150 1.6940 13.8176  
27.5650 2.5517 -2.0957  
27.5810 3.5773 102.5858  
27.6320 4.5632 -0.3794  
27.6480 5.1073 -89.7397  
27.6980 5.4208 -13.6348  
27.7140 5.5548 -22.7295  
27.7480 5.4999 -18.7051  
27.7990 5.5272 5.6881  
27.8150 5.3406 -64.1251  
27.8660 4.9661 -27.6348  
27.8810 4.4552 -97.8775  
27.9330 3.4809 -57.5683  
27.9480 2.4659 -28.3476  
27.9990 1.5247 -13.6925  
28.0140 0.6242 -18.3453  
28.0660 -0.3222 -15.8201  
28.0810 -1.2343 -19.4996  
28.1330 -2.1983 -4.3915  
28.1480 -3.2884 -152.5780  
28.1830 -4.2947 -16.2905  
28.2370 -4.8751 51.6864  
28.2510 -5.0919 45.8283  
28.2990 -5.1957 14.6968  
28.3150 -5.2370 -4.5942  
28.3650 -5.1888 12.3826  
28.3810 -4.9811 48.3556  
28.4330 -4.6438 19.2836  
28.4480 -4.0553 152.2276  
28.5000 -3.0760 31.1361  
28.5150 -1.8523 124.9773  
28.5480 -0.8623 13.7584  
28.5990 0.0535 -1.9820  
28.6140 0.9792 53.6754  
28.6650 1.9517 7.7228  
28.6810 2.8519 -6.4227  
28.7320 3.8009 24.7182  
28.7480 4.7856 85.0016  
28.7990 5.2991 -47.6272  
28.8150 5.6227 -17.4312  
28.8660 5.6652 -18.3727  
28.8940 5.5987 -22.7079  
28.9150 5.4516 -43.2140  
28.9480 5.2245 0.1798  
29.0000 4.8229 -25.9948  
29.0170 4.2548 -103.9829  
29.0480 3.3561 -65.9968  
29.0990 2.2251 -18.8623  
29.1150 1.3048 -20.1424  
29.1650 0.3935 -3.7932  
29.1810 -0.5373 -70.6848  
29.2320 -1.4368 -6.3402  
29.2480 -2.2622 -10.3721  
29.3320 -3.3551 -31.7809  
29.3510 -4.0163 156.0707  
29.3820 -4.4498 16.4294  
29.4150 -4.6154 19.1670  
29.4480 -4.7342 -14.9331  
29.4820 -4.6764 42.4339  
29.5170 -4.5356 18.3239  
29.5490 -4.1145 52.2090  
29.5990 -3.4842 35.3884  
29.6140 -2.6770 106.8837  
29.6660 -1.4659 26.3294  
29.6810 -0.4929 38.9880  
29.7320 0.3991 -5.9076  
29.7480 1.3158 54.9486  
29.7810 2.3010 5.8418  
29.8150 3.1075 -10.1200  
29.8990 3.9666 13.8985  
29.9150 4.5909 -42.4006  
29.9500 4.9509 -24.9224  
29.9810 5.1143 -11.7267  
30.0330 5.1572 3.1561  
30.0480 5.0356 -70.6262  
30.0820 4.8522 -27.0684  
30.1320 4.4236 -31.4395  
30.1480 3.7880 -117.3571  
30.1980 3.0123 -34.9042  
30.2140 2.0430 -48.0393  
30.2660 1.1517 1.9745  
30.2810 0.2879 -39.8627  
30.3320 -0.6483 -21.3249  
30.3480 -1.6270 -16.3357  
30.4000 -2.5043 -0.8694  
30.4660 -3.4205 -19.8271  
30.4810 -4.0047 116.5273  
30.5320 -4.3491 10.1908  
30.5480 -4.4582 37.9648  
30.5820 -4.4656 7.3338  
30.6150 -4.4427 12.2723  
30.6650 -4.2698 18.0493  
30.6810 -3.7755 132.9125  
30.7320 -3.0925 31.8583  
30.7480 -2.2703 84.2110  
30.7810 -1.2315 25.9818  
30.8150 -0.3614 1.7861  
30.8480 0.5205 19.3487  
30.8820 1.4139 21.2191  
30.9150 2.2908 2.5756  
30.9480 3.3214 58.8427  
30.9820 4.2206 -12.1161  
31.0150 4.8325 -22.5980  
31.0490 5.2047 -22.7347  
31.0990 5.3766 -13.1017  
31.1150 5.4264 -22.7176  
31.1490 5.3885 -24.0355  
31.1820 5.3039 5.2179  
31.2150 4.9992 -44.8104  
31.2660 4.5394 -28.7761  
31.2810 3.6477 -158.4394  
31.3320 2.6776 -23.4317  
31.3480 1.7228 -37.0886  
31.3990 0.8536 1.6106  
31.4140 -0.0196 -46.2325  
31.4490 -0.9492 -26.5339  
31.4820 -1.8203 -7.0293  
31.5150 -2.9246 -65.4513  
31.5490 -3.9981 -34.4036  
31.5990 -4.5709 70.7711  
31.6150 -4.8719 21.3195  
31.6480 -5.0002 16.1228  
31.6860 -5.0148 14.3305  
31.7150 -5.0323 1.8162  
31.7560 -4.9029 18.9021  
31.7820 -4.6181 24.0456  
31.8150 -4.0685 73.2290  
31.8490 -3.1405 47.7870  
31.8820 -1.9495 44.2024  
31.9150 -1.1343 -6.5998  
31.9490 -0.2711 24.1267  
31.9820 0.6258 26.3293  
32.0150 1.5004 9.7560  
32.0490 2.3619 -2.3199  
32.0820 3.2847 42.0785  
32.1150 4.2122 20.3720  
32.1490 4.7227 -51.5837  
32.1990 5.0511 -3.9269  
32.2150 5.1642 -43.4089  
32.2480 5.2354 -19.2673  
32.2810 5.2449 6.1435  
32.3150 5.0777 -26.4106  
32.3480 4.7520 -38.2828  
32.3820 4.2574 -51.9959  
32.4150 3.3540 -81.7868  
32.4480 2.3383 -13.6838  
32.4990 1.5330 6.8854  
32.5140 0.7021 -30.2302  
32.5480 -0.1627 -30.3644  
32.5820 -1.0495 -25.2026  
32.6160 -1.9857 -8.5562  
32.6480 -3.1384 -95.7071  
32.6820 -4.1830 -5.3566  
32.7150 -4.6878 109.9817  
32.7480 -4.8784 13.4553  
32.7810 -4.9728 15.4340  
32.8150 -5.0468 16.3558  
32.8490 -5.0561 5.6675  
32.8820 -4.9013 18.4513  
32.9320 -4.5590 20.3584  
32.9480 -3.9566 144.4172  
32.9820 -2.8867 47.4279  
33.0150 -1.6360 49.2522  
33.0480 -0.7933 -13.6596  
33.0820 0.0870 24.1370  
33.1150 0.9738 17.3944  
33.1480 1.8265 6.5040  
33.1810 2.6569 -0.8934  
33.2490 3.6953 39.5261  
33.2810 4.3836 -77.5458  
33.3150 4.8154 -7.5330  
33.3490 5.0221 -18.7348  
33.3820 4.9953 -21.5371  
33.4150 5.0126 -0.2713  
33.4490 4.8602 -25.7763  
33.4990 4.5008 -29.9371  
33.5150 3.9579 -101.2323  
33.5490 3.2063 -62.2350  
33.5860 2.1222 -17.2437  
33.6150 1.3168 10.5250  
33.6490 0.4428 -27.6812  
33.6820 -0.4215 -16.3812  
33.7150 -1.2979 -25.1972  
33.7480 -2.1939 -6.2262  
33.8160 -3.2189 -31.8388  
33.8490 -3.8710 67.6016  
33.8820 -4.2709 27.3476  
33.9160 -4.4013 17.0532  
33.9480 -4.4174 15.7485  
33.9820 -4.4283 10.5353  
34.0160 -4.2621 24.3858  
34.0490 -3.9205 36.7821  
34.0820 -3.2970 60.2033  
34.1150 -2.4953 47.7833  
34.1480 -1.4299 14.3267  
34.1820 -0.5395 14.1147  
34.2190 0.3336 19.7188  
34.2480 1.2158 23.1628  
34.2820 2.0588 3.2803  
34.3150 2.8579 -2.4674  
34.3830 3.6741 14.7155  
34.4160 4.2870 -24.8223  
34.4490 4.6829 -5.5617  
34.4820 4.8311 -27.2842  
34.5150 4.9608 8.7427  
34.5480 4.9541 -26.8029  
34.5820 4.7582 -34.1992  
34.6150 4.3367 -48.0059  
34.6490 3.7025 -59.2658  
34.6820 2.9327 -43.5560  
34.7200 2.0408 -5.8189  
34.7480 1.1854 -16.1934  
34.7810 0.2940 -16.4720  
34.8150 -0.5655 -17.1082  
34.8480 -1.5311 -23.4026  
34.8810 -2.5297 -36.8186  
34.9660 -3.4482 -4.2485  
34.9810 -4.0033 136.6556  
35.0160 -4.3041 15.0856  
35.0480 -4.4127 15.1192  
35.0820 -4.4375 18.1673  
35.1150 -4.3921 7.5321  
35.1480 -4.2838 2.5846  
35.1850 -3.8333 76.7606  
35.2150 -3.1582 49.1225  
35.2490 -2.2105 44.4299  
35.2820 -1.1344 28.0066  
35.3150 -0.2888 -7.7621  
35.3480 0.5679 19.3464  
35.3820 1.4536 22.8024  
35.4150 2.2770 -0.2064  
35.4490 3.3386 77.4053  
35.4820 4.2383 -46.4868  
35.5160 4.7724 -24.0136  
35.5490 5.1392 -6.0161  
35.5830 5.2771 -22.9176  
35.6150 5.2606 -19.3517  
35.6480 5.2150 -16.5727  
35.6820 5.1254 5.8348  
35.7150 4.8104 -44.8251  
35.7490 4.3192 -51.9986  
35.7820 3.3703 -58.9670  
35.8150 2.4415 -40.4060  
35.8490 1.5675 -7.8648  
35.8820 0.6383 -22.7873  
35.9150 -0.2089 1.2836  
35.9490 -1.0428 -14.3195  
35.9820 -1.8980 -23.0289  
36.0150 -2.8953 -37.0715  
36.0480 -3.8954 -45.6312  
36.0820 -4.4601 76.0157  
36.1150 -4.7436 26.2920  
36.1490 -4.8436 14.7327  
36.1820 -4.8666 15.2096  
36.2150 -4.7416 22.0828  
36.2490 -4.6165 1.2719  
36.2820 -4.3632 24.0978  
36.3150 -3.7982 71.4374  
36.3490 -2.9482 47.8281  
36.3820 -1.8005 44.5877  
36.4150 -0.9308 -5.9407  
36.4490 -0.0932 16.0852  
36.4820 0.7581 19.3487  
36.5150 1.6217 18.8978  
36.5490 2.4351 6.7177  
36.5820 3.4006 47.3661  
36.6150 4.3513 19.6221  
36.6490 4.8392 -66.7767  
36.6820 5.1015 -19.0825  
36.7150 5.1804 -11.0146  
36.7490 5.2077 -20.9126  
36.7820 5.2142 10.2560  
36.8150 5.0452 -33.8506  
36.8490 4.6772 -40.1497  
36.8820 4.1254 -48.8013  
36.9150 3.2178 -60.4478  
36.9490 2.1476 -28.7733  
36.9820 1.2534 -15.4750  
37.0150 0.3587 -19.2250  
37.0490 -0.4796 5.8974  
37.0820 -1.3415 -28.7174  
37.1150 -2.2567 -5.8810  
37.1490 -3.5436 -142.1671  
37.1820 -4.4578 71.5395  
37.2140 -4.9596 78.5915  
37.2480 -5.1774 24.8431  
37.2810 -5.2478 14.9970  
37.3150 -5.2158 15.1359  
37.3480 -5.0474 22.0791  
37.3820 -4.9098 -3.1567  
37.4210 -4.5397 35.3422  
37.4480 -3.9463 75.4582  
37.4820 -2.7082 47.4886  
37.5150 -1.5620 43.6580  
37.5480 -0.6195 14.5107  
37.5820 0.2279 -3.1410  
37.6150 1.0623 11.0584  
37.6490 1.9128 19.8647  
37.6820 2.7041 4.1510  
37.7490 3.7220 32.2209  
37.7820 4.3764 -68.3972  
37.8160 4.8178 -2.7085  
37.8480 5.0064 -28.5560  
37.8820 4.9706 -23.6019  
37.9150 4.9174 9.2050  
37.9490 4.7564 -34.8341  
37.9820 4.4066 -46.1462  
38.0150 3.8273 -49.0986  
38.0480 3.0528 -54.9847  
38.0820 1.9612 -29.7961  
38.1150 1.0505 -13.5503  
38.1490 0.1654 4.8273  
38.1820 -0.6821 -16.3297  
38.2160 -1.5459 -28.3821  
38.2480 -2.4518 -3.6619  
38.3160 -3.4687 -33.7300  
38.3490 -4.0847 75.3079  
38.3820 -4.4497 26.9801  
38.4160 -4.5850 14.1993  
38.4490 -4.6498 -9.3770  
38.4820 -4.5724 29.5861  
38.5160 -4.4434 19.9794  
38.5490 -4.0636 59.6690  
38.5820 -3.4402 44.6055  
38.6150 -2.6471 47.8484  
38.6480 -1.4949 39.3187  
38.6820 -0.6294 -11.2342  
38.7150 0.2200 22.1040  
38.7480 1.0557 10.4646  
38.7820 1.9835 18.0105  
38.8150 2.8569 13.0705  
38.8820 3.7151 7.8909  
38.9160 4.2651 -32.7543  
38.9480 4.6039 -20.0146  
38.9820 4.7484 -10.6867  
39.0150 4.6997 -19.2566  
39.0480 4.6689 -6.1256  
39.0860 4.4632 -26.8298  
39.1150 4.0620 -55.4830  
39.1490 3.4528 -43.1968  
39.1820 2.6086 -58.1312  
39.2150 1.6591 -15.8989  
39.2490 0.8517 9.0494  
39.2820 0.0316 -23.2633  
39.3150 -0.8061 -16.3210  
39.3490 -1.6662 -25.2976  
39.3810 -2.5555 -15.4606  
39.4150 -3.8314 -143.6723  
39.4480 -4.4286 156.9128  
39.4820 -4.8407 11.2395  
39.5160 -4.9664 27.8218  
39.5480 -4.9916 15.0231  
39.5820 -5.0637 -4.7707  
39.6150 -4.9679 27.6133  
39.6480 -4.7655 15.9851  
39.6820 -4.2474 67.5739  
39.7150 -3.5173 49.2306  
39.7490 -2.1746 36.5060  
39.7820 -1.2467 31.2346  
39.8150 -0.3941 -11.2448  
39.8490 0.4351 20.9215  
39.8810 1.2931 24.0476  
39.9150 2.1780 3.1207  
39.9490 3.1350 48.0325  
39.9810 4.0142 -7.8704  
40.0150 4.5321 -38.6457  
40.0480 4.8821 -1.6908  
40.0820 5.0283 -23.4202  
40.1150 5.0350 -11.0092  
40.1530 4.9972 -21.4964  
40.1810 4.8785 -3.5001  
40.2150 4.5395 -42.1640  
40.2480 4.0577 -40.0451  
40.2820 3.2053 -60.9527  
40.3160 2.2614 -34.3447  
40.3480 1.4133 -11.1028  
40.3820 0.5569 -4.0943  
40.4150 -0.2716 -15.6818  
40.4490 -1.1578 -27.6321  
40.4820 -1.9875 -7.6410  
40.5150 -3.1592 -106.6189  
40.5490 -4.1657 6.4293  
40.5820 -4.7328 93.1211  
40.6150 -5.0421 15.3041  
40.6480 -5.1366 29.6968  
40.6820 -5.1548 12.0064  
40.7150 -5.1034 16.8721  
40.7480 -4.9782 6.6735  
40.7820 -4.6499 32.1344  
40.8150 -4.0908 62.2745  
40.8490 -3.0325 43.3316  
40.8810 -1.8205 54.8770  
40.9150 -0.9576 -12.3222  
40.9490 -0.0650 23.6194  
40.9820 0.7660 11.0105  
41.0150 1.6433 26.4117  
41.0480 2.4636 -0.4003  
41.0820 3.3929 38.5537  
41.1150 4.2832 21.2510  
41.1480 4.7897 -53.9987  
41.1820 5.1270 -6.4251  
41.2160 5.1836 -30.9344  
41.2490 5.2095 -22.0111  
41.2810 5.1689 4.3502  
41.3150 4.9695 -36.0435  
41.3490 4.5730 -32.3116  
41.3820 4.0159 -49.1005  
41.4150 3.1308 -59.6294  
41.4480 2.0975 -23.6839  
41.4820 1.2635 6.1903  
41.5150 0.3822 -20.9323  
41.5480 -0.4439 -15.1397  
41.5820 -1.2935 -28.2761  
41.6150 -2.1721 -4.5838  
41.6490 -3.2501 -94.6886  
41.6810 -4.1512 20.9556  
41.7160 -4.6207 77.0262  
41.7490 -4.8248 20.7915  
41.7820 -4.8945 17.0475  
41.8160 -4.9230 18.3049  
41.8520 -4.8095 20.2361  
41.8810 -4.6475 -0.4767  
41.9160 -4.2223 47.7336  
41.9490 -3.6205 48.9185  
41.9820 -2.5358 48.7928  
42.0150 -1.4183 30.2380  
42.0480 -0.5774 -2.1059  
42.0820 0.2675 21.3614  
42.1150 1.1662 33.3138  
42.1490 2.0368 10.0639  
42.1820 2.8106 -7.2526  
42.2660 3.8313 29.2325  
42.2820 4.4622 -139.2328  
42.3160 4.9065 -7.4191  
42.3480 5.0720 -36.8048  
42.3820 5.0650 -21.3614  
42.4150 5.0697 1.4248  
42.4520 4.8890 -30.4947  
42.4820 4.4525 -48.5746  
42.5150 3.8205 -48.9185  
42.5490 3.0446 -49.3232  
42.5830 2.0353 3.5449  
42.6150 1.1672 -25.5030  
42.6490 0.2737 -14.8546  
42.6820 -0.5913 -27.0700  
42.7150 -1.4313 -14.4285  
42.7490 -2.2815 -1.6087  
42.8160 -3.1178 -14.7849  
42.8490 -3.6871 36.7998  
42.8820 -4.0490 13.9126  
42.9110 -4.1639 27.3321  
42.9480 -4.2364 14.7121  
42.9820 -4.1584 20.2859  
43.0150 -4.0538 -7.2679  
43.0490 -3.6181 71.1079  
43.0820 -2.9728 49.1019  
43.1150 -2.1817 42.5460  
43.1490 -1.1853 31.1950  
43.1820 -0.3441 -10.1926  
43.2150 0.5238 22.0135  
43.2490 1.3398 8.0174  
43.2820 2.1762 22.6891  
43.3150 3.0528 33.0694  
43.3860 3.9279 -3.5793  
43.4150 4.4799 -28.0562  
43.4490 4.7744 -28.0591  
43.4810 4.8832 -14.1924  
43.5160 4.8132 -20.7467  
43.5480 4.7790 0.6363  
43.5820 4.5666 -31.0200  
43.6150 4.1655 -48.9359  
43.6480 3.4991 -57.6957  
43.6820 2.5864 -40.3393  
43.7150 1.6933 -1.7666  
43.7490 0.8274 -15.9515  
43.7820 0.0156 -12.4791  
43.8150 -0.8436 -28.1386  
43.8480 -1.6559 -7.8133  
43.8810 -2.7310 -78.9853  
43.9150 -3.8990 -58.3812  
43.9480 -4.4963 124.0312  
43.9810 -4.8392 19.4074  
44.0150 -4.9592 25.1859  
44.0480 -5.0225 15.4297  
44.0820 -4.9601 21.0214  
44.1160 -4.8549 0.4983  
44.1490 -4.6195 11.2673  
44.1810 -4.0867 84.9183  
44.2160 -3.1603 37.9810  
44.2480 -1.9038 41.1180  
44.2820 -0.9532 30.4113  
44.3150 -0.1006 -10.2835  
44.3490 0.7850 34.8958  
44.3820 1.6394 5.9569  
44.4150 2.4271 1.4677  
44.4490 3.3602 43.2492  
44.4820 4.3425 26.1799  
44.5160 4.8283 -66.1048  
44.5490 5.1708 -3.1412  
44.5820 5.3524 -8.8996  
44.6160 5.3776 -15.5772  
44.6490 5.2869 -45.4165  
44.6820 5.0806 0.9472  
44.7160 4.7408 -33.4997  
44.7480 4.2489 -46.0086  
44.7820 3.3400 -79.3871  
44.8150 2.3031 -12.6201  
44.8480 1.4468 -13.3845  
44.8820 0.5893 -3.4086  
44.9150 -0.2882 -14.9572  
44.9490 -1.1916 -23.1932  
44.9810 -1.9796 -10.7696  
45.0160 -3.0403 -77.0070  
45.0490 -3.9835 1.0506  
45.0810 -4.5146 82.8176  
45.1150 -4.7390 10.8058  
45.1490 -4.8401 24.0008  
45.1820 -4.8349 18.8498  
45.2150 -4.8090 2.7244  
45.2480 -4.6737 18.2216  
45.2820 -4.3451 33.6693  
45.3150 -3.7708 63.9998  
45.3490 -2.7651 47.6119  
45.3820 -1.6589 31.4958  
45.4150 -0.8140 1.1455  
45.4490 0.0398 13.4050  
45.4820 0.8851 22.1604  
45.5160 1.6793 3.2599  
45.5490 2.4669 0.7328  
45.6160 3.4332 35.6378  
45.6490 4.0630 -67.2388  
45.6810 4.4710 -3.3421  
45.7150 4.6942 -6.7585  
45.7480 4.7162 -29.4522  
45.7820 4.6422 -27.1371  
45.8150 4.5212 -0.3910  
45.8480 4.1917 -41.0754  
45.8820 3.6890 -47.6563  
45.9150 3.0006 -55.5158  
45.9490 1.9777 -28.1804  
45.9860 1.1706 -1.6428  
46.0150 0.3419 -11.1352  
46.0490 -0.5594 -28.1353  
46.0820 -1.4055 -12.6912  
46.1150 -2.1742 -4.5090  
46.1820 -3.2137 -40.6220  
46.2160 -3.8432 80.7537  
46.2490 -4.2191 27.7057  
46.2810 -4.3624 15.4757  
46.3160 -4.3567 15.1982  
46.3480 -4.3223 7.0388  
46.3820 -4.2176 11.2079  
46.4160 -3.8191 58.2366  
46.4480 -3.2169 50.6031  
46.4820 -2.4531 43.1408  
46.5150 -1.2979 36.1517  
46.5480 -0.4576 -12.2332  
46.5820 0.4048 33.3739  
46.6150 1.2246 2.1084  
46.6480 1.9969 1.7395  
46.6820 2.7592 3.6608  
46.7490 3.6218 20.6669  
46.7820 4.1364 -45.4690  
46.8150 4.4928 1.1329  
46.8480 4.6173 -25.8177  
46.8810 4.5678 -16.5727  
46.9150 4.5590 0.0820  
46.9490 4.3372 -29.2671  
46.9820 3.9617 -44.4639  
47.0150 3.3976 -55.4205  
47.0480 2.6745 -44.3900  
47.0820 1.8128 -0.0334  
47.1160 1.0305 -20.8008  
47.1480 0.2004 -13.7765  
47.1820 -0.6564 -32.8988  
47.2150 -1.4843 -7.8135  
47.2500 -2.3118 0.1990  
47.3160 -3.0781 -5.8009  
47.3530 -3.6521 12.2921  
47.3820 -3.9589 29.0906  
47.4150 -4.0662 16.0692  
47.4490 -4.1005 21.4333  
47.4820 -4.0585 1.6749  
47.5150 -3.9571 4.6599  
47.5490 -3.4893 74.8524  
47.5810 -2.8485 46.0335  
47.6150 -2.0718 40.1497  
47.6480 -1.1575 30.0864  
47.6810 -0.3102 -6.4918  
47.7160 0.5645 31.9063  
47.7480 1.3864 0.0803  
47.7820 2.1558 6.0216  
47.8160 3.1883 78.9624  
47.8480 4.0379 -52.3222  
47.8820 4.6649 9.3630  
47.9150 5.0093 -40.9658  
47.9490 5.2037 -3.9953  
47.9860 5.1914 -29.0246  
48.0160 5.2359 11.7978  
48.0490 5.0957 -22.1272  
48.0820 4.8136 -42.9250  
48.1160 4.3490 -47.6638  
48.1490 3.4267 -57.3157  
48.1820 2.5623 -33.2291  
48.2150 1.6475 -5.6074  
48.2480 0.8257 -12.7906  
48.2820 -0.0281 -13.4012  
48.3150 -0.8722 -29.5904  
48.3490 -1.7686 -4.9872  
48.3870 -2.8671 -72.4082  
48.4150 -3.8264 -0.8561  
48.4480 -4.3916 70.3337  
48.4820 -4.7139 15.7829  
48.5150 -4.8186 32.7082  
48.5490 -4.8608 12.9461  
48.5820 -4.7880 22.0791  
48.6150 -4.6435 7.8800  
48.6480 -4.3471 16.4742  
48.6820 -3.8341 58.6968  
48.7160 -2.8853 47.2622  
48.7490 -1.8031 39.6922  
48.7820 -0.9513 0.5132  
48.8150 -0.1076 13.8071  
48.8480 0.6901 18.7935  
48.8820 1.4903 13.6571  
48.9190 2.2573 10.7288  
48.9490 3.0448 15.4810  
48.9820 3.9248 44.5253  
49.0150 4.4076 -59.9057  
49.0480 4.6981 -9.5568  
49.0820 4.8001 -16.9391  
49.1150 4.8365 -19.3399  
49.1490 4.8324 1.4690  
49.1820 4.6866 -24.1303  
49.2150 4.3638 -39.5822  
49.2490 3.8404 -47.3295  
49.2820 3.0418 -69.2868  
49.3150 2.0466 -15.0800  
49.3480 1.2657 5.0365  
49.3820 0.4526 -18.7533  
49.4150 -0.3470 -13.3282  
49.4490 -1.1815 -29.0492  
49.4820 -2.0368 -4.8030  
49.5150 -3.2201 -123.5291  
49.5490 -4.1069 48.8106  
49.5820 -4.5914 73.1228  
49.6150 -4.8108 11.0524  
49.6490 -4.8838 28.4360  
49.6820 -4.9202 16.1092  
49.7180 -4.8109 22.7648  
49.7490 -4.6461 3.7432  
49.7820 -4.2819 30.4605  
49.8160 -3.7252 51.9628  
49.8480 -2.5988 50.6488  
49.8820 -1.5025 39.9566  
49.9150 -0.6792 -9.5816  
49.9480 0.1790 21.5833  
49.9820 1.0252 24.9272  
50.0150 1.8122 -1.8152  
50.0490 2.5380 6.1001  
50.1160 3.4903 35.5313  
50.1490 4.1065 -71.3910  
50.1860 4.5262 -5.3486  
50.2150 4.7125 -24.6096  
50.2490 4.6991 -18.7691  
50.2820 4.6171 -30.3624  
50.3150 4.4489 -4.5547  
50.3490 4.0708 -36.7986  
50.3820 3.5514 -44.6351  
50.4150 2.8151 -59.4481  
50.4490 1.7703 -20.7011  
50.4820 0.9874 7.9516  
50.5150 0.1514 -22.0847  
50.5490 -0.6572 -12.9163  
50.5820 -1.4895 -26.5198  
50.6150 -2.2435 -6.6428  
50.6830 -3.1105 -18.8311  
50.7150 -3.7008 47.3554  
50.7510 -4.0580 23.8751  
50.7820 -4.1659 17.1059  
50.8150 -4.2216 -5.5309  
50.8480 -4.2275 23.0832  
50.8820 -4.0876 21.4295  
50.9150 -3.7305 52.5171  
50.9490 -3.1238 47.6552  
50.9820 -2.3639 39.7904  
51.0150 -1.4739 0.6447  
51.0490 -0.6446 26.6790  
51.0860 0.1622 17.1748  
51.1150 0.9647 16.7744  
51.1490 1.8050 5.7629  
51.1820 2.7555 56.4883  
51.2490 3.6569 3.5455  
51.2820 4.1715 -64.7029  
51.3150 4.4865 -11.4050  
51.3490 4.6173 -15.5503  
51.3820 4.6821 -19.3319  
51.4160 4.5560 -29.4623  
51.4490 4.3415 -7.5575  
51.4830 3.9463 -38.8490  
51.5160 3.3843 -44.5700  
51.5480 2.4703 -51.7702  
51.5820 1.5318 -0.2174  
51.6150 0.7496 -17.3531  
51.6490 -0.0497 -16.0792  
51.6820 -0.8882 -27.9009  
51.7150 -1.6925 -8.9580  
51.7490 -2.6842 -84.5969  
51.7820 -3.6872 -10.9973  
51.8150 -4.3270 70.0757  
51.8490 -4.7145 30.9158  
51.8820 -4.8347 30.7952  
51.9150 -4.9179 11.0000  
51.9490 -4.8804 18.6746  
51.9820 -4.7324 16.8898  
52.0160 -4.4949 -0.7321  
52.0490 -3.9920 71.4583  
52.0820 -3.0689 40.1588  
52.1150 -1.9738 41.1305  
52.1480 -0.9958 34.5754  
52.1820 -0.1782 -16.2210  
52.2150 0.6105 22.0087  
52.2480 1.4012 11.5916  
52.2820 2.1485 5.9271  
52.3150 3.0415 61.0576  
52.3480 3.8889 -14.5896  
52.3820 4.3456 -45.5466  
52.4150 4.6749 1.5353  
52.4490 4.8566 -3.4791  
52.4830 4.8029 -35.6740  
52.5180 4.7485 -15.9713  
52.5490 4.5772 -14.2618  
52.5820 4.2868 -24.5038  
52.6150 3.8432 -40.3089  
52.6490 2.9774 -64.9479  
52.6820 2.0998 -18.1433  
52.7150 1.3620 -4.5635  
52.7490 0.5553 -18.7518  
52.7820 -0.2835 -13.3384  
52.8150 -1.0965 -28.9475  
52.8490 -1.8813 -8.1217  
52.8820 -2.9345 -94.7493  
52.9170 -3.8911 4.5032  
52.9490 -4.4092 95.4537  
52.9810 -4.6836 7.1674  
53.0160 -4.7974 28.7831  
53.0480 -4.8416 17.0124  
53.0820 -4.8272 -1.4884  
53.1080 -4.6821 33.3066  
53.1490 -4.3629 19.1907  
53.1820 -3.8216 58.9068  
53.2150 -2.8354 40.0751  
53.2490 -1.7514 33.3964  
53.2820 -0.9571 4.8001  
53.3150 -0.1403 13.7478  
53.3490 0.6393 18.6922  
53.3820 1.4369 21.9474  
53.4150 2.2316 -2.4353  
53.4490 3.0749 39.8038  
53.4820 3.9331 28.3476  
53.5150 4.3796 -65.8772  
53.5490 4.6923 -0.4173  
53.5820 4.8080 -25.3147  
53.6150 4.8443 -19.2566  
53.6480 4.7445 -27.4874  
53.6820 4.5895 2.4493  
53.7150 4.2350 -38.4941  
53.7480 3.7266 -49.1005  
53.7820 2.8860 -57.8756  
53.8150 1.8887 -19.1553  
53.8490 1.1228 4.1306  
53.8810 0.2854 -22.7729  
53.9150 -0.5123 -12.9262  
53.9490 -1.3230 -22.4856  
53.9820 -2.0586 -4.7329  
54.0490 -3.0449 -36.1901  
54.0820 -3.6606 73.8349  
54.1150 -4.0849 8.8965  
54.1490 -4.2055 31.4445  
54.1820 -4.2085 16.4940  
54.2150 -4.1620 19.2332  
54.2490 -4.0297 3.8121  
54.2820 -3.6962 47.6784  
54.3150 -3.1394 44.4780  
54.3490 -2.4206 43.0440  
54.3820 -1.3707 26.8501  
54.4150 -0.5728 -2.5222  
54.4480 0.2774 24.7534  
54.4820 1.0461 7.4812  
54.5150 1.8292 20.8483  
54.5490 2.5425 -1.8504  
54.6160 3.4559 31.7821  
54.6490 4.0155 -59.4854  
54.6820 4.4274 -0.3166  
54.7150 4.5894 -31.3749  
54.7480 4.5810 -24.7534  
54.7820 4.6072 7.7036  
54.8160 4.4306 -35.6292  
54.8480 4.0824 -45.6783  
54.8820 3.5329 -38.9493  
54.9150 2.8100 -54.4521  
54.9490 1.8569 -5.0940  
54.9820 1.0622 -11.4621  
55.0150 0.2154 -16.1294  
55.0490 -0.5823 -16.0179  
55.0820 -1.3645 -20.0186  
55.1150 -2.2965 -37.4730  
55.1490 -3.6291 -153.4569  
55.1820 -4.3183 150.6540  
55.2150 -4.7337 42.8707  
55.2490 -4.8768 27.2314  
55.2820 -4.9588 13.2702  
55.3160 -4.9304 21.3416  
55.3490 -4.7762 21.9757  
55.3820 -4.5870 -5.8837  
55.4160 -4.1490 53.7373  
55.4480 -3.4405 45.9119  
55.4830 -2.0507 45.5676  
55.5150 -1.1838 -8.0406  
55.5480 -0.3767 24.7376  
55.5860 0.4086 18.6546  
55.6150 1.1864 12.4763  
55.6480 1.9077 4.8889  
55.6820 2.8523 86.9929  
55.7150 3.6217 -58.9579  
55.7490 4.3220 33.4000  
55.7820 4.7300 -44.0504  
55.8150 4.8676 -33.6083  
55.8490 4.9765 -16.0227  
55.8830 4.9492 -16.0130  
55.9150 4.8590 2.4556  
55.9490 4.5958 -40.2272  
55.9820 4.1839 -40.1790  
56.0150 3.2844 -58.1075  
56.0490 2.5040 -22.1964  
56.0820 1.5699 -12.1926  
56.1160 0.7338 -13.9069  
56.1490 -0.0458 -16.4969  
56.1820 -0.8072 -11.0033  
56.2150 -1.5744 -18.2203  
56.2480 -2.5892 -72.6768  
56.2820 -3.5389 -21.0728  
56.3150 -4.0727 85.8540  
56.3490 -4.3338 23.7971  
56.3820 -4.4714 14.5559  
56.4150 -4.5277 12.4317  
56.4490 -4.4643 21.3382  
56.4820 -4.2851 18.5448  
56.5150 -4.0102 18.0276  
56.5490 -3.5194 45.8094  
56.5820 -2.6414 44.6704  
56.6150 -1.5713 36.4960  
56.6580 -0.7953 -2.5348  
56.6710 -0.0356 49.8041  
56.7150 0.7379 14.0413  
56.7490 1.4975 7.9816  
56.7820 2.2634 23.8834  
56.8160 3.1753 60.9550  
56.8490 3.9186 -33.0530  
56.8820 4.4046 -30.7906  
56.9160 4.7400 -0.9410  
56.9490 4.8392 -35.0630  
56.9820 4.9040 -13.7547  
57.0160 4.8133 -26.6812  
57.0490 4.6784 5.3352  
57.0820 4.3861 -39.4684  
57.1150 3.8673 -44.7589  
57.1490 2.9994 -41.7170  
57.1860 2.1579 -22.3726  
57.2150 1.3762 -14.3727  
57.2490 0.5444 -15.6847  
57.2820 -0.2170 -13.7480  
57.3150 -1.0158 -25.0649  
57.3490 -1.7531 -8.5890  
57.3820 -2.9836 -144.1597  
57.4160 -3.8122 79.9300  
57.4490 -4.2853 62.9732  
57.4810 -4.5299 27.0600  
57.5160 -4.6474 12.6687  
57.5490 -4.6645 17.8142  
57.5850 -4.5738 15.1112  
57.6150 -4.3799 19.2841  
57.6490 -4.0050 28.9164  
57.6830 -3.4546 43.0049  
57.7160 -2.2816 44.5348  
57.7490 -1.2699 33.4649  
57.7820 -0.4834 -5.2805  
57.8160 0.2632 13.7420  
57.8480 1.0182 16.4704  
57.8820 1.7506 10.6428  
57.9150 2.5132 25.6665  
57.9820 3.4455 33.9445  
58.0150 4.0404 -72.4372  
58.0480 4.3997 -27.0701  
58.0820 4.5576 -16.0263  
58.1150 4.5506 -16.5014  
58.1490 4.4794 -24.0081  
58.1820 4.3754 4.2072  
58.2160 4.0807 -40.5681  
58.2490 3.6022 -44.7332  
58.2820 2.8856 -46.4952  
58.3150 1.8784 -19.1422  
58.3490 1.0899 -5.9517  
58.3820 0.3194 -21.6585  
58.4160 -0.4330 -10.6764  
58.4480 -1.2064 -23.6147  
58.4820 -1.9326 -10.0795  
58.5490 -2.8010 -19.1664  
58.5820 -3.3744 47.5789  
58.6150 -3.7495 15.3927  
58.6490 -3.8912 23.5071  
58.6820 -3.9194 15.2471  
58.7160 -3.8623 19.1563  
58.7490 -3.7021 9.5658  
58.7810 -3.3574 46.3061  
58.8160 -2.7899 42.0683  
58.8490 -2.0569 39.7904  
58.8820 -1.1159 24.0996  
58.9150 -0.3381 -1.8876  
58.9490 0.4447 16.4245  
58.9820 1.1821 10.4698  
59.0160 1.9750 31.1124  
59.0490 2.9363 70.7555  
59.1160 3.8633 -0.3960  
59.1490 4.4103 -70.2643  
59.1820 4.7767 -10.1233  
59.2160 4.8892 -36.0312  
59.2490 4.8753 -14.2164  
59.2820 4.7971 -21.3776  
59.3200 4.6392 -6.2666  
59.3490 4.3000 -50.6063  
59.3820 3.6818 -52.4882  
59.4160 2.7176 -33.1003  
59.4490 1.6699 -26.0765  
59.4820 0.8599 1.7406  
59.5160 0.0289 -16.0088  
59.5490 -0.7582 -23.8081  
59.5820 -1.5295 -9.4343  
59.6150 -2.3042 -22.4054  
59.6490 -3.5034 -131.8477  
59.6820 -4.0794 144.3686  
59.7150 -4.4183 19.3421  
59.7490 -4.5892 16.3424  
59.7820 -4.6175 17.1068  
59.8160 -4.5812 20.6941  
59.8490 -4.4486 12.7152  
59.8830 -4.2413 -1.1745  
59.9160 -3.7205 85.5868  
59.9520 -3.0427 23.0682  
59.9810 -1.7794 47.3405  
60.0060 -0.9729 7.7950  
60.0480 -0.1834 11.1853  
60.0820 0.5960 13.3501  
60.1150 1.4121 28.2131  
60.1480 2.1704 3.8289  
60.1820 3.0952 61.2952  
60.2150 3.8664 -47.7417  
60.2490 4.3618 1.9292  
60.2830 4.7284 -13.4157  
60.3160 4.8585 -30.1145  
60.3490 4.9069 -18.8030  
60.3820 4.8344 -22.4493  
60.4150 4.7168 0.1298  
60.4480 4.4041 -30.9491  
60.4820 3.9313 -43.3294  
60.5150 3.0502 -60.6067  
60.5490 2.2801 -13.6694  
60.5820 1.4679 -10.7878  
60.6150 0.6524 -14.8071  
60.6490 -0.1181 -16.0102  
60.6820 -0.8980 -21.6513  
60.7150 -1.6265 -6.8378  
60.7480 -2.8268 -142.8705  
60.7820 -3.7776 43.3450  
60.8150 -4.3164 80.2009  
60.8490 -4.5642 26.7774  
60.8820 -4.7162 14.9472  
60.9160 -4.7367 28.1913  
60.9490 -4.6642 13.3956  
60.9820 -4.5354 0.5404  
61.0160 -4.2703 19.0892  
61.0490 -3.7763 62.5196  
61.0820 -2.6634 44.6843  
61.1150 -1.5788 36.0678  
61.1490 -0.7922 -9.7809  
61.1810 -0.0228 23.0552  
61.2150 0.7681 20.8313  
61.2490 1.5273 18.8730  
61.2820 2.2461 1.1354  
61.3150 3.0363 22.2159  
61.3480 3.9037 43.0204  
61.3820 4.3552 -61.6292  
61.4150 4.5964 -19.0185  
61.4490 4.6733 -13.3560  
61.4820 4.7212 -18.8318  
61.5150 4.6305 -19.6611  
61.5490 4.4782 2.7231  
61.5820 4.1251 -41.4153  
61.6160 3.6353 -39.0978  
61.6490 2.8312 -73.0294  
61.6820 1.9193 10.3661  
61.7150 1.1666 -15.2737  
61.7490 0.4142 -18.3627  
61.7820 -0.3675 -22.6375  
61.8150 -1.1185 -9.5091  
61.8490 -1.8267 -6.5057  
61.9150 -2.7575 -32.3365  
61.9490 -3.3283 65.7069  
61.9820 -3.7291 11.2259  
62.0150 -3.7793 33.2089  
62.0480 -3.8377 7.8794  
62.0820 -3.7815 18.9053  
62.1150 -3.6529 3.0031  
62.1490 -3.3025 43.2439  
62.1820 -2.7884 40.1118  
62.2150 -2.1202 40.0084  
62.2490 -1.1704 20.0360  
62.2810 -0.4192 7.7769  
62.3150 0.3418 13.7420  
62.3490 1.1277 39.5839  
62.3820 1.8846 -0.9164  
62.4150 2.5695 -2.3461  
62.4830 3.4739 33.7431  
62.5150 4.0207 -65.8084  
62.5480 4.3561 -23.9772  
62.5820 4.5065 -15.5597  
62.6160 4.5327 -16.4793  
62.6490 4.4524 -24.7337  
62.6820 4.3274 0.5954  
62.7160 3.9210 -43.1561  
62.7490 3.3704 -44.6345  
62.7820 2.6861 -42.8652  
62.8150 1.7146 -17.4931  
62.8490 0.9364 -5.0895  
62.8810 0.1840 -16.6544  
62.9150 -0.5907 -22.1113  
62.9480 -1.3386 -8.8583  
62.9820 -2.0892 -24.8234  
63.0500 -2.8525 -1.5680  
63.0820 -3.3752 29.3397  
63.1170 -3.6981 14.9769  
63.1490 -3.7799 31.1512  
63.1780 -3.7769 9.3409  
63.2150 -3.6844 19.5163  
63.2490 -3.5656 -7.9425  
63.2810 -3.1764 60.9932  
63.3160 -2.6111 41.9777  
63.3490 -1.8298 39.8796  
63.3820 -1.0165 6.4370  
63.4150 -0.2598 11.3301  
63.4490 0.5004 16.4245  
63.4820 1.2700 33.0853  
63.5150 2.0208 2.4756  
63.5490 2.7913 27.0587  
63.6160 3.6033 2.1621  
63.6480 4.1048 -36.0249  
63.6820 4.3872 -21.2456  
63.7150 4.4760 -18.8030  
63.7490 4.4876 -16.4537  
63.7820 4.4201 -12.6022  
63.8150 4.2334 -19.2483  
63.8480 3.7901 -44.6447  
63.8820 3.2065 -38.8645  
63.9150 2.3943 -41.4046  
63.9490 1.5622 -1.5568  
63.9820 0.7830 -18.9496  
64.0190 0.0259 -13.5309  
64.0480 -0.7349 -22.6817  
64.0820 -1.4632 -6.8922  
64.1150 -2.3697 -66.5864  
64.1490 -3.4745 -77.0176  
64.1820 -3.9751 138.4559  
64.2150 -4.3032 12.1998  
64.2490 -4.4361 17.2497  
64.2820 -4.5103 16.1767  
64.3150 -4.4559 20.0236  
64.3490 -4.2783 21.5224  
64.3820 -4.0518 -5.1450  
64.4160 -3.5348 78.5787  
64.4490 -2.7213 23.2382  
64.4820 -1.5242 36.9013  
64.5190 -0.8086 -6.6469  
64.5480 -0.0610 24.9175  
64.5820 0.7634 39.8436  
64.6150 1.5569 6.7916  
64.6490 2.2851 0.2511  
64.6820 3.1417 61.0883  
64.7150 3.9577 -17.4616  
64.7480 4.3768 -39.3151  
64.7820 4.7148 -1.2925  
64.8160 4.9214 -2.8317  
64.8480 4.9951 -49.2229  
64.8820 4.9149 -24.0100  
64.9150 4.7153 4.8804  
64.9490 4.3737 -35.1993  
64.9820 3.8835 -44.7589  
65.0150 3.0003 -57.9994  
65.0480 2.1625 -3.6844  
65.0820 1.4100 -13.0973  
65.1150 0.6085 -16.1806  
65.1480 -0.2663 -25.1169  
65.1820 -1.0215 -11.1419  
65.2160 -1.7181 -6.7892  
65.2490 -2.8054 -113.4991  
65.2820 -3.6155 47.7116  
65.3150 -4.0565 67.1120  
65.3520 -4.2731 8.9156  
65.3820 -4.3607 38.9219  
65.4150 -4.3767 8.2092  
65.4490 -4.2861 15.6778  
65.4810 -4.1168 -1.3502  
65.5160 -3.8026 30.5998  
65.5490 -3.2987 50.4899  
65.5820 -2.2878 40.1284  
65.6160 -1.3154 34.9857  
65.6480 -0.5869 -7.0012  
65.6810 0.1706 18.7897  
65.7160 0.8656 15.4976  
65.7480 1.6050 22.3460  
65.7820 2.2865 -1.3739  
65.8150 3.0203 14.5462  
65.8490 3.8496 59.5984  
65.8820 4.2711 -73.0739  
65.9150 4.5771 5.0967  
65.9490 4.6379 -37.1037  
65.9860 4.6651 -15.1431  
66.0160 4.5497 -26.8714  
66.0480 4.3785 -0.4829  
66.0820 4.0063 -38.0871  
66.1160 3.5062 -38.9902  
66.1480 2.7756 -57.0453  
66.1820 1.8295 -3.7661  
66.2150 1.0831 -12.5726  
66.2490 0.2665 -15.6847  
66.2820 -0.4602 -10.9979  
66.3150 -1.2038 -22.0877  
66.3490 -1.8785 -3.4719  
66.4150 -2.6910 -21.0907  
66.4490 -3.2351 40.8088  
66.4820 -3.5975 14.9225  
66.5150 -3.6767 30.4867  
66.5490 -3.7080 10.3144  
66.5810 -3.6336 20.0738  
66.6160 -3.5328 -7.6784  
66.6490 -3.2210 52.9366  
66.6820 -2.6893 44.5198  
66.7150 -2.0289 35.4520  
66.7490 -1.1833 13.5050  
66.7820 -0.4366 12.1085  
66.8150 0.3154 16.4982  
66.8480 1.0726 32.0820  
66.8810 1.7995 1.4179  
66.9150 2.5415 23.9910  
66.9820 3.4183 16.1295  
67.0160 3.9319 -55.4453  
67.0480 4.2346 -20.0062  
67.0820 4.3674 -15.5788  
67.1150 4.3995 -16.5662  
67.1480 4.3373 -16.5046  
67.1820 4.1829 -11.0961  
67.2150 3.7758 -44.4808  
67.2490 3.2315 -38.9380  
67.2820 2.4800 -38.7945  
67.3150 1.6102 -3.0852  
67.3490 0.8653 -18.7435  
67.3820 0.1310 -16.1498  
67.4180 -0.6233 -20.2992  
67.4480 -1.3498 -8.9311  
67.4820 -2.2731 -73.9125  
67.5150 -3.4182 -78.6655  
67.5490 -4.0380 111.3564  
67.5810 -4.3889 42.6411  
67.6150 -4.5697 12.3983  
67.6490 -4.6402 29.4320  
67.6820 -4.6119 10.6377  
67.7150 -4.4570 22.1874  
67.7490 -4.2657 -10.7599  
67.7820 -3.8371 63.7649  
67.8150 -3.0250 40.0700  
67.8490 -1.8225 38.5001  
67.8820 -0.9265 21.8119  
67.9150 -0.1692 -0.6617  
67.9480 0.5732 8.2503  
67.9820 1.2682 15.5016  
68.0150 1.9542 7.9155  
68.0480 2.7192 46.1028  
68.0810 3.4900 -9.3289  
68.1150 3.9717 -23.1199  
68.1480 4.2922 -8.7846  
68.1820 4.4272 -16.0512  
68.2150 4.4265 -19.3358  
68.2490 4.3550 -21.4330  
68.2820 4.2573 0.2844  
68.3200 3.9918 -30.2887  
68.3490 3.5822 -40.6377  
68.3820 2.8885 -40.0196  
68.4160 2.1217 -30.5554  
68.4520 1.4101 -6.4959  
68.4770 0.6638 -25.4946  
68.5150 -0.1141 -22.6566  
68.5480 -0.8585 -9.2016  
68.5820 -1.5477 -5.2037  
68.6150 -2.5604 -97.7446  
68.6480 -3.4694 -3.4257  
68.6820 -4.0112 73.3242  
68.7150 -4.3317 27.0268  
68.7490 -4.4987 14.6053  
68.7820 -4.5340 32.8105  
68.8160 -4.4603 13.3321  
68.8490 -4.2789 6.5207  
68.8820 -3.9560 33.7143  
68.9160 -3.4988 34.2558  
68.9490 -2.5803 42.0563  
68.9820 -1.5365 34.5782  
69.0150 -0.7503 -2.5633  
69.0480 0.0057 17.9122  
69.0820 0.8202 31.7963  
69.1150 1.5168 -2.9344  
69.1480 2.1571 -3.3071  
69.1820 2.8884 33.1078  
69.2160 3.5902 24.0172  
69.2480 4.0232 -47.5699  
69.2820 4.2902 -8.0273  
69.3160 4.4221 -6.1589  
69.3490 4.4736 -26.9586  
69.3820 4.3839 -24.8398  
69.4190 4.1894 0.8752  
69.4490 3.8949 -36.5590  
69.4820 3.4597 -45.9227  
69.5150 2.7068 -62.1797  
69.5500 1.8576 -4.1901  
69.5810 1.1471 -4.3549  
69.6150 0.4092 -16.0698  
69.6480 -0.3988 -27.6098  
69.6820 -1.1468 -8.4969  
69.7150 -1.8222 -2.8624  
69.7820 -2.7474 -36.8017  
69.8160 -3.3191 71.7376  
69.8480 -3.6987 12.6673  
69.8820 -3.7699 30.3204  
69.9160 -3.7915 10.3144  
69.9490 -3.7452 16.4817  
69.9810 -3.6564 -3.8279  
70.0160 -3.3212 44.3877  
70.0480 -2.8249 41.3411  
70.0820 -2.2012 34.6670  
70.1150 -1.2335 29.5286  
70.1480 -0.4930 5.0707  
70.1830 0.2433 10.3693  
70.2150 0.9310 17.0205  
70.2480 1.6102 8.0547  
70.2820 2.2663 9.2358  
70.3500 3.1062 25.2131  
70.3810 3.5940 -63.4543  
70.4150 3.9456 -1.1623  
70.4480 4.1067 -22.0175  
70.4820 4.1247 -13.3998  
70.5150 4.0350 -27.5945  
70.5490 3.8987 -3.0116  
70.5820 3.5906 -35.5534  
70.6150 3.1234 -40.1711  
70.6490 2.4345 -55.9507  
70.6820 1.5724 -0.5564  
70.7150 0.8860 -6.3443  
70.7480 0.1490 -16.5580  
70.7820 -0.5976 -24.1858  
70.8150 -1.3230 -7.3555  
70.8490 -2.1290 -50.5059  
70.9150 -2.9296 -0.7297  
70.9490 -3.4426 50.0652  
70.9820 -3.6987 37.7000  
71.0150 -3.7476 5.1205  
71.0490 -3.7584 10.6675  
71.0820 -3.6758 21.9731  
71.1150 -3.6164 -23.6140  
71.1490 -3.2518 65.6153  
71.1820 -2.7306 40.0679  
71.2150 -1.9048 40.2752  
71.2490 -0.9734 29.6597  
71.2810 -0.2249 -3.9812  
71.3160 0.4264 7.7781  
71.3490 1.1471 26.1477  
71.3810 1.8260 -1.7380  
71.4150 2.6456 62.7156  
71.4820 3.5166 -3.9535  
71.5160 3.9766 -55.2589  
71.5490 4.3200 4.6970  
71.5820 4.4277 -31.1213  
71.6150 4.3617 -22.0844  
71.6490 4.2912 -5.0594  
71.6850 4.1179 -21.0126  
71.7150 3.7395 -39.6025  
71.7520 3.2342 -35.7808  
71.7810 2.3448 -58.9406  
71.8150 1.5146 9.6250  
71.8480 0.8176 -16.5521  
71.8820 0.0505 -16.0723  
71.9150 -0.6957 -24.7883  
71.9480 -1.3878 -5.7121  
71.9820 -2.2488 -54.7040  
72.0150 -3.2123 -54.0013  
72.0480 -3.7137 104.0259  
72.0820 -4.0583 7.2000  
72.1150 -4.1063 38.0646  
72.1480 -4.1598 8.2439  
72.1820 -4.1134 13.3321  
72.2150 -4.0072 1.5728  
72.2480 -3.7904 8.7031  
72.2820 -3.3572 58.0981  
72.3150 -2.6027 41.0140  
72.3480 -1.5552 34.7880  
72.3820 -0.8695 -5.4282  
72.4150 -0.1353 22.0789  
72.4490 0.5172 12.9475  
72.4820 1.2254 25.0988  
72.5150 1.8964 2.4779  
72.5480 2.7750 64.4837  
72.5860 3.4433 -47.7969  
72.6150 3.9094 -1.6133  
72.6480 4.2081 -9.6951  
72.6820 4.3172 -22.0122  
72.7150 4.3914 -16.1601  
72.7480 4.3276 -19.7290  
72.7820 4.2371 5.0715  
72.8150 3.9267 -41.5240  
72.8490 3.4855 -36.0616  
72.8820 2.6390 -58.3500  
72.9150 1.9388 -10.7083  
72.9490 1.2222 -6.1927  
72.9810 0.4920 -14.2269  
73.0160 -0.2518 -25.2925  
73.0480 -0.9745 -10.0622  
73.0810 -1.6852 -16.0856  
73.1150 -2.7115 -87.7682  
73.1480 -3.4918 33.0269  
73.1820 -3.9404 61.4910  
73.2150 -4.1556 12.4022  
73.2480 -4.2210 34.6657  
73.2820 -4.2291 10.6675  
73.3150 -4.1463 13.7343  
73.3480 -3.9651 3.0212  
73.3830 -3.6663 24.3790  
73.4150 -3.1559 49.5442  
73.4480 -2.2072 42.4062  
73.4820 -1.2711 28.3298  
73.5190 -0.5618 -4.8042  
73.5480 0.1702 21.9882  
73.5820 0.8671 23.2927  
73.6150 1.5516 7.2217  
73.6480 2.1921 0.4266  
73.7160 3.0586 34.7015  
73.7490 3.6126 -68.8483  
73.7820 4.0050 -0.9185  
73.8160 4.2140 -12.7916  
73.8480 4.2327 -29.3799  
73.8820 4.1963 -21.4278  
73.9150 4.1124 4.9475  
73.9480 3.8020 -44.6570  
73.9820 3.3499 -34.6582  
74.0150 2.6843 -64.2724  
74.0480 1.8074 7.4805  
74.0820 1.1209 -10.8357  
74.1150 0.3736 -19.3155  
74.1480 -0.4068 -23.2308  
74.1820 -1.1209 -8.1645  
74.2160 -1.8015 -11.5406  
74.2820 -2.6633 -24.9935  
74.3160 -3.1841 56.9571  
74.3490 -3.5487 11.6018  
74.3820 -3.6638 11.3590  
74.4160 -3.6997 30.5610  
74.4490 -3.6353 19.2259  
74.4820 -3.5757 -20.7957  
74.5150 -3.2258 64.7853  
74.5490 -2.7175 38.3956  
74.5810 -2.0495 37.6356  
74.6160 -1.1319 24.1855  
74.6490 -0.3757 9.7915  
74.6820 0.3782 10.9057  
74.7150 1.1334 11.7299  
74.7490 1.8048 5.9161  
74.7820 2.5017 26.9679  
74.8490 3.3594 13.7572  
74.8820 3.8240 -54.3373  
74.9150 4.1332 -7.5256  
74.9480 4.2929 -8.8214  
74.9820 4.3238 -12.9787  
75.0150 4.1921 -39.4835  
75.0490 4.0238 -0.1727  
75.0890 3.6990 -29.4689  
75.1060 3.2215 -77.9217  
75.1490 2.4518 -47.2836  
75.1820 1.6116 6.6114  
75.2150 0.9283 -6.8171  
75.2490 0.2074 -18.3725  
75.2820 -0.5500 -19.8857  
75.3150 -1.2857 -6.7641  
75.3490 -2.1087 -64.0251  
75.4160 -2.8563 11.1735  
75.4490 -3.3545 39.8350  
75.4820 -3.6799 12.2227  
75.5150 -3.6887 34.3604  
75.5480 -3.6739 13.7352  
75.5820 -3.5913 13.3275  
75.6160 -3.4906 -13.0539  
75.6490 -3.0998 68.0485  
75.6820 -2.5691 35.6182  
75.7160 -1.6884 38.9132  
75.7490 -0.8414 12.4517  
75.7820 -0.0951 9.3447  
75.8150 0.6537 12.9798  
75.8490 1.3185 8.6516  
75.8820 1.9422 1.2727  
75.9150 2.6415 36.6362  
75.9820 3.3067 -11.7131  
76.0150 3.7158 -9.5750  
76.0490 3.9736 -9.9120  
76.0820 4.0607 -11.6203  
76.1150 4.0342 -21.9987  
76.1490 3.9711 -1.6753  
76.1820 3.7762 -26.9788  
76.2150 3.4117 -42.4738  
76.2480 2.8779 -50.0188  
76.2860 2.1233 -26.3063  
76.3150 1.4425 -1.5828  
76.3490 0.7536 -11.7000  
76.3820 0.0570 -12.5460  
76.4150 -0.6332 -9.6772  
76.4490 -1.3204 -20.4416  
76.4820 -2.2253 -67.7262  
76.5150 -3.0947 -16.2051  
76.5480 -3.6024 67.1013  
76.5810 -3.8712 22.3950  
76.6160 -3.9235 33.2951  
76.6490 -3.9361 10.6485  
76.6810 -3.8636 14.1627  
76.7160 -3.7150 9.8968  
76.7490 -3.5167 5.4026  
76.7820 -3.0646 55.8419  
76.8150 -2.2563 40.2185  
76.8490 -1.2957 29.0435  
76.8860 -0.5145 11.4004  
76.9150 0.2222 10.1019  
76.9490 0.8839 12.2050  
76.9820 1.5519 12.5783  
77.0160 2.1693 -1.5684  
77.0490 2.8699 35.7372  
77.0820 3.6163 19.2674  
77.1150 4.0496 -39.0425  
77.1490 4.3071 -12.6641  
77.1820 4.4431 -6.9149  
77.2200 4.4415 -25.0943  
77.2360 4.3377 -45.5377  
77.2820 4.2131 4.4701  
77.3160 3.9308 -34.1509  
77.3480 3.5208 -41.5548  
77.3810 2.7655 -68.9057  
77.4150 1.9745 8.1847  
77.4490 1.2420 -20.7018  
77.4820 0.5334 -5.7752  
77.5150 -0.1614 -2.7480  
77.5480 -0.8704 -33.1906  
77.5820 -1.5200 -3.9574  
77.6490 -2.3758 -27.7131  
77.6820 -2.9278 56.8869  
77.7150 -3.3111 10.8301  
77.7490 -3.3625 30.7119  
77.7820 -3.4157 7.9123  
77.8150 -3.3441 16.4798  
77.8490 -3.2218 9.3047  
77.8810 -2.9826 33.7191  
77.9150 -2.5163 34.5675  
77.9400 -1.9037 53.1252  
77.9830 -1.0011 24.2524  
78.0150 -0.3275 -12.8519  
78.0480 0.3740 19.2419  
78.0820 1.0658 27.8648  
78.1150 1.7605 8.7953  
78.1490 2.4196 5.5552  
78.2150 3.2129 25.1111  
78.2490 3.7344 -48.2038  
78.2820 4.1175 -6.3445  
78.3160 4.2546 -33.2401  
78.3480 4.2329 -17.0824  
78.3820 4.2915 11.5276  
78.4150 4.1943 -27.9535  
78.4480 3.8697 -40.1895  
78.4820 3.3984 -34.6518  
78.5150 2.7399 -50.9651  
78.5480 1.8891 -8.0762  
78.5820 1.1646 -11.0388  
78.6150 0.4429 -5.4950  
78.6480 -0.1917 -7.8794  
78.6820 -0.8669 -27.9790  
78.7150 -1.7202 -42.1236  
78.7830 -2.5113 -4.4209  
78.8150 -3.0004 52.9425  
78.8490 -3.3218 14.6770  
78.8820 -3.4394 10.7917  
78.9160 -3.4579 21.3148  
78.9490 -3.3763 18.9413  
78.9810 -3.2985 -6.8550  
79.0150 -3.0220 50.8032  
79.0480 -2.5179 40.1661  
79.0820 -1.7574 34.4905  
79.1150 -0.8722 28.7041  
79.1490 -0.1805 -7.0998  
79.1820 0.5067 13.7478  
79.2150 1.2563 29.7175  
79.2490 1.9581 7.2726  
79.2820 2.6694 21.7998  
79.3490 3.4497 7.0247  
79.3820 3.9303 -38.4748  
79.4150 4.2599 -5.6085  
79.4490 4.3486 -36.3376  
79.4820 4.2802 -18.9005  
79.5150 4.2082 -8.4385  
79.5490 4.0486 -12.3834  
79.5860 3.6583 -35.8829  
79.6150 3.1109 -45.5933  
79.6490 2.3741 -34.5730  
79.6820 1.5795 -3.2520  
79.7150 0.8575 -16.4817  
79.7490 0.1369 -5.0024  
79.7820 -0.5424 -24.9641  
79.8150 -1.1898 -9.1953  
79.8490 -1.9930 -54.0340  
79.8820 -3.0597 -92.5991  
79.9150 -3.5686 128.7829  
79.9480 -3.8695 22.9908  
79.9820 -4.0081 13.1187  
80.0150 -4.0917 13.4625  
80.0480 -4.0633 17.4410  
80.0820 -3.9594 17.1838  
80.1200 -3.7828 -2.5357  
80.1340 -3.3823 138.2966  
80.1820 -2.6658 27.5491  
80.2150 -1.5275 35.2136  
80.2480 -0.8442 -9.0823  
80.2820 -0.1642 21.3380  
80.3160 0.5166 13.3435  
80.3490 1.2696 35.3515  
80.3810 1.9583 -2.1165  
80.4150 2.7605 50.5811  
80.4480 3.4039 -51.0676  
80.4810 3.9259 21.9205  
80.5160 4.2561 -17.0559  
80.5500 4.3440 -37.0535  
80.5780 4.4166 -16.2028  
80.6080 4.3541 -20.8126  
80.6490 4.2627 3.9877  
80.6820 3.9279 -38.3853  
80.7150 3.4816 -35.8358  
80.7490 2.6930 -50.1106  
80.7820 2.0486 -7.3586  
80.8150 1.2920 -12.0893  
80.8490 0.5497 -13.3321  
80.8850 -0.0835 -4.7142  
80.9150 -0.7671 -31.9046  
80.9490 -1.4116 -6.8623  
80.9820 -2.4246 -106.7346  
81.0150 -3.1840 38.5007  
81.0490 -3.6374 55.1770  
81.0820 -3.8474 22.1609  
81.1150 -3.9977 10.7195  
81.1490 -4.0239 24.7727  
81.1820 -3.9596 13.6766  
81.2150 -3.8374 12.4175  
81.2490 -3.5323 25.6402  
81.2820 -3.0870 35.4040  
81.3150 -2.1715 35.7531  
81.3490 -1.2613 35.8160  
81.3820 -0.5803 -12.6081  
81.4140 0.0911 19.8384  
81.4490 0.7815 15.5555  
81.4850 1.4732 23.7577  
81.5000 2.0975 -14.8653  
81.5500 2.7549 14.8103  
81.5820 3.4453 37.5594  
81.6150 3.8367 -55.1976  
81.6480 4.1384 8.5782  
81.6820 4.1966 -35.8173  
81.7150 4.2523 -13.3605  
81.7480 4.1625 -24.8341  
81.7820 4.0228 1.3124  
81.8180 3.6802 -32.5823  
81.8490 3.2422 -38.0052  
81.8810 2.5191 -65.9170  
81.9150 1.6979 6.4957  
81.9490 1.0245 -10.1332  
81.9820 0.2864 -10.9900  
82.0150 -0.4151 -25.8412  
82.0480 -1.0973 -7.5118  
82.0820 -1.7307 -9.7299  
82.1490 -2.5927 -33.4503  
82.1830 -3.0887 73.1138  
82.2150 -3.4394 8.6120  
82.2480 -3.5506 8.6409  
82.2870 -3.5851 25.3513  
82.3030 -3.5300 34.4553  
82.3490 -3.4702 -6.8715  
82.3820 -3.1547 51.6365  
82.4150 -2.6969 35.6150  
82.4480 -2.0875 35.9351  
82.4820 -1.1679 25.3026  
82.5150 -0.4862 3.2521  
82.5480 0.2121 13.3709  
82.5810 0.9593 23.4313  
82.6150 1.6122 1.3895  
82.6480 2.2713 18.5488  
82.7160 3.0766 16.8557  
82.7490 3.5309 -54.7138  
82.7820 3.8712 1.0542  
82.8160 4.0044 -26.0252  
82.8490 3.9969 -16.5618  
82.8820 3.8967 -24.8289  
82.9150 3.7553 0.8722  
82.9370 3.4185 -53.6702  
82.9820 2.9595 -26.1177  
83.0150 2.2192 -66.6781  
83.0340 1.4165 27.4637  
83.0820 0.7591 -7.3187  
83.1150 0.0112 -26.4232  
83.1480 -0.6849 -11.0699  
83.1820 -1.3521 -7.6086  
83.2150 -2.1718 -71.0142  
83.2830 -2.9724 3.2276  
83.3150 -3.4325 69.4873  
83.3490 -3.7564 5.5179  
83.3820 -3.7484 33.8815  
83.4160 -3.8114 -5.5377  
83.4490 -3.7768 18.9419  
83.4820 -3.6791 -7.3082  
83.5150 -3.3083 71.6856  
83.5490 -2.8058 31.1354  
83.5820 -1.9390 39.3607  
83.6150 -1.0749 5.8467  
83.6490 -0.3903 12.6080  
83.6820 0.3105 10.6107  
83.7150 0.9731 22.2664  
83.7490 1.6620 2.2232  
83.7820 2.4022 34.5051  
83.8140 3.1127 -16.8715  
83.8490 3.6071 5.8761  
83.8810 3.9204 -23.5144  
83.9160 4.0505 -15.2346  
83.9490 4.1024 -17.8246  
83.9820 4.0478 -19.3182  
84.0150 3.9823 7.3113  
84.0530 3.7236 -31.4941  
84.0690 3.3391 -73.9040  
84.1150 2.7378 -22.3761  
84.1490 1.9818 -61.3974  
84.1820 1.2864 24.6342  
84.2150 0.6202 -13.9833  
84.2480 -0.0290 -10.9907  
84.2820 -0.7134 -27.6682  
84.3150 -1.3614 -8.2748  
84.3490 -2.3084 -80.8540  
84.3810 -3.3291 -60.4260  
84.4160 -3.8479 109.5949  
84.4480 -4.1520 34.9726  
84.4810 -4.1531 28.5307  
84.5160 -4.1992 10.3627  
84.5490 -4.1531 13.9833  
84.5820 -4.0608 2.9746  
84.6160 -3.7699 30.7783  
84.6480 -3.3358 36.1980  
84.6820 -2.5089 34.6888  
84.7160 -1.3714 34.4742  
84.7490 -0.6569 -11.9616  
84.7820 0.0185 22.0755  
84.8160 0.6453 13.3985  
84.8490 1.3071 21.5993  
84.8820 1.9311 2.5328  
84.9150 2.6395 28.5345  
84.9490 3.3715 37.7328  
84.9820 3.7984 -57.3396  
85.0150 4.0690 -11.6593  
85.0490 4.1388 -24.5611  
85.0820 4.2116 -11.0431  
85.1150 4.1388 -22.0755  
85.1490 4.0451 7.2843  
85.1820 3.7483 -39.9916  
85.2160 3.3252 -34.6591  
85.2500 2.6087 -58.5951  
85.2820 1.7234 -12.6521  
85.3150 1.0463 5.7371  
85.3480 0.3633 -13.4640  
85.3820 -0.3153 -23.2557  
85.4150 -0.9919 -10.4309  
85.4480 -1.6626 -20.2791  
85.4860 -2.6204 -69.0501  
85.5010 -3.3180 85.4977  
85.5490 -3.7641 27.8451  
85.5820 -3.9361 22.6947  
85.6200 -3.9707 25.5104  
85.6350 -3.9879 24.1779  
85.6820 -3.9071 11.4124  
85.7150 -3.7691 -6.6321  
85.7490 -3.4807 34.1003  
85.7820 -2.9763 45.1711  
85.8150 -2.0910 35.9099  
85.8480 -1.2298 31.5847  
85.8820 -0.5313 -8.5650  
85.9150 0.1560 19.3198  
85.9490 0.8233 22.6192  
85.9820 1.4824 8.5163  
86.0150 2.1497 18.7082  
86.0820 3.0008 24.1803  
86.1150 3.5299 -62.4478  
86.1490 3.8775 -9.5273  
86.1820 4.0346 -21.8366  
86.2150 4.0328 -16.5633  
86.2490 3.9873 -21.4231  
86.2830 3.8775 -0.1727  
86.3150 3.5875 -32.2326  
86.3480 3.1370 -40.1717  
86.3860 2.4137 -55.5021  
86.4010 1.5443 10.5324  
86.4490 0.8756 -1.1069  
86.4820 0.2131 -7.9580  
86.5150 -0.4739 -29.2537  
86.5490 -1.1275 -6.2472  
86.5820 -1.8477 -42.2328  
86.6490 -2.5905 -3.4730  
86.6820 -3.0887 42.8638  
86.7150 -3.4119 12.8654  
86.7490 -3.4803 12.8976  
86.7820 -3.4765 26.6730  
86.8150 -3.4441 7.0652  
86.8490 -3.4264 -12.0618  
86.8820 -3.1139 60.0870  
86.9150 -2.6516 38.9584  
86.9490 -1.9168 39.1774  
86.9820 -1.0889 21.1370  
87.0150 -0.4141 -3.5314  
87.0480 0.2729 16.5633  
87.0820 0.9689 15.5535  
87.1150 1.6211 13.3913  
87.1490 2.3514 29.8330  
87.2150 3.1695 7.0944  
87.2490 3.6309 -46.6044  
87.2810 3.9255 -11.9593  
87.3160 4.0109 -21.6961  
87.3480 3.9628 -19.9219  
87.3820 3.9523 7.6189  
87.4160 3.7952 -27.0317  
87.4490 3.4658 -36.1963  
87.4810 2.9587 -41.7327  
87.5150 2.1912 -46.7285  
87.5480 1.4152 11.6131  
87.5820 0.7560 -12.2690  
87.6150 0.0540 -24.5727  
87.6480 -0.6080 -10.8631  
87.6820 -1.2392 -9.7189  
87.7160 -2.0775 -53.2673  
87.7820 -2.7860 5.7358  
87.8160 -3.2154 46.9451  
87.8480 -3.4766 10.8541  
87.8820 -3.4890 26.4183  
87.9150 -3.5044 10.7273  
87.9490 -3.4579 5.9274  
87.9820 -3.3054 7.5401  
88.0160 -2.9358 53.3437  
88.0490 -2.4005 40.1753  
88.0820 -1.5809 31.2636  
88.1160 -0.7839 4.4875  
88.1480 -0.1053 12.8970  
88.1820 0.6086 20.5668  
88.2150 1.2442 3.5261  
88.2490 1.8691 7.2612  
88.2820 2.6386 49.9043  
88.3150 3.3387 -13.4888  
88.3490 3.8376 -5.8116  
88.3820 4.0977 -32.1899  
88.4150 4.2280 -8.0796  
88.4490 4.2693 -21.6980  
88.4820 4.1964 -22.0772  
88.5150 4.0833 8.9900  
88.5480 3.8421 -35.3061  
88.5820 3.4583 -34.6616  
88.6150 2.7442 -50.1770  
88.6490 1.9985 -22.3928  
88.6820 1.2914 5.6938  
88.7150 0.5925 -29.6935  
88.7430 -0.1141 -12.2733  
88.7670 -0.7820 -14.6040  
88.8150 -1.4207 -9.0997  
88.8480 -2.2475 -47.9925  
88.8660 -3.0484 -50.3703  
88.9150 -3.5226 42.6112  
88.9490 -3.7473 24.6931  
88.9820 -3.8700 7.8455  
89.0150 -3.9155 29.0819  
89.0490 -3.8085 16.0624  
89.0820 -3.6898 -6.9096  
89.1190 -3.4227 30.6527  
89.1340 -2.9592 101.7834  
89.1820 -2.2342 21.4844  
89.2150 -1.3051 34.3890  
89.2490 -0.6171 -9.4915  
89.2820 0.0837 29.3028  
89.3150 0.7825 7.2317  
89.3480 1.4147 8.9129  
89.3820 2.0363 12.9463  
89.4490 2.8991 32.5870  
89.4820 3.4299 -66.2073  
89.5150 3.7557 -15.8995  
89.5480 3.9538 -7.4011  
89.5820 3.9876 -14.9743  
89.6160 3.9694 -24.7785  
89.6480 3.8652 3.3400  
89.6820 3.6189 -34.7689  
89.7150 3.2256 -35.6171  
89.7490 2.5757 -62.5422  
89.7820 1.6985 -2.7319  
89.8150 1.0211 -5.6393  
89.8490 0.3369 -17.4223  
89.8820 -0.3674 -13.5263  
89.9160 -1.0407 -5.8153  
89.9490 -1.7115 -24.8090  
90.0190 -2.5282 -19.3137  
90.0340 -3.0205 137.4723  
90.0820 -3.3746 4.3161  
90.1150 -3.4181 29.6751  
90.1490 -3.4412 3.3526  
90.1820 -3.3670 23.8096  
90.2150 -3.2906 -17.2338  
90.2310 -2.9759 120.9906  
90.2820 -2.5236 23.1050  
90.3150 -1.8857 31.4087  
90.3490 -1.0075 30.9378  
90.3810 -0.3368 -0.4150  
90.3980 0.3551 24.7013  
90.4490 0.9792 5.8925  
90.4820 1.6218 9.0637  
90.5150 2.2435 17.4801  
90.5810 3.0340 16.9720  
90.5980 3.4604 -100.3879  
90.6490 3.7420 -5.2664  
90.6810 3.8924 -8.6377  
90.6980 3.8839 -31.5628  
90.7490 3.8554 -4.1846  
90.7820 3.7095 -22.8355  
90.7980 3.4297 -64.9334  
90.8490 3.0025 -23.0453  
90.8820 2.3085 -63.3445  
90.9150 1.5112 2.6120  
90.9490 0.8944 2.9222  
90.9820 0.2052 -30.1108  
91.0160 -0.4809 -7.1747  
91.0490 -1.1401 -8.1353  
91.0820 -1.9835 -62.2851  
91.1490 -2.7412 1.5503  
91.1820 -3.1950 60.5714  
91.2150 -3.5016 9.0183  
91.2480 -3.5193 24.1977  
91.2650 -3.5236 12.9822  
91.3160 -3.5002 7.3635  
91.3480 -3.4049 -8.5452  
91.3820 -3.0465 70.1740  
91.4150 -2.5431 35.8250  
91.4480 -1.7313 31.1463  
91.4650 -0.8627 39.5641  
91.5150 -0.1904 0.6933  
91.5310 0.5003 30.1779  
91.5820 1.1201 1.7508  
91.6200 1.7577 10.4912  
91.6490 2.4694 38.4823  
91.7150 3.1896 -2.8460  
91.7310 3.5551 -72.5943  
91.7820 3.7868 -3.0465  
91.7980 3.8812 -21.5611  
91.8480 3.8417 -13.3460  
91.8640 3.8048 3.8525  
91.9160 3.6167 -19.8055  
91.9490 3.3118 -32.6867  
91.9820 2.7973 -51.4110  
92.0150 2.0454 -38.1472  
92.0480 1.3348 6.8522  
92.0640 0.6628 -48.5055  
92.1160 -0.0206 -5.1938  
92.1490 -0.6926 -6.9683  
92.1810 -1.3220 -7.5623  
92.2160 -2.1933 -67.3321  
92.2530 -2.7810 48.7874  
92.2680 -3.3035 -28.3919  
92.3150 -3.5496 22.7024  
92.3480 -3.6396 9.1728  
92.3820 -3.6634 26.1025  
92.3980 -3.5560 33.5238  
92.4490 -3.4433 -4.2521  
92.4650 -3.2502 35.8533  
92.5160 -2.8400 37.8195  
92.5490 -2.0910 31.2485  
92.5820 -1.4054 35.5188  
92.6150 -0.6555 6.5472  
92.6340 0.0116 12.6020  
92.6830 0.6876 8.0028  
92.7150 1.2868 3.7186  
92.7490 1.9074 22.0776  
92.7810 2.5955 14.3096  
92.7980 3.4317 120.8396  
92.8480 3.8254 -49.9113  
92.8640 4.0417 -46.4405  
92.9160 4.1216 -3.6885  
92.9480 4.1362 -13.6541  
92.9640 4.0847 -26.3495  
93.0200 3.9853 -1.5637  
93.0350 3.7563 -78.3990  
93.0820 3.3494 -21.8828  
93.1150 2.6632 -70.7708  
93.1480 1.7545 -5.1542  
93.1640 1.1239 17.8112  
93.2150 0.4687 -19.4082  
93.2310 -0.2007 -20.7896  
93.2820 -0.8520 -5.0330  
93.2980 -1.4818 -12.8802  
93.3490 -2.1446 -8.1872  
93.3820 -2.9359 -74.5832  
93.3980 -3.3445 174.8908  
93.4490 -3.4921 5.3919  
93.4820 -3.5361 26.2294  
93.5150 -3.5910 5.3415  
93.5490 -3.4655 23.9443  
93.5820 -3.3422 -10.7451  
93.6020 -3.0680 62.6056  
93.6490 -2.6232 31.9289  
93.6820 -2.0171 36.2079  
93.7150 -1.0726 27.9677  
93.7310 -0.4221 -8.9047  
93.7820 0.2568 10.9805  
93.7980 0.8801 19.2965  
93.8490 1.4915 1.1252  
93.8820 2.0907 20.9754  
93.9480 2.9037 27.0384  
93.9650 3.3725 -128.8959  
94.0160 3.6484 -8.3953  
94.0490 3.7806 -7.3235  
94.0640 3.7690 -34.3925  
94.1160 3.7439 -5.3108  
94.1490 3.6383 -7.4460  
94.1640 3.3831 -79.1698  
94.2200 3.0193 -18.3647  
94.2350 2.3600 -150.8123  
94.2820 1.5320 2.0555  
94.3150 0.8918 -9.4874  
94.3310 0.2429 -32.1735  
94.3820 -0.4161 -6.7136  
94.4150 -1.0486 -7.6283  
94.4310 -1.8298 -110.1705  
94.5160 -2.6271 -4.7873  
94.5480 -3.0875 68.1719  
94.5640 -3.4339 6.9940  
94.6150 -3.4638 17.6971  
94.6310 -3.4904 8.1090  
94.6830 -3.4334 10.0559  
94.7150 -3.3591 -10.6787  
94.7310 -3.0402 131.4499  
94.7830 -2.5783 22.6611  
94.8150 -1.8264 35.5713  
94.8480 -0.9393 28.6102  
94.8880 -0.2916 -5.3242  
94.9030 0.3857 27.2582  
94.9490 0.9949 4.8022  
94.9820 1.6104 5.8408  
95.0010 2.3101 71.9006  
95.0820 3.0585 1.7789  
95.1150 3.4515 -43.9681  
95.1310 3.6992 -17.1066  
95.1830 3.8043 -5.5522  
95.2160 3.7548 -18.2183  
95.2480 3.7329 1.9541  
95.2680 3.5840 -43.0329  
95.3160 3.2897 -25.6892  
95.3490 2.8733 -31.1629  
95.3640 2.1260 -129.5639  
95.4160 1.4217 11.0665  
95.4490 0.7648 -29.6288  
95.4640 0.0968 -25.7069  
95.5160 -0.5567 -2.7435  
95.5480 -1.1739 -7.4562  
95.5640 -2.0233 -141.1869  
95.6490 -2.7300 6.6666  
95.6680 -3.1473 87.3590  
95.7160 -3.4368 5.2090  
95.7490 -3.4374 28.6713  
95.7640 -3.4408 36.4081  
95.8160 -3.3565 -1.9070  
95.8480 -3.2367 -0.9913  
95.8640 -2.8905 132.6180  
95.9160 -2.4026 22.6624  
95.9310 -1.5856 68.7738  
95.9830 -0.7674 11.1228  
96.0150 -0.1088 1.9974  
96.0480 0.5682 13.1791  
96.0640 1.1690 11.4681  
96.1160 1.7361 4.0327  
96.1490 2.3793 20.0229  
96.1820 3.0253 -0.0824  
96.2150 3.5133 16.4082  
96.2310 3.7431 -87.7390  
96.2820 3.8574 -2.4139  
96.2980 3.8682 -28.5440  
96.3490 3.8229 -9.7330  
96.3820 3.7293 -1.4881  
96.4150 3.5144 -31.1827  
96.4310 3.1610 -73.4654  
96.4860 2.5754 -30.1997  
96.5010 1.8991 -60.6856  
96.5490 1.1844 3.2949  
96.5830 0.5330 -22.6617  
96.5980 -0.1316 -17.0980  
96.6490 -0.7767 -5.1056  
96.6640 -1.4171 -29.9867  
96.7160 -2.2577 -39.4543  
96.7480 -3.0240 -8.9277  
96.7640 -3.4744 123.9562  
96.8160 -3.7009 11.1185  
96.8490 -3.7474 26.9604  
96.8650 -3.7839 16.1935  
96.9170 -3.6792 12.3068  
96.9490 -3.5781 -9.0894  
96.9820 -3.3304 36.4960  
96.9980 -2.9006 85.7551  
97.0490 -2.1477 23.1088  
97.0640 -1.2478 78.9950  
97.1160 -0.5427 0.6707  
97.1320 0.1391 21.5703  
97.1820 0.7547 4.5561  
97.2160 1.3642 5.8425  
97.2480 1.9862 23.8682  
97.3160 2.8563 32.2162  
97.3490 3.3598 -74.5733  
97.3640 3.6630 -42.1333  
97.4150 3.8353 -2.5473  
97.4350 3.8377 -25.6981  
97.4830 3.8081 -5.9292  
97.5150 3.7106 -10.4674  
97.5310 3.4893 -63.1459  
97.5820 3.1281 -23.5247  
97.6160 2.4740 -63.6847  
97.6480 1.5974 -1.0565  
97.6640 0.9497 -10.7775  
97.7160 0.3035 -11.8639  
97.7480 -0.3545 -7.7376  
97.7650 -0.9846 -13.8437  
97.8160 -1.6941 -21.1457  
97.8830 -2.4880 -17.5965  
97.9160 -3.0274 46.4972  
97.9520 -3.3746 20.0537  
97.9680 -3.4233 51.2830  
98.0150 -3.4568 2.5033  
98.0480 -3.4276 13.7846  
98.0650 -3.3363 0.2388  
98.1160 -3.0421 34.9196  
98.1490 -2.6066 35.7077  
98.1870 -1.9601 27.1414  
98.2030 -1.1033 57.6884  
98.2490 -0.4090 -1.9507  
98.2650 0.2610 29.9883  
98.3150 0.8777 5.7311  
98.3310 1.4975 9.3093  
98.3820 2.1777 20.7447  
98.4490 2.9299 10.8197  
98.4640 3.3222 -121.2141  
98.5160 3.5844 -2.3654  
98.5310 3.7249 -12.3208  
98.5820 3.7091 -12.5608  
98.5990 3.7429 23.9263  
98.6490 3.6121 -23.3302  
98.6820 3.3467 -32.1174  
98.7150 2.9509 -34.9809  
98.7310 2.2572 -120.0578  
98.7820 1.4893 -0.3425  
98.7980 0.8784 -15.5537  
98.8490 0.2294 -9.8713  
98.8820 -0.4362 -10.6143  
98.8980 -1.0612 -14.7064  
98.9530 -1.9256 -36.1299  
99.0160 -2.6624 1.7461  
99.0490 -3.1113 55.1008  
99.0650 -3.4254 12.1415  
99.1160 -3.4520 18.7043  
99.1310 -3.4690 5.2394  
99.1820 -3.4125 9.5263  
99.1980 -3.3267 -13.1348  
99.2490 -2.9932 41.6980  
99.2820 -2.5184 35.7094  
99.3150 -1.7410 31.4363  
99.3310 -0.9191 34.7623  
99.3820 -0.2563 4.4603  
99.3980 0.4239 22.9556  
99.4490 1.0241 3.0166  
99.4680 1.6458 15.5241  
99.5150 2.4457 48.2212  
99.5820 3.1633 -15.4102  
99.5980 3.5346 -83.5524  
99.6490 3.7669 -4.1269  
99.6650 3.8693 -16.4434  
99.7160 3.8171 -19.3847  
99.7310 3.7810 25.8473  
99.7820 3.6059 -20.0413  
99.8150 3.2979 -35.6212  
99.8310 2.8204 -87.5222  
99.8820 1.9836 -25.9993  
99.9160 1.2620 3.5063  
99.9310 0.6201 -35.9720  
99.9820 -0.0363 -6.9828  
99.9980 -0.7074 -25.5903  
100.0490 -1.2949 -3.0022  
100.0650 -2.1626 -150.8719  
100.1150 -2.6722 51.1824  
100.1310 -3.1866 -76.5029  
100.1830 -3.4517 21.0126  
100.2150 -3.5465 11.8033  
100.2310 -3.6033 31.1769  
100.2820 -3.5389 13.1731  
100.3010 -3.4324 3.4708  
100.3490 -3.2189 13.7509  
100.3820 -2.8270 49.4317  
100.3980 -2.0758 73.6558  
100.4490 -1.4773 20.2294  
100.4640 -0.7403 10.8176  
100.5150 -0.0539 11.4757  
100.5310 0.6165 13.6970  
100.5820 1.2570 3.9019  
100.5980 1.8777 29.6069  
100.6490 2.5188 5.2976  
100.6820 3.4053 94.3573  
100.7010 3.7875 -179.5777  
100.7490 4.0068 -9.3675  
100.7640 4.0972 -17.1849  
100.8150 4.1011 -13.7845  
100.8310 3.9918 -34.1430  
100.8830 3.8656 0.9711  
100.9150 3.6161 -32.3353  
100.9310 3.1974 -76.1503  
100.9820 2.5918 -31.3433  
100.9980 1.6305 -27.6607  
101.0490 1.0050 -1.0725  
101.0640 0.3668 -38.4131  
101.1150 -0.2906 -8.8350  
101.1320 -0.9069 -17.1319  
101.1860 -1.5279 -10.9986  
101.2320 -2.3066 -33.1755  
101.2650 -2.8519 39.3766  
101.3150 -3.1927 16.5291  
101.3310 -3.3330 25.3949  
101.3830 -3.3784 9.7434  
101.3980 -3.3638 36.3310  
101.4490 -3.3100 -3.6022  
101.4830 -3.0681 42.0468  
101.4980 -2.6708 84.2095  
101.5490 -2.0981 22.7496  
101.5640 -1.2619 73.9201  
101.6150 -0.6091 -10.4786  
101.6310 0.0339 45.5307  
101.6860 0.6912 9.9997  
101.7020 1.3261 17.5850  
101.7490 1.9685 13.2112  
101.8150 2.7587 19.6067  
101.8310 3.2289 -110.6742  
101.8820 3.5359 -7.2329  
101.8980 3.6952 -19.7782  
101.9490 3.6509 -18.1892  
101.9640 3.7115 34.3762  
102.0160 3.6057 -18.0170  
102.0310 3.3409 -69.2623  
102.0820 2.9234 -24.4418  
102.0980 2.2676 -110.0874  
102.1320 1.4893 2.0459  
102.1830 0.8623 -5.0744  
102.2150 0.2567 -4.8413  
102.2310 -0.3906 -45.8025  
102.2820 -0.9790 -6.6358  
102.2980 -1.6991 -50.1175  
102.3830 -2.4108 -10.0378  
102.4150 -2.8823 42.6204  
102.4310 -3.1777 32.1238  
102.4830 -3.2565 7.7779  
102.5150 -3.2948 14.8458  
102.5310 -3.2543 33.0176  
102.5660 -3.2463 -13.7017  
102.6160 -2.9407 44.8749  
102.6310 -2.4981 68.7377  
102.6810 -1.8717 20.7297  
102.6980 -1.0556 61.3951  
102.7490 -0.4290 -10.4203  
102.7640 0.2293 55.4143  
102.8150 0.8714 4.7624  
102.8310 1.5141 30.0237  
102.8820 2.2332 25.3357  
102.9310 3.0180 3.6301  
102.9820 3.3969 -35.5884  
102.9980 3.6554 -10.8547  
103.0490 3.7521 -11.3817  
103.0640 3.6717 -48.5626  
103.0980 3.6894 13.2545  
103.1490 3.5251 -19.4052  
103.1810 3.2332 -32.2793  
103.1980 2.7462 -86.4791  
103.2480 1.9745 -31.1015  
103.2640 1.2149 18.6942  
103.3150 0.6309 -1.1797  
103.3310 -0.0140 -48.8379  
103.3820 -0.6406 -7.8056  
103.3980 -1.2196 -15.7393  
103.4480 -2.0064 -32.5557  
103.4640 -2.8498 -97.2634  
103.5160 -3.4305 30.6728  
103.5480 -3.6933 53.3850  
103.5640 -3.7787 13.7166  
103.6160 -3.8448 9.4467  
103.6480 -3.8600 14.0496  
103.6640 -3.7629 21.3222  
103.7160 -3.5797 8.8977  
103.7310 -3.2066 109.8519  
103.7820 -2.5630 21.1241  
103.8010 -1.6600 54.5999  
103.8330 -0.8607 17.4286  
103.8720 -0.2391 -1.7386  
103.8980 0.4174 21.8370  
103.9490 1.0380 2.5989  
103.9640 1.6655 34.5415  
104.0150 2.3098 9.9880  
104.0310 2.9845 47.9246  
104.0830 3.4177 -14.7451  
104.0980 3.6401 -68.7348  
104.1490 3.7243 -6.7771  
104.1650 3.7163 -22.6751  
104.2160 3.6608 -10.6666  
104.2350 3.5685 10.5767  
104.2660 3.3605 -33.0757  
104.3160 2.9828 -23.5798  
104.3310 2.3973 -104.5466  
104.3820 1.6470 -17.2735  
104.3980 0.9693 -2.5672  
104.4490 0.3444 -9.8546  
104.4640 -0.2847 -25.8761  
104.5160 -0.8989 -4.1062  
104.5310 -1.4917 -22.0150  
104.5820 -2.3672 -51.4978  
104.5980 -3.2977 -98.3906  
104.6490 -3.7783 65.0795  
104.6650 -3.9824 74.7966  
104.6980 -4.0768 6.5705  
104.7490 -4.1220 8.8323  
104.7650 -4.0698 29.4454  
104.8150 -3.9725 1.2663  
104.8310 -3.7371 72.9854  
104.8820 -3.3151 30.1016  
104.8980 -2.5273 64.4500  
104.9490 -1.4797 20.0992  
104.9640 -0.7615 1.6154  
105.0150 -0.1277 6.9245  
105.0320 0.5155 18.2514  
105.0650 1.1372 7.1439  
105.1160 1.7893 15.1823  
105.1820 2.5911 23.6548  
105.1980 3.0945 -113.5053  
105.2490 3.3755 -13.5010  
105.2650 3.5293 -15.1059  
105.3160 3.5217 -11.5415  
105.3310 3.4809 -20.5171  
105.3820 3.3996 -1.0159  
105.3980 3.1877 -62.2562  
105.4520 2.8455 -19.7518  
105.4670 2.2169 -139.3248  
105.5160 1.4020 -6.1616  
105.5480 0.7568 -3.7170  
105.5640 0.1376 -26.8118  
105.6160 -0.4896 -6.1794  
105.6490 -1.0866 -8.6868  
105.6640 -1.7442 -60.9033  
105.7490 -2.5254 -15.1553  
105.7820 -3.0360 51.8120  
105.7980 -3.3823 36.0474  
105.8490 -3.4876 6.2809  
105.8640 -3.4683 62.9301  
105.9160 -3.4409 -0.7417  
105.9310 -3.3721 -0.9878  
105.9820 -3.0902 35.4963  
105.9980 -2.6618 73.6463  
106.0490 -2.0319 21.5914  
106.0640 -1.1814 61.1749  
106.1150 -0.5432 -8.1129  
106.1310 0.1121 46.7921  
106.1820 0.7543 3.7148  
106.1980 1.3275 15.8304  
106.2490 1.9972 18.1686  
106.3160 2.7156 7.0567  
106.3310 3.1295 -82.3418  
106.3820 3.3889 -7.1980  
106.3980 3.5218 -10.1925  
106.4320 3.4795 -24.5758  
106.4820 3.5000 4.3091  
106.4980 3.3682 -48.3987  
106.5490 3.1137 -20.3551  
106.5680 2.7163 -61.8576  
106.6040 2.0594 -46.3628  
106.6320 1.3623 2.5588  
106.6820 0.7826 -1.2251  
106.6980 0.1454 -58.9112  
106.7490 -0.5049 -5.7717  
106.7650 -1.0911 -12.1255  
106.8160 -1.9002 -39.4682  
106.8820 -2.6253 0.9807  
106.8980 -3.0552 119.6193  
106.9490 -3.3462 4.1885  
106.9650 -3.4288 25.9394  
107.0160 -3.4687 9.7863  
107.0310 -3.4154 58.0503  
107.0820 -3.2105 11.2292  
107.0980 -2.8769 62.0869  
107.1480 -2.4354 17.6788  
107.1640 -1.6748 73.6723  
107.2160 -0.8182 19.7261  
107.2310 -0.2104 -38.3681  
107.2820 0.4603 16.5308  
107.2980 1.1062 10.4351  
107.3490 1.7209 3.6678  
107.3640 2.3621 75.7493  
107.4150 2.8511 -18.6208  
107.4310 3.3323 57.1838  
107.4870 3.6085 -20.8041  
107.5020 3.7457 -14.1440  
107.5480 3.7597 -4.4770  
107.5650 3.7726 -34.4660  
107.5990 3.6715 -8.7500  
107.6480 3.4666 -17.7909  
107.6650 3.1305 -66.0821  
107.6980 2.5725 -32.8606  
107.7480 1.9425 -33.3762  
107.7650 1.2506 17.4042  
107.8160 0.6244 -9.9535  
107.8310 -0.0142 -22.4472  
107.8820 -0.6706 -7.5168  
107.8980 -1.2941 -16.0781  
107.9480 -2.0975 -41.9430  
107.9640 -2.9983 -115.2702  
108.0160 -3.4582 63.1585  
108.0310 -3.7238 57.2566  
108.0820 -3.7827 7.8116  
108.0980 -3.8000 44.5318  
108.1490 -3.7314 6.8840  
108.1640 -3.6050 16.0475  
108.1980 -3.3447 28.0973  
108.2320 -2.9562 30.1680  
108.2650 -2.2547 31.3032  
108.2980 -1.2661 31.0712  
108.3320 -0.5750 9.1439  
108.3650 0.0335 0.9742  
108.3980 0.7015 30.0705  
108.4320 1.3031 1.4795  
108.4650 1.9438 22.4579  
108.4990 2.4909 -20.4635  
108.5320 3.1719 69.5690  
108.5830 3.5606 -37.2353  
108.5980 3.8045 -27.5942  
108.6490 3.9275 -3.5933  
108.6640 3.9115 -71.9849  
108.7160 3.8820 -1.9872  
108.7310 3.7919 25.8077  
108.7820 3.5899 -20.9590  
108.7980 3.1502 -102.2544  
108.8480 2.6111 -33.7900  
108.8650 1.8229 -11.5026  
108.9160 1.2082 -3.2186  
108.9320 0.5732 -38.5225  
108.9820 -0.0744 -6.1979  
108.9980 -0.6338 -12.3018  
109.0490 -1.2387 -10.9656  
109.0640 -2.2309 -232.3142  
109.1160 -2.9033 40.9258  
109.1310 -3.2837 85.6015  
109.1820 -3.4349 11.8109  
109.1980 -3.5367 18.6924  
109.2490 -3.5597 12.2176  
109.2650 -3.4576 39.6493  
109.3160 -3.3470 -4.3954  
109.3310 -3.0673 99.6395  
109.3810 -2.6286 20.6090  
109.3980 -1.7382 60.6652  
109.4490 -0.9737 17.0666  
109.4640 -0.3627 -16.8064  
109.4980 0.2970 32.0562  
109.5320 0.9483 6.3282  
109.5650 1.5514 4.2805  
109.6150 2.1614 14.0712  
109.6820 2.9133 17.8277  
109.6980 3.3417 -108.7669  
109.7490 3.6389 -5.5236  
109.7650 3.8118 -13.2528  
109.8160 3.7711 -24.8099  
109.8570 3.7999 10.7982  
109.8740 3.6438 -44.6277  
109.8980 3.3630 -42.9739  
109.9490 3.0232 -8.8171  
109.9670 2.3785 -130.2716  
110.0160 1.6197 1.0822  
110.0310 1.0270 -5.2948  
110.0820 0.3875 -14.6832  
110.0980 -0.2526 -13.7103  
110.1490 -0.7897 -4.5981  
110.1640 -1.5240 -101.9074  
110.2490 -2.1983 -1.8779  
110.2820 -2.6337 41.1522  
110.2980 -2.9760 30.0908  
110.3490 -3.0229 11.9324  
110.3650 -3.0395 22.2893  
110.4030 -3.0050 11.3462  
110.4320 -2.9234 -9.5796  
110.4820 -2.6136 41.2445  
110.4980 -2.1965 52.4366  
110.5490 -1.5377 17.4348  
110.5640 -0.7710 61.1934  
110.6160 -0.1380 0.4199  
110.6310 0.4903 28.9512  
110.6820 1.0847 5.2859  
110.6980 1.6506 4.5132  
110.7360 2.2908 30.8832  
110.8160 2.9775 2.3427  
110.8310 3.3391 -79.2546  
110.8820 3.5723 -8.7282  
110.8980 3.6900 -16.6132  
110.9490 3.6809 -6.8801  
110.9640 3.6965 18.0354  
111.0150 3.5292 -27.3822  
111.0310 3.2883 -29.0741  
111.0820 2.8782 -31.7686  
111.0980 2.2080 -89.2258  
111.1490 1.5145 -0.8842  
111.1640 0.8894 -33.6642  
111.1990 0.2805 -8.1099  
111.2530 -0.3408 -7.2071  
111.2690 -0.9683 -25.8203  
111.2980 -1.7854 -56.0147  
111.3660 -2.4098 7.7873  
111.3990 -2.8662 36.7979  
111.4320 -3.0849 22.9474  
111.4830 -3.1507 1.9956  
111.4980 -3.1628 32.7738  
111.5490 -3.0922 6.3129  
111.5640 -2.9335 39.8496  
111.6160 -2.5737 31.1753  
111.6310 -2.0547 78.6243  
111.6820 -1.2818 17.9177  
111.6980 -0.4833 49.1379  
111.7320 0.1506 -12.6925  
111.7650 0.7393 9.2416  
111.8150 1.3292 2.2650  
111.8310 1.8965 16.6537  
111.8650 2.4548 6.7964  
111.8990 3.0279 21.9766  
111.9480 3.4153 -4.8452  
111.9640 3.5915 -58.2166  
112.0160 3.6596 -3.2365  
112.0310 3.6019 -31.3790  
112.0650 3.5525 -10.2662  
112.0980 3.4860 4.0363  
112.1490 3.3049 -20.2216  
112.1650 2.9802 -73.1779  
112.2160 2.4871 -28.4803  
112.2310 1.8088 -73.6333  
112.2650 1.1381 -4.7376  
112.3000 0.5334 -7.7701  
112.3480 -0.0913 -7.6795  
112.3650 -0.6884 -11.4179  
112.3990 -1.3151 -18.9822  
112.4320 -2.1153 -48.5541  
112.4650 -2.8762 -19.3086  
112.5160 -3.3444 34.4223  
112.5310 -3.5690 65.5970  
112.5650 -3.6504 9.5979  
112.5990 -3.6760 11.7183  
112.6490 -3.6187 11.1297  
112.6650 -3.5446 -12.5680  
112.6990 -3.3141 40.3070  
112.7320 -2.8775 42.8938  
112.7650 -2.1804 30.3734  
112.7990 -1.3297 26.4526  
112.8490 -0.6173 7.4289  
112.8640 -0.0146 -7.4331  
112.8980 0.5789 6.8481  
112.9320 1.1504 5.2852  
112.9650 1.7427 23.1342  
113.0320 2.6007 36.6697  
113.0650 3.0233 -90.4381  
113.1190 3.2794 -4.6001  
113.1330 3.4075 -19.8985  
113.1820 3.3962 -10.0965  
113.1980 3.3913 27.2601  
113.2490 3.3265 -13.9268  
113.2650 3.1421 -60.2813  
113.3160 2.8092 -25.5662  
113.3310 2.1937 -137.5617  
113.3650 1.3216 -3.2074  
113.4030 0.7425 -1.4395  
113.4310 0.1610 -9.7118  
113.4650 -0.4285 -10.5361  
113.5160 -0.9873 -3.6963  
113.5310 -1.7377 -98.6337  
113.5990 -2.4991 -12.0641  
113.6320 -2.9939 51.5683  
113.6650 -3.2849 22.2473  
113.6990 -3.3383 9.1751  
113.7310 -3.3389 13.1011  
113.7650 -3.2858 14.1918  
113.7990 -3.2459 -11.8621  
113.8490 -2.9995 34.1170  
113.8650 -2.5816 95.3877  
113.8980 -1.9100 32.0780  
113.9320 -1.0598 28.3668  
113.9820 -0.4117 -6.3576  
113.9980 0.1814 11.4311  
114.0320 0.7693 7.6650  
114.0820 1.3351 3.9654  
114.0980 1.9427 56.2442  
114.1830 2.6320 4.8673  
114.1980 3.0526 -65.3281  
114.2320 3.2691 -15.1709  
114.2650 3.3505 -8.8731  
114.2990 3.3011 -10.0817  
114.3320 3.3153 9.6299  
114.3650 3.2285 -25.0452  
114.3990 2.9957 -35.2838  
114.4320 2.6288 -34.6444  
114.4650 1.9737 -60.0659  
114.4990 1.3017 7.2065  
114.5320 0.7012 -8.0100  
114.5650 0.1050 -14.3413  
114.5990 -0.4912 -8.6146  
114.6320 -1.0708 -5.3463  
114.6700 -1.8624 -47.4560  
114.7320 -2.5536 2.8777  
114.7650 -2.9575 50.7234  
114.7990 -3.2267 5.9733  
114.8320 -3.2500 14.4434  
114.8650 -3.2609 11.1696  
114.8990 -3.2219 6.9292  
114.9320 -3.1388 -0.9713  
114.9650 -2.8064 66.6486  
114.9990 -2.3533 30.3270  
115.0320 -1.6308 26.9582  
115.0650 -0.8235 31.1279  
115.0990 -0.2134 -8.7730  
115.1320 0.4010 7.4685  
115.1650 0.9800 3.7025  
115.1980 1.5808 17.7716  
115.2310 2.1047 -16.1572  
115.3160 2.7264 11.1320  
115.3320 3.0477 -50.3095  
115.3650 3.2402 -7.7573  
115.3980 3.3045 -11.9175  
115.4320 3.2299 -10.6370  
115.4660 3.1860 0.2387  
115.4990 3.0138 -31.3696  
115.5320 2.7413 -26.7145  
115.5670 2.2621 -42.3018  
115.6050 1.7072 -33.9688  
115.6330 1.0693 4.1757  
115.6660 0.4803 -9.5660  
115.6990 -0.1180 -10.5918  
115.7340 -0.7071 -8.5909  
115.7650 -1.3213 -19.7843  
115.7990 -2.0815 -42.6852  
115.8320 -2.7233 4.5108  
115.8650 -3.2034 22.2815  
115.9030 -3.4196 30.4640  
115.9320 -3.4761 10.5922  
115.9660 -3.5083 10.5813  
115.9980 -3.4557 16.6095  
116.0330 -3.3708 -0.7289  
116.0660 -3.1578 29.6941  
116.0980 -2.7361 46.0582  
116.1330 -2.0643 29.9712  
116.1660 -1.3190 26.7960  
116.1990 -0.5994 14.5054  
116.2320 0.0013 -0.9696  
116.2650 0.6024 9.4405  
116.2980 1.1985 9.3889  
116.3320 1.8160 21.9403  
116.3980 2.6494 32.3219  
116.4320 3.1527 -68.3047  
116.4650 3.4411 -20.4215  
116.4990 3.5997 -7.3382  
116.5310 3.6180 -16.1851  
116.5650 3.6284 11.7224  
116.5990 3.5395 -30.1274  
116.6320 3.3213 -29.7269  
116.6650 2.9761 -29.1358  
116.6990 2.3901 -48.8492  
116.7320 1.5472 -13.2052  
116.7650 0.9299 -2.0378  
116.7990 0.3451 -10.2613  
116.8320 -0.2521 -11.3002  
116.8650 -0.8327 -10.6492  
116.8990 -1.5217 -20.1989  
116.9820 -2.2153 -12.8883  
116.9980 -2.6836 79.5457  
117.0320 -2.9899 19.3537  
117.0650 -3.0918 11.5775  
117.0990 -3.1069 12.7391  
117.1330 -3.0692 13.5506  
117.1650 -3.0403 -13.6326  
117.1990 -2.7986 51.5863  
117.2320 -2.4134 32.8663  
117.2650 -1.8562 31.2843  
117.2990 -1.1037 26.0103  
117.3320 -0.4748 1.0971  
117.3650 0.1329 13.4870  
117.3990 0.7306 8.3392  
117.4320 1.3021 5.1457  
117.4650 1.9148 26.4792  
117.5490 2.7069 16.1617  
117.5650 3.1601 -102.2247  
117.5990 3.4253 -23.3981  
117.6320 3.5326 -16.5311  
117.6650 3.4972 -16.4848  
117.7030 3.4916 8.8085  
117.7310 3.3550 -30.8725  
117.7650 3.0868 -30.3805  
117.7990 2.7006 -29.7037  
117.8310 2.0550 -53.7752  
117.8650 1.2835 2.9310  
117.8990 0.6524 -6.8434  
117.9320 0.0590 -12.6714  
117.9650 -0.5125 -9.8781  
117.9980 -1.0573 -8.4263  
118.0320 -1.8112 -51.6221  
118.1150 -2.4751 0.4253  
118.1310 -2.8738 101.1165  
118.1660 -3.1350 10.4793  
118.1980 -3.1832 12.7513  
118.2320 -3.2062 10.3653  
118.2650 -3.1781 8.4078  
118.3030 -3.1049 0.8940  
118.3320 -2.8082 65.8008  
118.3690 -2.3899 25.3336  
118.4020 -1.6926 31.4087  
118.4330 -0.9122 27.8906  
118.4660 -0.3375 -13.2589  
118.4990 0.2560 16.7882  
118.5340 0.8355 7.6590  
118.5650 1.3984 6.0042  
118.5990 1.9954 18.2020  
118.6830 2.6460 6.7751  
118.6980 3.0022 -69.0098  
118.7330 3.2259 -11.0489  
118.7660 3.2943 -15.7035  
118.8160 3.2217 -10.8792  
118.8320 3.2221 18.2252  
118.8710 3.0793 -22.5131  
118.8980 2.8064 -38.2409  
118.9320 2.3736 -41.5491  
118.9660 1.7244 -45.4737  
118.9980 1.0434 7.8840  
119.0320 0.4387 -8.0154  
119.0650 -0.1593 -9.7065  
119.0990 -0.7454 -11.7391  
119.1320 -1.2977 -6.2242  
119.1650 -2.0875 -63.1465  
119.1980 -2.9008 -33.7092  
119.2320 -3.4346 51.8092  
119.2660 -3.6727 45.4435  
119.2980 -3.7254 9.6354  
119.3320 -3.7615 12.2847  
119.3690 -3.7215 13.1845  
119.3980 -3.6682 -6.4290  
119.4320 -3.4949 23.5661  
119.4650 -3.1339 50.6375  
119.4980 -2.4613 31.2625  
119.5320 -1.5885 26.1653  
119.5660 -0.8188 21.5062  
119.5980 -0.2504 -14.6188  
119.6320 0.3415 15.9582  
119.6650 0.9202 8.6625  
119.6980 1.4827 9.8849  
119.7310 2.0901 7.9545  
119.7650 2.6329 4.5799  
119.7990 3.0303 6.3448  
119.8320 3.2338 -27.4728  
119.8650 3.3168 -9.5643  
119.8990 3.2700 -16.6576  
119.9320 3.2872 5.2124  
119.9650 3.2060 -13.3609  
119.9980 3.0077 -26.8333  
120.0320 2.6738 -30.3026  
120.0650 2.1452 -51.0330  
120.0980 1.4951 -32.0967  
120.1320 0.8323 2.5961  
120.1660 0.2387 -6.3107  
120.1990 -0.3522 -8.7377  
120.2330 -0.9098 -6.8696  
120.2650 -1.5495 -20.2532  
120.2990 -2.2673 -35.9723  
120.3320 -2.9585 -18.7654  
120.3660 -3.3944 44.7932  
120.3990 -3.5648 29.4377  
120.4320 -3.5995 8.9936  
120.4650 -3.6122 9.3421  
120.4990 -3.5724 9.1432  
120.5360 -3.5194 -4.2261  
120.5650 -3.3066 47.0748  
120.5990 -2.8889 41.1570  
120.6320 -2.2262 37.2019  
120.6650 -1.4176 25.4568  
120.6980 -0.7083 16.0479  
120.7320 -0.1180 -6.3996  
120.7650 0.4648 6.6684  
120.7980 1.0348 5.5071  
120.8320 1.6692 28.0592  
120.8990 2.4132 14.0291  
120.9310 2.8969 -38.6800  
120.9650 3.1537 -25.5765  
120.9990 3.2767 -3.2324  
121.0320 3.2580 -17.5273  
121.0650 3.2302 13.3302  
121.0980 3.1407 -25.3117  
121.1320 2.9258 -30.3934  
121.1660 2.6046 -25.9258  
121.1990 2.0076 -54.6655  
121.2320 1.2753 -12.5150  
121.2650 0.6498 -5.1575  
121.2990 0.0910 -5.9519  
121.3330 -0.4874 -8.9814  
121.3620 -1.0353 -9.4376  
121.3990 -1.8313 -55.1942  
121.4700 -2.5792 -4.9734  
121.4990 -3.0314 66.3445  
121.5320 -3.3296 19.9105  
121.5650 -3.4208 8.1117  
121.5990 -3.4386 9.3893  
121.6330 -3.3999 11.6689  
121.6660 -3.3512 -3.1589  
121.6990 -3.0618 63.7399  
121.7320 -2.6567 26.7114  
121.7660 -1.9384 32.0851  
121.7980 -1.1182 20.8186  
121.8320 -0.4895 0.2395  
121.8650 0.0959 6.8050  
121.8990 0.6667 3.5959  
121.9320 1.2215 4.7794  
121.9650 1.8195 25.1512  
122.0490 2.4827 6.5172  
122.0650 2.8090 -79.1450  
122.0990 3.0197 -8.0443  
122.1320 3.1127 -2.6287  
122.1650 3.0927 -14.0278  
122.1990 3.0772 1.5501  
122.2320 2.9578 -24.7012  
122.2650 2.7172 -33.0036  
122.2990 2.3727 -25.9253  
122.3320 1.7502 -59.0952  
122.3650 1.0780 1.5494  
122.3980 0.5122 -6.1441  
122.4320 -0.0654 -11.5173  
122.4650 -0.6536 -5.8608  
122.4990 -1.2424 -13.7646  
122.5360 -2.0855 -67.3195  
122.5650 -2.9595 -38.7443  
122.5980 -3.5156 63.3425  
122.6320 -3.8271 45.9723  
122.6660 -3.8894 15.9817  
122.6980 -3.9277 9.0632  
122.7320 -3.8900 16.3963  
122.7660 -3.8012 3.5268  
122.7990 -3.6404 15.9306  
122.8320 -3.2809 46.0568  
122.8660 -2.5694 30.2526  
122.8990 -1.6569 26.8754  
122.9320 -0.8694 25.4578  
122.9650 -0.2492 -3.3155  
122.9990 0.3399 6.8045  
123.0320 0.9082 2.4970  
123.0700 1.4494 7.5519  
123.0980 2.0259 16.8663  
123.1320 2.5106 -11.5184  
123.1650 2.9225 23.9659  
123.1990 3.1481 -24.5308  
123.2320 3.2580 -8.1602  
123.2650 3.2360 -14.5228  
123.2980 3.1844 -12.2906  
123.3320 3.1024 -2.1431  
123.3650 2.9240 -26.7224  
123.3980 2.6286 -26.7415  
123.4320 2.1356 -44.2221  
123.4650 1.5645 -35.5615  
123.4980 0.9189 1.4205  
123.5320 0.3358 -6.1843  
123.5650 -0.2576 -11.2500  
123.5990 -0.8277 -7.2315  
123.6320 -1.4257 -20.7825  
123.6650 -2.2016 -56.1037  
123.6990 -2.9569 -19.8738  
123.7320 -3.4394 55.9317  
123.7660 -3.6349 40.1897  
123.7980 -3.6872 8.0717  
123.8320 -3.7083 10.5496  
123.8650 -3.6601 14.6340  
123.8990 -3.5915 -4.9273  
123.9330 -3.3338 48.3954  
123.9650 -2.9191 27.6393  
123.9990 -2.2167 30.1616  
124.0320 -1.3585 26.7244  
124.0650 -0.5956 27.0541  
124.1160 -0.0049 -6.9716  
124.1320 0.5864 16.5210  
124.1650 1.1555 4.1420  
124.1980 1.7527 23.1473  
124.2320 2.3214 -13.3149  
124.2660 2.8524 37.3414  
124.2990 3.1735 -36.8567  
124.3370 3.3675 -6.4350  
124.3650 3.4389 -12.2845  
124.3990 3.3808 -11.8375  
124.4320 3.3621 1.1542  
124.4660 3.2383 -23.1216  
124.4990 3.0387 -18.8078  
124.5320 2.6454 -35.5982  
124.5660 2.1389 -46.5648  
124.6000 1.4424 -18.5736  
124.6320 0.8606 -2.1678  
124.6650 0.2702 -9.9978  
124.6990 -0.3151 -8.6152  
124.7320 -0.8898 -8.9888  
124.7650 -1.6089 -42.5910  
124.8310 -2.2919 -6.4500  
124.8660 -2.7829 37.1375  
124.8990 -3.0827 22.3344  
124.9310 -3.1954 8.9687  
124.9650 -3.2147 8.9289  
124.9990 -3.1688 17.1316  
125.0320 -3.1227 -9.9429  
125.0650 -2.8775 51.4297  
125.0980 -2.4680 40.8431  
125.1320 -1.8423 22.2355  
125.1650 -1.1009 22.1413  
125.1980 -0.4321 17.4051  
125.2320 0.1629 -0.0074  
125.2650 0.7428 4.0802  
125.2990 1.3356 12.7460  
125.3320 1.9413 21.5507  
125.3990 2.6603 12.0198  
125.4320 3.0551 -46.8372  
125.4650 3.2735 -12.5735  
125.4990 3.4037 -3.7431  
125.5320 3.4232 -11.3851  
125.5650 3.3651 -6.1018  
125.5990 3.2346 -21.3060  
125.6320 2.9906 -30.3383  
125.6650 2.6018 -30.7307  
125.6980 1.9824 -48.3134  
125.7320 1.2849 0.7014  
125.7650 0.7037 -11.5965  
125.7990 0.1360 -8.2284  
125.8320 -0.4588 -12.0629  
125.8650 -1.0434 -8.3095  
125.8990 -1.7769 -49.7031  
125.9650 -2.4333 0.7059  
125.9980 -2.8372 46.1451  
126.0320 -3.0828 16.7726  
126.0650 -3.1384 9.2448  
126.0990 -3.1494 13.8336  
126.1320 -3.1113 3.2475  
126.1650 -3.0246 6.2831  
126.1990 -2.7192 52.6056  
126.2330 -2.2521 39.4889  
126.2650 -1.5763 12.4056  
126.2990 -0.8182 25.5998  
126.3320 -0.1988 4.0713  
126.3650 0.3777 4.3344  
126.3980 0.9425 5.6538  
126.4320 1.4989 11.3957  
126.4650 2.0756 9.3784  
126.5320 2.6993 10.1160  
126.5650 3.0425 -30.8312  
126.5980 3.2141 -11.2764  
126.6320 3.2919 -15.9330  
126.6650 3.2973 4.4583  
126.6990 3.2778 -3.4091  
126.7320 3.1517 -27.9398  
126.7650 2.8727 -40.6960  
126.8030 2.4306 -32.7009  
126.8310 1.8360 -43.4250  
126.8650 1.1868 3.8615  
126.8980 0.5968 -12.8883  
126.9320 0.0208 -6.8236  
126.9650 -0.5419 -12.3917  
126.9990 -1.1670 -14.0163  
127.0320 -1.9145 -40.5900  
127.0650 -2.8197 -75.7565  
127.1000 -3.2902 85.8383  
127.1270 -3.5052 48.6262  
127.1700 -3.5578 9.4695  
127.1980 -3.6008 8.1346  
127.2320 -3.5508 14.8522  
127.2660 -3.4821 -1.3323  
127.2980 -3.2861 27.0122  
127.3330 -2.9023 40.0342  
127.3660 -2.2643 36.4498  
127.3990 -1.3188 17.4058  
127.4320 -0.5457 38.7952  
127.4650 0.0242 -21.7794  
127.4990 0.5961 12.5659  
127.5320 1.1589 4.1577  
127.5650 1.7405 20.9884  
127.5990 2.2591 -19.8878  
127.6320 2.6998 2.6287  
127.6650 3.0649 19.5379  
127.6990 3.2521 -16.9623  
127.7330 3.3368 -13.2323  
127.7660 3.2590 -10.4648  
127.7990 3.2963 13.1277  
127.8330 3.1828 -31.8282  
127.8650 3.0111 -13.8696  
127.8990 2.6278 -41.8777  
127.9320 2.1637 -44.9418  
127.9650 1.6106 -24.3943  
127.9990 1.0009 2.3485  
128.0320 0.4113 -11.3892  
128.0650 -0.1546 -6.4570  
128.0990 -0.7177 -9.3148  
128.1320 -1.4322 -32.7809  
128.2160 -2.1466 -12.8660  
128.2310 -2.6788 91.8720  
128.2660 -2.9687 28.5763  
128.2990 -3.0870 7.0025  
128.3320 -3.0970 8.4541  
128.3650 -3.0649 15.1842  
128.3980 -3.0170 -6.5957  
128.4320 -2.8018 42.9056  
128.4650 -2.4475 32.5745  
128.4990 -1.8519 39.1571  
128.5320 -1.0934 16.6142  
128.5650 -0.3810 27.8048  
128.5980 0.1780 -16.1889  
128.6320 0.7423 8.3489  
128.6650 1.2938 4.5501  
128.6980 1.8675 21.9466  
128.7810 2.5719 13.1192  
128.7980 3.0020 -75.5379  
128.8330 3.2585 -18.8567  
128.8650 3.3776 -1.3852  
128.8990 3.3964 -13.3389  
128.9320 3.3519 8.6117  
128.9650 3.2405 -36.4647  
128.9990 3.0361 -19.0030  
129.0320 2.6962 -36.5254  
129.0650 2.0836 -60.6779  
129.0980 1.3596 -0.7442  
129.1320 0.7629 -0.3444  
129.1650 0.2037 -8.6533  
129.1990 -0.3808 -8.7261  
129.2320 -0.9547 -10.5330  
129.2650 -1.7305 -52.5546  
129.3360 -2.3907 -0.6703  
129.3650 -2.8346 52.3058  
129.3990 -3.0951 18.4631  
129.4320 -3.1258 8.9819  
129.4650 -3.1153 11.7567  
129.4990 -3.0831 6.0007  
129.5330 -3.0043 5.3552  
129.5660 -2.7283 50.7162  
129.5990 -2.3053 34.0479  
129.6320 -1.6494 17.9957  
129.6660 -0.9021 25.4917  
129.6980 -0.2666 12.4805  
129.7320 0.3029 -0.9459  
129.7690 0.8517 2.4045  
129.7980 1.3924 10.5637  
129.8260 1.9943 29.1695  
129.9160 2.5990 2.3360  
129.9340 2.9312 -58.4659  
129.9650 3.1188 -10.3764  
129.9990 3.2126 -10.1192  
130.0330 3.2359 4.7441  
130.0660 3.1672 -15.7621  
130.0990 3.0139 -26.6157  
130.1330 2.7669 -24.9406  
130.1660 2.3659 -37.3864  
130.1990 1.7243 -48.1435  
130.2320 1.0810 5.8407  
130.2660 0.5145 -8.3615  
130.2990 -0.0394 -5.9471  
130.3320 -0.5896 -9.2847  
130.3660 -1.2155 -17.5386  
130.3990 -2.0350 -74.4170  
130.4320 -2.8437 -23.3417  
130.4650 -3.3734 58.8681  
130.4990 -3.6054 51.2552  
130.5320 -3.6457 9.9253  
130.5650 -3.6765 8.7549  
130.5990 -3.6378 12.0724  
130.6320 -3.5859 -1.9485  
130.6660 -3.4301 21.5382  
130.6990 -3.0603 46.7602  
130.7320 -2.3382 32.3890  
130.7660 -1.4705 20.1255  
130.7990 -0.7102 26.3553  
130.8320 -0.1425 -5.5905  
130.8660 0.4152 6.7145  
130.8990 0.9597 4.7481  
130.9320 1.5297 20.1840  
130.9650 2.1025 -1.1176  
130.9990 2.5935 -2.5263  
131.0320 2.9627 9.8618  
131.0660 3.1666 -17.1884  
131.0980 3.2559 -14.4140  
131.1320 3.2217 -10.7606  
131.1650 3.2305 7.4557  
131.1990 3.1391 -22.7493  
131.2320 2.9639 -20.6643  
131.2650 2.6134 -32.9402  
131.3030 2.1278 -36.5188  
131.3320 1.5358 -39.6389  
131.3660 0.9240 3.7442  
131.3990 0.3422 -8.6394  
131.4320 -0.2135 -6.0521  
131.4650 -0.7610 -8.6126  
131.4990 -1.4489 -34.0240  
131.5320 -2.1346 -22.7988  
131.5650 -2.8916 -42.2634  
131.5990 -3.3054 68.9652  
131.6320 -3.4818 29.8719  
131.6650 -3.5243 5.7590  
131.6990 -3.5419 11.0870  
131.7320 -3.4860 13.6115  
131.7660 -3.4290 -5.5723  
131.8040 -3.1552 49.6143  
131.8320 -2.6923 26.1873  
131.8660 -2.0659 25.9672  
131.8990 -1.2112 26.9025  
131.9320 -0.4986 28.0206  
131.9660 0.0446 -20.8479  
131.9990 0.5974 8.6504  
132.0320 1.1310 5.6521  
132.0650 1.7198 30.3177  
132.1320 2.3446 2.5414  
132.1650 2.7388 -12.7405  
132.1990 2.9710 -26.0813  
132.2320 3.1107 -1.2918  
132.2700 3.1229 -10.1831  
132.2980 3.0722 10.5757  
132.3320 3.0119 -23.6823  
132.3650 2.8289 -28.5252  
132.4000 2.5244 -29.3829  
132.4380 1.9602 -42.0193  
132.4710 1.3266 -15.8834  
132.4980 0.7244 -3.9085  
132.5320 0.1824 -8.3803  
132.5650 -0.3819 -8.0618  
132.5990 -0.9357 -8.2934  
132.6320 -1.6918 -52.3105  
132.7160 -2.4581 -10.8146  
132.7330 -2.9459 108.5106  
132.7660 -3.2246 32.1823  
132.7990 -3.3161 8.3732  
132.8320 -3.3318 7.0590  
132.8660 -3.3050 9.4103  
132.8990 -3.2568 -2.1619  
132.9320 -2.9644 65.9459  
132.9700 -2.5703 19.3350  
132.9980 -1.9101 33.3846  
133.0330 -1.0919 19.1804  
133.0650 -0.4109 14.7956  
133.0990 0.1300 -9.9929  
133.1320 0.6625 5.8427  
133.1650 1.1845 3.8669  
133.1990 1.7576 24.4545  
133.2830 2.3844 5.5446  
133.3000 2.6791 -67.3845  
133.3320 2.8636 -11.4656  
133.3650 2.9265 -8.5223  
133.3990 2.9258 1.0593  
133.4320 2.8562 -6.5566  
133.4660 2.7537 -19.6773  
133.4990 2.5459 -26.0480  
133.5320 2.2223 -31.2140  
133.5660 1.6112 -60.1418  
133.5990 0.9356 -5.3842  
133.6320 0.3767 0.6059  
133.6650 -0.1563 -3.2291  
133.6990 -0.6790 -5.2850  
133.7310 -1.2680 -19.5639  
133.7650 -2.0289 -56.9120  
133.7990 -2.8344 -32.8285  
133.8330 -3.4223 38.7419  
133.8620 -3.6797 78.4536  
133.8990 -3.7165 4.3256  
133.9330 -3.7062 8.6567  
133.9660 -3.6666 9.4693  
133.9990 -3.6313 -4.5042  
134.0320 -3.4982 24.1755  
134.0650 -3.1435 48.1623  
134.1040 -2.4953 25.6635  
134.1320 -1.6481 31.1833  
134.1650 -0.8695 19.1302  
134.1990 -0.3367 -5.3810  
134.2320 0.2070 8.1636  
134.2660 0.7281 2.0027  
134.2990 1.3078 27.2545  
134.3320 1.9049 0.7454  
134.3660 2.3762 -13.5522  
134.3990 2.7825 28.4914  
134.4320 2.9689 -36.3243  
134.4660 3.0487 -5.6594  
134.4990 3.0125 -16.0267  
134.5320 3.0399 13.7351  
134.5650 2.9740 -20.1179  
134.5990 2.8200 -23.9027  
134.6320 2.4704 -32.0318  
134.6690 1.9633 -41.8742  
134.6980 1.3995 -35.4941  
134.7320 0.7417 0.0422  
134.7650 0.2100 1.8896  
134.7990 -0.3309 -8.4024  
134.8320 -0.8392 -6.1115  
134.8650 -1.4511 -17.6552  
134.8990 -2.1341 -40.4801  
134.9320 -2.8496 -34.4262  
134.9650 -3.2849 52.8607  
134.9980 -3.4274 41.7646  
135.0320 -3.4414 7.5159  
135.0650 -3.4334 6.7436  
135.0990 -3.3957 10.5319  
135.1320 -3.3735 -13.3401  
135.1660 -3.1945 40.1953  
135.1990 -2.8266 39.5880  
135.2320 -2.2131 32.6940  
135.2650 -1.4025 25.3178  
135.2900 -0.6941 28.8936  
135.3320 -0.1620 -9.1510  
135.3660 0.3766 9.4147  
135.3980 0.8986 1.7694  
135.4320 1.4848 29.4177  
135.4660 2.0949 -5.9378  
135.4980 2.5366 -9.8862  
135.5320 2.8788 9.1386  
135.5660 3.0593 -15.8079  
135.5980 3.1085 -14.9380  
135.6320 3.0493 -10.6255  
135.6650 3.0577 8.8301  
135.6990 2.9629 -20.9427  
135.7320 2.7799 -25.0073  
135.7660 2.3804 -34.2714  
135.7990 1.8600 -42.7541  
135.8320 1.2859 -25.8278  
135.8650 0.6954 4.4246  
135.8990 0.1351 -6.9195  
135.9320 -0.3959 -5.6113  
135.9660 -0.9225 -9.3313  
135.9990 -1.6312 -46.3539  
136.0660 -2.2995 -4.6027  
136.0990 -2.7543 39.7225  
136.1320 -3.0097 25.0893  
136.1660 -3.1045 5.7510  
136.1990 -3.0733 12.3457  
136.2320 -3.0376 5.7778  
136.2670 -2.9943 -4.5483  
136.2990 -2.7626 53.1196  
136.3320 -2.4031 29.0903  
136.3700 -1.7955 25.0254  
136.3980 -1.0687 31.5811  
136.4320 -0.3990 21.7498  
136.4650 0.1244 -19.2581  
136.4990 0.6511 6.7448  
136.5320 1.1733 10.9826  
136.5650 1.7417 19.7630  
136.6320 2.3936 10.0981  
136.6650 2.8015 -22.4434  
136.6990 3.0266 -25.5435  
136.7320 3.1213 -10.6786  
136.7650 3.1330 1.6177  
136.7990 3.0449 -7.5851  
136.8320 2.9574 -19.0540  
136.8650 2.7541 -28.1741  
136.9030 2.4156 -26.0365  
136.9310 1.8252 -66.6655  
136.9650 1.1714 1.2483  
136.9980 0.5858 -1.7638  
137.0320 0.0513 -10.5361  
137.0650 -0.4603 -3.7119  
137.0990 -1.0320 -16.1143  
137.1320 -1.7153 -41.6456  
137.1980 -2.3444 -1.3190  
137.2320 -2.7081 50.7275  
137.2650 -2.9326 12.2215  
137.3030 -2.9596 2.8282  
137.3310 -2.9403 18.0698  
137.3650 -2.9479 -9.6372  
137.3990 -2.8420 22.8525  
137.4320 -2.5605 49.4995  
137.4650 -2.1203 31.4914  
137.4990 -1.4817 17.9044  
137.5320 -0.7615 22.1319  
137.5650 -0.1628 15.4374  
137.5980 0.3634 -9.7755  
137.6310 0.9030 7.3331  
137.6650 1.4323 11.8609  
137.6990 1.9492 -13.2951  
137.7650 2.5397 22.9229  
137.7990 2.8540 -33.1767  
137.8320 3.0296 -10.5576  
137.8650 3.0892 -16.6915  
137.9100 3.1319 12.4822  
137.9270 3.0374 -50.7683  
137.9650 2.9205 -14.3901  
137.9990 2.6751 -30.6557  
138.0310 2.2871 -31.9739  
138.0650 1.7725 -50.5450  
138.0990 1.1295 6.7649  
138.1320 0.5887 -3.2521  
138.1650 0.0393 -13.1217  
138.1990 -0.4665 -3.4070  
138.2320 -1.0862 -17.4722  
138.2650 -1.6981 -23.8181  
138.2990 -2.4111 -45.7962  
138.3320 -2.8910 39.0552  
138.3660 -3.1148 45.2098  
138.3990 -3.1353 9.5266  
138.4320 -3.1486 9.1778  
138.4650 -3.1180 10.0376  
138.4990 -3.0846 -11.9089  
138.5320 -2.9031 41.3649  
138.5660 -2.5606 30.4023  
138.5990 -2.0263 34.2907  
138.6320 -1.2700 20.1130  
138.6660 -0.5582 24.7881  
138.6990 -0.0159 -4.7805  
138.7320 0.5001 1.5922  
138.7660 1.0038 5.2655  
138.7980 1.5445 21.9004  
138.8990 2.1494 2.3517  
138.9320 2.5175 -30.3946  
138.9650 2.7596 -6.8502  
138.9990 2.8638 -7.2778  
139.0320 2.9460 13.4438  
139.0650 2.8441 -30.2738  
139.0990 2.6998 -17.0782  
139.1320 2.4572 -28.1911  
139.1650 2.0504 -44.3472  
139.1980 1.4540 -36.2371  
139.2320 0.8656 9.3816  
139.2650 0.3575 -6.0891  
139.2980 -0.1554 -8.3149  
139.3320 -0.6650 -6.2952  
139.3650 -1.3374 -35.8829  
139.4310 -1.9901 -12.1506  
139.4650 -2.4322 44.8428  
139.4980 -2.7219 18.0044  
139.5320 -2.8395 7.5784  
139.5650 -2.7993 11.5718  
139.5990 -2.7853 1.6732  
139.6320 -2.7700 -5.6853  
139.6650 -2.5589 51.0217  
139.6990 -2.2221 30.6609  
139.7320 -1.6774 27.1275  
139.7680 -0.9785 20.5581  
139.7990 -0.3413 29.2717  
139.8320 0.1592 -23.4036  
139.8660 0.6646 9.0036  
139.8990 1.1641 9.7706  
139.9320 1.7224 19.5691  
139.9990 2.4540 23.0565  
140.0330 2.8324 -54.3373  
140.0650 3.0626 -13.7526  
140.0990 3.1459 -16.8658  
140.1320 3.2127 17.3978  
140.1650 3.1435 -13.6997  
140.1990 3.0797 -21.1232  
140.2320 2.8829 -31.0024  
140.2650 2.5636 -27.3878  
140.2980 1.9934 -56.4357  
140.3320 1.2414 -8.0449  
140.3660 0.6887 4.2559  
140.3980 0.1599 -6.2616  
140.4310 -0.3358 -7.3463  
140.4660 -0.9336 -12.7614  
140.4990 -1.6553 -51.2451  
140.5660 -2.3222 -2.5432  
140.6000 -2.7069 52.9209  
140.6390 -2.9512 12.8093  
140.6690 -2.9819 9.1430  
140.6990 -2.9568 9.4688  
140.7320 -2.9572 -3.3474  
140.7670 -2.9237 3.9475  
140.7990 -2.6711 60.9272  
140.8320 -2.2813 28.0160  
140.8660 -1.6599 18.3944  
140.8990 -0.9359 25.9265  
140.9320 -0.3207 21.5584  
140.9650 0.1632 -24.6672  
140.9990 0.6486 8.5128  
141.0320 1.1481 12.8833  
141.0660 1.7646 31.1819  
141.1330 2.3438 -3.5157  
141.1660 2.6501 -23.5911  
141.1990 2.8124 -15.6650  
141.2320 2.8816 -9.2223  
141.2660 2.9162 14.9709  
141.2990 2.8223 -17.3741  
141.3320 2.7311 -23.8526  
141.3660 2.5210 -26.4649  
141.3980 2.1598 -33.9062  
141.4320 1.5156 -52.0709  
141.4660 0.9166 6.3647  
141.4990 0.3810 -4.3961  
141.5320 -0.1095 -1.9746  
141.5650 -0.5862 -5.0308  
141.5990 -1.1989 -25.0399  
141.6320 -1.8353 -24.5593  
141.6650 -2.5195 -38.3373  
141.6990 -3.0136 29.4337  
141.7320 -3.2486 45.6517  
141.7650 -3.2467 18.1308  
141.7990 -3.2564 2.9828  
141.8320 -3.2457 1.7362  
141.8650 -3.2381 -2.8804  
141.8990 -3.0986 33.9118  
141.9320 -2.7432 39.6267  
141.9650 -2.2270 24.1335  
141.9980 -1.4809 31.3585  
142.0320 -0.7853 14.5805  
142.0660 -0.2234 4.9999  
142.1030 0.2324 -12.5319  
142.1320 0.7126 11.9210  
142.1650 1.2627 22.9186  
142.2660 1.8552 3.2600  
142.2980 2.2618 -22.0914  
142.3320 2.4672 -20.6882  
142.3650 2.5954 0.7331  
142.3980 2.6474 8.2611  
142.4320 2.5985 -15.0668  
142.4650 2.4286 -31.5630  
142.4990 2.2195 -25.1286  
142.5320 1.8651 -33.5781  
142.5650 1.3036 -39.8288  
142.5980 0.7092 0.0009  
142.6320 0.1842 -0.3676  
142.6650 -0.2811 -3.2336  
142.6990 -0.7717 -6.7332  
142.7320 -1.4036 -34.5659  
142.7980 -2.1583 -26.3623  
142.8320 -2.6014 61.0306  
142.8650 -2.8659 28.2226  
142.8990 -3.0004 5.6104  
142.9320 -2.9763 8.2791  
142.9650 -2.9656 -4.1003  
142.9990 -2.9509 0.8420  
143.0320 -2.7628 49.3136  
143.0650 -2.4553 29.2190  
143.1000 -1.9515 23.4998  
143.1320 -1.1919 25.5760  
143.1660 -0.5637 22.3865  
143.1990 -0.0438 -4.6155  
143.2320 0.4349 -6.6886  
143.2650 0.9242 11.4741  
143.2990 1.4836 16.6738  
143.3650 1.9963 -6.6537  
143.3990 2.3783 9.4205  
143.4320 2.5997 -19.4651  
143.4710 2.7206 -4.6497  
143.4910 2.8092 24.7361  
143.5330 2.7879 -8.0390  
143.5660 2.7160 -19.9719  
143.5980 2.5746 -28.5894  
143.6320 2.3056 -26.4055  
143.6650 1.7695 -63.7322  
143.6990 1.2591 -5.3947  
143.7320 0.7238 2.1925  
143.7650 0.2421 -3.2430  
143.7990 -0.2396 -5.3190  
143.8320 -0.8175 -14.1794  
143.8650 -1.4878 -38.2241  
143.9330 -2.1046 -1.8116  
143.9660 -2.5286 30.6621  
143.9990 -2.7781 25.6955  
144.0320 -2.7974 6.0282  
144.0650 -2.7534 13.5995  
144.0990 -2.7316 -4.3848  
144.1320 -2.6941 1.5137  
144.1660 -2.4393 58.5884  
144.1990 -2.0417 29.1035  
144.2320 -1.4332 25.6935  
144.2650 -0.7545 17.5219  
144.2980 -0.1090 20.5858  
144.3320 0.3933 -17.1688  
144.3650 0.8813 1.7269  
144.3990 1.3829 17.1610  
144.4320 1.9022 0.8773  
144.4990 2.5005 12.5238  
144.5320 2.8291 -21.3366  
144.5660 2.9975 -18.9080  
144.5980 3.0503 -9.5946  
144.6320 3.1143 20.2936  
144.6650 3.0206 -27.1907  
144.6980 2.8967 -26.8631  
144.7320 2.7407 -7.7661  
144.7660 2.3911 -39.7676  
144.7980 1.8621 -55.1655  
144.8320 1.2625 3.9360  
144.8660 0.7331 -0.0926  
144.8980 0.2487 -6.0229  
144.9320 -0.2382 -9.7533  
144.9650 -0.8575 -19.1942  
144.9990 -1.5433 -45.9701  
145.0650 -2.0684 10.9097  
145.0980 -2.4423 37.8331  
145.1320 -2.6454 10.4712  
145.1650 -2.6299 12.7375  
145.1990 -2.6164 3.3402  
145.2320 -2.6331 -9.2133  
145.2660 -2.5356 27.8797  
145.2990 -2.2275 53.8084  
145.3320 -1.8170 11.8062  
145.3660 -1.1618 26.0177  
145.3990 -0.5198 17.8211  
145.4320 0.0451 14.4651  
145.4650 0.5628 -3.5288  
145.4990 1.0548 4.8120  
145.5320 1.5795 13.3665  
145.5660 2.0508 -24.6817  
145.5990 2.4113 -4.8371  
145.6320 2.7261 39.9777  
145.6650 2.9381 -19.3488  
145.7000 3.0460 -4.4953  
145.7320 3.0936 -0.4355  
145.7650 3.0598 -10.1890  
145.7990 2.9649 -21.4158  
145.8370 2.7805 -19.2533  
145.8650 2.5228 -10.4316  
145.8990 2.2049 -42.3715  
145.9320 1.7463 -47.4771  
145.9660 1.1833 8.0926  
146.0030 0.6767 -2.0092  
146.0200 0.1567 -17.1665  
146.0660 -0.3964 -7.4712  
146.0990 -0.9881 -21.9239  
146.1320 -1.7545 -74.9814  
146.1650 -2.5112 -19.2489  
146.1990 -2.9407 87.6609  
146.2330 -3.1341 27.0626  
146.2660 -3.1251 13.8507  
146.2990 -3.1131 9.2479  
146.3330 -3.0879 1.6868  
146.3650 -3.0652 -9.8845  
146.3990 -2.8382 49.9681  
146.4330 -2.4803 17.2285  
146.4660 -1.7277 44.6361  
146.4980 -0.8378 23.0498  
146.5320 -0.2360 2.9239  
146.5650 0.2777 1.1645  
146.5990 0.7901 13.0700  
146.6320 1.2551 -5.0920  
146.6650 1.8101 28.9994  
146.7320 2.2462 -22.4684  
146.7650 2.6432 39.6332  
146.7990 2.9160 -19.3003  
146.8320 3.0384 -0.9640  
146.8650 3.0974 3.1632  
146.8990 3.0747 -21.0958  
146.9320 3.0298 -5.5867  
146.9660 2.8640 -22.4729  
146.9980 2.5727 -44.4516  
147.0320 2.0345 -44.4940  
147.0650 1.5679 -23.9237  
147.0990 0.9998 8.6279  
147.1320 0.4988 0.4319  
147.1650 -0.0368 -11.4596  
147.1990 -0.6155 -9.5717  
147.2360 -1.2081 -23.1610  
147.2990 -1.8545 -11.4581  
147.3320 -2.2940 39.5199  
147.3650 -2.5453 13.9526  
147.3990 -2.6044 11.9983  
147.4320 -2.5561 8.6545  
147.4650 -2.5665 -8.9085  
147.4990 -2.5583 5.8825  
147.5320 -2.3400 52.2252  
147.5650 -2.0128 23.1238  
147.5990 -1.5112 26.0963  
147.6320 -0.8643 22.1509  
147.6650 -0.2612 26.2457  
147.6990 0.3141 5.3802  
147.7320 0.8032 -13.7642  
147.7700 1.3027 10.2408  
147.7980 1.8788 16.8724  
147.8660 2.4914 8.3048  
147.8980 2.8555 -23.8099  
147.9320 3.0866 -16.6464  
147.9650 3.1835 -13.8115  
147.9990 3.2774 20.6563  
148.0320 3.1767 -32.7661  
148.0650 2.9839 -22.3272  
148.0980 2.7909 -13.8665  
148.1320 2.4386 -35.3767  
148.1650 1.8673 -52.0438  
148.2030 1.2282 -3.0157  
148.2320 0.6705 1.8368  
148.2650 0.1440 -7.7049  
148.2990 -0.3632 -7.7239  
148.3320 -0.9637 -7.0056  
148.3660 -1.6923 -69.4634  
148.4320 -2.2532 14.2507  
148.4650 -2.6372 39.7156  
148.4980 -2.8529 14.5594  
148.5320 -2.8803 4.8725  
148.5650 -2.8647 9.5424  
148.5990 -2.8773 -6.7202  
148.6320 -2.7987 19.9230  
148.6660 -2.5394 45.4427  
148.6990 -2.1510 32.1137  
148.7320 -1.4509 22.8657  
148.7710 -0.7721 18.6776  
148.7990 -0.1586 23.4845  
148.8310 0.3251 -25.5671  
148.8560 0.8220 11.9086  
148.8990 1.3499 14.5481  
148.9320 1.8480 -15.9674  
149.0000 2.3771 14.2243  
149.0320 2.6717 -25.0042  
149.0660 2.8183 -12.3353  
149.0990 2.8662 -7.0816  
149.1320 2.8654 7.3523  
149.1660 2.7411 -16.9961  
149.1980 2.6117 -27.1667  
149.2320 2.3725 -23.5342  
149.2660 1.9435 -37.4113  
149.2980 1.4523 -35.9305  
149.3330 0.8434 -5.9743  
149.3660 0.3106 -1.1867  
149.3980 -0.1953 -4.6909  
149.4320 -0.6928 -4.4374  
149.4660 -1.3126 -28.8065  
149.4990 -1.9411 -20.1587  
149.5330 -2.5622 -23.3899  
149.5710 -2.9551 39.0024  
149.5980 -3.1670 19.9302  
149.6320 -3.2061 17.0049  
149.6650 -3.1945 9.0036  
149.6990 -3.1866 -2.2199  
149.7320 -3.1889 -7.6276  
149.7650 -3.0401 41.1891  
149.7990 -2.6542 40.9352  
149.8320 -2.1331 20.8291  
149.8650 -1.4513 24.5751  
149.8980 -0.8443 22.2639  
149.9320 -0.2699 6.2087  
149.9660 0.2146 -9.3978  
149.9990 0.7094 12.1018  
150.0330 1.2671 16.2671  
150.0650 1.7830 -20.8845  
150.0980 2.1608 -0.7073  
150.1370 2.4645 16.7308  
150.1650 2.6296 -24.9867  
150.1980 2.6654 -14.6115  
150.2320 2.6898 18.2474  
150.2660 2.6399 -15.6230  
150.2990 2.5738 -14.5985  
150.3320 2.3748 -28.1474  
150.3650 2.0135 -32.4630  
150.3990 1.5838 -39.7640  
150.4320 1.0488 -32.6054  
150.4650 0.4717 7.0344  
150.4990 -0.0353 0.0017  
150.5320 -0.5010 -2.0633  
150.5650 -1.0386 -2.9992  
150.5990 -1.6378 -33.7430  
150.6660 -2.3602 -25.5813  
150.6990 -2.8313 47.9962  
150.7320 -3.0932 30.9386  
150.7660 -3.1654 16.0569  
150.7990 -3.1211 2.6660  
150.8320 -3.1176 -5.3140  
150.8660 -3.0942 5.8394  
150.8990 -2.9032 48.7430  
150.9320 -2.6247 23.5059  
150.9660 -2.1238 31.6707  
150.9990 -1.3849 20.1707  
151.0320 -0.7452 17.9668  
151.0650 -0.2165 -2.7243  
151.0990 0.2578 0.0705  
151.1320 0.7605 11.2467  
151.1650 1.3426 18.7762  
151.2320 1.9505 6.8045  
151.2700 2.3469 -13.3105  
151.2980 2.6135 -18.6811  
151.3320 2.7091 -18.6042  
151.3650 2.7840 13.8787  
151.3990 2.7465 -15.6019  
151.4320 2.6434 -22.6087  
151.4660 2.4555 -24.8590  
151.4990 2.1249 -32.0374  
151.5320 1.5967 -41.0730  
151.5650 0.9579 -19.7020  
151.5990 0.3824 3.7498  
151.6320 -0.1298 3.3373  
151.6650 -0.6096 -9.3677  
151.6990 -1.1785 -12.7406  
151.7320 -1.8412 -44.5006  
151.7990 -2.4130 2.4369  
151.8370 -2.7755 32.8288  
151.8560 -2.9601 38.0351  
151.8950 -2.9944 3.7666  
151.9260 -2.9414 7.1728  
151.9660 -2.9277 -6.6277  
151.9990 -2.8346 27.4056  
152.0320 -2.5799 39.6044  
152.0660 -2.2088 21.5012  
152.0990 -1.6060 25.6932  
152.1320 -0.9556 19.3710  
152.1660 -0.3537 22.4239  
152.1990 0.1491 -8.1272  
152.2320 0.6505 4.0580  
152.2660 1.1790 14.4616  
152.3040 1.6840 -13.1229  
152.3660 2.1981 16.0421  
152.3990 2.5214 -18.2097  
152.4320 2.7168 -16.6021  
152.4660 2.8162 -3.3034  
152.4990 2.8588 2.1559  
152.5320 2.7663 -17.8344  
152.5660 2.6270 -21.6515  
152.5990 2.3854 -26.9257  
152.6320 2.0014 -28.2648  
152.6660 1.5008 -48.9535  
152.6990 0.9161 4.6476  
152.7380 0.3779 -3.5007  
152.7650 -0.1205 -5.5397  
152.7990 -0.6236 -4.6513  
152.8320 -1.1881 -16.4884  
152.8650 -1.8924 -60.1749  
152.8990 -2.5244 -0.3998  
152.9320 -2.9423 37.9503  
152.9660 -3.1647 30.0713  
152.9990 -3.1676 16.0674  
153.0320 -3.1606 7.6699  
153.0670 -3.1211 5.3577  
153.0980 -3.0995 -10.5889  
153.1320 -2.9351 37.3591  
153.1660 -2.6116 30.8074  
153.1990 -1.9936 29.0496  
153.2320 -1.2994 22.6636  
153.2650 -0.6703 18.2454  
153.2990 -0.0730 20.7062  
153.3320 0.3970 -22.5167  
153.3650 0.8786 11.2164  
153.3990 1.4204 23.1919  
153.4320 2.0555 18.3246  
153.4660 2.4060 -46.3356  
153.4990 2.7526 30.5501  
153.5320 2.9370 -20.0651  
153.5650 3.0093 -11.3328  
153.5990 3.0788 16.8746  
153.6320 3.0129 -19.6886  
153.6650 2.9517 -21.0936  
153.6990 2.7816 -21.1540  
153.7320 2.4578 -22.6481  
153.7650 1.9323 -42.8238  
153.7990 1.4536 -32.5652  
153.8320 0.8912 5.1980  
153.8650 0.3900 -1.5396  
153.8990 -0.1073 -9.8490  
153.9320 -0.6899 -8.4416  
153.9700 -1.2779 -18.5232  
154.0320 -2.0811 -45.9493  
154.0650 -2.5226 87.8336  
154.0990 -2.8018 25.7297  
154.1320 -2.9121 8.3838  
154.1650 -2.8767 10.5830  
154.1990 -2.8696 -3.2660  
154.2320 -2.8747 -5.2481  
154.2650 -2.6652 54.8942  
154.2990 -2.3423 25.1745  
154.3320 -1.8650 25.4342  
154.3650 -1.0421 18.3974  
154.3990 -0.4415 19.8729  
154.4320 0.1072 10.7565  
154.4650 0.5735 -16.5347  
154.4980 1.0385 10.1561  
154.5320 1.5923 22.8477  
154.5990 2.1229 -6.0482  
154.6320 2.5366 19.5068  
154.6650 2.7638 -30.6085  
154.6990 2.8708 -10.6603  
154.7320 2.9773 18.2237  
154.7650 2.9324 -25.3600  
154.7990 2.8001 -15.2842  
154.8320 2.6555 -20.2919  
154.8650 2.3708 -32.2532  
154.9040 1.8808 -32.7424  
154.9340 1.3323 -33.0131  
154.9650 0.7547 11.4040  
154.9990 0.2709 -2.1446  
155.0320 -0.2336 -17.2317  
155.0670 -0.8301 -9.1352  
155.0990 -1.4468 -32.4455  
155.1660 -2.0137 -0.3254  
155.1990 -2.4059 32.6510  
155.2320 -2.6348 17.2556  
155.2660 -2.6939 12.3485  
155.2990 -2.6375 5.0144  
155.3320 -2.6464 -9.0939  
155.3650 -2.5852 19.0398  
155.3990 -2.3399 37.4199  
155.4320 -1.9929 21.1311  
155.4660 -1.4257 34.2224  
155.4990 -0.7921 19.4613  
155.5320 -0.1907 22.9053  
155.5650 0.3194 -10.4151  
155.6000 0.7734 -4.0403  
155.6320 1.2772 20.7550  
155.6650 1.8001 -3.3357  
155.7320 2.3495 13.3393  
155.7650 2.6817 -27.2695  
155.7990 2.8927 -15.1197  
155.8320 2.9754 -3.6377  
155.8650 3.0187 7.5241  
155.8990 2.9207 -19.3111  
155.9320 2.7924 -19.6127  
155.9650 2.5711 -32.4737  
155.9990 2.1869 -28.3678  
156.0320 1.6702 -43.4744  
156.0650 1.0316 -9.8649  
156.0990 0.5258 12.5819  
156.1310 0.0496 -6.8187  
156.1660 -0.4439 -8.3588  
156.1980 -1.0105 -15.0953  
156.2320 -1.7055 -57.0829  
156.2980 -2.2258 16.6801  
156.3310 -2.5588 24.2532  
156.3650 -2.7329 18.3741  
156.3980 -2.7238 12.0382  
156.4320 -2.6645 5.2097  
156.4660 -2.6816 -9.9088  
156.4990 -2.5621 34.7976  
156.5320 -2.3207 28.0567  
156.5660 -1.9175 33.3940  
156.5990 -1.2477 21.9733  
156.6320 -0.6267 18.5573  
156.6650 -0.0174 20.7204  
156.6980 0.4689 -18.3413  
156.7320 0.9458 8.8966  
156.7650 1.4440 11.8486  
156.8030 2.0191 11.3586  
156.8660 2.4827 0.5335  
156.8980 2.7775 -23.7889  
156.9320 2.8919 -19.7120  
156.9650 3.0238 27.2952  
156.9990 3.0233 -20.9088  
157.0320 2.9046 -15.1294  
157.0650 2.7610 -25.8639  
157.1000 2.4938 -26.6874  
157.1320 2.1038 -26.1570  
157.1650 1.5248 -44.1728  
157.1990 0.9656 6.7916  
157.2320 0.4722 -3.1254  
157.2650 0.0305 -4.6302  
157.2980 -0.5298 -8.6618  
157.3360 -1.1006 -21.4500  
157.3990 -1.7879 -26.4233  
157.4320 -2.2280 49.0437  
157.4660 -2.4875 25.6308  
157.5040 -2.6341 7.7059  
157.5220 -2.6011 18.7776  
157.5660 -2.5976 -1.4758  
157.5990 -2.5850 -0.3260  
157.6320 -2.4017 47.0819  
157.6650 -2.1371 15.9632  
157.6990 -1.6736 34.5270  
157.7320 -0.9788 19.6715  
157.7660 -0.3816 18.8774  
157.7990 0.1801 15.6502  
157.8320 0.6394 -22.1794  
157.8650 1.1049 12.1492  
157.8990 1.6258 14.3844  
157.9660 2.1892 6.1821  
157.9980 2.5728 -7.6439  
158.0320 2.8084 -28.0356  
158.0660 2.9013 -7.4136  
158.0990 3.0086 23.9917  
158.1320 2.9727 -23.9363  
158.1650 2.8166 -20.7477  
158.1990 2.6766 -16.8128  
158.2320 2.3966 -30.2679  
158.2650 1.9413 -38.2972  
158.2980 1.3434 -30.6696  
158.3320 0.8037 9.9262  
158.3650 0.3452 -4.2849  
158.3990 -0.1152 -7.9579  
158.4310 -0.6959 -12.8539  
158.4650 -1.2616 -18.8471  
158.5320 -1.8346 -11.2888  
158.5650 -2.2246 38.1127  
158.5990 -2.4702 13.0840  
158.6320 -2.5447 13.5674  
158.6650 -2.4994 5.6147  
158.6990 -2.5189 -9.1268  
158.7320 -2.4747 15.0256  
158.7650 -2.2483 46.9998  
158.7990 -1.8961 24.9198  
158.8320 -1.4127 20.3409  
158.8650 -0.7935 18.2279  
158.8990 -0.2257 21.8629  
158.9320 0.3103 3.8563  
158.9650 0.7445 -17.2999  
159.0030 1.2255 17.2153  
159.0190 1.7490 7.1324  
159.0990 2.2912 8.5407  
159.1330 2.6125 -19.3609  
159.1650 2.7860 -19.7368  
159.1980 2.8928 0.1581  
159.2320 2.9508 3.3290  
159.2650 2.8735 -18.4562  
159.2990 2.7227 -17.8984  
159.3320 2.5598 -20.9329  
159.3650 2.2311 -30.4599  
159.3980 1.7425 -44.9657  
159.4320 1.1471 -11.3188  
159.4650 0.6331 4.7077  
159.4990 0.1622 -5.9173  
159.5320 -0.3458 -11.0350  
159.5650 -0.9009 -10.8823  
159.5990 -1.3553 11.7168  
159.6650 -1.8800 -19.8728  
159.6990 -2.2507 24.9644  
159.7320 -2.4484 21.9882  
159.7650 -2.4720 7.7891  
159.7990 -2.4368 5.9642  
159.8320 -2.4489 -9.6393  
159.8660 -2.3500 26.7470  
159.8990 -2.0714 43.4178  
159.9320 -1.6857 21.5947  
159.9650 -1.2592 24.4087  
159.9980 -0.6426 17.8734  
160.0320 -0.0393 21.0421  
160.0650 0.4463 -13.6923  
160.0980 0.9061 0.0100  
160.1320 1.4064 17.8510  
160.1650 1.9846 13.9530  
160.2320 2.4754 0.5430  
160.2530 2.7271 -45.6631  
160.2990 2.8518 -12.1125  
160.3310 2.9852 27.8907  
160.3650 2.9940 -19.2815  
160.3990 2.8732 -17.0891  
160.4320 2.7406 -17.2810  
160.4650 2.5167 -27.6434  
160.4980 2.1479 -25.5109  
160.5320 1.5614 -50.4843  
160.5650 0.9782 2.0869  
160.5980 0.4997 2.6755  
160.6320 0.0558 -6.2178  
160.6670 -0.5186 -11.7787  
160.6890 -1.0544 -12.2523  
160.7990 -1.5595 -2.4965  
160.8320 -1.9433 19.4996  
160.8650 -2.1959 12.0952  
160.8990 -2.3410 6.8799  
160.9320 -2.3202 -1.7560  
160.9650 -2.3125 -1.8696  
160.9990 -2.1540 46.9278  
161.0320 -1.8794 28.7890  
161.0660 -1.4941 20.4205  
161.0990 -1.0286 16.1526  
161.1320 -0.4760 18.0803  
161.1650 0.0989 26.2433  
161.1980 0.5667 -20.3872  
161.2320 1.0570 13.5305  
161.2650 1.5676 4.4005  
161.3320 2.1563 10.7288  
161.3650 2.5258 -18.0633  
161.3990 2.7585 -12.3101  
161.4320 2.8733 -14.6715  
161.4650 3.0027 20.5520  
161.4990 3.0032 -20.3418  
161.5320 2.8454 -21.7363  
161.5650 2.6915 -19.1891  
161.5990 2.4225 -20.3232  
161.6320 2.0032 -41.1682  
161.6650 1.4065 -31.9477  
161.6990 0.8927 6.8407  
161.7320 0.3963 -7.4133  
161.7650 -0.0573 -1.6990  
161.7980 -0.6217 -13.0299  
161.8320 -1.1844 -19.8475  
161.8980 -1.7924 -17.7257  
161.9320 -2.1899 43.2840  
161.9650 -2.4672 15.4748  
161.9990 -2.5637 13.2369  
162.0320 -2.5397 4.5444  
162.0650 -2.5564 -5.2621  
162.0990 -2.5184 8.8771  
162.1320 -2.3149 48.4639  
162.1650 -1.9914 23.3233  
162.1990 -1.5199 23.7015  
162.2320 -0.8679 19.2195  
162.2650 -0.3090 16.4063  
162.2990 0.2405 12.2531  
162.3320 0.6829 -18.8272  
162.3650 1.1582 14.5071  
162.3980 1.7013 15.2857  
162.4650 2.3734 23.7680  
162.4990 2.7006 -54.4317  
162.5320 2.8839 -20.2493  
162.5650 3.0208 10.3527  
162.5990 3.0786 -4.6222  
162.6320 3.0218 -18.3399  
162.6650 2.8713 -15.7213  
162.6990 2.7032 -23.4907  
162.7320 2.4055 -24.7638  
162.7650 1.8926 -49.9116  
162.7990 1.1724 -14.1094  
162.8320 0.6694 9.7073  
162.8650 0.2209 -3.7368  
162.8990 -0.2805 -5.5128  
162.9320 -0.8188 -15.9269  
162.9650 -1.4120 -34.9780  
163.0320 -1.9485 0.7025  
163.0650 -2.3235 24.7756  
163.0980 -2.5425 22.5010  
163.1320 -2.5674 8.6440  
163.1690 -2.5217 6.1061  
163.1930 -2.5409 -13.6697  
163.2220 -2.4595 30.4302  
163.2530 -2.2095 48.3290  
163.2990 -1.8429 13.9239  
163.3320 -1.2902 21.4096  
163.3530 -0.6877 25.9822  
163.3990 -0.0930 16.0762  
163.4320 0.4284 0.2954  
163.4650 0.8761 -13.4314  
163.4990 1.3605 17.4316  
163.5320 1.8009 -23.2964  
163.5990 2.2875 20.0913  
163.6320 2.5482 -23.0953  
163.6650 2.6799 -19.6656  
163.6990 2.8258 24.9651  
163.7330 2.8498 -19.8236  
163.7650 2.7441 -17.4173  
163.7990 2.5809 -16.6257  
163.8320 2.3525 -33.1817  
163.8660 2.0215 -12.7361  
163.8890 1.6017 -72.0849  
163.9320 1.0125 -8.0623  
163.9660 0.5360 10.7106  
163.9980 0.0922 -10.0561  
164.0320 -0.4691 -9.5919  
164.0660 -1.0117 -14.3157  
164.1660 -1.5505 -5.1948  
164.1990 -1.9514 24.6652  
164.2340 -2.1766 18.9004  
164.2650 -2.3367 7.0262  
164.2990 -2.3361 -1.4683  
164.3320 -2.3155 -4.4893  
164.3650 -2.1784 46.3649  
164.3990 -1.9548 15.9906  
164.4330 -1.5779 35.4655  
164.4660 -1.0960 17.0751  
164.4990 -0.5147 14.3913  
164.5320 0.0637 23.7742  
164.5650 0.5279 -14.5397  
164.5990 1.0085 11.2062  
164.6320 1.5111 5.1780  
164.7370 2.0543 2.4545  
164.7570 2.4011 -21.7094  
164.7990 2.6366 -13.5606  
164.8330 2.8127 17.9854  
164.8660 2.8557 -23.2382  
164.8990 2.7939 -17.3778  
164.9320 2.6063 -14.3196  
164.9660 2.3461 -35.5046  
164.9980 1.9538 -29.3343  
165.0320 1.4217 -36.1049  
165.0650 0.8830 5.7937  
165.0980 0.3827 -1.5214  
165.1320 -0.0916 -9.0949  
165.1650 -0.6674 -12.2315  
165.1980 -1.1926 -7.8846  
165.2660 -1.9269 -39.1968  
165.2980 -2.3506 82.3283  
165.3320 -2.5830 20.7191  
165.3650 -2.6837 11.4860  
165.3990 -2.6464 4.5081  
165.4320 -2.6708 -12.9242  
165.4650 -2.6561 10.3141  
165.4990 -2.4754 39.7192  
165.5320 -2.1574 29.4124  
165.5650 -1.7241 27.0368  
165.5990 -0.9572 19.7164  
165.6320 -0.3974 17.0942  
165.6650 0.1465 16.4930  
165.6990 0.6051 -13.9038  
165.7320 1.1047 17.0582  
165.7650 1.6408 -1.8531  
165.8330 2.1611 2.6716  
165.8740 2.5506 1.0399  
165.9060 2.7701 -22.8069  
165.9240 2.9514 28.4219  
165.9660 3.0148 -12.1489  
166.0040 2.9671 -14.3664  
166.0210 2.7976 -39.6441  
166.0650 2.5932 -18.6701  
166.0990 2.2661 -19.5488  
166.1320 1.8134 -39.8884  
166.1650 1.2581 -25.6197  
166.1990 0.7276 8.5808  
166.2320 0.2671 -0.9254  
166.2700 -0.2891 -11.6969  
166.2880 -0.8278 -18.6923  
166.3330 -1.4090 -21.5689  
166.4000 -1.9378 -2.2291  
166.4330 -2.3025 24.8029  
166.4660 -2.5277 22.1534  
166.4990 -2.5771 13.3804  
166.5320 -2.5312 3.2615  
166.5650 -2.5458 -9.4725  
166.5990 -2.4663 26.7358  
166.6320 -2.2159 38.3427  
166.6660 -1.8585 21.5748  
166.6980 -1.3278 23.8291  
166.7360 -0.7319 13.2135  
166.7530 -0.1574 35.6063  
166.7990 0.3941 10.8725  
166.8320 0.9044 0.9218  
166.8650 1.3953 -2.6271  
166.8980 1.8622 -16.7592  
166.9650 2.3579 17.8751  
166.9980 2.6413 -26.0115  
167.0320 2.7884 -18.4927  
167.0650 2.9363 23.3401  
167.0980 2.9670 -20.2793  
167.1320 2.8850 -15.3716  
167.1650 2.6861 -20.2551  
167.1990 2.4091 -22.0879  
167.2320 2.0568 -25.4266  
167.2650 1.5958 -49.7325  
167.2990 0.9690 -13.5118  
167.3320 0.4852 17.3328  
167.3660 0.0427 -6.3818  
167.3980 -0.4990 -6.9063  
167.4320 -1.0555 -24.0380  
167.4650 -1.7070 -44.6165  
167.5320 -2.2208 10.5664  
167.5650 -2.5424 35.4939  
167.5980 -2.7319 14.6272  
167.6320 -2.7249 9.4992  
167.6660 -2.6746 -0.7851  
167.6990 -2.7000 -5.5838  
167.7320 -2.5752 38.9189  
167.7650 -2.3121 35.2391  
167.7990 -1.9092 17.0689  
167.8320 -1.2879 21.5409  
167.8650 -0.6689 20.7657  
167.8990 -0.0958 20.9664  
167.9320 0.4186 -3.1752  
167.9650 0.8944 -1.8848  
167.9980 1.4169 13.3052  
168.0990 1.9733 1.5453  
168.1320 2.3607 -12.3058  
168.1650 2.6060 -7.8348  
168.1990 2.7982 1.4370  
168.2320 2.8580 -18.5645  
168.2650 2.7885 -18.3870  
168.2990 2.5774 -20.7259  
168.3360 2.3166 -16.2390  
168.3530 1.9433 -69.8688  
168.3990 1.4024 -26.8744  
168.4320 0.8526 2.0300  
168.4660 0.3486 1.4969  
168.4980 -0.1502 -6.4273  
168.5320 -0.7030 -14.4521  
168.5650 -1.2280 -10.1370  
168.6320 -1.8534 -24.0302  
168.6650 -2.2503 47.8531  
168.6990 -2.5419 13.3226  
168.7320 -2.6719 12.9575  
168.7650 -2.6487 8.9733  
168.7990 -2.6581 -7.6343  
168.8320 -2.6558 5.1064  
168.8650 -2.4778 46.9959  
168.8980 -2.1799 21.4470  
168.9370 -1.7641 21.6509  
168.9670 -1.1170 23.4543  
168.9980 -0.5834 14.3073  
169.0190 -0.0157 37.8278  
169.0660 0.4826 -5.6666  
169.0990 0.9841 9.9230  
169.1320 1.5459 10.4098  
169.1990 2.0026 -13.1593  
169.2320 2.3472 13.0063  
169.2650 2.6261 1.5381  
169.2990 2.8046 -4.6801  
169.3320 2.8774 -10.7371  
169.3650 2.8407 -19.7229  
169.3850 2.6644 -30.0420  
169.4330 2.4427 -15.0394  
169.4650 2.1180 -21.9079  
169.4980 1.6374 -36.8556  
169.5320 1.1417 -30.3699  
169.5650 0.6275 7.3850  
169.5990 0.0934 -4.3419  
169.6320 -0.4598 -10.6071  
169.6650 -0.9974 -6.0225  
169.7030 -1.5806 -29.1329  
169.7660 -2.1170 -2.0979  
169.7990 -2.4891 27.8964  
169.8320 -2.7264 19.6190  
169.8660 -2.8163 7.5508  
169.8990 -2.7891 4.2194  
169.9320 -2.8085 -6.7142  
169.9650 -2.7327 24.3492  
169.9990 -2.5044 34.5427  
170.0320 -2.1668 27.1375  
170.0650 -1.6711 14.3303  
170.0990 -1.0967 19.2561  
170.1320 -0.5468 20.4919  
170.1650 -0.0128 14.7958  
170.1990 0.4644 -9.1372  
170.2370 0.9769 12.9269  
170.2530 1.4737 -23.6222  
170.3320 1.9894 12.5578  
170.3650 2.3115 -23.0567  
170.3990 2.5050 -11.5177  
170.4320 2.6738 6.8741  
170.4650 2.7100 -20.3619  
170.4990 2.6286 -14.6731  
170.5320 2.4310 -20.4474  
170.5650 2.1909 -22.2618  
170.5990 1.8186 -24.4531  
170.6320 1.3605 -37.4485  
170.6500 0.7268 -42.4562  
170.6990 0.1951 5.3050  
170.7320 -0.2960 0.4271  
170.7650 -0.8401 -9.2021  
170.7990 -1.3450 -8.2299  
170.8320 -1.8950 -28.7809  
170.8990 -2.3825 -0.7348  
170.9320 -2.7027 28.4212  
170.9650 -2.8905 14.9123  
170.9990 -2.9317 6.7713  
171.0150 -2.9086 -7.5101  
171.0660 -2.9057 1.1176  
171.0990 -2.7864 35.7064  
171.1320 -2.5222 34.7022  
171.1660 -2.1759 15.9534  
171.1990 -1.6472 26.4544  
171.2320 -1.0647 14.8182  
171.2650 -0.5287 14.3187  
171.2990 -0.0007 12.1334  
171.3320 0.5287 7.3998  
171.3650 1.1008 9.3202  
171.3990 1.5785 -26.1220  
171.4320 1.9099 -8.6086  
171.4650 2.2413 34.7057  
171.4990 2.4776 -12.0460  
171.5320 2.6029 -7.1394  
171.5650 2.6651 -4.3464  
171.5980 2.6207 -17.9559  
171.6320 2.4791 -16.4588  
171.6660 2.2528 -17.7464  
171.6990 1.9175 -23.6931  
171.7320 1.5651 -32.0913  
171.7650 1.1298 -33.7213  
171.7990 0.5567 -6.8521  
171.8320 0.0289 1.2839  
171.8650 -0.4863 -3.2889  
171.8960 -1.0057 -5.9819  
171.9220 -1.5288 -24.2314  
171.9990 -2.1447 -19.3086  
172.0210 -2.5469 69.6712  
172.0650 -2.8083 14.2436  
172.0990 -2.9217 12.3622  
172.1320 -2.9212 0.8016  
172.1650 -2.9281 -9.2946  
172.1990 -2.8944 13.1788  
172.2320 -2.7020 44.7958  
172.2650 -2.4023 26.9261  
172.2990 -1.9703 20.3619  
172.3320 -1.3133 23.1263  
172.3650 -0.7561 16.1973  
172.4000 -0.1858 21.6744  
172.4320 0.3271 -4.8318  
172.4650 0.8768 11.9707  
172.4990 1.4588 0.4570  
172.5660 1.9297 -9.8735  
172.5990 2.2968 13.2933  
172.6320 2.5347 -12.1940  
172.6490 2.7404 21.7732  
172.6990 2.8265 -8.6620  
172.7320 2.8014 -17.4888  
172.7650 2.6507 -15.0726  
172.7980 2.4276 -26.6377  
172.8320 2.0989 -19.4309  
172.8650 1.6522 -35.2879  
172.8990 1.1672 -30.7285  
172.9320 0.6749 11.0879  
172.9650 0.2031 -5.9824  
172.9980 -0.3296 -7.2633  
173.0320 -0.8710 -15.2669  
173.0650 -1.4164 -18.6914  
173.1320 -1.9498 -5.6481  
173.1650 -2.3191 23.0960  
173.1990 -2.5579 18.9740  
173.2320 -2.6337 14.1013  
173.2650 -2.5808 7.3306  
173.2990 -2.6073 -12.5941  
173.3370 -2.5546 15.6382  
173.3530 -2.3129 103.1784  
173.3990 -1.9495 15.1612  
173.4320 -1.4514 22.1356  
173.4650 -0.8481 20.4367  
173.4990 -0.2633 16.9499  
173.5310 0.3089 16.2051  
173.5650 0.8123 -6.5108  
173.5990 1.3067 4.4430  
173.6320 1.8053 -11.7000  
173.6990 2.2933 7.2906  
173.7320 2.5919 -7.3528  
173.7650 2.8174 -1.0519  
173.7990 3.0108 12.0551  
173.8320 3.0533 -25.2781  
173.8650 2.9610 -23.3999  
173.8980 2.7575 -17.9569  
173.9160 2.5173 -32.7445  
173.9660 2.1887 -14.6487  
173.9990 1.7607 -41.8299  
174.0320 1.2121 -21.7435  
174.0650 0.7364 14.7588  
174.0980 0.2454 -5.6980  
174.1320 -0.3140 -8.0861  
174.1650 -0.8343 -13.3948  
174.1990 -1.3748 -28.6847  
174.2650 -1.8384 2.6827  
174.2810 -2.1549 55.1314  
174.3320 -2.3372 11.9292  
174.3650 -2.3698 3.5696  
174.3990 -2.3348 -1.2365  
174.4320 -2.3632 -4.4635  
174.4650 -2.2773 28.9440  
174.4990 -2.0499 33.5242  
174.5320 -1.6576 36.6007  
174.5660 -1.1062 18.0710  
174.5980 -0.5126 18.7531  
174.6320 -0.0166 -2.7647  
174.6700 0.4688 13.2141  
174.6870 0.9576 8.9353  
174.7160 1.4460 -1.5801  
174.7640 1.8437 -21.9612  
174.8330 2.2793 19.3201  
174.8720 2.5648 -9.2368  
174.8890 2.7183 -6.6346  
174.9150 2.7972 -5.0520  
174.9660 2.8064 -1.8918  
174.9990 2.7804 -13.5301  
175.0320 2.6446 -18.0536  
175.0660 2.4257 -19.9526  
175.0990 2.0494 -49.1052  
175.1320 1.6658 -34.1647  
175.1650 1.1210 -8.4426  
175.1830 0.6583 25.6157  
175.2320 0.1861 -4.2404  
175.2660 -0.2885 -4.5933  
175.2820 -0.8014 -29.9009  
175.3320 -1.5051 -47.1061  
175.3650 -2.1542 -1.5080  
175.3990 -2.5060 67.4895  
175.4320 -2.6472 14.7181  
175.4650 -2.6615 4.2961  
175.4990 -2.6104 11.0278  
175.5320 -2.6363 -9.3381  
175.5500 -2.6338 4.2259  
175.5990 -2.4363 36.6048  
175.6320 -2.0910 30.2849  
175.6660 -1.4422 19.9766  
175.7000 -0.7344 15.8999  
175.7320 -0.2068 15.4274  
175.7650 0.2767 1.3028  
175.7990 0.7713 7.4791  
175.8320 1.2264 -0.6447  
175.8650 1.7103 -0.5860  
175.9320 2.0767 -16.4092  
175.9650 2.3749 33.7187  
175.9990 2.5690 -1.2674  
176.0140 2.6774 -11.8239  
176.0650 2.7450 2.6037  
176.0990 2.7274 -10.5406  
176.1320 2.6451 -18.2980  
176.1650 2.4805 -17.2282  
176.1990 2.2518 -19.4917  
176.2350 1.8485 -49.0380  
176.2520 1.4821 -42.9407  
176.2990 1.0044 -0.0109  
176.3320 0.5488 5.4085  
176.3650 0.0939 -5.1771  
176.3990 -0.4096 -10.4013  
176.4320 -0.9399 -18.9830  
176.4990 -1.6739 -39.4031  
176.5320 -2.0664 86.2393  
176.5650 -2.3223 21.3267  
176.5990 -2.3913 3.0329  
176.6320 -2.3640 7.0730  
176.6650 -2.3697 -10.0489  
176.6990 -2.3734 5.8879  
176.7360 -2.1929 45.1414  
176.7540 -1.8702 59.3122  
176.7990 -1.4328 11.6009  
176.8320 -0.6748 17.1215  
176.8500 -0.1457 30.9889  
176.8990 0.3718 11.9780  
176.9320 0.8428 -10.9767  
176.9650 1.3091 5.6802  
176.9990 1.6702 -40.6996  
177.0650 2.0981 13.1484  
177.0810 2.4001 25.7368  
177.1330 2.5871 -1.5985  
177.1700 2.7682 12.5190  
177.1860 2.8108 -51.2196  
177.2320 2.7537 -9.5602  
177.2650 2.5823 -16.8298  
177.2810 2.3841 -39.4597  
177.3380 2.0738 -16.3541  
177.3670 1.7327 -58.3625  
177.3990 1.2822 -7.0633  
177.4190 0.8040 6.7155  
177.4480 0.3249 -3.1843  
177.5000 -0.2240 -4.4933  
177.5170 -0.7545 -37.4146  
177.5660 -1.3549 -23.2537  
177.6320 -1.8469 8.0270  
177.6650 -2.2052 21.3766  
177.6990 -2.4086 18.1231  
177.7330 -2.4041 11.3800  
177.7540 -2.4049 -13.3010  
177.7820 -2.4235 -1.5540  
177.8330 -2.3026 25.5342  
177.8660 -2.0605 29.6642  
177.8990 -1.7075 14.3244  
177.9150 -1.1630 48.4914  
177.9660 -0.6135 11.3735  
177.9990 -0.0850 14.9740  
178.0320 0.4367 16.6424  
178.0650 0.9064 -4.0479  
178.0990 1.4181 4.1604  
178.1320 1.7751 -48.2121  
178.2040 2.1638 22.4907  
178.2230 2.4647 5.2849  
178.2480 2.7092 -3.6296  
178.2990 2.8252 -9.9728  
178.3320 2.8484 -10.5755  
178.3650 2.7616 -18.3359  
178.3990 2.5425 -22.7707  
178.4320 2.2758 -18.4858  
178.4480 1.9310 -39.9342  
178.4990 1.5871 -31.0200  
178.5310 1.0682 -4.0850  
178.5480 0.5422 1.7107  
178.5990 -0.0007 -5.0893  
178.6320 -0.5188 -7.8935  
178.6480 -1.0296 -17.2701  
178.6990 -1.5326 -10.3149  
178.7660 -1.9386 2.9063  
178.7990 -2.2274 17.0405  
178.8180 -2.4429 4.9620  
178.8660 -2.4732 5.6152  
178.8980 -2.4992 -2.7394  
178.9140 -2.5184 6.1015  
178.9660 -2.3574 29.6464  
178.9980 -2.0920 24.4968  
179.0150 -1.7476 30.2265  
179.0660 -1.2823 13.3814  
179.0990 -0.7930 13.1836  
179.1320 -0.2963 19.2839  
179.1650 0.2594 20.7542  
179.1990 0.7641 -7.1031  
179.2320 1.2738 -1.1201  
179.3320 1.7859 1.2105  
179.3480 2.1184 -15.8647  
179.3990 2.3849 2.4214  
179.4320 2.5341 -19.9772  
179.4480 2.5596 -34.6290  
179.4990 2.4966 -8.8207  
179.5150 2.3086 -38.3881  
179.5700 1.9819 -12.7568  
179.5870 1.5926 -51.0608  
179.6150 1.0786 -45.8583  
179.6660 0.5303 -4.3448  
179.6850 0.0291 11.4534  
179.7320 -0.4886 -0.9049  
179.7650 -0.9744 -10.2923  
179.7990 -1.4972 -27.1711  
179.8650 -2.0449 -10.5982  
179.8810 -2.4308 62.7917  
179.9370 -2.6765 12.4957  
179.9540 -2.7920 25.5406  
179.9820 -2.7889 -3.5230  
180.0320 -2.8149 -10.2260  
180.0500 -2.8004 34.5269  
180.0990 -2.6033 36.4097  
180.1370 -2.3045 17.8020  
180.1910 -1.7923 22.4308  
180.2150 -1.1671 17.9214  
180.2660 -0.5858 11.0871  
180.2990 -0.0237 15.3778  
180.3150 0.5069 7.5166  
180.3660 0.9482 -19.4579  
180.4330 1.5011 9.0226  
180.4650 2.0295 11.7582  
180.4820 2.3475 -18.7820  
180.5330 2.5701 -5.4424  
180.5650 2.6227 -15.2864  
180.5810 2.5656 -41.6197  
180.6150 2.4092 -12.6119  
180.6660 2.1414 -11.8713  
180.6990 1.7913 -21.3094  
180.7170 1.3904 -83.3835  
180.7660 0.8709 -11.8410  
180.7830 0.3213 4.3857  
180.8320 -0.1880 1.6906  
180.8480 -0.6951 -15.8917  
180.8990 -1.1803 -5.3178  
180.9360 -1.6821 -22.4508  
180.9990 -2.1362 0.7504  
181.0320 -2.4370 28.1280  
181.0490 -2.6400 16.1386  
181.0990 -2.6756 3.4544  
181.1320 -2.6702 -5.1440  
181.1660 -2.6630 2.7117  
181.1990 -2.5380 38.2205  
181.2320 -2.2807 32.3898  
181.2490 -1.9405 32.7838  
181.3000 -1.4755 8.1876  
181.3170 -0.9445 41.5625  
181.3650 -0.4509 11.5803  
181.3820 0.0875 42.4344  
181.4330 0.6217 2.5501  
181.4650 1.1974 7.6886  
181.4830 1.7165 -26.3519  
181.5660 2.1700 7.3079  
181.5840 2.4713 -25.2606  
181.6330 2.7260 1.8741  
181.6650 2.8805 -18.2295  
181.6820 2.9139 -29.7578  
181.7320 2.8353 -11.2654  
181.7650 2.6260 -17.7611  
181.7860 2.3601 -20.7778  
181.8150 1.9984 -24.5333  
181.8660 1.5227 -31.6459  
181.8980 0.9507 -11.1513  
181.9150 0.4479 13.9794  
181.9660 -0.1019 -7.4323  
181.9980 -0.6153 -6.8326  
182.0140 -1.0917 -8.4681  
182.1330 -1.5885 -6.4494  
182.1490 -1.9304 60.1079  
182.1990 -2.1928 7.2067  
182.2320 -2.3653 5.6369  
182.2480 -2.3892 -7.9040  
182.2980 -2.3535 4.7648  
182.3150 -2.1995 83.5437  
182.3660 -1.9322 14.8063  
182.4030 -1.5959 12.7160  
182.4200 -1.1730 43.0054  
182.4490 -0.6242 16.9315  
182.4990 -0.1155 11.2081  
182.5330 0.4129 16.4259  
182.5480 0.9405 11.8239  
182.5990 1.4957 2.9361  
182.6990 2.0487 2.1514  
182.7150 2.4035 -35.0339  
182.7650 2.6780 -0.9598  
182.7810 2.8528 -32.9446  
182.8320 2.9035 -9.9901  
182.8480 2.8522 -33.0527  
182.8990 2.6750 -13.7058  
182.9140 2.3982 -29.1099  
182.9490 2.0096 -26.8994  
182.9820 1.4782 -38.7266  
183.0150 0.9062 -5.7940  
183.0490 0.4132 6.7688  
183.0990 -0.0977 -4.5479  
183.1320 -0.6043 -14.6678  
183.1500 -1.1054 -25.2543  
183.2330 -1.4040 18.0194  
183.2650 -1.7519 -37.2183  
183.2820 -2.0170 23.0105  
183.3330 -2.1605 5.3676  
183.3650 -2.1485 8.6798  
183.3820 -2.1509 -19.7514  
183.4160 -2.1255 14.9626  
183.4670 -1.9330 28.3081  
183.5110 -1.6275 14.6718  
183.5420 -1.2073 22.3372  
183.5590 -0.8865 29.5256  
183.5820 -0.3911 24.1057  
183.6410 0.1363 12.0614  
183.6590 0.6680 17.5843  
183.6810 1.1651 -3.0928  
183.7330 1.5519 -27.6795  
183.7990 1.7129 -26.5047  
183.8210 2.0367 139.6511  
183.8490 2.3003 1.5482  
183.8820 2.4787 -4.8107  
183.9150 2.5568 -15.2088  
183.9670 2.5202 -11.3931  
183.9910 2.3524 -25.0151  
184.0330 2.0620 -21.6661  
184.0550 1.7154 -28.6112  
184.1000 1.4147 -21.7823  
184.1220 1.1951 -42.6619  
184.1670 0.6936 5.6227  
184.1890 0.1821 -2.5924  
184.2330 -0.3526 -8.8531  
184.2560 -0.8562 -8.3507  
184.3050 -1.5098 -42.6840  
184.3660 -2.0190 13.8301  
184.3880 -2.3169 54.6626  
184.4260 -2.5161 9.4120  
184.4580 -2.5877 9.2426  
184.4910 -2.5886 -7.0233  
184.5240 -2.6134 0.4490  
184.5700 -2.5243 23.5042  
184.6010 -2.3002 31.0059  
184.6350 -1.9759 23.7859  
184.6740 -1.3637 20.2132  
184.7160 -0.7811 13.0478  
184.7530 -0.2828 9.7090  
184.7840 0.2664 27.9361  
184.8150 0.7908 1.5714  
184.8470 1.3285 -3.1038  
184.8800 1.7336 -39.7300  
184.9350 2.1288 17.8633  
184.9720 2.4706 11.5291  
185.0100 2.7265 -1.3209  
185.0400 2.8643 -13.0578  
185.0690 2.8782 -23.8609  
185.0980 2.8129 -14.9065  
185.1280 2.6167 -14.7703  
185.1570 2.3147 -34.8359  
185.2020 1.9586 -14.2024  
185.2300 1.5969 -48.8252  
185.2580 1.0980 -13.9246  
185.3020 0.5717 3.4639  
185.3310 0.0541 1.2929  
185.3590 -0.4594 -12.5465  
185.4010 -0.9458 -10.0174  
185.4290 -1.5389 -53.5749  
185.5020 -2.0411 6.3981  
185.5300 -2.3091 47.5467  
185.5580 -2.4733 14.2455  
185.6020 -2.4779 5.1993  
185.6360 -2.4768 -9.7884  
185.6660 -2.4677 7.7437  
185.6930 -2.3264 50.3690  
185.7350 -2.0747 17.9015  
185.7700 -1.7113 19.8985  
185.7970 -1.1380 22.1969  
185.8250 -0.5672 15.7828  
185.8680 -0.0708 13.6738  
185.8980 0.4463 20.1763  
185.9250 0.9323 -3.0749  
185.9680 1.4680 3.8518  
186.0750 1.9865 0.5555  
186.1050 2.3343 -11.5572  
186.1330 2.6097 0.9825  
186.1610 2.7540 -21.9400  
186.2020 2.7978 -9.9044  
186.2290 2.7391 -21.5517  
186.2600 2.5632 -18.8815  
186.3020 2.2715 -13.1362  
186.3300 1.8890 -35.4329  
186.3570 1.3618 -47.4353  
186.3930 0.8088 -5.5103  
186.4350 0.3260 8.4626  
186.4640 -0.1812 -7.5015  
186.4930 -0.6791 -17.9555  
186.5350 -1.1689 -7.7376  
186.6020 -1.7369 -20.3434  
186.6320 -2.1119 44.7801  
186.6600 -2.3824 17.6110  
186.7020 -2.5127 9.7866  
186.7350 -2.5016 4.0109  
186.7630 -2.5034 -11.6744  
186.8020 -2.4697 18.1979  
186.8290 -2.2845 48.0910  
186.8630 -1.9869 17.7264  
186.8960 -1.6010 16.8976  
186.9250 -1.0109 23.4348  
186.9680 -0.5185 8.5176  
186.9960 -0.0227 18.8438  
187.0460 0.4968 12.9420  
187.0990 0.9721 -5.8252  
187.1710 1.3518 -17.8200  
187.2380 1.7706 16.4097  
187.2970 2.0323 -4.5956  
187.3270 2.1689 -21.6070  
187.3680 2.1958 -13.1831  
187.4030 2.0832 -20.4303  
187.4310 1.8769 -20.3522  
187.4580 1.5053 -41.7061  
187.5010 0.9739 -22.1123  
187.5310 0.4733 -0.0329  
187.5590 0.1064 1.9328  
187.6010 -0.3966 -6.2208  
187.6290 -0.9347 -22.2415  
187.6560 -1.4547 -17.2827  
187.7350 -2.0909 -21.5547  
187.7630 -2.4365 78.2594  
187.7900 -2.6771 17.7757  
187.8260 -2.7645 11.2806  
187.8680 -2.7666 -2.3218  
187.8960 -2.7670 0.5363  
187.9230 -2.6724 37.2115  
187.9570 -2.4396 32.9628  
187.9920 -2.0905 15.4331  
188.0350 -1.6469 11.1257  
188.0630 -0.9657 24.0653  
188.0900 -0.4593 16.3893  
188.1340 0.0593 13.6731  
188.1630 0.5669 10.2271  
188.1890 1.0636 -7.9476  
188.2240 1.3667 -54.8797  
188.3010 1.7652 25.4391  
188.3280 2.0604 3.2386  
188.3680 2.3032 0.3959  
188.3960 2.4414 -20.2366  
188.4220 2.4676 -17.1962  
188.4570 2.3936 -15.9700  
188.4990 2.2074 -12.3993  
188.5280 1.9289 -21.5707  
188.5680 1.6027 -17.1249  
188.5950 1.3461 -45.3431  
188.6350 0.8184 -18.7981  
188.6620 0.3077 9.5566  
188.6890 -0.2099 -1.9988  
188.7240 -0.7177 -13.3954  
188.7580 -1.2098 -8.5322  
188.8010 -1.6891 -10.0157  
188.8670 -2.1229 -0.9952  
188.8890 -2.4284 29.9060  
188.9330 -2.6234 9.5240  
188.9550 -2.6692 12.2139  
189.0000 -2.6578 -4.0190  
189.0210 -2.6696 1.2726  
189.0670 -2.5371 30.1754  
189.0930 -2.2701 33.7443  
189.1220 -1.9230 17.5950  
189.1670 -1.4777 12.2566  
189.1880 -0.9731 25.0839  
189.2330 -0.4729 13.6515  
189.2540 0.0474 29.5315  
189.3000 0.5557 3.2476  
189.3210 1.0549 -12.9791  
189.4330 1.5526 0.1055  
189.4540 1.9392 13.1738  
189.4880 2.2121 -7.6317  
189.5220 2.3760 -17.0433  
189.5500 2.4312 -19.1389  
189.5860 2.3704 -17.5775  
189.6240 2.2001 -12.6384  
189.6590 1.9119 -15.9857  
189.7000 1.5078 -24.6373  
189.7210 1.0259 -49.9808  
189.7670 0.5089 -7.3816  
189.7890 -0.0272 3.9043  
189.8330 -0.5627 -5.7726  
189.8550 -1.0494 -4.1608  
189.9000 -1.5082 -5.7027  
189.9660 -2.0395 -20.5612  
189.9870 -2.3889 63.7140  
190.0210 -2.6541 8.3091  
190.0670 -2.7777 8.8202  
190.0880 -2.7984 -0.9872  
190.1330 -2.8045 -4.2765  
190.1560 -2.7398 34.4925  
190.2000 -2.5378 25.4182  
190.2210 -2.2554 33.9357  
190.2670 -1.8857 13.4114  
190.2890 -1.3290 23.2821  
190.3330 -0.8532 12.0437  
190.3530 -0.3600 22.8158  
190.3830 0.1474 18.2342  
190.4330 0.6669 2.0025  
190.4570 1.0947 -46.1857  
190.5330 1.4519 1.1439  
190.5560 1.7842 37.7999  
190.6000 2.0466 0.3125  
190.6210 2.2093 -18.1117  
190.6670 2.2707 -10.8860  
190.6890 2.2422 -16.7897  
190.7340 2.1146 -11.8726  
190.7550 1.8656 -31.7486  
190.8000 1.5463 -13.3988  
190.8210 1.2361 -48.4682  
190.8670 0.8249 -20.0680  
190.8940 0.2837 -15.9298  
190.9230 -0.2418 5.8668  
190.9670 -0.7745 -10.2661  
190.9880 -1.2515 2.6556  
191.0330 -1.7601 -15.2149  
191.1000 -2.2375 -3.3276  
191.1220 -2.5792 31.3580  
191.1660 -2.8342 6.0222  
191.1880 -2.9370 22.8810  
191.2340 -2.9790 -6.8389  
191.2560 -2.9507 12.4195  
191.2990 -2.8317 25.0449  
191.3210 -2.5650 46.5810  
191.3670 -2.2534 10.9653  
191.3890 -1.7984 34.1114  
191.4330 -1.2768 10.0613  
191.4600 -0.7764 17.7035  
191.4890 -0.2598 14.7062  
191.5330 0.2576 11.6153  
191.5540 0.8053 -0.5331  
191.6000 1.2142 -24.2215  
191.6660 1.5707 8.3729  
191.6880 1.8774 23.9281  
191.7330 2.1336 -0.0058  
191.7550 2.2549 -27.1847  
191.8000 2.2857 -10.2924  
191.8210 2.2183 -23.9810  
191.8670 2.0527 -12.0936  
191.8880 1.7785 -27.3206  
191.9330 1.4349 -15.6890  
191.9540 1.0994 -49.1677  
191.9870 0.6066 -30.9419  
192.0170 0.0754 4.7685  
192.0660 -0.4568 -0.2166  
192.0890 -0.9647 -15.4350  
192.1330 -1.4358 -2.1639  
192.1550 -1.9081 -23.4513  
192.2330 -2.3490 -3.1030  
192.2550 -2.6583 33.7449  
192.3000 -2.8489 10.6932  
192.3210 -2.9329 1.5745  
192.3660 -2.9356 -4.6204  
192.3880 -2.8920 27.5713  
192.4330 -2.7446 22.8131  
192.4600 -2.4740 32.5027  
192.4890 -2.1296 22.1533  
192.5330 -1.6811 11.9295  
192.5560 -1.1530 24.1048  
192.6000 -0.6549 10.0514  
192.6180 -0.1499 30.5191  
192.6660 0.3865 7.2572  
192.6830 0.9270 -9.8896  
192.7990 1.4238 1.4697  
192.8170 1.8122 -3.1779  
192.8490 2.0718 -12.8477  
192.8820 2.2254 -12.6405  
192.9150 2.2781 -14.6614  
192.9490 2.2358 -11.6626  
192.9820 2.0786 -21.3881  
193.0200 1.8171 -13.0166  
193.0480 1.4456 -26.8313  
193.0820 0.9658 -36.7851  
193.1160 0.4153 -15.7974  
193.1480 -0.1109 5.8190  
193.1820 -0.6130 -4.9974  
193.2150 -1.1153 -12.7081  
193.2490 -1.5785 -2.7379  
193.3320 -2.1291 -15.2997  
193.3490 -2.4823 74.5416  
193.3820 -2.7729 4.0147  
193.4150 -2.9413 14.2335  
193.4490 -2.9831 0.4768  
193.4820 -2.9845 -4.0522  
193.5150 -2.9104 28.5249  
193.5490 -2.7068 33.0797  
193.5810 -2.3972 20.0520  
193.6150 -2.0303 14.1019  
193.6490 -1.4682 20.0520  
193.6820 -0.9867 13.9760  
193.7150 -0.4711 14.3367  
193.7490 0.0582 17.8737  
193.7820 0.5773 -2.6141  
193.8150 1.0104 -30.1039  
193.8830 1.2629 -12.7272  
193.9150 1.6017 62.1417  
193.9480 1.8621 -4.3319  
193.9820 2.0270 -13.9797  
194.0150 2.0816 -12.7488  
194.0490 2.0630 -7.9830  
194.0820 1.9404 -17.1650  
194.1150 1.6845 -22.0019  
194.1490 1.3979 -11.5450  
194.1820 1.1012 -33.1576  
194.2330 0.7804 -21.7006  
194.2500 0.2302 -17.9897  
194.2830 -0.2898 4.8240  
194.3330 -0.7857 -4.6890  
194.3500 -1.2647 -14.7733  
194.3830 -1.7828 -20.0919  
194.4660 -2.2422 0.2442  
194.4830 -2.5689 35.3761  
194.5150 -2.8269 9.2037  
194.5480 -2.9378 11.4223  
194.5810 -2.9691 -9.4022  
194.6160 -2.9532 4.7357  
194.6660 -2.8186 26.9107  
194.6850 -2.5719 46.6649  
194.7160 -2.2484 16.6954  
194.7490 -1.7839 22.6323  
194.7820 -1.2796 12.6641  
194.8160 -0.7899 13.3946  
194.8490 -0.2986 9.4347  
194.8820 0.2099 16.5959  
194.9150 0.7564 2.1283  
194.9490 1.1059 -53.0476  
195.0320 1.4552 16.1767  
195.0510 1.7529 19.5324  
195.0820 1.9999 0.3214  
195.1150 2.1082 -19.3826  
195.1490 2.1436 -9.1328  
195.1820 2.0852 -14.6611  
195.2150 1.9444 -15.5027  
195.2490 1.6834 -19.2731  
195.2840 1.3500 -18.6723  
195.3160 1.0885 -33.8849  
195.3590 0.6046 -20.4794  
195.4000 0.0696 -3.4370  
195.4220 -0.4514 6.8411  
195.4570 -0.9530 -12.7621  
195.4850 -1.4337 -3.5892  
195.5330 -1.8909 -5.1922  
195.6000 -2.3362 -5.8535  
195.6210 -2.6326 39.6811  
195.6660 -2.8468 3.7593  
195.6880 -2.9279 11.1786  
195.7330 -2.9460 -5.5763  
195.7550 -2.8879 28.2492  
195.8000 -2.7427 22.7089  
195.8220 -2.4559 44.0391  
195.8670 -2.1058 11.8348  
195.8880 -1.6757 26.2424  
195.9180 -1.1522 18.0787  
195.9660 -0.6680 9.1498  
195.9880 -0.1462 24.7902  
196.0340 0.3715 4.4695  
196.0550 0.8939 -9.7465  
196.1000 1.2567 -21.6477  
196.1670 1.6237 15.8719  
196.1880 1.8982 2.1139  
196.2320 2.1016 -4.0645  
196.2550 2.1995 -21.8862  
196.2820 2.1993 -16.2728  
196.3320 2.0978 -11.4663  
196.3500 1.8972 -24.7336  
196.3830 1.6275 -14.7372  
196.4330 1.2874 -18.1526  
196.4550 0.9517 -42.3291  
196.4990 0.4267 -18.8404  
196.5180 -0.0995 1.6853  
196.5490 -0.6093 -0.4618  
196.5820 -1.1038 -10.6409  
196.6150 -1.5637 -2.7990  
196.6990 -2.0680 -12.1220  
196.7170 -2.4569 39.4390  
196.7480 -2.7539 13.9274  
196.7820 -2.9026 16.9392  
196.8150 -2.9776 -5.8972  
196.8490 -2.9504 5.6602  
196.8820 -2.8572 21.0074  
196.9150 -2.6522 33.4191  
196.9480 -2.3569 16.7296  
196.9820 -1.9811 20.9741  
197.0150 -1.4558 14.4236  
197.0500 -0.9519 14.1836  
197.0830 -0.4564 10.5310  
197.1330 0.0470 13.1029  
197.1500 0.5825 7.4081  
197.1830 0.9989 -30.2639  
197.2660 1.3332 -1.5309  
197.2830 1.6763 70.0570  
197.3150 1.9553 -2.8053  
197.3490 2.1135 -14.5453  
197.3820 2.1748 -14.9346  
197.4160 2.1437 -12.5649  
197.4540 2.0399 -10.0118  
197.4990 1.8034 -14.9204  
197.5160 1.4949 -34.9230  
197.5490 1.1911 -28.8332  
197.5820 0.8015 -29.8704  
197.6160 0.2601 -9.6117  
197.6490 -0.2567 4.7139  
197.6820 -0.7590 -10.5695  
197.7150 -1.2314 -5.8788  
197.7480 -1.7152 -16.3909  
197.8330 -2.1315 3.4549  
197.8500 -2.4549 15.2318  
197.8820 -2.7103 2.6767  
197.9150 -2.8216 14.8113  
197.9490 -2.8430 -2.5207  
197.9820 -2.8109 6.2931  
198.0150 -2.6799 34.6813  
198.0490 -2.4410 21.4730  
198.0820 -2.1193 19.2309  
198.1160 -1.6731 20.7113  
198.1480 -1.2272 9.0706  
198.1820 -0.7635 12.8545  
198.2160 -0.2511 16.8284  
198.2520 0.2687 15.6382  
198.2900 0.7966 -0.1212  
198.3250 1.2012 -29.2907  
198.4000 1.5264 4.6753  
198.4270 1.8374 21.7740  
198.4540 2.0809 -1.4903  
198.5000 2.1932 -13.2210  
198.5220 2.2286 -21.7598  
198.5660 2.1851 -7.9805  
198.5940 2.0303 -19.3350  
198.6230 1.7613 -19.9885  
198.6520 1.4317 -21.0131  
198.7000 1.1169 -18.3018  
198.7210 0.6772 -42.7336  
198.7670 0.1481 -6.6678  
198.7880 -0.3725 2.1382  
198.8330 -0.8861 -11.9461  
198.8530 -1.3543 -1.2667  
198.8820 -1.7612 9.0469  
198.9660 -2.1989 -10.1225  
198.9830 -2.5075 41.8719  
199.0150 -2.7044 15.8857  
199.0480 -2.7865 8.1300  
199.0820 -2.7930 -4.1404  
199.1150 -2.7471 6.5922  
199.1480 -2.5961 33.2089  
199.1820 -2.3028 26.0220  
199.2160 -1.9483 17.2871  
199.2660 -1.5740 9.1779  
199.2860 -1.0574 28.6979  
199.3160 -0.5616 16.7856  
199.3660 -0.0814 7.0287  
199.3830 0.4277 32.8342  
199.4160 0.9388 -3.6648  
199.5320 1.4352 0.6090  
199.5510 1.8246 1.3475  
199.5820 2.0795 -14.8509  
199.6150 2.2413 -10.3827  
199.6530 2.3076 -13.0627  
199.6820 2.2578 -20.2403  
199.7150 2.1182 -11.9688  
199.7500 1.8942 -14.0601  
199.8000 1.5471 -13.4598  
199.8220 1.1112 -45.8510  
199.8660 0.5861 -18.6723  
199.8850 0.0880 15.5809  
199.9160 -0.3706 -2.1059  
199.9660 -0.8757 -16.1669  
199.9830 -1.3357 -2.6854  
200.0660 -1.8603 -14.8390  
200.0840 -2.2228 68.0802  
200.1150 -2.5150 6.7876  
200.1480 -2.6684 21.6703  
200.1820 -2.7404 -5.7275  
200.2150 -2.7264 1.1811  
200.2480 -2.6617 24.3073  
200.2820 -2.4836 31.4578  
200.3160 -2.1584 19.4907  
200.3500 -1.7841 13.0950  
200.3820 -1.2303 17.5982  
200.4160 -0.7457 15.6937  
200.4490 -0.2472 10.5616  
200.4990 0.2288 9.8180  
200.5170 0.7605 20.1272  
200.5490 1.1848 -32.3445  
200.6660 1.6327 8.8768  
200.6870 1.9787 2.3806  
200.7150 2.1932 -23.3149  
200.7490 2.3149 -14.1684  
200.7820 2.3473 -10.0012  
200.8150 2.2743 -15.8019  
200.8480 2.1105 -16.9090  
200.8820 1.8474 -14.8003  
200.9160 1.4564 -26.9602  
200.9490 1.0614 -32.5595  
200.9990 0.5261 -7.2833  
201.0170 0.0192 18.5314  
201.0500 -0.4563 -10.2859  
201.0820 -0.9183 -10.7948  
201.1150 -1.5126 -50.1203  
201.1990 -2.0055 5.8617  
201.2190 -2.3336 54.5395  
201.2570 -2.5641 12.4134  
201.2960 -2.6597 11.1249  
201.3200 -2.6929 -18.8300  
201.3660 -2.6570 7.1183  
201.3940 -2.5569 34.8443  
201.4230 -2.3199 35.5207  
201.4530 -1.9882 20.0145  
201.5000 -1.4490 8.9641  
201.5220 -0.9040 25.0664  
201.5660 -0.4367 7.0909  
201.5890 0.0469 27.6666  
201.6170 0.5475 21.5465  
201.6660 1.0985 1.0476  
201.7660 1.4292 -18.7429  
201.7900 1.8484 77.4851  
201.8190 2.1300 -11.9217  
201.8480 2.2995 -17.9345  
201.9000 2.3969 -5.7724  
201.9220 2.3841 -25.0272  
201.9520 2.2828 -19.0698  
201.9990 2.0831 -7.4171  
202.0170 1.7577 -36.2925  
202.0490 1.3121 -35.9769  
202.0870 0.9666 -22.9596  
202.1150 0.4165 -6.6696  
202.1490 -0.0593 11.6759  
202.1820 -0.5298 -14.1176  
202.2150 -0.9858 -4.7456  
202.2480 -1.5059 -36.0912  
202.3330 -2.0816 -13.2687  
202.3510 -2.3826 133.2288  
202.3820 -2.5633 17.7090  
202.4150 -2.6424 -4.0669  
202.4480 -2.6363 -0.6286  
202.4820 -2.5878 6.9924  
202.5150 -2.4485 39.5075  
202.5480 -2.1827 24.2334  
202.5870 -1.8443 14.6098  
202.6150 -1.3256 21.8333  
202.6660 -0.6592 6.8705  
202.6830 -0.1911 24.3463  
202.7160 0.2647 12.9130  
202.7500 0.7912 16.8517  
202.7830 1.3344 4.4362  
202.9000 1.8693 1.3201  
202.9180 2.2408 -18.2985  
202.9480 2.4970 -11.8046  
202.9820 2.6429 -15.6873  
203.0150 2.6867 -12.4041  
203.0660 2.6517 -8.5771  
203.0850 2.5250 -26.4832  
203.1160 2.2999 -18.0083  
203.1490 1.9420 -22.8457  
203.1830 1.4373 -38.9169  
203.2160 0.8731 -13.3282  
203.2480 0.3461 1.3479  
203.2820 -0.1230 6.5923  
203.3160 -0.5936 -16.1266  
203.3490 -1.0505 -8.2503  
203.4660 -1.4478 1.3623  
203.4840 -1.7812 7.4965  
203.5150 -2.0117 15.1665  
203.5490 -2.1831 -4.7686  
203.5820 -2.2125 2.9564  
203.6150 -2.1282 21.1011  
203.6480 -1.9507 29.5461  
203.6820 -1.7318 18.7655  
203.7150 -1.3914 20.1991  
203.7480 -0.9617 18.8411  
203.7830 -0.5132 9.8909  
203.8330 -0.0343 8.7872  
203.8520 0.4658 35.9493  
203.8830 0.9925 3.3045  
203.9330 1.5022 -1.4327  
204.0320 1.9495 0.7381  
204.0520 2.2986 -0.3904  
204.0810 2.5217 -21.4523  
204.1160 2.6316 -13.2904  
204.1740 2.6324 -8.1009  
204.1980 2.5656 -13.7185  
204.2210 2.3716 -36.2223  
204.2510 2.0594 -16.5933  
204.2850 1.6770 -17.6636  
204.3330 1.1820 -24.9563  
204.3550 0.6558 -10.8064  
204.3840 0.1480 6.0185  
204.4330 -0.3274 -6.0588  
204.4550 -0.7870 -13.9864  
204.4840 -1.2822 -28.4423  
204.5720 -1.7823 -4.3072  
204.5960 -2.0751 51.6418  
204.6190 -2.2741 19.1890  
204.6670 -2.3899 4.8006  
204.6900 -2.4109 -10.8490  
204.7190 -2.3871 7.2413  
204.7500 -2.2666 36.8401  
204.8000 -2.0312 17.0378  
204.8220 -1.7091 25.4057  
204.8510 -1.2494 19.0365  
204.9000 -0.7093 8.6502  
204.9220 -0.2605 14.8979  
204.9510 0.1853 14.1301  
205.0040 0.6975 16.9070  
205.0220 1.2304 -2.4256  
205.1320 1.7132 -2.6416  
205.1510 2.1011 10.1561  
205.1820 2.3844 -6.2848  
205.2150 2.5480 -19.3149  
205.2480 2.6105 -13.9121  
205.2820 2.6018 -8.4497  
205.3150 2.4987 -18.7127  
205.3490 2.3149 -11.6735  
205.3860 1.9814 -16.2108  
205.4150 1.5361 -40.1215  
205.4500 1.0876 -9.1858  
205.4830 0.5498 -21.2150  
205.5320 0.0583 5.4879  
205.5500 -0.4043 -19.4362  
205.5830 -0.8525 -9.5265  
205.6820 -1.3847 -11.3814  
205.7150 -1.7322 37.2229  
205.7490 -1.9755 18.9815  
205.7820 -2.1539 1.5031  
205.8150 -2.2481 -9.7269  
205.8480 -2.2824 8.3814  
205.8810 -2.1001 44.4195  
205.9150 -1.8867 17.0731  
205.9490 -1.5894 14.3658  
205.9820 -1.2062 16.5227  
206.0150 -0.6731 11.2715  
206.0480 -0.2186 13.4132  
206.0820 0.2179 13.6742  
206.1150 0.7239 22.5689  
206.1490 1.2378 -7.0938  
206.2490 1.8369 11.2730  
206.2820 2.2024 -26.3467  
206.3150 2.4402 -21.1067  
206.3480 2.5893 -12.0658  
206.3820 2.6325 -15.1432  
206.4150 2.5873 -15.4982  
206.4490 2.4548 -12.6662  
206.4820 2.2258 -15.1275  
206.5150 1.8720 -15.2628  
206.5490 1.4156 -37.2845  
206.5820 0.7872 -17.9396  
206.6160 0.2706 7.2930  
206.6490 -0.1931 -5.0698  
206.6830 -0.6928 -22.3106  
206.7200 -1.1378 0.8915  
206.8330 -1.5386 -0.6224  
206.8500 -1.8898 3.9169  
206.8820 -2.1423 15.2028  
206.9150 -2.3463 -0.5304  
206.9490 -2.4055 5.2845  
206.9830 -2.3615 12.9362  
207.0160 -2.2068 41.0450  
207.0480 -1.9696 20.5763  
207.0820 -1.6214 10.3366  
207.1160 -1.2277 14.3558  
207.1490 -0.7897 11.2919  
207.1830 -0.3115 13.7809  
207.2160 0.1776 18.0337  
207.2490 0.7232 16.5997  
207.4000 1.2155 -2.3396  
207.4180 1.6652 0.7336  
207.4480 1.9246 -18.2703  
207.4820 2.0572 -17.9119  
207.5150 2.1150 -12.0387  
207.5480 2.0731 -15.3995  
207.5830 1.9726 -6.1082  
207.6150 1.7625 -19.6173  
207.6480 1.4216 -21.5914  
207.6820 0.9086 -34.5017  
207.7150 0.3895 -12.5655  
207.7490 -0.1169 4.1133  
207.7820 -0.5985 -9.0661  
207.8150 -1.0412 -6.6788  
207.8480 -1.3876 17.1518  
207.9230 -1.7073 -3.2260  
207.9460 -2.0346 -12.5673  
208.0000 -2.3133 -2.6437  
208.0220 -2.4881 14.9043  
208.0490 -2.5239 8.0143  
208.0830 -2.4976 6.0495  
208.1160 -2.3707 34.7366  
208.1490 -2.1269 26.3651  
208.1830 -1.8250 10.5865  
208.2160 -1.5242 16.8436  
208.2500 -1.1722 7.9354  
208.2830 -0.7385 15.9809  
208.3170 -0.2572 9.8403  
208.3500 0.2323 12.3714  
208.3830 0.7332 10.0574  
208.5160 1.2184 0.3603  
208.5480 1.5524 -11.4324  
208.5820 1.7477 -15.2022  
208.6150 1.8723 -10.5195  
208.6530 1.9009 -10.6164  
208.6810 1.8542 -17.2747  
208.7150 1.6995 -16.2638  
208.7480 1.4689 -12.8618  
208.7820 1.0515 -42.9054  
208.8150 0.5564 -13.5091  
208.8480 0.0096 -14.2096  
208.8810 -0.5099 -2.8161  
208.9150 -0.9842 -1.9341  
208.9480 -1.4203 1.0982  
208.9820 -1.9134 -28.6608  
209.0490 -2.3429 2.2846  
209.0820 -2.6289 26.7163  
209.1150 -2.8711 0.4351  
209.1480 -2.9391 8.5594  
209.1810 -2.9525 3.0272  
209.2150 -2.8757 12.7529  
209.2490 -2.6353 45.3941  
209.2820 -2.3578 9.2241  
209.3160 -2.0292 16.1147  
209.3490 -1.5737 8.9227  
209.3820 -1.0756 17.5368  
209.4160 -0.6197 13.5146  
209.4490 -0.1317 10.1694  
209.4830 0.3467 5.4829  
209.5160 0.8898 22.6466  
209.6330 1.3378 -4.4236  
209.6510 1.6260 -3.0362  
209.6820 1.8381 -14.7378  
209.7150 1.9689 -8.0295  
209.7480 2.0386 -9.5857  
209.7820 1.9928 -16.9550  
209.8150 1.8646 -11.0487  
209.8530 1.6598 -11.3123  
209.8810 1.3865 -17.8294  
209.9150 0.9044 -39.4197  
209.9490 0.4412 -9.6779  
209.9820 -0.0352 -5.6590  
210.0160 -0.4722 -1.8185  
210.0490 -0.9311 -14.6954  
210.0820 -1.3585 -0.0381  
210.1660 -1.8324 -12.3949  
210.1830 -2.1473 72.1124  
210.2150 -2.4249 -1.8110  
210.2480 -2.6038 14.7928  
210.2820 -2.6426 1.8168  
210.3150 -2.6426 1.7594  
210.3490 -2.5642 17.5513  
210.3820 -2.3506 39.1170  
210.4160 -2.0373 15.0659  
210.4490 -1.6826 12.4804  
210.4820 -1.1618 18.8149  
210.5160 -0.7180 13.3758  
210.5490 -0.2428 7.7918  
210.5820 0.1991 4.6895  
210.6160 0.6569 6.4786  
210.6490 0.9329 -53.3268  
210.7490 1.3404 19.1233  
210.7810 1.6193 0.1497  
210.8150 1.8239 -6.7898  
210.8490 1.9576 -8.7507  
210.8820 1.9854 -13.2646  
210.9160 1.9156 -15.3476  
210.9500 1.7817 -11.2709  
210.9830 1.5763 -16.9754  
211.0160 1.2889 -18.2009  
211.0490 1.0575 -36.3492  
211.0880 0.6060 -7.3856  
211.1200 0.1606 2.0582  
211.1560 -0.2805 -5.2442  
211.1910 -0.7905 -28.1482  
211.2140 -1.2906 -14.7867  
211.2840 -1.7924 -7.6810  
211.3160 -2.1699 26.8329  
211.3490 -2.3879 31.3778  
211.3830 -2.5242 6.3864  
211.4160 -2.5504 -3.0162  
211.4500 -2.5083 11.6220  
211.4830 -2.3737 30.0058  
211.5160 -2.1512 20.9543  
211.5500 -1.8322 -0.6072  
211.5840 -1.4245 16.0754  
211.6160 -0.8632 31.2081  
211.6490 -0.3449 12.9676  
211.6850 0.0482 -5.9974  
211.7160 0.4655 14.8114  
211.7490 0.9171 7.3859  
211.7830 1.1486 -53.1256  
211.8500 1.2969 2.3601  
211.8830 1.5398 49.6232  
211.9160 1.7351 -15.0381  
211.9490 1.9066 9.3457  
211.9820 1.9479 -9.1944  
212.0150 1.8362 -33.4113  
212.0490 1.7048 -12.1256  
212.0820 1.4631 -19.5196  
212.1150 1.2266 8.9730  
212.1500 0.9965 -49.7946  
212.1820 0.7495 -0.3410  
212.2150 0.3020 -11.1172  
212.2490 -0.0938 0.6033  
212.2820 -0.5396 -5.8017  
212.3150 -1.0567 -30.8024  
212.3480 -1.4860 -6.8102  
212.4160 -1.8795 -0.7929  
212.4480 -2.1683 12.5685  
212.4820 -2.3845 30.0855  
212.5150 -2.4342 -2.3900  
212.5480 -2.4629 6.0503  
212.5820 -2.4105 13.0749  
212.6160 -2.2275 38.9952  
212.6480 -1.9545 22.1687  
212.6830 -1.6082 -8.1298  
212.7160 -1.1761 19.2016  
212.7480 -0.7074 9.7739  
212.7830 -0.1792 28.4797  
212.8170 0.2803 9.8655  
212.8490 0.7091 -12.0447  
212.8820 1.1359 5.4242  
212.9990 1.4270 -7.7927  
213.0170 1.6561 39.2484  
213.0480 1.8603 14.8101  
213.0820 2.0683 -7.2292  
213.1150 2.1001 -34.2158  
213.1480 2.0684 -9.7367  
213.1820 1.8671 -20.5666  
213.2160 1.5873 -13.2510  
213.2550 1.3116 -8.8195  
213.2860 0.9311 -28.0315  
213.3160 0.6215 -6.7539  
213.3500 0.2088 -9.5297  
213.3830 -0.2631 -4.0475  
213.4150 -0.8119 -31.7075  
213.4480 -1.2510 -0.9709  
213.5160 -1.7445 -12.7287  
213.5480 -2.0998 21.3395  
213.5820 -2.3929 5.0504  
213.6150 -2.5210 39.5740  
213.6490 -2.5742 -3.5261  
213.6820 -2.5702 11.1761  
213.7150 -2.5192 4.4251  
213.7480 -2.3672 26.5837  
213.7820 -2.0755 11.2146  
213.8160 -1.7228 17.0293  
213.8490 -1.2403 13.0761  
213.8820 -0.7810 13.6912  
213.9160 -0.2903 14.2542  
213.9490 0.0906 6.3371  
213.9820 0.5465 19.0810  
214.0150 0.7965 -51.2340  
214.0820 1.0319 0.0000  
214.1150 1.3058 38.2753  
214.1490 1.5466 1.4793  
214.1820 1.6951 -10.4438  
214.2160 1.7638 -10.7699  
214.2490 1.8248 11.3584  
214.3060 1.7998 -6.5944  
214.3310 1.6130 -56.3370  
214.3530 1.3581 -2.3442  
214.3830 1.1764 -31.9319  
214.4160 0.8829 -33.9142  
214.4500 0.4630 0.0000  
214.4830 0.0177 -6.1679  
214.5160 -0.3869 1.8611  
214.5490 -0.7657 -3.2512  
214.5830 -1.3675 -54.5830  
214.6500 -1.9327 -0.1513  
214.6830 -2.1807 53.4723  
214.7160 -2.4003 7.0376  
214.7500 -2.5151 2.6128  
214.7830 -2.5005 5.3315  
214.8160 -2.4684 5.3120  
214.8490 -2.3216 28.5599  
214.8830 -2.0992 24.0567  
214.9160 -1.8405 7.7645  
214.9490 -1.2995 29.2636  
214.9830 -0.7079 14.6370  
215.0160 -0.2658 8.1376  
215.0490 0.1272 -7.8552  
215.0830 0.5400 8.4665  
215.1160 0.9920 17.1993  
215.1500 1.2522 -51.2613  
215.2160 1.4056 -1.9015  
215.2490 1.6652 56.9760  
215.2820 1.8448 -16.4696  
215.3160 1.9581 8.8727  
215.3490 1.9735 -14.5715  
215.3810 1.9034 -18.3223  
215.4150 1.8241 -10.3266  
215.4490 1.6718 -13.0180  
215.4820 1.4129 -15.0751  
215.5150 1.2260 -31.0176  
215.5480 0.9746 -23.3590  
215.5820 0.5088 -7.7293  
215.6150 0.0786 -5.7161  
215.6490 -0.4142 -9.5113  
215.6820 -0.8609 -0.6269  
215.7150 -1.3861 -41.5391  
215.7830 -1.8645 1.7212  
215.8150 -2.1775 37.8532  
215.8480 -2.4033 11.3480  
215.8820 -2.5155 3.2775  
215.9150 -2.5298 6.3635  
215.9490 -2.5021 4.5708  
215.9820 -2.3230 40.1841  
216.0160 -2.0463 19.2198  
216.0490 -1.7188 14.7262  
216.0820 -1.2041 15.2097  
216.1150 -0.6605 12.2984  
216.1480 -0.2094 8.6782  
216.1820 0.2378 9.8765  
216.2160 0.6459 -8.2410  
216.2490 1.0545 6.5428  
216.3490 1.3515 -9.6096  
216.3810 1.5901 23.1752  
216.4150 1.7304 -9.6817  
216.4480 1.8396 5.2950  
216.4810 1.8719 -8.0808  
216.5200 1.8190 -11.4651  
216.5480 1.6765 -21.7281  
216.5820 1.4666 -9.9853  
216.6150 1.2109 -22.3307  
216.6490 0.8536 -23.5551  
216.6830 0.5314 -17.9118  
216.7150 0.0918 -13.5635  
216.7480 -0.3024 3.8253  
216.7830 -0.7637 -14.1807  
216.8150 -1.1861 3.8019  
216.8820 -1.6884 -18.5988  
216.9150 -2.0197 33.3881  
216.9480 -2.3170 0.0085  
216.9820 -2.5030 11.0706  
217.0150 -2.5942 4.4672  
217.0490 -2.5943 8.8641  
217.1110 -2.4105 22.6668  
217.1500 -2.1624 19.7234  
217.1830 -1.8361 8.6560  
217.2180 -1.4629 16.8756  
217.2490 -0.9387 8.5252  
217.2830 -0.4834 12.1219  
217.3160 0.0154 13.1857  
217.3480 0.4763 -0.0558  
217.3880 0.7941 -32.1037  
217.4500 1.0671 -2.3513  
217.4830 1.3163 35.3251  
217.5160 1.5108 6.7882  
217.5500 1.6552 -6.3678  
217.5830 1.6852 -16.7627  
217.6160 1.6455 -13.1133  
217.6500 1.5257 -11.4389  
217.6830 1.3215 -12.3910  
217.7160 1.0721 -13.7326  
217.7490 0.8796 -21.6836  
217.7830 0.5875 -33.5929  
217.8160 0.1489 -9.0557  
217.8500 -0.3450 -9.6528  
217.8820 -0.8248 -2.3903  
217.9170 -1.2770 -7.9346  
217.9500 -1.7436 -17.4486  
218.0160 -2.2174 -6.9914  
218.0480 -2.5458 32.6825  
218.0810 -2.8240 1.4766  
218.1150 -3.0150 4.5847  
218.1490 -3.0589 9.6827  
218.1820 -3.0284 13.4655  
218.2150 -2.8640 30.6480  
218.2480 -2.6216 21.3281  
218.2830 -2.2926 16.8017  
218.3160 -1.8636 12.8619  
218.3500 -1.3529 10.4359  
218.3820 -0.9117 10.9891  
218.4150 -0.4321 13.1013  
218.4490 0.0556 6.9516  
218.4830 0.5347 7.1869  
218.5150 0.8392 -40.7107  
218.5830 1.0298 -1.8615  
218.6150 1.2756 39.2169  
218.6480 1.4476 -4.5391  
218.6820 1.5496 -8.1063  
218.7150 1.5842 -9.6575  
218.7490 1.5432 -11.9045  
218.7830 1.4233 -10.4807  
218.8160 1.2153 -19.5279  
218.8490 0.9353 -14.4348  
218.8820 0.7082 -23.4391  
218.9160 0.4153 -23.0732  
218.9490 -0.0465 -13.1292  
218.9870 -0.5386 -11.9415  
219.0150 -1.0275 -8.6966  
219.0490 -1.4811 1.0249  
219.1490 -1.8919 0.2231  
219.1810 -2.2659 0.3649  
219.2150 -2.5347 12.0289  
219.2480 -2.7420 4.1469  
219.2820 -2.8210 15.0099  
219.3150 -2.7673 16.4595  
219.3500 -2.5907 22.7070  
219.3820 -2.2972 22.3541  
219.4150 -1.9482 9.4681  
219.4480 -1.5520 15.3225  
219.4820 -1.1206 11.0364  
219.5160 -0.6520 11.2554  
219.5490 -0.1973 8.2267  
219.5820 0.2749 9.4220  
219.6160 0.7492 15.6027  
219.7160 1.0717 -9.7402  
219.7480 1.3659 15.9907  
219.7810 1.5525 -10.8980  
219.8150 1.6804 -8.1215  
219.8480 1.7189 -11.7391  
219.8820 1.6851 -10.2482  
219.9150 1.5687 -13.4304  
219.9480 1.3801 -13.6218  
219.9820 1.0961 -18.9407  
220.0160 0.7082 -14.9674  
220.0490 0.3395 -23.6732  
220.0820 -0.1135 -10.0395  
220.1360 -0.5480 -3.2513  
220.1600 -1.0072 -21.7427  
220.1820 -1.4111 7.4735  
220.2490 -1.8462 -9.8511  
220.2830 -2.1784 17.2365  
220.3160 -2.4478 5.4198  
220.3490 -2.6170 10.8291  
220.3830 -2.7173 5.2802  
220.4160 -2.7043 10.6961  
220.4500 -2.5835 21.9382  
220.4830 -2.3687 23.1788  
220.5170 -2.0501 15.1778  
220.5500 -1.7049 13.0526  
220.5830 -1.2618 9.6675  
220.6160 -0.8226 16.5509  
220.6490 -0.3593 12.7452  
220.6830 0.0847 4.8314  
220.7160 0.5519 12.4410  
220.7490 0.8208 -49.3515  
220.8160 1.0146 -0.0925  
220.8490 1.2787 44.5104  
220.8830 1.4711 -5.9286  
220.9150 1.6018 -5.8190  
220.9500 1.6680 -9.2951  
220.9830 1.6507 -8.7828  
221.0160 1.5382 -16.0879  
221.0490 1.3807 -8.6681  
221.0820 1.1391 -13.0279  
221.1160 0.9761 -24.7979  
221.1490 0.7435 -21.2574  
221.1870 0.2924 -18.8611  
221.2150 -0.1451 -2.3206  
221.2490 -0.5507 3.8983  
221.2820 -0.9788 -16.7090  
221.3150 -1.4437 -19.9089  
221.3820 -1.8692 -2.0342  
221.4150 -2.1874 23.8128  
221.4480 -2.4062 17.1262  
221.4810 -2.5545 -4.2077  
221.5150 -2.6262 1.9111  
221.5490 -2.5816 13.1118  
221.5820 -2.4328 29.6020  
221.6150 -2.2037 28.3711  
221.6490 -1.8880 9.2359  
221.6820 -1.4630 13.2342  
221.7150 -0.9866 11.4387  
221.7490 -0.5473 12.1800  
221.7820 -0.1257 11.7791  
221.8150 0.3321 6.7431  
221.8490 0.8101 7.8828  
221.9490 1.0700 -17.3613  
221.9820 1.3817 45.3332  
222.0150 1.5897 -3.0801  
222.0480 1.7402 -7.8988  
222.0820 1.8200 -7.9503  
222.1150 1.8098 -15.8579  
222.1490 1.7178 -11.8488  
222.1820 1.5427 -13.4061  
222.2150 1.3051 -12.2151  
222.2480 0.9447 -29.0845  
222.2810 0.6701 -26.5790  
222.3150 0.2314 -4.3124  
222.3490 -0.2203 -6.7696  
222.3810 -0.6474 -0.4853  
222.4150 -1.0554 -2.3239  
222.5160 -1.5399 -12.7622  
222.5480 -1.8623 38.1011  
222.5820 -2.1189 6.3171  
222.6150 -2.3296 1.7200  
222.6490 -2.4002 12.9440  
222.6810 -2.3210 19.4288  
222.7150 -2.1349 27.1253  
222.7490 -1.8681 16.9648  
222.7820 -1.5544 13.7291  
222.8150 -1.2161 5.0599  
222.8480 -0.6832 19.9297  
222.8820 -0.2490 6.8188  
222.9150 0.2004 11.0954  
222.9490 0.6608 4.9296  
222.9830 1.0062 -20.8815  
223.0820 1.2657 -2.3949  
223.1150 1.5247 27.7846  
223.1480 1.7171 -2.7068  
223.1820 1.8258 -11.2951  
223.2150 1.8814 -11.0186  
223.2480 1.8312 -12.1281  
223.2820 1.7052 -15.4947  
223.3150 1.5120 -9.2441  
223.3490 1.2384 -18.7321  
223.3820 0.9584 -23.4547  
223.4150 0.6365 -19.8515  
223.4490 0.1925 -8.9683  
223.4820 -0.2648 -6.7373  
223.5150 -0.7003 -5.0570  
223.5490 -1.2237 -36.4953  
223.6560 -1.6832 2.2145  
223.6800 -1.9671 51.2842  
223.7160 -2.2134 1.9381  
223.7490 -2.3874 2.6349  
223.7840 -2.4383 13.0411  
223.8160 -2.3361 27.3854  
223.8490 -2.1331 21.2709  
223.8830 -1.8617 13.6207  
223.9160 -1.5392 10.4087  
223.9500 -1.0358 16.7181  
223.9830 -0.5207 10.7130  
224.0160 -0.1124 4.9437  
224.0540 0.3331 11.6052  
224.0840 0.8024 10.8581  
224.2170 1.1925 -2.5262  
224.2490 1.5114 5.1675  
224.2830 1.7169 -12.7338  
224.3150 1.8535 -7.0578  
224.3490 1.9286 -7.9757  
224.3830 1.8973 -14.5962  
224.4150 1.7862 -13.8606  
224.4530 1.6132 -12.0225  
224.4710 1.3232 -40.4601  
224.5160 0.9145 -19.1444  
224.5490 0.5110 -8.6092  
224.5820 0.0609 -9.0844  
224.6170 -0.3653 -5.5656  
224.6490 -0.7904 -6.7225  
224.6820 -1.2547 -20.0709  
224.7490 -1.6843 -2.2393  
224.7820 -1.9889 24.4550  
224.8150 -2.2264 6.4898  
224.8480 -2.3726 5.5897  
224.8830 -2.4196 3.7245  
224.9160 -2.4084 9.0417  
224.9480 -2.2483 37.1343  
224.9830 -1.9974 20.3972  
225.0160 -1.6928 9.7494  
225.0490 -1.2701 15.7265  
225.0830 -0.7943 11.2012  
225.1150 -0.3601 12.2271  
225.1490 0.0755 6.6714  
225.1820 0.5256 10.0157  
225.2150 0.9613 -0.3894  
225.3490 1.3570 -0.7694  
225.3820 1.6339 0.0324  
225.4150 1.8139 -7.7368  
225.4480 1.9337 -8.4987  
225.4820 1.9594 -12.3908  
225.5160 1.8964 -14.9246  
225.5490 1.7555 -11.7192  
225.5820 1.5536 -11.6138  
225.6160 1.2317 -25.5810  
225.6500 0.8111 -29.4069  
225.6830 0.3720 -8.7177  
225.7160 -0.0650 0.6726  
225.7490 -0.4921 -4.7553  
225.7820 -0.9203 -8.8216  
225.8820 -1.4337 -12.7379  
225.9150 -1.7348 48.9515  
225.9480 -1.9856 3.5616  
225.9820 -2.1867 3.3220  
226.0190 -2.2526 13.0234  
226.0480 -2.1576 21.0363  
226.0820 -1.9633 20.7211  
226.1150 -1.7136 17.4798  
226.1490 -1.4069 12.1293  
226.1820 -1.0292 12.7040  
226.2150 -0.4855 11.7162  
226.2480 -0.0675 10.8438  
226.2820 0.3455 1.9670  
226.3160 0.7905 12.7624  
226.3480 1.1280 -18.5237  
226.4490 1.2717 -13.1576  
226.4820 1.5358 57.8655  
226.5150 1.7056 -11.1430  
226.5530 1.8211 -3.3943  
226.5720 1.8609 -17.8509  
226.6160 1.8196 -9.6228  
226.6480 1.7018 -12.7320  
226.6830 1.5250 -14.9398  
226.7150 1.2543 -15.7932  
226.7500 0.9616 -23.2150  
226.7850 0.7396 -17.7835  
226.8210 0.2811 -12.6218  
226.8460 -0.1372 1.3318  
226.8830 -0.5544 -3.1766  
226.9210 -1.0775 -36.8097  
227.0160 -1.4508 11.3162  
227.0500 -1.7465 10.8371  
227.0830 -1.9816 2.5424  
227.1160 -2.1417 7.3724  
227.1500 -2.2060 4.3117  
227.1830 -2.1220 26.0487  
227.2160 -1.9025 27.3296  
227.2510 -1.6472 11.1433  
227.2830 -1.3177 19.5298  
227.3160 -0.8108 11.3874  
227.3500 -0.3842 7.9661  
227.3830 0.0361 9.2840  
227.4160 0.4806 9.8601  
227.4490 0.9191 5.5753  
227.5820 1.3073 -2.6846  
227.6150 1.6183 2.6676  
227.6490 1.8036 -10.4574  
227.6820 1.9311 -5.6724  
227.7150 1.9657 -9.2377  
227.7490 1.9182 -13.0891  
227.7820 1.7954 -14.6297  
227.8160 1.5960 -13.4962  
227.8480 1.2995 -20.1769  
227.8830 0.8760 -31.0136  
227.9150 0.4810 -2.2825  
227.9490 0.0265 -14.8815  
227.9830 -0.3858 1.9187  
228.0150 -0.7999 -6.4004  
228.1160 -1.2747 -9.0218  
228.1480 -1.5821 38.3965  
228.1810 -1.8405 0.2064  
228.2150 -2.0570 -1.1425  
228.2490 -2.1746 10.0611  
228.2810 -2.1596 7.5403  
228.3150 -2.0283 32.0424  
228.3490 -1.7961 14.7964  
228.3830 -1.5080 18.3843  
228.4160 -1.1634 10.8769  
228.4500 -0.6907 10.8932  
228.4830 -0.3041 11.1587  
228.5160 0.1098 8.4529  
228.5500 0.5468 5.6759  
228.5820 0.9548 1.6107  
228.7160 1.3454 0.5075  
228.7480 1.5982 -9.0665  
228.7810 1.8033 0.8394  
228.8150 1.9102 -10.5220  
228.8480 1.9394 -12.6703  
228.8810 1.8889 -12.9114  
228.9150 1.7613 -11.8683  
228.9480 1.5578 -14.5247  
228.9820 1.2471 -25.8525  
229.0150 0.8483 -25.1709  
229.0480 0.4275 -4.5759  
229.0830 0.0092 -7.5853  
229.1160 -0.4193 -2.2292  
229.1490 -0.8386 -8.0729  
229.2490 -1.3977 -18.1643  
229.2820 -1.7194 59.0601  
229.3150 -1.9816 5.7810  
229.3480 -2.1818 4.2634  
229.3820 -2.2468 13.8994  
229.4150 -2.1625 20.0928  
229.4480 -1.9929 21.2677  
229.4830 -1.7462 14.4587  
229.5160 -1.4559 10.9421  
229.5490 -1.0916 14.4007  
229.5860 -0.5095 9.7499  
229.6190 -0.0959 7.9929  
229.6500 0.3148 5.2183  
229.6830 0.7482 11.1418  
229.7100 1.0726 -22.8544  
229.8160 1.3106 -1.8932  
229.8490 1.5560 23.4838  
229.8830 1.7235 -8.0142  
229.9160 1.8245 -9.2116  
229.9490 1.8530 -7.5589  
229.9830 1.8153 -8.8834  
230.0160 1.6884 -18.9991  
230.0500 1.5156 -8.7779  
230.0830 1.2586 -14.3525  
230.1160 0.9731 -27.3574  
230.1500 0.6356 -21.1700  
230.1830 0.1919 -8.7177  
230.2160 -0.2235 0.3363  
230.2500 -0.6129 -1.3140  
230.2830 -1.0808 -31.3238  
230.3830 -1.4342 8.4237  
230.4160 -1.7117 4.0005  
230.4490 -1.9496 2.9827  
230.4840 -2.1265 3.8721  
230.5160 -2.1829 9.4381  
230.5480 -2.0746 28.9875  
230.5830 -1.8555 23.4314  
230.6160 -1.6038 10.2414  
230.6500 -1.3047 12.6021  
230.6830 -0.8492 16.0773  
230.7160 -0.4385 11.9587  
230.7490 -0.0349 1.8204  
230.7880 0.3878 7.4416  
230.8180 0.7974 0.1454  
230.9490 1.1576 -1.4638  
230.9820 1.4454 6.1576  
231.0150 1.6204 -9.3157  
231.0480 1.7538 -2.3830  
231.0820 1.8159 -8.3610  
231.1150 1.7732 -15.6822  
231.1480 1.6489 -12.7628  
231.1820 1.4747 -12.9085  
231.2150 1.1990 -21.9669  
231.2480 0.8383 -25.6292  
231.2820 0.4704 -7.7413  
231.3150 0.0321 -15.1858  
231.3490 -0.3742 0.3489  
231.3830 -0.7903 -5.1854  
231.4820 -1.2515 -7.4143  
231.5150 -1.5777 25.1937  
231.5490 -1.8562 1.6236  
231.5820 -2.0617 8.8635  
231.6150 -2.1589 10.8212  
231.6480 -2.1195 15.7777  
231.6820 -1.9879 19.3683  
231.7160 -1.7390 19.7844  
231.7490 -1.4602 9.4045  
231.7830 -1.1193 13.0793  
231.8160 -0.6580 14.2344  
231.8490 -0.2650 4.4794  
231.8820 0.1421 5.9742  
231.9160 0.5678 14.0745  
231.9490 0.8746 -25.2071  
232.0490 1.0336 -9.5747  
232.0820 1.2769 45.4942  
232.1150 1.4707 5.3842  
232.1480 1.5942 -11.9096  
232.1820 1.6399 -9.8027  
232.2150 1.6026 -10.9002  
232.2480 1.5094 -12.4471  
232.2820 1.3545 -12.3741  
232.3150 1.1142 -11.3862  
232.3480 0.8834 -22.3023  
232.3810 0.6512 -29.4389  
232.4150 0.2726 1.0713  
232.4490 -0.1557 -9.3469  
232.4830 -0.5676 -6.7687  
232.5150 -1.0234 -24.1315  
232.6160 -1.3967 4.6080  
232.6480 -1.6979 9.6880  
232.6830 -1.9495 2.1569  
232.7280 -2.1354 6.2533  
232.7530 -2.2325 6.0559  
232.7830 -2.1416 30.3088  
232.8160 -1.9704 25.4433  
232.8490 -1.7138 16.2255  
232.8830 -1.4053 8.5164  
232.9160 -0.9960 7.1076  
232.9490 -0.6008 9.8751  
232.9830 -0.1996 10.8699  
233.0160 0.2267 9.8888  
233.0500 0.6397 4.3466  
233.0830 0.8713 -50.3494  
233.1830 0.9554 -5.6696  
233.2160 1.1658 63.7485  
233.2490 1.3049 -5.3940  
233.2820 1.3936 -6.5029  
233.3150 1.4275 -9.4774  
233.3480 1.3710 -17.5344  
233.3820 1.2538 -6.9800  
233.4150 1.0698 -10.3429  
233.4480 0.8035 -20.4791  
233.4820 0.6434 -17.6306  
233.5160 0.4533 -25.4926  
233.5480 0.0382 -4.5820  
233.5820 -0.3720 -3.7896  
233.6160 -0.7693 -2.5201  
233.6480 -1.1941 -18.3482  
233.7160 -1.5687 -1.1346  
233.7480 -1.8509 21.4580  
233.7820 -2.0933 1.6878  
233.8150 -2.2686 -0.1797  
233.8490 -2.3362 14.0753  
233.8830 -2.3210 -1.1716  
233.9160 -2.1970 28.5535  
233.9490 -1.9662 28.4605  
233.9830 -1.6932 9.8687  
234.0160 -1.3316 9.0745  
234.0490 -0.9359 7.9923  
234.0820 -0.5727 10.9413  
234.1160 -0.1749 11.8850  
234.1500 0.2449 6.3097  
234.1830 0.6138 -0.9648  
234.2160 0.8592 -38.5928  
234.2820 1.0108 0.0511  
234.3150 1.1730 31.7079  
234.3480 1.3156 4.1838  
234.3820 1.4164 -3.4599  
234.4150 1.4510 -12.0709  
234.4480 1.4199 -8.9639  
234.4820 1.3193 -8.5775  
234.5160 1.1565 -11.9609  
234.5500 0.9576 -11.5478  
234.5830 0.8216 -19.5537  
234.6170 0.6248 -17.7931  
234.6500 0.2793 -13.3199  
234.6830 -0.1282 -14.6232  
234.7160 -0.5379 -4.2296  
234.7490 -0.8953 3.7645  
234.8490 -1.3255 -10.2344  
234.8820 -1.6275 30.0316  
234.9150 -1.8992 -3.1652  
234.9490 -2.1029 8.4405  
234.9860 -2.2076 9.3436  
235.0040 -2.1879 35.4764  
235.0490 -2.0671 12.7051  
235.0820 -1.8453 15.9766  
235.1160 -1.5691 11.8976  
235.1490 -1.2767 8.6528  
235.1820 -0.8473 10.5254  
235.2150 -0.4886 8.6101  
235.2620 -0.0864 7.0244  
235.2850 0.2873 0.0879  
235.3160 0.5612 -21.0318  
235.4160 0.7253 -4.6001  
235.4500 0.9514 35.0516  
235.4830 1.1160 -2.6528  
235.5160 1.2176 -6.8077  
235.5490 1.2509 -12.0881  
235.5830 1.2230 -7.7527  
235.6160 1.1205 -14.0012  
235.6490 0.9562 -8.7216  
235.6830 0.7511 -11.9629  
235.7160 0.5311 -24.2521  
235.7500 0.2697 -25.7057  
235.7830 -0.0903 6.2162  
235.8150 -0.4913 -15.5280  
235.8490 -0.8831 -3.8975  
235.8820 -1.2378 -0.8595  
235.9820 -1.6156 -4.9482  
236.0150 -1.8970 15.2456  
236.0490 -2.1342 4.4882  
236.0810 -2.3022 8.9442  
236.1150 -2.3750 4.4532  
236.1480 -2.2783 24.8964  
236.1820 -2.1400 18.2466  
236.2150 -1.9098 12.8129  
236.2490 -1.6252 12.0898  
236.2820 -1.2948 13.0185  
236.3150 -0.8945 6.1753  
236.3480 -0.5166 8.4920  
236.3820 -0.1468 2.0822  
236.4150 0.2022 2.3746  
236.4500 0.4645 -20.4602  
236.5490 0.5868 -5.8396  
236.5810 0.7971 46.9137  
236.6150 0.9349 -8.9160  
236.6490 1.0107 -6.1420  
236.6820 1.0154 -8.5206  
236.7150 0.9696 -9.1067  
236.7490 0.8532 -12.5478  
236.7820 0.6872 -12.9032  
236.8160 0.4714 -12.3238  
236.8490 0.2699 -17.3402  
236.8820 0.0498 -23.1895  
236.9150 -0.3638 -13.1292  
236.9490 -0.7741 -7.9485  
236.9830 -1.1772 -4.0398  
237.0160 -1.5725 -6.1328  
237.0820 -1.9385 -0.1246  
237.1150 -2.2401 6.6195  
237.1480 -2.4876 3.4727  
237.1830 -2.6793 3.9675  
237.2150 -2.7433 22.0120  
237.2500 -2.6752 15.8887  
237.2830 -2.5263 11.3596  
237.3160 -2.2735 23.3086  
237.3490 -1.9730 10.2668  
237.3830 -1.6257 7.8204  
237.4150 -1.2376 12.5103  
237.4490 -0.8263 13.2261  
237.4820 -0.4181 2.5307  
237.5160 -0.0027 6.2322  
237.5490 0.3080 -10.4199  
237.5830 0.5024 -17.8322  
237.6500 0.6614 0.3117  
237.6830 0.7984 16.6487  
237.7160 0.9280 8.0181  
237.7500 1.0133 -5.2286  
237.7830 1.0344 -7.3034  
237.8160 0.9937 -5.0812  
237.8510 0.9016 -12.3382  
237.8830 0.7488 -12.3052  
237.9160 0.5932 -11.2902  
237.9500 0.4353 -18.5256  
237.9820 0.2412 -10.6175  
238.0220 -0.0538 -11.5202  
238.0530 -0.4279 -16.9489  
238.0830 -0.8119 -9.2558  
238.1160 -1.2350 -19.1436  
238.2160 -1.6131 2.8261  
238.2490 -1.9145 10.1507  
238.2830 -2.1473 8.5831  
238.3160 -2.3149 8.5050  
238.3490 -2.3863 10.0232  
238.3830 -2.3532 20.7613  
238.4160 -2.2148 17.9608  
238.4500 -1.9808 12.6450  
238.4880 -1.6849 8.9848  
238.5130 -1.2847 16.4337  
238.5490 -0.8832 8.2066  
238.5830 -0.4933 6.4567  
238.6160 -0.0964 10.9814  
238.6490 0.2671 -1.6508  
238.6820 0.4235 -52.7040  
238.7820 0.5093 -0.0060  
238.8150 0.6871 45.8423  
238.8480 0.8623 12.2536  
238.8820 0.9787 -7.2819  
238.9150 1.0201 -10.2436  
238.9490 1.0017 -8.9210  
238.9820 0.9205 -12.3856  
239.0150 0.7718 -9.4720  
239.0490 0.5906 -11.1271  
239.0820 0.5113 -21.8651  
239.1160 0.3531 -23.2139  
239.1490 0.0501 1.9872  
239.1820 -0.3294 -10.9488  
239.2160 -0.7133 -8.5588  
239.2490 -1.1356 -21.9186  
239.3490 -1.4414 8.6289  
239.3820 -1.7057 0.1797  
239.4150 -1.9107 8.5041  
239.4480 -2.0682 2.9055  
239.4810 -2.1476 1.8158  
239.5150 -2.0629 25.0647  
239.5480 -1.8989 25.9922  
239.5820 -1.6536 13.3027  
239.6150 -1.3492 9.0966  
239.6480 -0.9376 10.5325  
239.6820 -0.5768 10.4852  
239.7150 -0.1771 11.9272  
239.7490 0.1272 -19.7976  
239.7820 0.4326 3.2585  
239.8160 0.6527 -23.3523  
239.8820 0.7859 -0.2382  
239.9150 0.8193 -4.2705  
239.9480 0.9214 34.5076  
239.9820 0.9745 -5.5407  
240.0150 1.0500 17.2963  
240.0480 1.0562 -10.2015  
240.0820 0.9840 -11.5027  
240.1160 0.9345 -13.0894  
240.1490 0.8405 -10.2216  
240.1820 0.7708 -16.7230  
240.2160 0.6545 -14.1592  
240.2480 0.4642 -27.5190  
240.2820 0.1298 -8.8829  
240.3150 -0.1841 0.4698  
240.3490 -0.6440 -26.1180  
240.3830 -1.0966 -7.7630  
240.4490 -1.5277 -2.6782  
240.4820 -1.8696 13.5806  
240.5150 -2.0755 30.9465  
240.5490 -2.2273 -0.2816  
240.5820 -2.2985 9.8070  
240.6160 -2.2524 8.5978  
240.6490 -2.0765 30.2084  
240.6830 -1.8569 13.2944  
240.7160 -1.5049 13.2221  
240.7500 -1.0746 15.2446  
240.7830 -0.5895 11.2659  
240.8160 -0.1293 6.0324  
240.8500 0.2405 3.4592  
240.8820 0.5716 -12.4104  
240.9160 0.8277 -12.5473  
240.9490 0.9861 -20.7309  
241.0070 1.0304 -2.4832  
241.0500 1.1062 17.8422  
241.0830 1.1801 12.6153  
241.1100 1.2599 21.4004  
241.1490 1.2709 -8.0933  
241.1830 1.2193 -12.5894  
241.2160 1.1307 -7.6286  
241.2500 1.0102 -21.0466  
241.2830 0.9047 -8.3910  
241.3160 0.7971 -21.3969  
241.3490 0.6278 -23.0296  
241.3830 0.3506 -9.1908  
241.4160 -0.0022 -10.2606  
241.4500 -0.4261 -3.9528  
241.4830 -0.9178 -30.0951  
241.5830 -1.4078 -4.1076  
241.6160 -1.7911 24.6764  
241.6500 -2.0305 21.2934  
241.6830 -2.2276 4.4316  
241.7160 -2.3381 4.8663  
241.7490 -2.3116 18.4575  
241.7830 -2.1592 27.8274  
241.8160 -1.9398 10.0726  
241.8490 -1.6879 5.7519  
241.8830 -1.3194 5.1084  
241.9160 -0.8636 13.9745  
241.9480 -0.4684 6.5517  
241.9830 -0.1264 5.4555  
242.0160 0.1882 -3.8645  
242.0490 0.3620 -37.7923  
242.1490 0.4593 -1.5658  
242.1820 0.5690 32.4454  
242.2150 0.6791 10.1803  
242.2480 0.7672 -0.8772  
242.2860 0.8005 -9.8805  
242.3040 0.7456 -23.3588  
242.3480 0.6473 -5.1184  
242.3820 0.4909 -11.4359  
242.4150 0.3277 -5.9532  
242.4500 0.2023 -24.8224  
242.4820 0.0431 -15.4282  
242.5170 -0.2156 2.1162  
242.5480 -0.6183 -35.5728  
242.5820 -1.0166 0.4387  
242.6150 -1.3965 -5.8368  
242.7160 -1.7306 0.3881  
242.7480 -2.0129 9.1217  
242.7820 -2.1692 25.6032  
242.8150 -2.2836 6.7812  
242.8480 -2.3465 -10.7425  
242.8820 -2.2434 34.3213  
242.9150 -2.0924 16.7405  
242.9480 -1.7989 9.7627  
242.9820 -1.4753 9.3036  
243.0150 -1.1071 7.6671  
243.0490 -0.7178 7.3911  
243.0820 -0.3392 5.5592  
243.1160 -0.0244 6.8534  
243.1490 0.2096 -17.7036  
243.1820 0.4272 -15.7092  
243.2490 0.5280 -0.0162  
243.2820 0.5594 -4.2785  
243.3150 0.6665 32.6849  
243.3480 0.7415 -0.1430  
243.3820 0.7794 -3.4418  
243.4150 0.7499 -12.8506  
243.4480 0.6729 -8.8124  
243.4830 0.5423 -8.6411  
243.5150 0.4422 -8.7717  
243.5500 0.3522 -11.8833  
243.5820 0.2066 -17.4337  
243.6160 0.0602 -4.3956  
243.6500 -0.2238 -8.7296  
243.6820 -0.6085 -31.6350  
243.7150 -1.0402 -17.7778  
243.8160 -1.4001 2.9185  
243.8480 -1.7162 4.5612  
243.8830 -1.9875 4.1697  
243.9280 -2.1447 19.1319  
243.9540 -2.2446 5.9919  
243.9760 -2.2553 15.2201  
244.0160 -2.1613 22.4444  
244.0430 -2.0135 8.9122  
244.0830 -1.7360 7.1289  
244.1160 -1.3686 9.4561  
244.1500 -1.0151 4.5960  
244.1830 -0.6451 9.4020  
244.2160 -0.2694 6.1676  
244.2490 0.0518 9.5624  
244.2830 0.1815 -51.7380  
244.3830 0.3232 4.5572  
244.4050 0.4075 14.6349  
244.4500 0.5623 21.0505  
244.4830 0.6646 -7.2892  
244.5160 0.6985 -11.2809  
244.5500 0.7019 -4.3762  
244.5820 0.6454 -8.9982  
244.6160 0.5358 -9.6387  
244.6480 0.3629 -9.9424  
244.6810 0.3626 -0.9618  
244.7150 0.2220 -27.8846  
244.7490 0.0146 -10.1976  
244.7820 -0.3022 -4.4308  
244.8150 -0.6814 -26.1646  
244.8480 -1.0897 -20.1537  
244.9490 -1.4681 1.5006  
244.9820 -1.7670 15.3465  
245.0150 -1.9612 21.7913  
245.0480 -2.0746 14.8709  
245.0820 -2.1886 -1.1433  
245.1150 -2.1218 26.0730  
245.1480 -1.9652 16.7142  
245.1820 -1.7877 1.8292  
245.2160 -1.5048 5.6180  
245.2500 -1.1225 9.6696  
245.2830 -0.7391 4.9550  
245.3160 -0.3758 9.2170  
245.3490 -0.0704 4.2508  
245.3830 0.1950 2.6722  
245.4160 0.3548 -33.1806  
245.5160 0.3675 -6.0981  
245.5480 0.4795 48.2413  
245.5820 0.5881 0.8301  
245.6150 0.6812 1.1043  
245.6480 0.7110 -9.2071  
245.6830 0.6934 -8.9088  
245.7150 0.6139 -9.8053  
245.7480 0.5096 -3.2819  
245.7820 0.3746 -6.3440  
245.8140 0.2433 -33.0585  
245.8340 0.1300 -21.5268  
245.8830 -0.1466 -1.8114  
245.9160 -0.4473 -6.4393  
245.9490 -0.7651 -4.0952  
245.9820 -1.1413 -26.8862  
246.0820 -1.5124 -2.6123  
246.1150 -1.7378 34.6342  
246.1480 -1.9388 4.1068  
246.1820 -2.0846 9.9114  
246.2150 -2.1194 1.5783  
246.2480 -2.0047 32.2684  
246.2820 -1.8514 8.7126  
246.3150 -1.6311 13.8859  
246.3480 -1.3697 8.3489  
246.3820 -1.0017 5.2777  
246.4150 -0.6010 1.9710  
246.4480 -0.2954 5.8024  
246.4820 0.0107 4.1542  
246.5150 0.1671 -35.1377  
246.6500 0.2567 -4.5721  
246.6830 0.4173 53.8286  
246.7160 0.5485 0.0337  
246.7500 0.6075 -7.7360  
246.7830 0.6184 -6.2537  
246.8160 0.5840 -8.2661  
246.8390 0.5108 -14.0621  
246.8830 0.3996 -4.2860  
246.9160 0.2486 -7.7760  
246.9490 0.0735 -42.4123  
246.9880 -0.0397 0.0000  
247.0120 -0.3369 -2.5721  
247.0500 -0.6712 -9.7648  
247.0830 -1.1293 -45.4865  
247.2160 -1.4612 7.9418  
247.2490 -1.7518 4.2306  
247.2830 -1.9807 8.6270  
247.3150 -2.1604 9.4874  
247.3480 -2.2862 8.5719  
247.3820 -2.1389 39.1736  
247.4150 -1.9592 9.7772  
247.4480 -1.7490 7.4082  
247.4690 -1.4684 15.8268  
247.5150 -1.0210 3.6211  
247.5480 -0.6618 5.2775  
247.5820 -0.2813 10.4064  
247.6150 0.0420 -8.4748  
247.7830 0.3034 -1.8762  
247.8140 0.6058 22.3711  
247.8480 0.7618 -3.9134  
247.8820 0.8485 -10.8967  
247.9150 0.8823 -8.6034  
247.9480 0.8642 -5.6501  
247.9820 0.7899 -11.6395  
248.0150 0.6757 -6.7958  
248.0480 0.4859 -12.2266  
248.0810 0.2305 -28.3062  
248.1150 -0.0314 -11.2094  
248.1490 -0.3925 -8.7773  
248.1820 -0.8222 -24.8345  
248.3490 -1.1616 3.1911  
248.3820 -1.4440 8.6856  
248.4150 -1.6559 15.7080  
248.4490 -1.8322 -1.1824  
248.4820 -1.8756 33.4768  
248.5150 -1.8467 9.6961  
248.5480 -1.6855 11.7753  
248.5820 -1.4533 9.6641  
248.6150 -1.1647 8.0841  
248.6480 -0.7694 7.4498  
248.6820 -0.4031 7.1903  
248.7160 -0.0362 8.5693  
248.7340 0.2554 -12.9972  
248.8820 0.3020 -16.8236  
248.9150 0.4945 77.6486  
248.9480 0.6610 1.8609  
248.9810 0.7702 -5.6181  
249.0190 0.8265 -5.2494  
249.0390 0.8264 -14.9129  
249.0830 0.7730 -6.5056  
249.1150 0.6711 -7.5293  
249.1480 0.5190 -6.3958  
249.1820 0.2492 -41.4703  
249.2150 0.1997 -8.7162  
249.2480 -0.0984 2.3101  
249.2820 -0.4400 -10.9850  
249.3150 -0.7691 -1.8204  
249.4490 -1.1560 -5.7967  
249.4810 -1.4293 26.1510  
249.5150 -1.6598 4.1492  
249.5480 -1.8512 4.5878  
249.5810 -1.9741 14.3407  
249.6000 -1.8546 53.3801  
249.6490 -1.6605 9.3603  
249.6820 -1.4470 8.1714  
249.7150 -1.1603 10.8626  
249.7480 -0.8459 6.5850  
249.7820 -0.4425 3.3232  
249.8150 -0.0842 11.7095  
249.8490 0.2633 0.9483  
249.8830 0.3457 -73.4869  
250.0160 0.4114 2.2920  
250.0480 0.6288 79.1451  
250.0830 0.7593 -11.7334  
250.1260 0.8309 -7.4345  
250.1640 0.8473 -5.1162  
250.1860 0.8163 -11.5946  
250.2070 0.7391 -16.6672  
250.2500 0.5880 -8.1842  
250.2750 0.4027 -12.4076  
250.3160 0.3641 -25.1591  
250.3500 0.2658 -8.6000  
250.3830 -0.1009 -4.5759  
250.4160 -0.4514 -7.5406  
250.5820 -0.7749 -0.3009  
250.6160 -1.0620 4.9986  
250.6480 -1.2782 14.1826  
250.6820 -1.4618 -0.6994  
250.7010 -1.5447 34.4622  
250.7490 -1.5101 18.0127  
250.7820 -1.3385 10.2753  
250.8150 -1.1068 9.3412  
250.8490 -0.8325 8.0841  
250.8820 -0.5135 6.0337  
250.9160 -0.1627 7.8547  
250.9490 0.2044 10.0780  
250.9830 0.5532 8.0006  
251.1490 0.8879 -0.9981  
251.1820 1.1518 -1.6113  
251.2150 1.3065 -6.8809  
251.2480 1.3994 -8.4364  
251.2820 1.4362 -7.4543  
251.3150 1.4167 -8.7282  
251.3480 1.3511 -7.9378  
251.3820 1.2274 -9.2360  
251.4150 0.9993 -21.5446  
251.4490 0.6813 -18.4552  
251.4820 0.3462 -10.1870  
251.5150 -0.0128 -8.8613  
251.5480 -0.3491 0.0000  
251.7150 -0.6575 0.0000  
251.7340 -0.9411 -0.2519  
251.7830 -1.1662 6.0655  
251.8150 -1.3197 14.1759  
251.8480 -1.3556 26.0937  
251.8820 -1.2657 16.1329  
251.9150 -1.0832 9.0324  
251.9490 -0.8394 8.1192  
251.9820 -0.5430 7.1033  
252.0150 -0.2103 10.9998  
252.0480 0.1252 0.8422  
252.0820 0.4396 -6.3369  
252.1150 0.6160 -32.8290  
252.2490 0.5914 -11.6134  
252.2810 0.7410 81.3443  
252.3000 0.8416 3.1090  
252.3490 0.8786 -6.9084  
252.3820 0.8531 -10.5571  
252.4150 0.7796 -7.4681  
252.4490 0.6483 -6.3137  
252.4820 0.4828 -9.5128  
252.5150 0.3199 -5.7311  
252.5480 0.1828 -25.0306  
252.5820 0.1771 -7.1394  
252.6020 -0.1241 -17.5588  
252.6490 -0.4403 -1.9380  
252.6930 -0.9941 -61.6831  
252.8160 -1.4987 1.1652  
252.8450 -1.7223 88.3957  
252.8720 -1.8978 9.8452  
252.9160 -2.0524 -2.3711  
252.9500 -2.1374 14.9155  
252.9840 -2.0601 23.4342  
253.0160 -1.9307 8.6869  
253.0500 -1.7477 5.4409  
253.0830 -1.5049 15.3542  
253.1160 -0.9767 4.2677  
253.1490 -0.3708 27.8667  
253.1830 -0.0079 3.9138  
253.2160 0.2876 -12.3568  
253.2490 0.3945 -60.2977  
253.3830 0.4415 -0.6902  
253.4160 0.6751 80.6963  
253.4500 0.8285 -15.4100  
253.4690 0.9671 1.9269  
253.5170 0.9893 -13.6946  
253.5500 0.9669 -9.2241  
253.5720 0.8240 -13.0087  
253.6160 0.6429 -5.6435  
253.6490 0.4426 -18.1938  
253.6830 0.3297 -32.8069  
253.7150 0.2312 1.5937  
253.7490 -0.1531 -5.7089  
253.7820 -0.4801 1.4642  
253.9490 -0.8108 0.0000  
253.9820 -1.1093 -10.1869  
254.0190 -1.3286 13.1979  
254.0370 -1.4904 16.0417  
254.0820 -1.5667 13.4825  
254.1150 -1.5127 21.2900  
254.1490 -1.3146 9.6029  
254.1820 -1.0671 16.4897  
254.2150 -0.7691 9.4082  
254.2480 -0.4512 7.5109  
254.2810 -0.1084 7.5340  
254.3150 0.2972 8.5724  
254.3480 0.6371 -5.0665  
254.5160 0.9291 -1.1419  
254.5480 1.1807 6.3573  
254.5660 1.3357 -14.6470  
254.6150 1.4368 -4.3253  
254.6480 1.4641 -5.8730  
254.6820 1.4191 -12.1472  
254.7150 1.3286 -6.2976  
254.7480 1.1662 -14.2325  
254.7810 0.9094 -19.7672  
254.8190 0.6102 -15.5644  
254.8380 0.2881 -22.1215  
254.8820 -0.0701 -3.5886  
254.9150 -0.5627 -48.7354  
255.0490 -0.9522 6.1168  
255.0820 -1.2430 24.0430  
255.1160 -1.4911 0.4070  
255.1480 -1.6888 9.2506  
255.1820 -1.7775 18.2463  
255.2150 -1.7595 12.5531  
255.2480 -1.6257 17.1827  
255.2820 -1.4202 8.7306  
255.3150 -1.1703 8.6578  
255.3480 -0.7220 11.3826  
255.3810 -0.3312 7.4233  
255.3990 0.0142 18.8388  
255.4490 0.3705 2.4665  
255.4820 0.4697 -68.9460  
255.6160 0.6565 11.1645  
255.6490 0.8753 22.2762  
255.6880 1.0302 -1.8720  
255.7090 1.1190 -17.3004  
255.7500 1.1612 -4.3998  
255.7830 1.1268 -11.8636  
255.8160 1.0359 -9.6673  
255.8490 0.8795 -9.5783  
255.8830 0.6658 -13.2074  
255.9160 0.6119 -20.5503  
255.9400 0.3631 -18.8598  
255.9830 0.0111 -6.8941  
256.0160 -0.3482 -4.4312  
256.0490 -0.7358 -19.5894  
256.1820 -1.1725 -5.0521  
256.2150 -1.4419 38.8486  
256.2320 -1.6329 27.3420  
256.2820 -1.7935 -0.2359  
256.3190 -1.8422 18.1074  
256.3370 -1.7591 35.5234  
256.3820 -1.5879 9.5390  
256.4150 -1.3576 8.8884  
256.4330 -1.0909 12.1405  
256.4820 -0.7423 3.5197  
256.5150 -0.2878 11.7333  
256.5480 0.0506 3.6424  
256.5820 0.3578 4.5388  
256.6150 0.5347 -39.8890  
256.7530 0.5539 -6.5639  
256.7720 0.7343 118.4431  
256.7980 0.8550 -6.4174  
256.8490 0.9209 -5.0090  
256.8820 0.9296 -10.7104  
256.9150 0.9004 -6.2308  
256.9490 0.8155 -5.0276  
256.9820 0.6802 -11.6129  
257.0150 0.4683 -18.5236  
257.0480 0.3415 -14.1364  
257.0650 0.2282 -45.2970  
257.1160 -0.1116 -0.2819  
257.1480 -0.4484 -4.2818  
257.1650 -0.8029 -25.4487  
257.2820 -1.1458 -2.0253  
257.3010 -1.4006 35.5132  
257.3310 -1.6267 3.8696  
257.3830 -1.8115 0.5796  
257.4150 -1.8696 20.4827  
257.4320 -1.8214 35.0792  
257.4820 -1.6451 10.2332  
257.5150 -1.4364 9.3739  
257.5320 -1.1867 16.0396  
257.5820 -0.8653 5.6834  
257.6150 -0.5006 5.9621  
257.6480 -0.1927 3.2192  
257.6830 0.1415 10.8423  
257.7000 0.3318 -82.8878  
257.8490 0.4561 -0.0318  
257.8820 0.6092 26.8143  
257.8990 0.7284 10.1065  
257.9490 0.8158 -0.1721  
257.9820 0.8493 -8.0316  
257.9990 0.8270 -16.1945  
258.0490 0.7652 -3.9362  
258.0860 0.6623 -8.2678  
258.1040 0.4750 -25.7750  
258.1310 0.3742 -20.1772  
258.1820 0.2038 -13.7228  
258.2020 -0.0745 -9.7338  
258.2310 -0.3841 -4.8642  
258.2820 -0.7074 -2.8600  
258.4160 -1.0076 -0.2485  
258.4350 -1.2633 8.8853  
258.4820 -1.4988 0.1100  
258.5150 -1.6887 4.5762  
258.5320 -1.7550 45.3526  
258.5820 -1.7222 8.9480  
258.6150 -1.5657 16.2465  
258.6320 -1.3509 22.8438  
258.6820 -1.0970 5.0081  
258.7150 -0.8001 8.6043  
258.7320 -0.4915 4.9783  
258.7820 -0.1648 6.9696  
258.8150 0.1364 -7.5518  
258.8490 0.2648 -46.3958  
258.9870 0.4058 6.5043  
259.0080 0.5594 27.2851  
259.0390 0.6890 9.5520  
259.0760 0.7537 -7.0193  
259.1160 0.7767 -4.1959  
259.1400 0.7469 -10.1517  
259.1750 0.6909 -5.0690  
259.2160 0.5591 -9.9877  
259.2500 0.3914 -17.8681  
259.2830 0.3230 -17.7486  
259.3160 0.1053 -18.0077  
259.3490 -0.1852 -4.7213  
259.3830 -0.5007 1.3590  
259.4160 -0.8494 -17.9120  
259.5160 -1.1956 -1.4401  
259.5340 -1.4633 30.1478  
259.5650 -1.6986 4.7175  
259.6160 -1.8929 0.0000  
259.6490 -1.9933 10.0635  
259.6820 -1.9601 22.7191  
259.7150 -1.8084 17.9108  
259.7490 -1.6124 8.4438  
259.7820 -1.3779 13.0551  
259.8150 -1.0672 5.1964  
259.8490 -0.7170 7.3785  
259.8820 -0.4092 3.5994  
259.8990 -0.0878 16.5568  
259.9490 0.1953 -7.6299  
259.9820 0.3524 -28.1574  
260.0820 0.4487 1.4212  
260.1010 0.5436 30.3512  
260.1310 0.6661 18.7897  
260.1830 0.7264 -3.6881  
260.2150 0.7510 -5.7581  
260.2310 0.7275 -14.4550  
260.2820 0.6765 -3.0643  
260.3150 0.5651 -9.7581  
260.3320 0.4515 -23.7500  
260.3650 0.3846 -13.9859  
260.4160 0.2462 -11.2582  
260.4480 -0.0155 -20.4670  
260.4660 -0.3340 -0.2871  
260.5160 -0.6485 -3.0358  
260.5490 -0.9839 -11.9121  
260.6490 -1.2975 -0.1339  
260.6810 -1.5549 12.7027  
260.7020 -1.7648 7.2281  
260.7310 -1.9344 0.0000  
260.7820 -1.9852 14.2376  
260.8150 -1.9209 17.4869  
260.8330 -1.7347 31.3297  
260.8820 -1.5171 6.2987  
260.9160 -1.2511 9.7734  
260.9480 -0.9342 3.6514  
260.9660 -0.5974 10.2519  
261.0150 -0.3082 -1.4071  
261.0480 0.0028 11.1753  
261.0650 0.1924 -71.3452  
261.1160 0.3242 2.9038  
261.2160 0.3842 -1.4201  
261.2340 0.4740 47.9231  
261.2650 0.5797 15.0962  
261.3160 0.6263 -5.0723  
261.3480 0.6300 -9.7618  
261.3820 0.6024 -3.7941  
261.4000 0.5535 -15.6441  
261.4320 0.4405 -8.4976  
261.4820 0.3981 -10.1405  
261.5140 0.2827 -18.2036  
261.5330 0.1256 -29.3612  
261.5820 -0.1363 -3.7932  
261.6010 -0.4601 -7.9682  
261.6320 -0.8852 -41.0354  
261.7830 -1.2977 -1.2303  
261.8210 -1.5657 34.6526  
261.8440 -1.7762 12.7161  
261.8730 -1.9401 6.7130  
261.9180 -1.9951 12.9205  
261.9400 -1.9361 25.3381  
261.9830 -1.7700 11.9425  
262.0050 -1.5588 12.0200  
262.0500 -1.3088 5.2721  
262.0830 -0.9161 4.6809  
262.1160 -0.4703 10.4713  
262.1380 -0.1542 0.9262  
262.1830 0.1221 -2.3653  
262.2040 0.2783 -47.9267  
262.3500 0.3757 -0.0401  
262.3730 0.5416 54.0173  
262.4160 0.6133 -9.9764  
262.4330 0.6724 8.1759  
262.4660 0.6891 -5.6828  
262.5160 0.6697 -4.1168  
262.5340 0.5905 -14.0239  
262.5660 0.4725 -11.5047  
262.6030 0.3106 -14.7180  
262.6320 0.1934 -19.3206  
262.6650 0.0339 -12.9984  
262.6990 -0.2654 -4.5596  
262.7320 -0.5510 -8.8627  
262.7820 -0.8911 -8.1069  
262.8820 -1.2131 -0.0669  
262.9150 -1.5905 -23.0334  
262.9320 -1.8108 77.5518  
262.9820 -1.9943 0.0000  
263.0150 -2.0546 20.8369  
263.0490 -2.0031 16.4046  
263.0660 -1.8612 27.8921  
263.0980 -1.6784 7.9594  
263.1320 -1.4248 12.2460  
263.1650 -1.1144 4.8762  
263.1980 -0.7811 6.7851  
263.2320 -0.3543 5.1129  
263.2650 -0.0382 6.4121  
263.2980 0.0899 -56.9684  
263.3320 0.2114 18.3005  
263.4490 0.2913 1.2054  
263.4680 0.3476 12.5301  
263.4980 0.4648 28.8105  
263.5320 0.5204 -5.8725  
263.5650 0.5438 -4.9092  
263.5980 0.5195 -7.6494  
263.6320 0.4632 -4.2990  
263.6820 0.3523 -6.6735  
263.6990 0.3907 -22.8390  
263.7480 0.3196 -9.6416  
263.7820 0.1796 -16.0881  
263.7990 -0.0481 -37.6323  
263.8330 -0.3627 -0.1520  
263.8650 -0.6743 -5.2637  
263.8990 -0.9859 -4.7949  
264.0160 -1.2936 -1.8242  
264.0480 -1.5323 17.0278  
264.0660 -1.7375 0.0000  
264.0980 -1.8743 9.2766  
264.1320 -1.8993 18.9727  
264.1650 -1.8278 12.6678  
264.1980 -1.6336 17.7766  
264.2330 -1.4125 7.5523  
264.2820 -1.1442 6.1921  
264.3150 -0.8469 3.8591  
264.3330 -0.5040 13.4695  
264.3660 -0.2319 -4.9253  
264.4160 0.0492 1.7783  
264.4330 0.1631 -80.8513  
264.5830 0.2593 3.1183  
264.6150 0.4037 28.1316  
264.6330 0.5132 13.2317  
264.6690 0.5825 -3.8642  
264.7000 0.6070 -4.6161  
264.7510 0.5946 -4.7522  
264.7760 0.5345 -9.4026  
264.8160 0.4538 -9.1893  
264.8380 0.3213 -19.5355  
264.8710 0.2763 -15.1134  
264.9160 0.1204 -14.2471  
264.9500 -0.1453 -5.8554  
264.9720 -0.4495 -6.6467  
265.0160 -0.7897 -11.3190  
265.1490 -1.0520 4.7721  
265.1830 -1.3250 -10.2791  
265.2100 -1.5387 13.2986  
265.2490 -1.6621 13.7122  
265.2710 -1.6886 24.4781  
265.3170 -1.6250 8.7635  
265.3360 -1.4556 21.9062  
265.3830 -1.2332 7.0655  
265.4150 -0.9785 5.4955  
265.4320 -0.6482 15.1595  
265.4820 -0.3563 5.0236  
265.4990 -0.0200 5.5841  
265.5330 0.2387 -12.2892  
265.5820 0.3750 -14.0601  
265.6820 0.4573 -0.0049  
265.7020 0.5000 0.2861  
265.7310 0.5947 32.3070  
265.7650 0.6567 0.1350  
265.7980 0.6913 -2.9603  
265.8320 0.6855 -4.2986  
265.8660 0.6299 -7.2530  
265.8980 0.5393 -7.9836  
265.9490 0.4582 -6.3339  
265.9810 0.3948 -16.0098  
266.0010 0.2767 -27.3170  
266.0330 0.1146 -13.5810  
266.0660 -0.1704 -8.8696  
266.1160 -0.4762 -4.0572  
266.1390 -0.7992 -11.7649  
266.2490 -1.1077 0.0000  
266.2670 -1.4895 -54.4780  
266.2980 -1.7042 45.7013  
266.3320 -1.8553 9.1578  
266.3650 -1.8973 17.5758  
266.3980 -1.8296 16.6589  
266.4320 -1.6749 12.8225  
266.4650 -1.4673 7.1604  
266.4990 -1.2152 7.1433  
266.5320 -0.9081 8.4230  
266.5650 -0.5931 2.4165  
266.5980 -0.1476 9.8322  
266.6320 0.1701 4.0813  
266.6650 0.3095 -44.6150  
266.8160 0.4148 1.5869  
266.8350 0.5365 37.5875  
266.8650 0.6765 20.5968  
266.8980 0.7658 -8.1681  
266.9320 0.8041 -7.8926  
266.9650 0.8001 -4.3775  
266.9980 0.7588 -8.8721  
267.0370 0.6686 -4.2390  
267.0640 0.5209 -16.1365  
267.0990 0.4599 -17.3037  
267.1310 0.3091 -20.5872  
267.1650 0.0711 -4.6277  
267.1980 -0.2697 -12.4257  
267.2310 -0.6583 -22.6577  
267.3820 -0.9771 2.8499  
267.4000 -1.3790 -54.2335  
267.4320 -1.5893 50.7329  
267.4650 -1.7645 5.6306  
267.4990 -1.8136 24.2645  
267.5320 -1.7710 9.4379  
267.5650 -1.6208 12.6416  
267.5990 -1.4220 9.6528  
267.6460 -1.1568 5.4308  
267.6700 -0.7968 8.2948  
267.7160 -0.4449 7.6183  
267.7380 0.0247 9.0731  
267.7700 0.3138 -5.6435  
267.8160 0.4561 -27.8808  
267.9490 0.5159 -0.0016  
267.9700 0.6961 72.1385  
267.9990 0.8308 -1.2650  
268.0490 0.9080 -4.9537  
268.0660 0.9305 -17.1428  
268.1000 0.9048 -8.2915  
268.1320 0.8196 -7.6949  
268.1660 0.6885 -7.6026  
268.1980 0.5445 -9.6763  
268.2320 0.4751 -15.7890  
268.2650 0.3241 -24.7326  
268.2990 0.0231 0.4483  
268.3310 -0.3069 -10.2060  
268.3650 -0.6555 -12.7765  
268.5160 -1.0727 -6.4649  
268.5330 -1.3205 82.9767  
268.5650 -1.5129 9.6629  
268.5980 -1.6092 21.2553  
268.6320 -1.6473 8.0346  
268.6640 -1.5655 20.6757  
268.7030 -1.3641 9.7408  
268.7310 -1.1543 3.5171  
268.7650 -0.8848 7.9953  
268.7980 -0.5365 10.7033  
268.8320 -0.0773 3.8802  
268.8650 0.2627 6.6446  
268.8990 0.3202 -73.9911  
269.0820 0.3232 0.8561  
269.1010 0.5357 124.6018  
269.1330 0.6648 -5.3662  
269.1830 0.7291 -5.3773  
269.2060 0.7506 -14.3112  
269.2500 0.7166 -6.4201  
269.2780 0.6219 -9.1097  
269.3160 0.4734 -10.6532  
269.3390 0.2516 -22.3523  
269.3860 0.2415 -8.5008  
269.4080 0.1522 -28.8390  
269.4380 -0.1886 -4.9260  
269.4830 -0.6388 -28.1174  
269.6490 -0.9512 6.6775  
269.6720 -1.2152 6.7480  
269.7160 -1.4351 3.5856  
269.7340 -1.5558 41.0148  
269.7820 -1.5711 13.4942  
269.8000 -1.5049 16.7668  
269.8330 -1.3817 5.1678  
269.8830 -1.1678 5.4483  
269.9010 -0.9241 8.3011  
269.9490 -0.5243 6.1726  
269.9690 -0.2372 -0.9013  
270.0150 0.0337 -0.1578  
270.0340 0.0418 -129.9919  
270.2160 0.2313 14.0212  
270.2340 0.3465 -5.2781  
270.2650 0.4391 2.4209  
270.2980 0.4738 -12.3540  
270.3320 0.4807 -0.1584  
270.3650 0.4374 -10.7083  
270.3980 0.3338 -9.2796  
270.4320 0.2180 -4.1313  
270.4650 0.0406 -18.8538  
270.4990 0.0407 -20.4574  
270.5330 -0.2501 -10.5138  
270.5820 -0.5272 0.8581  
270.7830 -0.9461 -6.6785  
270.8020 -1.1689 81.7018  
270.8310 -1.3766 5.0440  
270.8650 -1.4530 28.2267  
270.8980 -1.4675 9.4731  
270.9320 -1.4446 6.8852  
270.9650 -1.3343 7.6054  
270.9980 -1.1269 8.3747  
271.0320 -0.8577 7.6229  
271.0710 -0.5854 1.8956  
271.1320 -0.0995 13.0063  
271.3500 0.1767 -2.4953  
271.3730 0.4125 -11.2220  
271.4000 0.5588 2.3894  
271.4500 0.6815 1.5287  
271.4720 0.7653 -7.0207  
271.5160 0.8150 -2.0555  
271.5390 0.7962 -17.7442  
271.5750 0.7194 -8.9195  
271.6040 0.5534 -28.2315  
271.6330 0.2770 -10.6782  
271.6650 0.0078 -14.7611  
271.7160 -0.3125 -15.0902  
271.8820 -0.5927 2.8121  
271.9000 -0.8351 25.1891  
271.9310 -1.0427 6.2439  
271.9660 -1.1940 13.5008  
271.9990 -1.2241 24.3786  
272.0370 -1.1996 5.9085  
272.0650 -1.0628 10.8795  
272.1160 -0.8768 3.5667  
272.1350 -0.6201 12.3288  
272.1660 -0.2635 7.4331  
272.2160 0.0753 5.7543  
272.2330 0.3460 -13.3229  
272.2660 0.3166 -85.0955  
272.4540 0.2407 0.0428  
272.4730 0.3860 158.7257  
272.4980 0.4900 -7.5380  
272.5320 0.5458 -5.2122  
272.5650 0.5616 -6.5788  
272.5980 0.5092 -13.6193  
272.6320 0.4355 0.5412  
272.6650 0.2980 -10.6152  
272.6980 0.1397 -13.1555  
272.7310 0.1640 -29.7684  
272.7650 0.1761 -3.3666  
272.7980 -0.2797 -50.4038  
272.8310 -0.8116 -28.7663  
273.0170 -1.2456 4.3158  
273.0370 -1.4787 89.5182  
273.0650 -1.6670 -0.0219  
273.0980 -1.7541 31.2409  
273.1320 -1.7609 13.2821  
273.1660 -1.7064 5.2907  
273.2160 -1.5294 4.8353  
273.2350 -1.3321 4.7186  
273.2820 -0.9350 7.1031  
273.3040 -0.4315 5.2084  
273.3340 -0.0175 -3.0758  
273.3820 0.0033 -44.5980  
273.5830 0.1701 7.2530  
273.6020 0.3503 61.3655  
273.6310 0.4459 -13.6104  
273.6650 0.4998 -6.9611  
273.6980 0.5278 -0.5334  
273.7370 0.5117 -8.9968  
273.7640 0.4325 -11.0200  
273.7980 0.3209 -6.1607  
273.8310 0.1545 -19.3977  
273.8650 0.1332 -20.2978  
273.8980 -0.0489 -4.5524  
273.9320 -0.4354 -25.7921  
274.1500 -0.6815 4.6235  
274.1700 -0.9167 -6.3296  
274.1990 -1.1355 5.0284  
274.2410 -1.2028 27.7187  
274.2750 -1.2193 6.1958  
274.3160 -1.1930 5.3373  
274.3400 -1.0781 10.2254  
274.3750 -0.8809 3.7921  
274.4040 -0.6462 7.7489  
274.4490 -0.3071 3.7233  
274.4720 -0.0896 -9.0628  
274.5160 -0.1002 -54.7088  
274.6820 -0.1244 0.0531  
274.7020 -0.0299 117.6102  
274.7320 0.0648 7.0719  
274.7650 0.1152 -6.7846  
274.7990 0.1366 -1.3150  
274.8490 0.1179 -5.3526  
274.8670 0.0484 -15.7696  
274.8980 -0.0487 -3.5009  
274.9320 -0.1403 -4.5188  
274.9820 -0.1297 -27.7037  
275.0000 -0.1313 -6.2405  
275.0320 -0.3719 -1.1966  
275.0650 -0.6313 0.7152  
275.2490 -0.9272 -3.1953  
275.2690 -1.2244 -2.9107  
275.2990 -1.4302 21.5496  
275.3320 -1.5026 31.8107  
275.3650 -1.5233 12.3792  
275.3980 -1.5007 8.4640  
275.4320 -1.3355 1.2209  
275.4650 -1.1439 4.5814  
275.4980 -0.9173 9.4497  
275.5320 -0.6854 2.2468  
275.5690 -0.3827 3.2463  
275.5980 -0.2070 -45.7885  
275.8160 -0.1424 -2.1295  
275.8350 -0.0402 75.0131  
275.8650 0.0493 9.3826  
275.8990 0.1047 -1.8415  
275.9320 0.1281 -8.3862  
275.9660 0.1202 -4.7826  
275.9980 0.0641 -5.3205  
276.0310 -0.0188 -5.8103  
276.0650 -0.1489 -10.3396  
276.0980 -0.2624 -35.2026  
276.1320 -0.3294 0.0000  
276.1650 -0.6036 -19.5942  
276.1980 -0.9135 -2.2825  
276.3490 -1.2047 0.8246  
276.3710 -1.4668 0.6574  
276.3980 -1.6543 21.5907  
276.4320 -1.8248 0.0000  
276.4650 -1.8479 38.8624  
276.4980 -1.8138 6.6794  
276.5310 -1.6518 3.5365  
276.5650 -1.4787 3.2944  
276.5980 -1.2201 6.2923  
276.6320 -0.9310 6.7443  
276.6660 -0.6552 -0.2232  
276.6980 -0.3842 -1.0711  
276.7320 -0.3175 -42.9147  
276.9160 -0.1971 2.9168  
276.9480 -0.1059 30.9238  
276.9700 -0.0359 0.4067  
277.0160 0.0065 -3.4473  
277.0390 0.0583 8.9310  
277.0870 0.0542 -7.3253  
277.1120 0.0202 -2.7605  
277.1490 -0.0353 -6.0547  
277.1720 -0.1147 -11.8305  
277.2170 -0.1113 -14.0212  
277.2390 -0.2167 -25.0585  
277.2830 -0.4365 -3.5320  
277.3050 -0.7330 -34.3979  
277.3490 -1.0005 2.9696  
277.4490 -1.2865 0.2008  
277.4660 -1.4728 37.9933  
277.4980 -1.6411 3.4728  
277.5310 -1.7703 5.0402  
277.5650 -1.8159 16.5993  
277.6030 -1.7334 17.1101  
277.6320 -1.5738 7.5666  
277.6830 -1.3933 1.0452  
277.7030 -1.1011 18.0358  
277.7500 -0.8316 -2.0497  
277.7690 -0.5675 -1.7570  
277.7990 -0.3727 -1.6006  
277.8490 -0.2057 -3.3286  
277.8680 -0.1621 -56.2114  
278.0490 -0.1358 2.1631  
278.0690 -0.0722 51.1583  
278.0980 -0.0315 -0.3274  
278.1310 -0.0058 -2.9235  
278.1650 -0.0307 -4.2909  
278.1980 -0.0521 -1.8634  
278.2320 -0.0929 -6.6753  
278.2650 -0.1361 -2.1572  
278.2980 -0.1569 1.7029  
278.3310 -0.2632 -58.2556  
278.3650 -0.3893 5.7140  
278.3980 -0.6666 -14.8441  
278.4320 -0.9872 -13.0121  
278.5820 -1.2580 2.6780  
278.6010 -1.5819 -35.5838  
278.6310 -1.8272 24.1039  
278.6650 -2.0036 13.6139  
278.6980 -2.0460 38.4401  
278.7320 -2.0803 4.0369  
278.7690 -1.8997 6.1178  
278.7980 -1.7197 6.5289  
278.8320 -1.4813 2.7455  
278.8650 -1.1799 5.6826  
278.8980 -0.9089 2.9381  
278.9310 -0.5744 -1.2048  
278.9650 -0.4470 -39.6477  
278.9980 -0.3133 15.9123  
279.1490 -0.2923 0.9391  
279.1680 -0.2533 16.7114  
279.1980 -0.1913 15.1995  
279.2320 -0.1371 3.2697  
279.2650 -0.1154 -7.0028  
279.2980 -0.1261 -4.1424  
279.3320 -0.1652 -5.4991  
279.3650 -0.2160 -4.7417  
279.3980 -0.1582 -7.9485  
279.4310 -0.1831 -9.1490  
279.4650 -0.3314 -32.1417  
279.4990 -0.5069 1.3679  
279.5320 -0.7784 -15.2792  
279.5650 -1.0690 -2.4392  
279.7150 -1.3222 0.9574  
279.7330 -1.5821 -11.3255  
279.7650 -1.7604 19.6702  
279.7980 -1.8964 8.0559  
279.8310 -1.9072 29.9991  
279.8650 -1.8550 9.6396  
279.8980 -1.7021 -2.6075  
279.9320 -1.5171 10.8312  
279.9650 -1.2826 -0.2723  
279.9980 -1.0190 6.3620  
280.0320 -0.7719 -0.6252  
280.0650 -0.5216 -5.2270  
280.0980 -0.3806 -14.0156  
280.1370 -0.2624 0.9408  
280.2830 -0.2883 -3.0807  
280.3090 -0.2576 34.3375  
280.3380 -0.2019 5.6908  
280.3660 -0.1692 4.9101  
280.3990 -0.1548 -5.8341  
280.4500 -0.1796 -3.5524  
280.4730 -0.2095 -3.1372  
280.5020 -0.2465 -8.4239  
280.5500 -0.2571 -4.1141  
280.5730 -0.3383 -29.1275  
280.6010 -0.4406 -23.6054  
280.6490 -0.6468 -3.0388  
280.6780 -0.9454 -26.1847  
280.8160 -1.1982 4.3166  
280.8340 -1.4973 -36.4086  
280.8650 -1.6812 31.2919  
280.8980 -1.8585 -0.1566  
280.9310 -1.9131 29.7867  
280.9650 -1.9263 6.3443  
280.9980 -1.8305 12.7375  
281.0320 -1.6532 4.5334  
281.0650 -1.4435 5.3687  
281.1160 -1.1479 1.9682  
281.1340 -0.8999 6.7070  
281.1660 -0.5877 -0.4528  
281.1990 -0.5070 -40.7695  
281.2320 -0.3616 19.4682  
281.3830 -0.2998 0.9729  
281.4040 -0.3226 -30.0092  
281.4310 -0.2927 35.1026  
281.4650 -0.2774 0.2290  
281.4980 -0.2413 11.6636  
281.5310 -0.2637 -14.6760  
281.5650 -0.2953 0.8504  
281.5980 -0.3533 -8.4621  
281.6320 -0.3007 -7.0192  
281.6650 -0.3414 -8.8316  
281.6990 -0.5189 -35.8827  
281.7320 -0.6481 -4.4782  
281.7660 -0.9431 -20.9006  
281.7990 -1.1988 12.1704  
281.9490 -1.4787 0.9484  
281.9690 -1.7218 -5.7744  
281.9980 -1.9389 9.9363  
282.0320 -2.0588 20.3743  
282.0650 -2.0681 26.2961  
282.0990 -2.0340 4.1976  
282.1320 -1.8604 5.2917  
282.1660 -1.6362 10.5283  
282.2040 -1.3213 5.1817  
282.2330 -1.0611 -5.0532  
282.2820 -0.8227 -1.5183  
282.3000 -0.6172 -24.7250  
282.3320 -0.4889 -15.0957  
282.3820 -0.3663 12.6930  
282.4820 -0.3160 1.4555  
282.5000 -0.3394 -33.0344  
282.5320 -0.3518 8.8716  
282.5650 -0.3360 19.4240  
282.5980 -0.3504 -3.1896  
282.6320 -0.2992 14.9748  
282.6650 -0.2696 -8.7955  
282.6990 -0.2337 -11.2428  
282.7330 -0.1389 3.1190  
282.7760 -0.1539 -10.7566  
282.8080 -0.2196 -11.3380  
282.8370 -0.2917 -22.6639  
282.8660 -0.4522 -20.7427  
282.9160 -0.6910 -2.8294  
282.9390 -0.9404 -9.1373  
283.0830 -1.2743 -2.3412  
283.1110 -1.5109 24.4003  
283.1350 -1.6945 6.1569  
283.1830 -1.7481 29.2906  
283.2060 -1.6946 26.4229  
283.2360 -1.5879 5.6830  
283.2830 -1.4065 1.8823  
283.3040 -1.1313 16.0559  
283.3320 -0.7990 15.3401  
283.3820 -0.4651 -3.8717  
283.4020 -0.1504 -26.4923  
283.4330 0.0260 -22.5785  
283.4650 0.1575 -9.3895  
283.4980 0.1947 13.9916  
283.6160 0.1564 -1.2339  
283.6380 0.0532 -21.7984  
283.6640 0.0427 39.0399  
283.6980 0.0313 9.6853  
283.7320 -0.0519 -8.5191  
283.7650 -0.0791 11.1285  
283.7980 -0.0586 -1.6079  
283.8320 -0.0061 -11.1665  
283.8650 0.0616 -4.5226  
283.8980 0.0385 -13.5179  
283.9310 -0.1099 -42.3689  
283.9650 -0.2251 -4.3457  
283.9980 -0.4418 0.0000  
284.0320 -0.7459 -16.0101  
284.1830 -1.0185 0.1672  
284.2020 -1.2896 20.1277  
284.2310 -1.5411 4.8909  
284.2650 -1.7036 15.0502  
284.2980 -1.7679 25.2042  
284.3320 -1.7477 11.7559  
284.3650 -1.5606 8.1798  
284.3980 -1.3329 7.8504  
284.4320 -1.0971 2.3612  
284.4650 -0.7890 5.4362  
284.4980 -0.5248 -12.5444  
284.5310 -0.3782 -24.0484  
284.5650 -0.2947 -14.3874  
284.6040 -0.1841 20.0658  
284.7490 -0.1567 0.0000  
284.7670 -0.1854 -9.0014  
284.7980 -0.1873 17.3741  
284.8320 -0.2053 2.8733  
284.8650 -0.2018 8.9491  
284.8980 -0.2092 2.1618  
284.9320 -0.2167 -12.2275  
284.9650 -0.1640 -5.8126  
284.9980 -0.0917 -8.8893  
285.0320 -0.1428 -13.2575  
285.0650 -0.2604 -20.1466  
285.0980 -0.4279 -20.0487  
285.1310 -0.7123 -19.1142  
285.1650 -0.9695 10.8889  
285.3160 -1.2594 -0.2090  
285.3350 -1.5903 -17.8242  
285.3650 -1.7656 38.0208  
285.3990 -1.8420 23.4308  
285.4310 -1.8693 6.1520  
285.4640 -1.8197 9.6829  
285.4980 -1.6588 13.1621  
285.5310 -1.4463 -4.3920  
285.5660 -1.1322 10.9869  
285.5990 -0.8553 -0.0609  
285.6320 -0.5738 0.4669  
285.6660 -0.3644 -31.1899  
285.6990 -0.2762 -2.1548  
285.7320 -0.2072 18.3185  
285.8490 -0.1578 0.0102  
285.8680 -0.2160 -39.8239  
285.8980 -0.3373 -6.1139  
285.9320 -0.2965 43.4110  
285.9660 -0.2855 2.5326  
285.9990 -0.2910 -5.0498  
286.0320 -0.3376 -11.9760  
286.0650 -0.2825 -1.3137  
286.0980 -0.2446 -7.3993  
286.1330 -0.3255 -16.6338  
286.1650 -0.4169 -3.2641  
286.1980 -0.6055 -52.3781  
286.2490 -0.7431 6.3928  
286.2690 -1.0219 3.2328  
286.3990 -1.3080 0.0971  
286.4510 -1.5950 -3.3722  
286.4750 -1.7636 32.8604  
286.5040 -1.9283 -0.1651  
286.5320 -2.0040 23.0917  
286.5660 -1.9749 13.6996  
286.6160 -1.9068 5.6928  
286.6390 -1.6316 14.9565  
286.6690 -1.3679 6.9976  
286.7160 -1.1145 -0.8112  
286.7390 -0.8431 8.3591  
286.7690 -0.5870 -10.9129  
286.8160 -0.4416 -6.7902  
286.8390 -0.2944 0.5955  
286.9700 -0.2099 0.1494  
286.9980 -0.1750 -1.1180  
287.0320 -0.1305 11.2262  
287.0650 -0.0946 7.8086  
287.0990 -0.0968 -5.0060  
287.1320 -0.0940 0.3371  
287.1650 -0.1380 -8.3703  
287.1990 -0.1727 -6.8873  
287.2310 -0.2102 -10.8215  
287.2650 -0.2805 -9.2604  
287.3030 -0.4278 -19.7398  
287.3310 -0.6122 -14.3820  
287.3660 -0.8968 -17.7485  
287.3990 -1.1516 16.8684  
287.5490 -1.3906 -0.0791  
287.5670 -1.6691 -21.3423  
287.5980 -1.8734 15.0359  
287.6320 -1.9518 30.1095  
287.6650 -1.9739 6.5913  
287.7000 -1.9126 14.8271  
287.7310 -1.7658 3.3866  
287.7700 -1.5555 5.9700  
287.7980 -1.2698 4.6983  
287.8320 -1.0242 4.5994  
287.8650 -0.8066 -8.8305  
287.8980 -0.6226 -21.8562  
287.9320 -0.4670 5.3925  
287.9650 -0.3686 13.6620  
288.1160 -0.2781 0.9218  
288.1350 -0.3165 -40.5929  
288.1650 -0.2586 35.6328  
288.1980 -0.2339 -3.0149  
288.2320 -0.2340 -3.4186  
288.2650 -0.2606 -3.2834  
288.2980 -0.2745 -4.9997  
288.3320 -0.2421 -7.5759  
288.3650 -0.2754 -14.3917  
288.3980 -0.3722 -5.5307  
288.4320 -0.5330 -14.7562  
288.4650 -0.6629 -14.0056  
288.5030 -0.9001 -0.1118  
288.5310 -1.1327 -1.9026  
288.6490 -1.3543 -0.0503  
288.6680 -1.5751 -5.3063  
288.6980 -1.7865 -2.3688  
288.7320 -1.9170 16.2148  
288.7650 -1.9285 21.6903  
288.8000 -1.8879 9.6608  
288.8320 -1.7593 11.8246  
288.8650 -1.5579 8.0582  
288.8980 -1.3522 1.1711  
288.9320 -1.1250 4.7447  
288.9650 -0.8717 7.7362  
288.9980 -0.6419 -10.1585  
289.0310 -0.4424 -11.3652  
289.0650 -0.2960 0.6042  
289.2160 -0.2058 1.0262  
289.2340 -0.1501 -0.4649  
289.2650 -0.1641 -10.2514  
289.2980 -0.1322 21.9731  
289.3320 -0.0860 5.3151  
289.3700 -0.0802 -6.3721  
289.4010 -0.1226 -7.3165  
289.4390 -0.1507 -5.0535  
289.4690 -0.1702 -9.6477  
289.4980 -0.2306 -13.3823  
289.5310 -0.3600 -16.2191  
289.5650 -0.5230 -10.1234  
289.5980 -0.6968 -12.8955  
289.6320 -0.9222 6.1221  
289.7660 -1.1658 0.0000  
289.7980 -1.4626 -24.2203  
289.8320 -1.6055 38.6030  
289.8650 -1.6900 11.8749  
289.9040 -1.7026 11.0036  
289.9310 -1.6587 6.5708  
289.9650 -1.5212 11.7925  
289.9980 -1.3429 1.9280  
290.0320 -1.0852 10.8387  
290.0650 -0.8485 -0.0522  
290.0990 -0.6213 -2.8064  
290.1320 -0.3911 -22.5766  
290.1650 -0.3544 -18.8555  
290.1980 -0.2615 28.8939  
290.3490 -0.2265 -0.9902  
290.3690 -0.2117 -1.2229  
290.3980 -0.1854 17.7720  
290.4320 -0.1491 4.8352  
290.4650 -0.1669 -5.2552  
290.4980 -0.1710 4.1326  
290.5310 -0.2080 -12.8733  
290.5650 -0.1689 0.4531  
290.5980 -0.1287 -18.5283  
290.6310 -0.1972 -4.0172  
290.6700 -0.3344 -21.4534  
290.6980 -0.4549 5.0757  
290.7320 -0.7059 -23.2057  
290.9160 -0.9296 2.3754  
290.9360 -1.2261 -45.0988  
290.9650 -1.4235 38.9008  
290.9980 -1.4923 26.0831  
291.0310 -1.5438 5.7169  
291.0650 -1.4826 15.1633  
291.0980 -1.4089 -0.2203  
291.1320 -1.2369 4.2848  
291.1650 -1.0696 2.9039  
291.1980 -0.8007 6.8401  
291.2310 -0.6023 -8.0816  
291.2650 -0.3720 -17.1513  
291.2980 -0.2357 5.7037  
291.4660 -0.2280 -2.5380  
291.4980 -0.2000 12.2853  
291.5310 -0.1693 16.4093  
291.5650 -0.1198 5.3227  
291.5980 -0.0972 -3.7094  
291.6310 -0.1077 -7.1576  
291.6640 -0.1526 -3.5660  
291.6980 -0.2017 -9.1014  
291.7320 -0.2286 -10.6050  
291.7650 -0.3080 -10.2207  
291.7980 -0.3764 -9.5557  
291.8320 -0.6243 -41.2630  
291.8650 -0.8457 24.4660  
291.9980 -1.0857 -0.0417  
292.0320 -1.3288 -4.5271  
292.0730 -1.5175 7.5308  
292.0920 -1.6623 16.8798  
292.1320 -1.7177 14.6226  
292.1650 -1.7028 10.3663  
292.1980 -1.6200 10.3633  
292.2320 -1.4894 4.7754  
292.2650 -1.1846 10.2737  
292.2980 -0.9340 8.0463  
292.3320 -0.7057 -6.7030  
292.3650 -0.5382 -23.1005  
292.3990 -0.4558 -15.9693  
292.6160 -0.3936 0.5515  
292.6360 -0.3627 13.5815  
292.6650 -0.2674 33.9917  
292.6980 -0.1945 3.5876  
292.7320 -0.1298 2.3334  
292.7650 -0.1274 -8.5679  
292.7980 -0.1989 -14.3581  
292.8320 -0.2901 -12.4869  
292.8650 -0.3479 -13.0139  
292.8980 -0.3986 -14.2721  
292.9310 -0.4934 -9.7418  
292.9650 -0.6326 -5.0662  
293.1500 -0.8687 0.0900  
293.1690 -1.1941 -40.7921  
293.1980 -1.3808 50.5604  
293.2310 -1.5183 6.3593  
293.2650 -1.5315 22.6232  
293.2980 -1.5138 -3.5016  
293.3310 -1.3879 19.7587  
293.3650 -1.1952 5.8224  
293.3990 -0.9573 3.8224  
293.4320 -0.7044 -0.6725  
293.4650 -0.4873 -10.3689  
293.4980 -0.3191 -38.2679  
293.7500 -0.2815 0.6316  
293.7690 -0.1168 77.9623  
293.7980 -0.0241 1.7061  
293.8310 0.0741 -1.8165  
293.8650 0.0866 -6.0696  
293.8980 0.0713 -2.4091  
293.9320 -0.0010 -12.9292  
293.9650 -0.0910 -6.0392  
293.9980 -0.2279 -24.5970  
294.0310 -0.2562 -5.3450  
294.0650 -0.3473 -13.7936  
294.0990 -0.6004 -4.0870  
294.2830 -0.8629 -0.2413  
294.3030 -1.0686 25.4426  
294.3310 -1.2544 -0.2875  
294.3690 -1.3514 21.2637  
294.3980 -1.3555 16.8946  
294.4310 -1.3035 10.9620  
294.4650 -1.1595 3.1743  
294.4980 -0.9746 7.0804  
294.5320 -0.7347 2.3372  
294.5650 -0.4824 -0.4152  
294.5980 -0.2808 -16.7299  
294.6320 -0.2422 -32.9693  
294.8500 -0.1181 3.8869  
294.8700 -0.0625 6.1363  
294.8980 0.0240 28.5411  
294.9310 0.0684 -1.8285  
294.9620 0.0946 -2.3607  
294.9980 0.0701 -7.5905  
295.0320 0.0251 -3.7029  
295.0650 -0.0547 -10.9588  
295.0990 -0.1084 -8.5593  
295.1320 -0.1479 -29.6333  
295.1650 -0.2565 4.7022  
295.1980 -0.4435 -20.0462  
295.3830 -0.7060 0.2400  
295.4010 -0.9525 5.5735  
295.4310 -1.1396 17.3484  
295.4650 -1.2516 14.0384  
295.4980 -1.3016 14.9818  
295.5320 -1.2920 6.9098  
295.5650 -1.2216 9.5649  
295.5990 -1.0401 3.9441  
295.6320 -0.8499 7.3485  
295.6650 -0.5924 0.3352  
295.6990 -0.3424 -0.9041  
295.7370 -0.2630 -42.2767  
295.9830 -0.2561 -0.8250  
296.0050 -0.1156 82.3539  
296.0310 -0.0152 3.6449  
296.0650 0.0492 -3.6941  
296.0980 0.0724 -2.9267  
296.1350 0.0699 -3.3062  
296.1640 -0.0020 -15.5969  
296.1980 -0.1234 -14.2370  
296.2310 -0.2585 -5.0414  
296.2650 -0.2868 -15.8820  
296.2980 -0.4366 -42.9462  
296.3310 -0.6685 30.0117  
296.5000 -0.9316 -1.2799  
296.5310 -1.1313 16.3654  
296.5650 -1.3226 -0.3551  
296.5990 -1.4300 21.0755  
296.6320 -1.4376 16.5500  
296.6650 -1.3605 10.9739  
296.6980 -1.2538 3.9550  
296.7320 -1.0639 8.5510  
296.7650 -0.7498 -5.2736  
296.7980 -0.5099 7.5086  
296.8320 -0.3704 -35.8682  
296.8650 -0.3398 -17.6587  
297.0650 -0.2298 3.9116  
297.0980 -0.2113 -5.9955  
297.1320 -0.1402 31.5147  
297.1650 -0.0945 3.2695  
297.1980 -0.0668 -1.4830  
297.2320 -0.0969 -8.4681  
297.2650 -0.1125 -0.8661  
297.2980 -0.2014 -14.6727  
297.3320 -0.2238 -16.3396  
297.3650 -0.2720 -25.4866  
297.3980 -0.3820 4.9926  
297.4320 -0.5084 -10.6364  
297.6000 -0.7514 -0.5641  
297.6310 -0.9957 3.0573  
297.6650 -1.1985 10.7547  
297.6980 -1.3895 -5.1146  
297.7310 -1.4530 37.7519  
297.7650 -1.4512 4.9502  
297.7980 -1.3481 13.8822  
297.8320 -1.1749 -4.1133  
297.8650 -0.9695 14.7340  
297.8980 -0.7374 -2.8817  
297.9320 -0.5554 -17.4900  
297.9660 -0.4294 -13.6905  
298.0030 -0.3196 5.4781  
298.2040 -0.2680 -3.7285  
298.2310 -0.2704 26.0955  
298.2650 -0.2277 18.2503  
298.2980 -0.2335 -0.8538  
298.3320 -0.1894 10.5899  
298.3650 -0.2158 -6.6313  
298.3990 -0.3048 -21.2244  
298.4310 -0.3567 -6.9544  
298.4650 -0.3960 -10.0180  
298.4980 -0.5383 -25.0747  
298.5320 -0.6843 -23.1088  
298.5650 -0.8389 18.7344  
298.7500 -1.0340 1.1671  
298.7700 -1.3237 -48.7161  
298.7980 -1.5242 44.7190  
298.8310 -1.6584 13.4399  
298.8650 -1.6815 11.4723  
298.8980 -1.6485 10.2609  
298.9320 -1.5607 6.0787  
298.9650 -1.3623 8.4504  
298.9980 -1.0935 -2.4854  
299.0310 -0.8798 2.0725  
299.0650 -0.7469 -17.4421  
299.0980 -0.5723 -16.8845  
299.2990 -0.4487 3.6890  
299.3310 -0.4651 -29.8728  
299.3650 -0.4585 18.2457  
299.3980 -0.3921 28.3851  
299.4310 -0.3666 -6.1556  
299.4650 -0.3856 -4.8738  
299.4980 -0.4152 -5.6962  
299.5310 -0.4719 -6.1198  
299.5650 -0.5090 -11.6897  
299.5990 -0.5757 -25.1023  
299.6320 -0.7318 -4.6387  
299.6650 -0.8836 -27.6277  
299.6980 -1.0019 28.9395  
299.8660 -1.2174 -0.2153  
299.8980 -1.4124 0.0769  
299.9320 -1.5761 4.3503  
299.9640 -1.6325 27.6394  
299.9980 -1.6437 7.3585  
300.0320 -1.5770 11.1935  
300.0650 -1.4238 0.3977  
300.0980 -1.2293 7.8543  
300.1310 -0.9302 4.0560  
300.1650 -0.7577 -9.1299  
300.1980 -0.6360 -16.4887  
300.2310 -0.5091 1.6341  
300.4500 -0.4408 -2.0003  
300.4700 -0.4224 19.2934  
300.4980 -0.3630 23.5830  
300.5310 -0.3401 0.4471  
300.5650 -0.3201 -0.4227  
300.5980 -0.3457 -6.0194  
300.6310 -0.4074 -6.8420  
300.6650 -0.4754 -10.9958  
300.6980 -0.5825 -28.3459  
300.7310 -0.7103 -4.6387  
300.7650 -0.7934 0.2816  
300.7980 -0.9339 -5.7011  
300.8320 -1.1404 0.0000  
300.9830 -1.3500 -0.1102  
301.0030 -1.5377 10.2392  
301.0260 -1.7061 -0.2081  
301.0650 -1.8209 7.9251  
301.0990 -1.8192 23.2920  
301.1320 -1.6948 8.8078  
301.1650 -1.5347 6.2043  
301.1980 -1.3657 2.9733  
301.2320 -1.1585 5.7293  
301.2650 -0.9445 2.0195  
301.2980 -0.7404 -3.4774  
301.3320 -0.6643 -31.6165  
301.3650 -0.5228 19.6492  
301.5330 -0.4122 0.0000  
301.5650 -0.4623 -25.4296  
301.5990 -0.4795 18.1945  
301.6320 -0.4451 21.8489  
301.6650 -0.4249 -1.3409  
301.6990 -0.4395 -4.5213  
301.7320 -0.4732 -3.7178  
301.7650 -0.5400 -13.5546  
301.7980 -0.4948 1.4023  
301.8320 -0.6035 -26.2215  
301.8650 -0.8240 -33.8733  
301.8980 -0.9345 8.6929  
301.9320 -1.0753 9.2565  
302.0990 -1.2758 0.7428  
302.1320 -1.4645 2.2554  
302.1650 -1.6028 10.6157  
302.1980 -1.6895 11.9134  
302.2320 -1.6970 10.1140  
302.2650 -1.6696 12.0204  
302.2980 -1.5316 6.4554  
302.3360 -1.2627 5.0634  
302.3560 -1.0383 -7.9304  
302.3990 -0.8974 -12.1134  
302.4320 -0.7690 0.0000  
302.4660 -0.6299 5.3395  
302.4980 -0.5105 4.7456  
302.6330 -0.4447 -1.0443  
302.6650 -0.4130 0.0425  
302.6980 -0.5023 -24.6178  
302.7320 -0.5231 26.3992  
302.7650 -0.5350 8.5327  
302.7980 -0.5379 -2.0818  
302.8320 -0.4989 -2.9906  
302.8700 -0.4874 -7.2542  
302.8970 -0.5122 -6.6865  
302.9310 -0.6046 -15.4464  
302.9650 -0.7253 -12.4342  
302.9980 -0.8439 0.6675  
303.0320 -0.9125 -9.2093  
303.0650 -1.0663 1.4094  
303.1990 -1.2643 -1.2014  
303.2350 -1.3827 20.1951  
303.2640 -1.5205 -10.1734  
303.2980 -1.6338 -0.9070  
303.3320 -1.6539 22.0892  
303.3650 -1.5918 9.0075  
303.3980 -1.4625 7.5471  
303.4320 -1.3266 2.5869  
303.4650 -1.1542 1.5869  
303.4980 -0.9947 -2.5155  
303.5320 -0.8992 -23.5613  
303.5650 -0.8606 4.8118  
303.5980 -0.7443 14.5691  
303.7660 -0.6237 0.0809  
303.7990 -0.6258 -14.4503  
303.8360 -0.7060 -13.0783  
303.8640 -0.6969 40.7946  
303.8990 -0.7051 -2.4245  
303.9320 -0.7295 -3.3113  
303.9650 -0.7408 1.4174  
303.9980 -0.7037 -9.5829  
304.0320 -0.6948 -3.6117  
304.0660 -0.8256 -26.9653  
304.0980 -0.9654 -2.3934  
304.1310 -1.1171 -18.0380  
304.1650 -1.1846 10.5276  
304.2990 -1.3630 0.2485  
304.3310 -1.5379 -1.5607  
304.3650 -1.6774 7.1880  
304.3990 -1.8216 0.0000  
304.4320 -1.8700 19.4311  
304.4650 -1.8679 11.6087  
304.4980 -1.7461 8.4811  
304.5320 -1.5894 8.0190  
304.5650 -1.3624 3.2436  
304.5980 -1.1670 1.2995  
304.6320 -1.0567 -24.0662  
304.6650 -0.9722 -9.3207  
304.6980 -0.8924 5.9704  
304.7320 -0.7517 17.8992  
304.8660 -0.6750 0.0101  
304.8980 -0.6536 -5.2876  
304.9360 -0.7236 -16.6970  
304.9570 -0.7902 14.6105  
304.9990 -0.8719 -1.0583  
305.0320 -0.8815 23.1668  
305.0650 -0.8197 -3.1626  
305.0980 -0.7256 0.4436  
305.1310 -0.7057 -16.4867  
305.1650 -0.8106 -18.8111  
305.1990 -0.9523 -10.8021  
305.2310 -1.1546 -24.1943  
305.2650 -1.2400 15.7015  
305.2990 -1.3539 0.6529  
305.4320 -1.4638 -0.0417  
305.4640 -1.6836 -10.4204  
305.4980 -1.9140 -6.1868  
305.5310 -2.1318 4.2701  
305.5650 -2.1408 45.3962  
305.5980 -2.0522 10.1836  
305.6310 -1.9002 8.0954  
305.6650 -1.6803 -2.8059  
305.6980 -1.4816 9.7413  
305.7310 -1.3048 -5.9210  
305.7650 -1.2367 -32.1777  
305.7980 -1.1350 0.1104  
305.8310 -0.9322 24.2451  
305.9990 -0.7431 0.0207  
306.0240 -0.7395 -12.4324  
306.0650 -0.8187 -12.0185  
306.0980 -0.8428 24.8142  
306.1320 -0.8613 -1.1433  
306.1650 -0.8575 16.4543  
306.1980 -0.8304 1.1805  
306.2310 -0.7422 -14.6703  
306.2650 -0.6815 -7.9420  
306.2980 -0.7396 -11.7915  
306.3310 -0.9434 -44.0373  
306.3650 -1.0957 6.0124  
306.3980 -1.1658 9.9827  
306.5330 -1.3338 -1.1910  
306.5650 -1.4992 -0.3707  
306.5990 -1.7395 -6.0965  
306.6510 -1.9324 9.8719  
306.6730 -2.0478 13.2390  
306.6930 -2.0965 19.8485  
306.7320 -2.0044 26.1264  
306.7650 -1.7498 5.2116  
306.7980 -1.5036 3.6141  
306.8320 -1.3443 -15.8458  
306.8650 -1.2081 -11.8815  
306.8980 -1.0590 3.5643  
306.9320 -0.8871 0.6236  
306.9650 -0.7500 4.9843  
307.0990 -0.6272 1.1053  
307.1320 -0.5758 -9.6010  
307.1650 -0.6744 -14.5885  
307.1980 -0.8064 -4.8700  
307.2320 -0.8726 22.8202  
307.2650 -0.8590 7.8726  
307.2980 -0.7536 15.9417  
307.3320 -0.7054 -13.3764  
307.3650 -0.6671 -2.3610  
307.3980 -0.6927 -14.3455  
307.4310 -0.8272 -28.5358  
307.4650 -0.9300 0.0000  
307.4980 -1.0232 -11.6689  
307.5320 -1.0925 2.2851  
307.6660 -1.2416 -0.1657  
307.6980 -1.4378 -6.5551  
307.7320 -1.6217 19.0533  
307.7650 -1.7562 1.2015  
307.7980 -1.8153 20.4657  
307.8320 -1.7354 26.9844  
307.8650 -1.5884 -8.2069  
307.8980 -1.4559 -4.4039  
307.9320 -1.2574 8.0985  
307.9650 -1.0723 -1.7042  
307.9980 -0.9063 -6.4806  
308.0320 -0.7977 -23.0384  
308.0650 -0.6904 19.2269  
308.0990 -0.5847 0.7163  
308.2320 -0.5470 -0.0392  
308.2640 -0.6337 -10.2123  
308.2980 -0.7418 -14.2322  
308.3310 -0.7702 19.7337  
308.3650 -0.8007 7.4669  
308.3980 -0.8089 5.0767  
308.4310 -0.7532 12.8643  
308.4650 -0.6466 -8.0694  
308.5030 -0.6180 -3.8197  
308.5230 -0.7237 -65.9594  
308.5650 -0.8438 -3.5267  
308.5980 -1.0159 -25.6948  
308.6320 -1.0890 14.9191  
308.7990 -1.2282 -0.0665  
308.8320 -1.3625 9.2094  
308.8650 -1.4596 16.3505  
308.8980 -1.5517 14.3406  
308.9320 -1.5819 10.1901  
308.9650 -1.5704 8.1803  
308.9990 -1.4669 -11.6959  
309.0320 -1.3225 7.8957  
309.0660 -1.1220 -8.4633  
309.1050 -0.9654 1.7777  
309.1310 -0.8912 -32.1596  
309.1650 -0.8133 10.0642  
309.1980 -0.7431 13.9863  
309.3320 -0.7199 0.0260  
309.3650 -0.7320 -0.2109  
309.3980 -0.8355 -19.4904  
309.4320 -0.8680 9.1712  
309.4650 -0.8897 11.1874  
309.4980 -0.8619 6.2632  
309.5320 -0.8882 -13.8674  
309.5650 -0.8048 7.8858  
309.5980 -0.7999 -13.4071  
309.6320 -0.8571 -4.6693  
309.6650 -0.9830 -20.7340  
309.6980 -1.1854 -23.4033  
309.7320 -1.2845 11.4733  
309.7660 -1.3956 5.6634  
309.8990 -1.5496 -0.4590  
309.9310 -1.7672 -13.3715  
309.9650 -1.9476 -2.9534  
309.9980 -2.0761 23.6062  
310.0310 -2.0778 25.0469  
310.0650 -2.0769 -3.9282  
310.0990 -1.9450 18.4050  
310.1320 -1.7749 -11.8165  
310.1650 -1.5916 15.8118  
310.1980 -1.5101 -25.0096  
310.2320 -1.4399 -5.0994  
310.2650 -1.3114 4.6607  
310.2980 -1.1230 15.1372  
310.3320 -0.9962 4.7817  
310.4660 -0.9669 -1.1025  
310.5020 -0.9248 -0.1767  
310.5210 -0.9961 -26.7372  
310.5650 -1.0113 3.8883  
310.5980 -1.0353 13.1616  
310.6310 -0.9387 11.5026  
310.6650 -0.8543 -8.6575  
310.6980 -0.7943 -2.7659  
310.7320 -0.8122 -8.1827  
310.7650 -0.8671 -6.3280  
310.7980 -0.9506 -13.1155  
310.8310 -1.1169 -25.2902  
310.8650 -1.1981 10.0889  
311.0320 -1.3117 -0.9113  
311.0640 -1.5114 -13.3501  
311.0980 -1.7168 9.4538  
311.1310 -1.8146 23.7405  
311.1650 -1.8406 18.4098  
311.1980 -1.8060 9.9193  
311.2320 -1.7504 0.0528  
311.2650 -1.6259 7.7531  
311.2980 -1.4857 -20.5123  
311.3360 -1.3719 2.0427  
311.3560 -1.2755 -16.2544  
311.3990 -1.1282 1.8969  
311.4320 -0.9827 9.1984  
311.6000 -0.9166 -0.0595  
311.6310 -0.9492 -11.6793  
311.6650 -0.9834 9.1776  
311.6980 -1.0296 -3.6188  
311.7310 -1.0507 15.4057  
311.7650 -1.0025 0.4465  
311.7980 -0.9691 -2.1157  
311.8320 -0.9281 -7.3607  
311.8650 -0.9181 -6.8811  
311.8980 -0.9777 -11.9123  
311.9320 -1.1377 -29.8074  
311.9650 -1.2348 8.0669  
312.1320 -1.3463 1.0087  
312.1640 -1.4514 -1.7341  
312.1980 -1.5909 4.8245  
312.2360 -1.6977 9.0314  
312.2640 -1.7543 15.4127  
312.3070 -1.7499 8.3599  
312.3270 -1.6970 12.8849  
312.3650 -1.6069 -0.5310  
312.3990 -1.3944 6.1542  
312.4310 -1.2783 -21.7787  
312.4650 -1.1641 4.4063  
312.4990 -1.0953 -15.0014  
312.5310 -0.9879 17.1895  
312.7330 -0.9159 -0.0495  
312.7650 -0.9564 -21.6955  
312.7980 -0.9961 11.1245  
312.8310 -1.0102 15.5822  
312.8650 -0.9947 8.1212  
312.8980 -1.0162 -4.8813  
312.9320 -0.9816 -4.0106  
312.9650 -0.9809 -5.7036  
312.9980 -0.9882 -17.9180  
313.0320 -1.1666 -34.1252  
313.0650 -1.3135 9.2667  
313.2990 -1.4040 -0.5630  
313.3310 -1.4793 16.2680  
313.3650 -1.5887 5.0720  
313.3980 -1.6299 29.0081  
313.4310 -1.6502 1.5062  
313.4650 -1.6319 7.2914  
313.4980 -1.5781 5.0777  
313.5310 -1.4777 -3.7880  
313.5650 -1.3183 -16.7740  
313.5980 -1.2409 -15.5888  
313.6310 -1.1084 12.7064  
313.8330 -0.9843 2.1603  
313.8640 -0.9473 -22.5115  
313.8980 -0.9740 9.3861  
313.9320 -1.0167 -3.2311  
313.9650 -1.0217 18.9570  
313.9980 -1.0258 5.3173  
314.0310 -1.0478 -9.1871  
314.0640 -1.0249 -3.6819  
314.0980 -0.9241 7.7838  
314.1310 -0.9718 -32.2854  
314.1650 -1.1499 -25.5347  
314.1990 -1.2336 7.2405  
314.2310 -1.3335 4.9123  
314.3990 -1.4230 -0.0353  
314.4320 -1.6464 -21.6104  
314.4650 -1.7394 44.8231  
314.4980 -1.8808 -23.8368  
314.5310 -1.8753 40.8014  
314.5650 -1.8485 14.0624  
314.5980 -1.7239 -2.6203  
314.6320 -1.5192 -2.0125  
314.6650 -1.3558 -5.0437  
314.6980 -1.3190 -33.6006  
314.7320 -1.2812 0.1296  
315.0000 -1.1734 -0.0493  
315.0320 -1.1165 30.3109  
315.0650 -0.9451 10.8514  
315.1020 -0.9060 0.6515  
315.1310 -0.9231 -2.9024  
315.1650 -0.9482 -4.8984  
315.1980 -0.9868 -6.1458  
315.2310 -1.0910 -24.9614  
315.2650 -1.1182 -9.9228  
315.2980 -1.1482 -0.7557  
315.5330 -1.1742 0.1181  
315.5640 -1.3635 -21.4120  
315.5980 -1.5352 15.7372  
315.6310 -1.6115 29.6094  
315.6640 -1.6421 11.3134  
315.6980 -1.6532 0.8438  
315.7310 -1.6054 11.6830  
315.7650 -1.5063 -9.1348  
315.7980 -1.3981 -7.4534  
315.8310 -1.3527 -19.7793  
316.1330 -1.3267 -0.5531  
316.1640 -1.2498 -4.9995  
316.2030 -1.1612 16.7547  
316.2210 -1.0797 50.2795  
316.2650 -1.0910 -12.5924  
316.2980 -1.0878 5.2466  
316.3310 -1.2130 -27.2184  
316.3650 -1.4119 -30.8173  
316.3980 -1.5948 -2.6090  
316.6660 -1.7045 0.2963  
316.6990 -1.7969 0.2029  
316.7310 -1.8589 4.6366  
316.7650 -1.7899 57.7336  
316.7980 -1.8425 -9.3989  
316.8320 -1.8254 4.1912  
316.8650 -1.8192 1.9774  
316.8980 -1.8466 -37.4443  
316.9310 -1.7538 4.6849  
317.2330 -1.6999 -1.5727  
317.2650 -1.6224 9.8613  
317.2980 -1.5616 -4.8535  
317.3320 -1.3331 53.6655  
317.3650 -1.3006 0.1103  
317.3980 -1.2568 -5.9892  
317.4310 -1.3126 -25.8466  
317.4650 -1.5135 -40.7641  
317.4980 -1.5908 0.0000  
317.8010 -1.5537 4.2870  
317.8330 -1.5212 -16.2788  
317.8650 -1.4862 10.6446  
317.8980 -1.3190 35.1867  
317.9310 -1.2982 10.9325  
317.9640 -1.2881 -3.0972  
317.9980 -1.2365 6.3593  
318.0310 -1.1657 -20.0221  
318.0640 -1.1354 -54.2562  
318.3650 -1.0895 0.5150  
318.3980 -1.0642 33.1349  
318.4310 -0.9401 14.1650  
318.4650 -0.8165 9.8571  
318.4980 -0.7879 6.4021  
318.5310 -0.8350 -12.0051  
318.5660 -1.0734 -57.5687  
318.5980 -1.3488 -4.8339  
318.6310 -1.5582 0.0000  
318.9000 -1.6040 -0.5751  
318.9320 -1.6661 -0.2211  
318.9650 -1.6795 47.8625  
318.9980 -1.7555 -4.8123  
319.0320 -1.7367 37.7786  
319.0650 -1.7489 -3.0441  
319.0980 -1.6736 14.5368  
319.1310 -1.5647 -50.8578  
319.1650 -1.4873 -13.8546  
319.5000 -1.3950 0.4483  
319.5320 -1.2400 14.7313  
319.5650 -1.0224 18.7893  
319.5980 -0.9750 -3.7461  
319.6310 -0.9334 -6.5373  
319.6640 -1.1729 -46.2778  
319.6980 -1.4017 0.1857  
319.7320 -1.6946 -4.7464  
320.0330 -1.8197 0.0000  
320.0660 -1.8984 -0.2029  
320.0980 -1.9759 5.0550  
320.1310 -1.8448 77.4988  
320.1640 -1.7767 -0.3089  
320.1980 -1.6911 1.5054  
320.2310 -1.6625 -23.7932  
320.2640 -1.5691 -26.6427  
320.2980 -1.5382 -18.1894  
320.6000 -1.4928 -0.0551  
320.6310 -1.3516 30.8965  
320.6650 -1.1017 31.7868  
320.6980 -0.8406 8.2887  
320.7310 -0.9067 -21.6626  
320.7650 -0.9216 14.7828  
320.7980 -1.0212 -24.1352  
320.8310 -1.0418 0.1516  
320.8650 -0.9998 -7.4722  
321.1330 -1.0596 -6.1012  
321.1650 -1.0734 13.8383  
321.1980 -1.0393 43.5259  
321.2310 -1.1785 -19.7331  
321.2640 -1.2378 32.4787  
321.3020 -1.3027 -20.3017  
321.3200 -1.2712 81.5563  
321.3650 -1.2754 -25.6593  
321.3980 -1.3424 -18.8402  
321.7330 -1.4162 -0.9636  
321.7640 -1.2322 30.3876  
321.7980 -1.0211 21.0234  
321.8310 -1.0567 -31.2431  
321.8640 -0.9623 19.6971  
321.8980 -0.9926 -5.1997  
321.9310 -1.0222 -23.1558  
321.9650 -1.3868 -55.3201  
322.2660 -1.6236 0.4063  
322.2990 -1.6228 53.1690  
322.3310 -1.5897 0.0000  
322.3650 -1.5600 26.7254  
322.3980 -1.6018 -0.0227  
322.4390 -1.5143 6.3841  
322.4600 -1.4870 2.2846  
322.4980 -1.6269 -48.6356  
322.5320 -1.7064 -4.7229  
322.8330 -1.5823 0.5150  
322.8650 -1.4560 4.5211  
322.8980 -1.4886 5.0101  
322.9310 -1.3824 42.0710  
322.9650 -1.5369 -49.9516  
322.9980 -1.5511 42.4791  
323.0310 -1.6684 -23.3265  
323.0650 -1.8842 -27.5236  
323.4000 -1.8207 2.8175  
323.4310 -1.7412 0.0000  
323.4650 -1.6780 -0.2367  
323.4980 -1.5270 31.0053  
323.5310 -1.3956 -0.9671  
323.5650 -1.3852 5.2815  
323.5980 -1.2761 -21.5849  
323.6310 -1.3685 -18.5564  
323.9660 -1.3693 0.4352  
323.9980 -1.2301 14.4906  
324.0310 -1.2631 -23.5660  
324.0640 -1.1715 37.7718  
324.0980 -1.1719 -27.3078  
324.1310 -1.2425 9.7404  
324.1650 -1.4507 -41.4087  
324.1980 -1.6676 2.7730  
324.5000 -1.9008 -2.8936  
324.5210 -1.9790 44.6205  
324.5650 -1.9309 32.0169  
324.5980 -1.9292 0.0000  
324.6310 -1.8190 9.2921  
324.6650 -1.7628 20.7900  
324.6980 -1.6539 -12.1748  
324.7320 -1.7010 -36.4266  
324.7640 -1.6056 0.5701  
325.0670 -1.5069 0.4076  
325.0980 -1.2112 35.3352  
325.1310 -0.9936 4.7797  
325.1650 -0.9475 -9.0546  
325.1970 -0.8456 17.4744  
325.2310 -0.8115 -10.9431  
325.2640 -0.8974 -14.9273  
325.2980 -0.9731 -8.8386  
325.3310 -0.9727 -14.4516  
325.3640 -0.9737 0.1450  
325.5980 -0.9841 0.1227  
325.6310 -1.1854 -24.6451  
325.6650 -1.4030 -0.1857  
325.7030 -1.4333 41.2108  
325.7200 -1.5196 0.0000  
325.7650 -1.4672 22.5193  
325.7980 -1.4365 -21.4740  
325.8310 -1.3450 9.3059  
325.8650 -1.3297 -36.4118  
325.8980 -1.2298 25.7505  
326.1660 -1.1330 -0.0079  
326.1990 -1.0404 -25.9302  
326.2310 -0.8229 38.8780  
326.2650 -0.9176 -45.8032  
326.3020 -0.8715 38.0733  
326.3200 -0.9575 -17.0915  
326.3650 -0.9879 -3.4137  
326.3980 -1.1897 -42.5883  
326.4310 -1.2670 0.1797  
326.4650 -1.3621 19.7711  
326.7330 -1.4589 -0.0714  
326.7640 -1.4103 19.2835  
326.7980 -1.4703 4.6654  
326.8310 -1.5012 -38.3849  
326.8650 -1.5946 23.0573  
326.8980 -1.7038 -14.0947  
326.9310 -1.6582 42.2334  
326.9650 -1.5184 -13.6274  
326.9980 -1.4406 -18.6259  
327.3000 -1.4321 -0.0666  
327.3310 -1.4213 0.1298  
327.3640 -1.3609 33.1541  
327.3980 -1.3311 -4.3419  
327.4320 -1.1924 -5.2303  
327.4640 -1.1448 -3.9960  
327.4980 -1.1129 -18.2540  
327.5310 -1.3138 -28.3409  
327.5650 -1.4633 1.4853  
327.5980 -1.4614 27.2568  
327.8330 -1.4719 -0.6085  
327.8640 -1.4856 -0.9295  
327.8980 -1.6091 -0.1296  
327.9320 -1.6551 18.4743  
327.9640 -1.6527 9.5349  
327.9980 -1.6696 -9.3978  
328.0310 -1.5771 14.3144  
328.0650 -1.4228 -9.3079  
328.0980 -1.3044 -9.3734  
328.1310 -1.2226 16.1948  
328.4000 -1.1407 -0.5300  
328.4310 -1.1147 -18.9572  
328.4650 -1.1315 -12.7148  
328.4980 -1.1176 28.3316  
328.5310 -1.1806 -14.0572  
328.5650 -1.1956 4.7156  
328.5980 -1.2728 -4.5272  
328.6310 -1.4271 -32.9673  
328.6650 -1.4526 28.7999  
328.6980 -1.5492 -5.3638  
328.9330 -1.6173 0.6101  
328.9650 -1.6283 -0.5507  
328.9980 -1.6901 -28.5022  
329.0310 -1.7673 23.6962  
329.0780 -1.7509 10.0263  
329.0970 -1.7666 -8.4184  
329.1310 -1.7361 9.1942  
329.1650 -1.5815 4.4895  
329.1870 -1.5867 -28.1218  
329.2320 -1.5043 15.5269  
329.5330 -1.4788 -1.4121  
329.5640 -1.4801 -9.2175  
329.5980 -1.3398 13.9773  
329.6320 -1.2777 0.0000  
329.6650 -1.2937 -9.3854  
329.6980 -1.3715 -23.5878  
329.7310 -1.4335 14.2884  
329.7650 -1.5098 0.2592  
329.7980 -1.5101 4.2720  
329.8310 -1.5949 -4.4026  
330.0660 -1.6367 0.0204  
330.0980 -1.7140 -20.0314  
330.1320 -1.7607 22.9746  
330.1650 -1.7913 4.8819  
330.1980 -1.7753 4.7365  
330.2310 -1.6818 -0.0989  
330.2650 -1.6046 9.0753  
330.2980 -1.5283 0.0000  
330.3310 -1.4438 6.7456  
330.3650 -1.3446 0.0624  
330.6330 -1.2466 -0.0316  
330.6660 -1.1693 -25.6666  
330.6980 -1.1229 14.7608  
330.7310 -1.0772 4.6487  
330.7640 -1.0936 -14.0572  
330.7980 -1.0936 4.7156  
330.8310 -1.2180 -28.3359  
330.8650 -1.2794 18.4996  
330.8990 -1.4403 -22.6880  
330.9310 -1.5400 19.1762  
331.1670 -1.6208 0.7666  
331.1980 -1.6345 -5.6814  
331.2310 -1.6801 4.6354  
331.2650 -1.7419 -0.2367  
331.2980 -1.7252 9.7173  
331.3310 -1.7405 -4.8354  
331.3650 -1.6317 9.0022  
331.4150 -1.6637 -15.5926  
331.4340 -1.5254 49.0872  
331.4520 -1.4401 4.5851  
331.7330 -1.3591 0.4923  
331.7640 -1.2744 -4.4624  
331.7980 -1.2137 -2.5745  
331.8310 -1.1516 0.1516  
331.8650 -1.1370 -4.5007  
331.8980 -1.1374 -9.3854  
331.9310 -1.1527 4.7481  
331.9650 -1.1206 -9.0028  
331.9980 -1.2596 -23.5553  
332.0310 -1.3289 23.5894  
332.3000 -1.4251 -0.4839  
332.3320 -1.5619 -17.0061  
332.3650 -1.7010 -3.3341  
332.3980 -1.7465 28.4834  
332.4310 -1.7615 4.6261  
332.4650 -1.8085 -18.5253  
332.4980 -1.7462 37.8523  
332.5320 -1.6845 -9.1607  
332.5650 -1.5360 2.7283  
332.5980 -1.4518 4.1342  
332.8660 -1.3547 -0.0079  
332.8980 -1.2890 -26.8000  
332.9320 -1.1651 13.8925  
332.9640 -1.2133 -24.4230  
332.9980 -1.2296 13.8546  
333.0310 -1.1200 19.0911  
333.0650 -1.2752 -41.1533  
333.0980 -1.4147 -4.6632  
333.1320 -1.5305 9.5857  
333.1650 -1.6311 8.7536  
333.4330 -1.7315 0.0000  
333.4560 -1.8083 -26.9875  
333.4980 -1.8065 29.9236  
333.5310 -1.8369 -33.4099  
333.5650 -1.8362 23.0012  
333.5980 -1.8053 28.2342  
333.6320 -1.6350 -0.1599  
333.6650 -1.5425 -28.2477  
333.6980 -1.4133 21.0404  
333.9990 -1.3263 -0.4462  
334.0200 -1.3116 -34.4424  
334.0640 -1.2658 -7.0271  
334.0980 -1.2205 36.8286  
334.1310 -1.2056 -42.6299  
334.1650 -1.1584 32.4872  
334.1980 -1.2044 0.0000  
334.2310 -1.3895 -42.3046  
334.2650 -1.4024 23.2395  
334.5330 -1.4851 -0.0164  
334.5640 -1.6356 -26.1954  
334.5980 -1.7123 0.4252  
334.6310 -1.7427 4.6747  
334.6650 -1.7729 36.8720  
334.6980 -1.6164 13.9431  
334.7310 -1.7258 -47.1015  
334.7690 -1.8040 8.2131  
334.7880 -1.6559 45.6402  
334.8320 -1.5734 3.0438  
335.1000 -1.5057 -0.5651  
335.1310 -1.4271 -22.7181  
335.1650 -1.2411 32.0206  
335.1980 -1.0857 -4.5904  
335.2310 -1.0557 0.0000  
335.2650 -1.1022 -8.9849  
335.2980 -0.9930 0.0758  
335.3310 -0.9299 -4.5036  
335.3650 -1.0021 -14.2831  
335.3980 -1.0850 0.8010  
335.6660 -1.1666 -0.5171  
335.6890 -1.2598 -35.6348  
335.7320 -1.3207 32.8285  
335.7640 -1.4915 -39.0947  
335.7830 -1.5069 81.8309  
335.8320 -1.4915 0.0433  
335.8650 -1.5858 -33.1563  
335.8830 -1.6493 8.8126  
336.2660 -1.6648 -0.0145  
336.2900 -1.6988 -6.5777  
336.3320 -1.6718 11.2156  
336.3640 -1.6409 -24.3845  
336.3980 -1.7511 0.0000  
336.4310 -1.6571 23.9768  
336.4640 -1.8280 -33.1586  
336.8050 -2.0001 -0.0291  
336.8280 -2.0625 0.1567  
336.8490 -2.0313 52.0600  
336.8980 -1.9997 0.0000  
336.9310 -2.0146 -18.9136  
336.9640 -1.9838 28.1244  
336.9980 -1.9366 -18.0954  
337.3660 -1.9095 -0.5481  
337.3860 -1.9577 1.9148  
337.4310 -1.9124 -3.5508  
337.4640 -1.7881 23.6783  
337.4970 -1.7571 -28.2074  
337.5310 -1.7729 18.4261  
337.5640 -1.8822 -28.3576  
337.9340 -1.9918 -1.6938  
337.9570 -2.1321 26.9734  
337.9980 -2.2258 -3.6188  
338.0310 -2.2529 14.0605  
338.0640 -2.2993 -4.6863  
338.0980 -2.3600 -8.9016  
338.1350 -2.4833 4.1703  
338.5020 -2.5149 -0.0344  
338.5250 -2.5781 13.4816  
338.5650 -2.4695 19.5552  
338.5980 -2.2979 0.1104  
338.6350 -2.1883 0.0000  
338.6530 -2.1419 -43.3502  
339.0670 -2.1728 -0.7471  
339.0910 -2.1728 6.4444  
339.1310 -2.1425 0.0000  
339.1640 -2.1271 0.1797  
339.1980 -2.0796 9.0740  
339.2310 -2.1100 -14.2156  
339.6010 -2.2198 -0.0341  
339.6240 -2.1524 77.2499  
339.6650 -2.0281 13.8459  
339.6980 -1.8701 -13.3920  
339.7310 -1.6663 4.4932  
339.7480 -1.4926 -8.6197  
339.7980 -1.3615 -8.5228  
340.1680 -1.4457 -5.8029  
340.1920 -1.5390 9.0615  
340.2310 -1.5855 0.0000  
340.2650 -1.6299 0.2194  
340.2980 -1.8063 13.8380  
340.3310 -2.0394 0.0000  
340.3480 -2.2297 -0.7427  
340.7330 -2.4354 -0.0164  
340.7570 -2.6434 -7.0508  
340.7800 -2.7590 21.6292  
340.8320 -2.6605 -0.1067  
340.8680 -2.5986 -4.1416  
340.8860 -2.5367 0.0000  
341.3010 -2.5537 -1.8828  
341.3260 -2.5537 25.0681  
341.3490 -2.5994 -19.8545  
341.3980 -2.5512 18.8932  
341.4310 -2.5641 -18.7001  
341.4490 -2.5472 7.1695  
341.8340 -2.5857 -0.1476  
341.8580 -2.5542 28.9299  
341.8980 -2.4450 15.7031  
341.9310 -2.3190 5.0856  
341.9650 -2.2249 -32.3425  
341.9980 -2.2094 -4.8545  
342.0140 -2.2256 -48.3454  
342.4350 -2.3189 0.3676  
342.4590 -2.3035 19.6011  
342.4820 -2.3480 -20.4533  
342.5320 -2.2221 32.9638  
342.5480 -2.1507 9.2677  
342.9680 -2.1275 0.3471  
342.9910 -2.1441 -9.9555  
343.0140 -2.0744 -10.3274  
343.0640 -2.0011 -2.4879  
343.0800 -1.8426 4.9671  
343.1310 -1.7801 -15.8059  
343.5350 -1.8442 -1.9682  
343.5590 -1.7829 32.6365  
343.5820 -1.8078 34.1923  
343.6320 -1.9874 -27.9854  
343.6730 -2.0023 43.7404  
343.6900 -2.1298 -79.6762  
344.0990 -2.1851 1.1834  
344.1240 -2.2114 6.5829  
344.1470 -2.2777 -13.8950  
344.1970 -2.1968 13.3183  
344.2140 -2.1173 -47.5932  
344.2640 -2.1203 -0.8304  
344.2810 -2.1447 33.6620  
344.6680 -2.0822 -1.3714  
344.6910 -2.1997 -0.2579  
344.7140 -2.1656 6.9651  
344.7650 -2.1795 0.1088  
344.7820 -2.1949 8.7471  
345.1670 -2.0889 2.3247  
345.1950 -2.1040 -19.4768  
345.2180 -2.0117 11.5061  
345.2640 -1.9767 -13.3546  
345.2980 -1.9514 13.9629  
345.3310 -1.9360 -19.0602  
345.3640 -1.8577 18.8575  
345.3810 -1.8355 -23.5486  
345.4320 -1.7995 2.8268  
345.4480 -1.7773 0.6459  
345.7660 -1.8970 -1.6503  
345.7900 -1.9005 25.7420  
345.8140 -1.9304 -0.0230  
345.8650 -1.8821 3.3020  
345.8810 -1.9291 -29.8692  
345.9320 -1.8978 3.0167  
345.9490 -1.8414 51.3427  
345.9980 -1.7427 0.4705  
346.2650 -1.6737 -0.5743  
346.2830 -1.6532 -26.3413  
346.3320 -1.6075 -5.5749  
346.3640 -1.6395 -4.9814  
346.3810 -1.6024 40.6621  
346.4150 -1.5854 -0.9645  
346.4650 -1.6161 -19.1176  
346.4840 -1.6445 9.3644  
346.5310 -1.7415 3.9752  
346.5480 -1.8446 -2.2848  
346.7990 -1.9136 0.7512  
346.8210 -1.9501 -6.8051  
346.8470 -1.9798 -7.8701  
346.8990 -1.9781 2.9747  
346.9150 -2.0615 -10.0581  
346.9640 -2.0583 17.0365  
346.9810 -2.0116 -30.7223  
347.0320 -1.9828 0.0000  
347.0490 -1.9008 42.2450  
347.0980 -1.8130 0.3995  
347.4030 -1.7453 -0.0428  
347.4220 -1.6446 9.5163  
347.4470 -1.6149 -36.6030  
347.4980 -1.6007 0.0000  
347.5140 -1.5198 31.6468  
347.5650 -1.6038 -15.9771  
347.5820 -1.6323 1.9587  
347.6310 -1.6203 8.2537  
347.6480 -1.6873 -4.2114  
347.6990 -1.7584 -0.4053  
347.9000 -1.8276 0.0257  
347.9200 -1.9149 0.0000  
347.9470 -1.9481 -13.8673  
347.9980 -1.9778 0.6840  
348.0150 -2.0588 -0.3264  
348.0650 -2.0582 0.0000  
348.0820 -2.0297 18.3829  
348.1310 -2.0417 0.0000  
348.1500 -2.0307 8.3086  
348.1980 -1.9626 11.4690  
348.2160 -1.8785 9.1902  
348.4660 -1.7817 0.5072  
348.4880 -1.6764 -13.1352  
348.5140 -1.5640 4.0202  
348.5650 -1.5183 -13.1671  
348.5820 -1.4392 19.6417  
348.6310 -1.4551 -13.0040  
348.6480 -1.4029 40.0541  
348.6990 -1.4493 -16.2596  
348.7160 -1.4377 66.5748  
348.7650 -1.5155 -14.8791  
348.7830 -1.6170 -6.0929  
349.0320 -1.6885 0.0415  
349.0530 -1.7581 5.8700  
349.0840 -1.7776 -5.4768  
349.1140 -1.7928 12.5713  
349.1650 -1.7239 3.9713  
349.1820 -1.7757 -30.8694  
349.2310 -1.6817 12.8276  
349.2500 -1.6799 10.9876  
349.2810 -1.6653 -19.3720  
349.3320 -1.5947 8.8332  
349.3490 -1.5096 9.1648  
349.5660 -1.4388 -0.0930  
349.5850 -1.3365 7.6531  
349.6140 -1.3148 -14.7918  
349.6650 -1.3370 -4.6517  
349.6820 -1.2596 27.7529  
349.7310 -1.3235 -15.9896  
349.7490 -1.4081 0.0000  
349.7810 -1.4328 0.0000  
349.8310 -1.5332 -6.1544  
349.8480 -1.6251 14.2192  
349.8980 -1.7139 0.2067  
349.9160 -1.8007 9.2087  
350.1660 -1.8460 -0.0574  
350.1860 -1.8838 -8.0866  
350.2140 -1.9846 -5.6601  
350.2650 -2.0142 -1.4146  
350.2830 -2.0138 16.7450  
350.3320 -2.0128 0.0977  
350.3490 -1.9658 9.0046  
350.3980 -1.9220 4.2736  
350.4160 -1.8340 25.0987  
350.4650 -1.7606 0.4117  
350.4820 -1.6572 16.8027  
350.7000 -1.5541 -0.7535  
350.7200 -1.4498 -7.3657  
350.7520 -1.3389 -0.1801  
350.7810 -1.3087 -17.4014  
350.8320 -1.2942 -3.0162  
350.8490 -1.3100 -8.7678  
350.8810 -1.3626 -4.9575  
350.9320 -1.4752 -2.9082  
350.9490 -1.5904 -0.3264  
350.9980 -1.7115 4.6168  
351.0150 -1.7951 12.3966  
351.2660 -1.8645 -0.0191  
351.2900 -1.9376 -1.7950  
351.3140 -1.9463 5.7729  
351.3650 -1.9914 -10.1284  
351.3830 -2.0062 8.5059  
351.4320 -1.9899 3.1243  
351.4490 -1.9434 9.0046  
351.4810 -1.8758 6.4182  
351.5320 -1.8325 -0.3156  
351.5490 -1.7639 27.2502  
351.5980 -1.6783 3.3714  
351.8000 -1.5899 -0.0743  
351.8180 -1.5163 -0.5558  
351.8480 -1.4066 -5.1533  
351.8980 -1.3595 -9.4598  
351.9160 -1.3450 -9.6639  
351.9480 -1.3459 0.0000  
351.9810 -1.3976 -9.1674  
352.0140 -1.4328 4.5056  
352.0650 -1.5261 -2.3074  
352.0820 -1.6504 -8.5676  
352.1140 -1.7412 10.0240  
352.1650 -1.8325 -0.2816  
352.4000 -1.9207 -0.5301  
352.4210 -1.9770 -7.3371  
352.4470 -2.0016 5.5286  
352.4990 -2.0132 2.5025  
352.5180 -2.0126 -9.5691  
352.5480 -2.0117 5.1030  
352.5990 -1.9039 18.6433  
352.6160 -1.8419 -35.5542  
352.6650 -1.7679 9.0191  
352.6830 -1.6747 9.8605  
352.7310 -1.5540 3.1255  
352.9330 -1.4336 -0.7798  
352.9570 -1.3449 -7.2029  
352.9810 -1.2843 -6.2653  
353.0320 -1.2550 -9.7101  
353.0500 -1.1768 35.7057  
353.0980 -1.2728 -16.5028  
353.1160 -1.2593 27.2573  
353.1480 -1.3535 -19.8171  
353.1810 -1.4773 -3.6306  
353.2150 -1.5875 8.4488  
353.2650 -1.6809 0.1915  
353.4990 -1.7561 0.0409  
353.5200 -1.8012 7.1623  
353.5520 -1.7946 0.6884  
353.5810 -1.8882 -12.3806  
353.6310 -1.8388 12.7558  
353.6480 -1.8230 9.0376  
353.6980 -1.7924 -9.7052  
353.7160 -1.6698 44.4574  
353.7650 -1.5155 12.3351  
353.7830 -1.4240 -34.4124  
353.8150 -1.3295 1.2505  
354.0660 -1.2559 -0.2292  
354.0880 -1.1973 -5.8905  
354.1140 -1.1522 -18.9660  
354.1480 -1.1858 -4.3947  
354.1810 -1.2506 -4.7953  
354.2310 -1.2005 13.2845  
354.2510 -1.3121 -40.9040  
354.2810 -1.4631 7.0432  
354.3320 -1.5425 1.8902  
354.3490 -1.6255 0.2592  
354.3810 -1.7128 -3.1501  
354.6000 -1.7709 0.7419  
354.6200 -1.7810 -0.6608  
354.6470 -1.7721 1.4685  
354.6980 -1.7510 -0.6911  
354.7160 -1.7864 5.5199  
354.7480 -1.7223 5.5161  
354.7990 -1.7271 -9.3610  
354.8160 -1.7262 9.0046  
354.8640 -1.6919 7.0606  
354.8830 -1.6170 16.0518  
354.9160 -1.5437 4.4344  
354.9460 -1.4505 6.1752  
355.1660 -1.3789 -0.7966  
355.1860 -1.3042 -0.2501  
355.2150 -1.2543 -5.1192  
355.2480 -1.2863 -19.4658  
355.2990 -1.2868 -3.1818  
355.3200 -1.2394 30.0705  
355.3480 -1.3045 -28.0341  
355.3990 -1.3813 3.6663  
355.4180 -1.4541 9.7913  
355.4480 -1.5495 -1.3217  
355.4820 -1.6242 0.9070  
355.7330 -1.6905 0.3159  
355.7540 -1.7446 -1.2587  
355.7810 -1.7371 -0.9790  
355.8310 -1.7458 -6.4691  
355.8490 -1.8051 6.9212  
355.8990 -1.7170 13.7813  
355.9200 -1.6644 -7.9842  
355.9480 -1.6520 -7.7345  
355.9820 -1.6028 9.6872  
356.0150 -1.5280 8.6548  
356.0650 -1.4435 3.5474  
356.3000 -1.3705 -0.6058  
356.3230 -1.2984 -1.5223  
356.3500 -1.2105 -6.1105  
356.3810 -1.1796 -14.3859  
356.4310 -1.2519 -6.8473  
356.4490 -1.3078 -0.2659  
356.4810 -1.2863 17.4584  
356.5310 -1.3320 -6.8706  
356.5490 -1.4072 -0.4895  
356.5810 -1.5001 0.0000  
356.6140 -1.5922 -4.0765  
356.8660 -1.6661 0.5863  
356.8870 -1.7199 1.6783  
356.9140 -1.7088 7.5302  
356.9480 -1.6643 -0.2380  
356.9820 -1.6016 5.2001  
357.0310 -1.5948 0.0000  
357.0480 -1.5997 -27.0669  
357.0980 -1.5655 7.6222  
357.1160 -1.4886 23.7678  
357.1480 -1.3987 -0.1563  
357.4000 -1.3071 0.6542  
357.4210 -1.2355 -7.8508  
357.4480 -1.1986 -5.2929  
357.4810 -1.1189 12.6914  
357.5320 -1.1469 -17.6345  
357.5490 -1.2091 -20.1390  
357.5820 -1.2065 5.7067  
357.6320 -1.1793 12.5188  
357.6490 -1.2692 -43.6741  
357.6980 -1.3443 2.9174  
357.7160 -1.4187 9.5487  
357.9660 -1.4730 0.1449  
357.9890 -1.5151 -0.8749  
358.0140 -1.6010 -0.8049  
358.0700 -1.5538 7.7081  
358.0890 -1.5199 -25.0486  
358.1210 -1.5164 -3.5866  
358.1510 -1.5317 14.5870  
358.1810 -1.4286 14.7314  
358.2320 -1.3535 -2.6922  
358.2540 -1.2963 -0.3410  
358.2810 -1.2260 6.2270  
358.5330 -1.1386 0.5955  
358.5530 -1.0805 -15.6599  
358.5810 -1.0649 0.2680  
358.6310 -0.9740 5.5225  
358.6480 -0.8854 -8.0860  
358.6990 -0.8835 -8.4064  
358.7160 -0.8989 15.7386  
358.7480 -0.8984 0.7034  
358.7990 -0.8954 0.3433  
358.8150 -0.9666 -35.8451  
359.1010 -1.0524 0.0141  
359.1280 -1.1076 -0.2981  
359.1460 -1.1508 7.1430  
359.1810 -1.2248 -0.9369  
359.2320 -1.2680 3.3516  
359.2510 -1.2677 0.3434  
359.2810 -1.2657 9.4767  
359.3310 -1.2790 -2.6200  
359.3480 -1.2805 8.0002  
359.3990 -1.2081 3.2518  
359.6660 -1.1531 -0.6399  
359.6870 -1.0969 0.2382  
359.7140 -0.9956 21.4274  
359.7650 -0.9646 -14.4062  
359.7830 -0.9580 -4.0856  
359.8150 -0.9006 16.0555  
359.8480 -0.9157 -13.3404  
359.8810 -0.9466 -8.7491  
359.9140 -1.0057 -4.4186  
359.9650 -1.0777 0.7102  
360.2000 -1.1319 0.0343  
360.2200 -1.1873 -0.4024  
360.2470 -1.3039 -1.1924  
360.2980 -1.3324 2.8516  
360.3160 -1.3782 -13.7124  
360.3480 -1.4629 3.9230  
360.3820 -1.4626 12.0367  
360.4150 -1.4302 0.9606  
360.4480 -1.3699 4.0636  
360.4820 -1.2985 4.3229  
360.7660 -1.2267 0.0448  
360.7840 -1.1702 -9.0112  
360.8140 -1.1246 -4.6748  
360.8480 -1.1068 -3.9107  
360.8810 -1.0954 -9.4367  
360.9150 -1.1093 -3.7258  
360.9480 -1.1388 7.6591  
360.9820 -1.1985 -7.9522  
361.0320 -1.2556 3.2080  
361.0510 -1.3258 0.8472  
361.3330 -1.3969 0.0143  
361.3620 -1.4533 -0.5551  
361.3800 -1.5266 -17.1518  
361.4140 -1.4702 34.2553  
361.4680 -1.4682 -15.8509  
361.4850 -1.4559 -1.4204  
361.5140 -1.4103 20.2117  
361.5480 -1.3511 -3.9665  
361.5810 -1.2938 4.3140  
361.6320 -1.2219 3.1655  
361.9050 -1.1668 -0.6005  
361.9270 -1.1111 -0.4547  
361.9440 -1.0378 -7.8082  
361.9810 -1.1117 -8.3073  
362.0150 -1.1145 -4.2663  
362.0470 -1.0986 5.1022  
362.0980 -1.1439 -0.5001  
362.1150 -1.1741 0.8573  
362.1480 -1.2311 -3.7627  
362.4670 -1.3022 0.0631  
362.4880 -1.3601 -1.5331  
362.5140 -1.4130 1.5478  
362.5480 -1.4718 -5.6645  
362.5810 -1.4847 4.6166  
362.6150 -1.4372 13.5111  
362.6480 -1.3366 21.0167  
362.6810 -1.2911 -17.4655  
362.7150 -1.2304 4.8953  
362.7480 -1.1580 -0.1927  
363.0000 -1.0873 0.0084  
363.0200 -1.0132 0.1060  
363.0470 -0.9736 -11.2802  
363.0810 -0.9300 -4.4864  
363.1140 -0.8872 4.3604  
363.1480 -0.8471 12.7465  
363.1810 -0.9484 -21.8538  
363.2190 -0.9880 1.0547  
363.2480 -1.0615 -5.9281  
363.2820 -1.1324 0.5918  
363.6000 -1.2018 0.0506  
363.6260 -1.2715 0.0000  
363.6590 -1.3123 -0.4878  
363.6880 -1.2988 13.4781  
363.7140 -1.2953 1.6625  
363.7480 -1.3361 -0.2543  
363.7850 -1.2204 22.7916  
363.8140 -1.1630 -18.7342  
363.8480 -1.0893 -0.2494  
364.1330 -1.0178 -0.0074  
364.1610 -0.9636 -5.5871  
364.1790 -0.8524 31.6274  
364.2140 -0.8093 -19.8996  
364.2480 -0.8651 -17.6033  
364.2820 -0.8237 29.8779  
364.3140 -0.8518 -22.0013  
364.3480 -0.9795 -4.4869  
364.3820 -1.0524 0.1184  
364.7330 -1.1213 0.0917  
364.7550 -1.1633 12.1180  
364.7810 -1.1343 21.2992  
364.8140 -1.2767 -34.6866  
364.8480 -1.2764 21.4765  
364.8810 -1.1467 21.0776  
364.9150 -1.1754 -16.7279  
364.9480 -1.1180 4.7932  
365.2330 -1.0455 -0.0074  
365.2560 -0.9890 -6.7851  
365.2800 -0.9360 -0.1042  
365.3150 -0.9232 -3.8811  
365.3480 -0.9675 -0.5240  
365.3810 -0.9680 -21.3991  
365.4140 -0.9264 34.8844  
365.4480 -1.0238 -20.4368  
365.4810 -1.0803 -4.8321  
365.5140 -1.1522 0.1220  
365.8660 -1.2076 0.4623  
365.8900 -1.2496 -0.9108  
365.9140 -1.3253 -14.1252  
365.9480 -1.3241 18.5950  
365.9810 -1.3224 -0.3493  
366.0150 -1.2503 -0.0848  
366.0480 -1.2630 9.2012  
366.0810 -1.2069 -0.1927  
366.3670 -1.1346 0.0074  
366.3890 -1.0787 -7.3036  
366.4140 -1.0530 -5.5488  
366.4480 -1.0246 0.1695  
366.4810 -0.9782 -4.8497  
366.5140 -1.0228 -8.4084  
366.5480 -1.0514 4.3909  
366.5810 -1.0803 -0.2208  
366.6150 -1.1527 -3.8215  
366.9660 -1.2224 0.0573  
366.9890 -1.2935 -0.5249  
367.0140 -1.3780 -11.7835  
367.0480 -1.3768 21.1102  
367.0810 -1.3762 0.0000  
367.1150 -1.3605 -0.2543  
367.1480 -1.3022 4.4952  
367.1810 -1.2444 4.3616  
367.4660 -1.1860 0.0000  
367.4900 -1.1314 -7.0393  
367.5140 -1.0788 0.0000  
367.5480 -1.0511 -7.6740  
367.5810 -0.9969 -0.8898  
367.6180 -1.0288 -3.8892  
367.6470 -1.0611 -0.1256  
367.6810 -1.1026 -2.9418  
367.7150 -1.1621 -0.9469  
368.0330 -1.2332 0.0886  
368.0580 -1.3071 -1.1268  
368.0810 -1.3649 -0.3499  
368.1150 -1.4047 5.3042  
368.1470 -1.4216 -1.0247  
368.1820 -1.4223 3.8209  
368.2140 -1.4056 0.9176  
368.2480 -1.3606 8.2337  
368.2810 -1.3060 -0.1516  
368.3150 -1.2315 4.9353  
368.6000 -1.1768 -0.5975  
368.6210 -1.1191 0.1191  
368.6470 -1.0747 -5.4755  
368.6810 -1.0502 -0.5085  
368.7140 -1.0513 -8.7672  
368.7480 -1.0636 0.6430  
368.7810 -1.0950 -4.9245  
368.8140 -1.1545 0.0000  
368.8480 -1.2110 0.7102  
369.1660 -1.2844 0.0000  
369.1890 -1.3415 -0.3499  
369.2140 -1.3845 5.7107  
369.2480 -1.4268 -3.9623  
369.2810 -1.4686 -0.3659  
369.3140 -1.4532 8.5765  
369.3480 -1.4097 8.8831  
369.3810 -1.3510 -0.3031  
369.4140 -1.2921 0.0758  
369.7010 -1.2196 0.5551  
369.7250 -1.1633 -6.7425  
369.7560 -1.1059 0.0807  
369.7920 -1.0759 -3.6343  
369.8090 -1.0359 -2.0342  
369.8480 -1.0212 -6.8035  
369.8810 -1.0341 0.2208  
369.9140 -1.0931 -4.7910  
369.9480 -1.1498 0.3551  
369.9810 -1.2063 0.1220  
370.2660 -1.2788 0.0000  
370.2870 -1.3371 -0.9582  
370.3140 -1.3960 -0.1491  
370.3480 -1.3557 25.3574  
370.3810 -1.3560 -13.3585  
370.4140 -1.3295 0.0873  
370.4480 -1.2455 17.1060  
370.4810 -1.1893 -13.2180  
370.5150 -1.1336 0.2207  
370.5480 -1.0612 5.2068  
370.8330 -1.0064 -0.6204  
370.8560 -0.9486 0.4350  
370.8810 -0.9044 -5.6250  
370.9140 -0.9482 -0.5240  
370.9480 -0.9770 -8.5541  
370.9810 -1.0046 0.4416  
371.0140 -1.0915 -0.3312  
371.0480 -1.1493 -4.2663  
371.0810 -1.2054 0.7317  
371.3670 -1.2783 0.0141  
371.3860 -1.3343 -0.4236  
371.4140 -1.3773 4.9823  
371.4480 -1.4085 -0.6430  
371.4810 -1.3922 13.8606  
371.5150 -1.3620 -4.4526  
371.5480 -1.3195 4.1328  
371.5810 -1.2885 -3.7835  
371.6150 -1.2295 3.9665  
371.6480 -1.1590 4.2200  
371.9330 -1.0861 0.0967  
371.9560 -1.0298 -7.5794  
371.9810 -1.0023 -5.9012  
372.0150 -0.9749 -0.6781  
372.0480 -0.9917 0.4366  
372.0810 -0.9943 -0.2620  
372.1140 -1.0404 -9.0392  
372.1480 -1.0732 0.2143  
372.1890 -1.1318 -2.9954  
372.5000 -1.2040 0.0129  
372.5230 -1.2797 -0.3500  
372.5480 -1.3256 4.9277  
372.5810 -1.3568 0.0000  
372.6150 -1.3697 4.7170  
372.6480 -1.3705 4.0688  
372.6820 -1.3705 0.0000  
372.7150 -1.3393 0.4366  
372.7480 -1.2939 4.4821  
372.7820 -1.2186 5.2008  
373.0660 -1.1612 -0.6138  
373.0890 -1.1177 -6.4143  
373.1140 -1.0885 -0.8069  
373.1480 -1.0878 -8.3671  
373.1810 -1.1016 0.4416  
373.2140 -1.1466 -5.3712  
373.2480 -1.1750 4.8917  
373.2810 -1.2182 -4.0643  
373.3150 -1.2750 0.3551  
373.6330 -1.3507 -0.0380  
373.6540 -1.4106 -0.7666  
373.6810 -1.4432 4.6191  
373.7150 -1.5037 -8.7569  
373.7480 -1.4896 13.9284  
373.7810 -1.4635 4.1150  
373.8150 -1.4197 0.0000  
373.8480 -1.3758 5.0407  
373.8810 -1.3196 -0.3031  
374.1500 -1.2446 0.7382  
374.1810 -1.2020 -10.7981  
374.2150 -1.1600 -0.6781  
374.2480 -1.1300 0.1747  
374.2810 -1.0479 6.7286  
374.3150 -1.0649 -15.5855  
374.3480 -1.0950 0.1104  
374.3810 -1.1380 -3.9127  
374.4150 -1.1969 0.2367  
374.4480 -1.2520 0.8537  
374.7330 -1.3277 -0.0282  
374.7540 -1.3862 -7.7287  
374.7810 -1.4441 -0.6527  
374.8140 -1.4738 8.7322  
374.8480 -1.5514 -7.5683  
374.8810 -1.5644 3.5422  
374.9150 -1.4950 24.3314  
374.9480 -1.4485 -10.8545  
374.9810 -1.3866 4.9022  
375.0150 -1.3278 -0.0736  
375.2660 -1.2867 -0.7379  
375.2870 -1.2146 7.0331  
375.3140 -1.1546 -5.1500  
375.3480 -1.1408 -5.0782  
375.3810 -1.1158 -4.4234  
375.4140 -1.0856 5.1154  
375.4480 -1.1086 8.6892  
375.4810 -1.1425 -14.1784  
375.5140 -1.2060 -4.0462  
375.5480 -1.2664 0.8286  
375.5810 -1.3211 -3.8734  
375.8330 -1.3928 -0.0874  
375.8560 -1.4371 5.8153  
375.8810 -1.4658 -0.6439  
375.9190 -1.4812 -0.3177  
375.9480 -1.5021 3.9031  
375.9810 -1.5478 1.4353  
376.0150 -1.5478 -0.3215  
376.0480 -1.5227 3.5451  
376.0810 -1.4658 10.5102  
376.1140 -1.3963 -0.0758  
376.3830 -1.3397 -0.5598  
376.4140 -1.2817 4.7766  
376.4530 -1.2352 -3.3534  
376.4810 -1.2235 -12.8868  
376.5140 -1.2191 1.2145  
376.5480 -1.2235 -1.1788  
376.5810 -1.2574 -9.2763  
376.6150 -1.2844 5.4489  
376.6480 -1.3442 0.6098  
376.6810 -1.4158 -3.6872  
376.9490 -1.4586 0.5141  
376.9810 -1.5191 -0.8804  
377.0140 -1.5676 -0.3659  
377.0480 -1.5684 3.4586  
377.0810 -1.5706 0.7729  
377.1150 -1.5698 -0.3215  
377.1480 -1.5226 4.8123  
377.1810 -1.4936 0.0989  
377.2140 -1.4500 5.0163  
377.2480 -1.3940 0.0848  
377.5330 -1.3518 0.0000  
377.5540 -1.3213 -6.9324  
377.5810 -1.3062 -6.1737  
377.6150 -1.3029 0.0000  
377.6480 -1.3165 -4.3132  
377.6810 -1.3289 0.0000  
377.7150 -1.3730 -4.6602  
377.7480 -1.4020 4.6794  
377.7810 -1.4617 -4.2789  
378.0510 -1.5182 0.1305  
378.0820 -1.5777 -0.9948  
378.1140 -1.6086 4.4007  
378.1480 -1.6391 -4.7898  
378.1860 -1.6679 0.4637  
378.2150 -1.6529 10.1674  
378.2630 -1.6394 -0.3036  
378.2810 -1.5937 9.1216  
378.3150 -1.5630 0.0960  
378.3480 -1.5039 4.3473  
378.6160 -1.4480 0.0108  
378.6490 -1.4033 -4.3358  
378.6820 -1.3721 0.1977  
378.7140 -1.3409 -5.0833  
378.7480 -1.3118 -0.1072  
378.7830 -1.3263 -4.0559  
378.8140 -1.3535 -4.5304  
378.8480 -1.3830 4.1307  
378.8820 -1.4124 0.1184  
378.9190 -1.4676 -3.0710  
379.2000 -1.5252 -0.0784  
379.2220 -1.5546 6.3491  
379.2470 -1.5959 -4.5299  
379.2820 -1.6241 -0.8811  
379.3150 -1.6375 4.3663  
379.3480 -1.6211 4.7203  
379.3810 -1.5911 -0.1104  
379.4150 -1.5454 8.7110  
379.4480 -1.5002 0.0000  
379.7330 -1.4442 -0.0202  
379.7550 -1.3854 0.2620  
379.7810 -1.3557 -5.8210  
379.8140 -1.3291 -4.3887  
379.8480 -1.2999 -0.1072  
379.8820 -1.2850 0.0000  
379.9150 -1.3141 -8.5987  
379.9480 -1.3433 -0.1335  
379.9810 -1.3869 4.5986  
380.0150 -1.4444 -4.0746  
380.3050 -1.5009 0.0152  
380.3260 -1.5744 -7.8744  
380.3420 -1.6295 2.0942  
380.3810 -1.6725 -0.6137  
380.4150 -1.6858 8.6455  
380.4480 -1.6858 4.0116  
380.4810 -1.6698 -3.7677  
380.5140 -1.6392 4.3198  
380.5480 -1.6097 4.1189  
380.5810 -1.5499 4.9882  
380.8490 -1.4915 -0.0323  
380.8810 -1.4314 -4.6700  
380.9140 -1.3890 -4.3310  
380.9480 -1.3738 -8.7296  
380.9810 -1.3591 8.7733  
381.0140 -1.3716 -4.2093  
381.1150 -1.2640 10.6456  
381.1480 -1.3066 -41.1530  
