t,s1,s2,s3,s4,s5,s6,s7,s8,s9,s10,s11,s12
0,0.9955928101572066,-1.1404264033624099,-0.9778423085067249,-0.9629145762158472,-0.9780146130356797,-0.9760591218519994,-0.9779413697053296,0.9907933928186266,0.9752770239250691,0.9862973956634364,-0.9402203481958751,0.9729202859627318
1,1.0088201192046382,-1.1371811704504993,-0.9854708244600185,-0.9927452003133103,-1.011176398768032,-0.995868171948381,-0.9924991297334906,0.9987992618621415,0.9881685172570694,0.9985394437954147,-0.9598933742416426,0.991264352112332
2,1.009282454814992,-1.1009968234826804,-0.9921145115095061,-0.9854771457132931,-0.9943398909039187,-0.9962845303174237,-0.9941329643603074,0.9677176526343785,0.9857830191246586,0.9985876724814239,-0.9586394278222947,0.9898668964292616
3,0.9952206863732634,-1.0763330533521493,-0.9848924328815925,-0.9781037569886374,-0.984149372986166,-0.9901352374823305,-0.9860909759576535,0.9507640476010544,0.9778095733122173,0.9889901639656116,-0.9558528802237442,0.9832142200788703
4,0.9913077484027103,-1.0261942048631085,-0.9745908099036819,-0.9891006396008376,-1.0023491608392767,-0.9901192236989057,-0.9791153826108266,0.9834468306375194,0.9760612972836697,0.984641544110457,-0.9521746373936574,0.9805964509824143
5,1.001467855352187,-1.0080209005564011,-0.9794836900130692,-0.9908070524199727,-1.0007132248524806,-0.9994872870023682,-0.9871867213361172,0.9704490667786365,0.9833158258507272,0.990364681516871,-0.953595776668918,0.9855761170080033
6,0.9971602406410881,-1.0188924308113059,-0.9860023194239781,-0.9873731599567755,-0.9981229928733855,-0.9990709286333254,-0.9930470024227226,0.9564152492788299,0.988380924625024,0.99014765242983,-0.9668876087140046,0.9873081747560343
7,0.9691494685406445,-1.0042888827077032,-0.9618661951783101,-0.979515234258786,-0.9882732949528824,-0.97199162086212,-0.9646065397870611,0.9930538734897388,0.9663722534992889,0.9655027938791766,-0.953205660005121,0.9681374446812375
8,0.9611206159901147,-0.998609725111856,-0.9579581439727296,-0.9707725019138373,-0.9710278030920695,-0.9649135285883927,-0.9545785128859421,0.9906050194293672,0.9575165001584218,0.9602539052185187,-0.9513386731140921,0.964693011659585
9,0.9636803765645112,-0.9888740263761193,-0.9633668868412537,-0.9576900036338056,-0.9541572132282311,-0.9613104273178302,-0.9560851627813296,0.9785491225167812,0.9595262006398361,0.9630190165497076,-0.9501961885986864,0.9624098446280899
10,0.9604101978571326,-0.9930928291616046,-0.9595369966597845,-0.9539822424465507,-0.9473408132832457,-0.954632679629721,-0.952602257828356,0.98325845724826,0.957451144045205,0.9611059453380131,-0.9479669505198458,0.9538086033111635
11,0.9560574772328285,-0.9734591700445377,-0.9608032052503928,-0.9543193116453919,-0.9542253772276811,-0.9518462813138193,-0.9514967290090127,1.0123621458888024,0.956307412063912,0.9594902843567079,-0.9472424481442226,0.9490848094528973
12,0.9418603910514843,-0.9565839589025965,-0.9605374577684125,-0.9316092743734532,-0.937184377365218,-0.9457770573958496,-0.9461549702890021,0.9966329678856615,0.9503600057611896,0.9521756003119934,-0.9348144458546869,0.9432391145532931
13,0.9277760696531534,-0.9424671957357788,-0.9497668686458317,-0.9288073866580843,-0.9347986373844726,-0.9332222511908673,-0.9330549429518331,0.9806212297986315,0.939429195825691,0.937940099824972,-0.9231666768927455,0.9377083392442398
14,0.9143119545613942,-0.9612895466248691,-0.9362919080889893,-0.9317778089728741,-0.9482951092755436,-0.9238221603205554,-0.9224399095979656,0.9726153607551166,0.9336941968909224,0.9251112693465497,-0.9192097793028036,0.9300321742245573
15,0.9045014184392582,-0.9672932275119055,-0.9309925906542212,-0.9076352276058594,-0.9340488333905245,-0.9131890081265397,-0.9185852338915842,0.9411570047488348,0.9279591979561542,0.9182627959332567,-0.9154479400447603,0.9267255185237709
16,0.899697638682902,-0.9961758004279219,-0.9276004022077775,-0.8925513809577071,-0.9138041255539179,-0.9039330413070503,-0.9203266863680708,0.8954764578534871,0.9313413768151204,0.9146858350542478,-0.9234174661766149,0.9215687102284972
17,0.8851058757610123,-0.9590178835865307,-0.9161576282778366,-0.9001143711067109,-0.9276414174422385,-0.8901932151286385,-0.9076669138704633,0.9077207281553324,0.9210151109268762,0.9013506033727297,-0.9176771781236007,0.9143649245946415
18,0.887304789029767,-0.894762271930672,-0.9222541881585428,-0.9079512299797728,-0.938922559351189,-0.8965987284985275,-0.9106802136612384,0.9209068654034746,0.920884398700443,0.9058921379719207,-0.9064195258254562,0.9077516131930689
19,0.8956719359293357,-0.8830794334477885,-0.9437953664037043,-0.9123120627397836,-0.9370480493663181,-0.8992570165470314,-0.9174797050722411,0.9437000455038336,0.9265050244370818,0.9130299835012684,-0.9016266639559491,0.9090506565040919
20,0.9084707388013179,-0.9429539806725661,-0.9529245740199417,-0.9298607279044635,-0.9342533253888742,-0.89616635634606,-0.925414075625224,0.9875910452012227,0.9360143389101164,0.9174589844997714,-0.9156987293286297,0.9149357163525154
21,0.9233444136807403,-0.9664819192839267,-0.9506891687303494,-0.9535398391230709,-0.9521804572441853,-0.9174166469506664,-0.9372422556481051,1.0341192723482375,0.9410957767127176,0.9281416384507885,-0.9274300947185279,0.9215490277540876
22,0.9343502565028147,-0.9585310986497434,-0.9590836627199372,-0.9453027105763844,-0.9459093692947983,-0.9359125668062207,-0.9499020281457126,1.0212156951839844,0.9461935535436229,0.9419430807637278,-0.9323901494439479,0.9321578814607769
23,0.9453335463682866,-0.897358458260202,-0.9792961035552011,-0.9595017505775781,-0.964211403147084,-0.9523106810331363,-0.9599496219285899,1.0209331351000954,0.9583334515736309,0.9575370225733392,-0.9438985910259619,0.9503641702895113
24,0.9404733842204238,-0.922022228390733,-0.9685255144326204,-0.9722261128338405,-0.9799572870199996,-0.9495082689338099,-0.9532283980446205,1.0206505750162063,0.9581537222622847,0.9510904548767884,-0.9365421053657885,0.954320347645809
25,0.9403831723940134,-0.9585310986497434,-0.9654928666970892,-0.9536662400726366,-0.9607350391751419,-0.943326948531867,-0.9540404236375891,0.9849538177515942,0.9597549470360949,0.9507448159603898,-0.9310247411206581,0.951427023907621
26,0.9455365229777102,-0.9694026289046482,-0.9627415986483602,-0.9467984551462434,-0.9528620972386836,-0.9428465350291254,-0.954294793100447,0.9528361548829047,0.9596732518945739,0.9502786053289685,-0.932222956588035,0.9508168672009283
27,0.9433939921004619,-0.8905434691451868,-0.9502983636097913,-0.9525707651764022,-0.9517033092480359,-0.936585145710059,-0.9465658748059259,0.9404035111918,0.9529742502898588,0.9441857146631513,-0.9374059351213391,0.9557965332265173
28,0.9426384680542744,-0.8097371696385784,-0.9401217982704585,-0.9446496390036292,-0.9332308653971263,-0.9340869954958023,-0.9382695169404145,0.9344697494301354,0.9394782129106036,0.9354643606098378,-0.9376288589292231,0.9560917703426589
29,0.9424693208797549,-0.7503494073505882,-0.9434045612831463,-0.937381584403612,-0.9302998134207826,-0.9394676267265091,-0.9352757840313978,0.9354116163764322,0.9363411194762005,0.9348132733487149,-0.943285550554281,0.957253036332816
30,0.930820718794506,-0.7863714926728113,-0.9293981057623444,-0.9349378327120118,-0.9473067312835207,-0.9294269845192081,-0.9230660498142301,0.9601827170640119,0.9307695108244738,0.9227078731604292,-0.9326409387278176,0.946093073342662
31,0.9287007408738605,-0.8533855523037956,-0.9295544278105677,-0.9342847611392565,-0.9540549672290562,-0.9288825158827676,-0.9234573874493962,0.9762886418456714,0.9344457921929151,0.9217593756689167,-0.9271514399586728,0.9433965743485685
32,0.9247990793816087,-0.9035244007928342,-0.9280381039428022,-0.930745534551422,-0.9310496174147307,-0.9263683518850863,-0.9256390947654443,0.9537780218292015,0.9305080863716066,0.9222175481860033,-0.9230830804647889,0.9380626237836098
33,0.9295126473115545,-0.8736682580032455,-0.9264436190509253,-0.9409208109914466,-0.9291069434304099,-0.9352720154692319,-0.9380249309184361,0.9514233544634595,0.9327138551926718,0.9358019614119016,-0.9380747065449913,0.9441445083761275
34,0.9361657695093251,-0.8660419606602515,-0.923410971315395,-0.9554990538413367,-0.946216107292323,-0.947426477088596,-0.951369544277584,0.9959736610232537,0.9383671589859189,0.9459139092451444,-0.9586115623463092,0.9396175392619557
35,0.9446795106268108,-0.8804832471182608,-0.9425135256082743,-0.9552673187671331,-0.9359915073748453,-0.9499246273028528,-0.9637358135488175,0.964797865100861,0.9481215588835166,0.9561142763360705,-0.9534285838130051,0.9423337207304586
36,0.9555162062743657,-0.8662042223058473,-0.9477346820189303,-0.9545510467195956,-0.9373207053641177,-0.9476666838399669,-0.9569363221378149,0.9481268201514259,0.9494286811478512,0.9532446695185286,-0.9413349672352955,0.9363502485099883
37,0.9596321208543425,-0.9019017843368788,-0.9390275439328957,-0.9695927597178925,-0.9760037750519089,-0.9478748630244882,-0.9380151474775572,0.9419104983058723,0.9373704782593637,0.9410428119582245,-0.9401924827198898,0.9245407638643228
38,0.9609965747288004,-0.8988188130705617,-0.9279755751235128,-0.9511592879062536,-0.9779464490362298,-0.9446721063395438,-0.9304818980006191,0.9482210068460556,0.9322400233718504,0.9331172312240614,-0.9367928946496579,0.9118652503446423
39,0.9524038982632054,-0.90628284876796,-0.9171424571816427,-0.9225084060047354,-0.9661199951316799,-0.9331581960571685,-0.9260695661641263,0.9320208953697663,0.9277631296165039,0.9217834900119214,-0.9335047684833682,0.9010202069450394
40,0.9414769907892401,-0.9560971739658092,-0.9078881919268275,-0.9185267760934216,-0.9647567151426834,-0.9195624939295792,-0.9210310941113691,0.9355058030710619,0.9213745695495685,0.9127164970422091,-0.9305231625529191,0.8960799058682697
41,0.9514115681726903,-1.003153051188533,-0.9221916593392534,-0.9315039402488152,-0.9675855211198523,-0.9256637454143984,-0.9331625608015035,0.9297604146986566,0.9281716053241088,0.9236724468806112,-0.9363470470338899,0.9086373245414938
42,0.9646501536984236,-1.0554013010703163,-0.9432795036445676,-0.9249732245212632,-0.9547366072235545,-0.9403163572480193,-0.9462038874933976,0.9003741659742253,0.9380403784198353,0.9375381941082295,-0.9437313981700489,0.9182226895788919
43,0.961977628341014,-1.0107793485315268,-0.9466091632717227,-0.9336948900412841,-0.9553841652183278,-0.9423661215263838,-0.9438949954459208,0.9187405714269945,0.9388573298350444,0.9340175000295647,-0.9390221327284984,0.9235172751950319
44,0.9482428777700235,-0.925754246239431,-0.9467185887054786,-0.9421005531873915,-0.9589286931897208,-0.9442237204036515,-0.9420459251197627,0.9312674018127288,0.9434159187319117,0.9284631630241826,-0.9428675684144983,0.9292251927737701
45,0.9460777939361728,-0.9328937586456378,-0.9548473352130872,-0.9329575511688184,-0.9529302612381335,-0.9496523929846324,-0.9551361690160528,0.9021637131721865,0.9560786656676536,0.9370880597054778,-0.9491373005112371,0.9408181702009317
46,0.9505658323000925,-0.9012527377544958,-0.961772401949376,-0.9344954293885326,-0.9381045913577909,-0.955961823653973,-0.9658588202195912,0.9188347581216242,0.9696727372167341,0.9504393676156655,-0.9479112195678749,0.9647914240316323
47,0.9283737230031226,-0.9041734473752172,-0.941356742451422,-0.9347692981125909,-0.9387521493525642,-0.9391953924082888,-0.9460082186758151,0.9532129016614234,0.9558499192713953,0.9326108300209657,-0.9417808148510635,0.9527063847442347
48,0.9277873461314547,-0.9025508309192619,-0.9390744405473631,-0.9347060976378087,-0.9397405273445871,-0.9411490739861049,-0.9431612373799848,0.9382372172153174,0.9556375119034407,0.9272413696452851,-0.9451804029212953,0.9464473578820322
49,0.9304485950105629,-0.8455969933152058,-0.9420914560780715,-0.9342426274894013,-0.9363323273720948,-0.9410690050689812,-0.9410773644727283,0.9207184920142152,0.9538238797616764,0.9272976364456291,-0.944288707689759,0.9455222815847885
50,0.9169844799188037,-0.8451102083784185,-0.9248491341590485,-0.9382453242256428,-0.936264163372645,-0.9246068357083668,-0.9251597061623668,0.9741223478691915,0.9405729278069836,0.9159799714621588,-0.9297986601772958,0.9291464628761323
51,0.913973660212355,-0.8864869280052973,-0.923317178086461,-0.9381189232760777,-0.9464205992906727,-0.9277135096927629,-0.9228116803513728,0.9936189936575143,0.9360306779384207,0.9135846133903732,-0.9345636565708175,0.9209585535218043
52,0.9319370901463353,-0.8879472828156568,-0.936526391161324,-0.9330418184685288,-0.9372866233643928,-0.935896553022796,-0.9359997586564544,0.9477500733729072,0.9446903629396378,0.9215503846962106,-0.9454311922051649,0.9303470938151084
53,0.9339330268056665,-0.9121242680094006,-0.9358542063539639,-0.9407522763920257,-0.947068157285446,-0.9378182070337627,-0.9306971336999598,0.95858154325531,0.9428767307978735,0.9215101941245364,-0.9386320160647014,0.926135044291488
54,0.9229046310269893,-0.8827549101565992,-0.9261935037737679,-0.9314828734238876,-0.9412742173322084,-0.9306920734097612,-0.9235356549764294,0.9761002684564121,0.9372397660329306,0.9119930667520727,-0.930133045889122,0.9151719060454285
55,0.9222844247204175,-0.8950867952218636,-0.9261153427496567,-0.9085621679026729,-0.9423648413234063,-0.9331581960571685,-0.9254238590661035,0.9363534833227264,0.9319132428057665,0.9117760376650318,-0.9298543911292669,0.90629511008677
56,0.9262311921258746,-0.9268900777586013,-0.9307893719915312,-0.9086885688522386,-0.93623008137292,-0.936937448945403,-0.9291807003636934,0.9005625393634845,0.9346255215042608,0.914034747793125,-0.9295757363694119,0.9043268626458257
57,0.9404733842204238,-1.0143491047346291,-0.938105243848379,-0.9296711264801151,-0.9502377832598645,-0.945008395791463,-0.9382988672630522,0.9100753955210718,0.94044221558055,0.9246129062577889,-0.9511993457341646,0.9060392379194473
58,0.9553470590998462,-1.0078586389108055,-0.9522836536222262,-0.9336738232163565,-0.9491471592686667,-0.9527590669690286,-0.9532186146037416,0.9221312924336603,0.9454256192133259,0.9365093154733686,-0.9796221312393809,0.9183801493741676
59,0.9508364677793238,-0.9640479945999926,-0.948250544778067,-0.9298607279044635,-0.9528620972386836,-0.9494282000166863,-0.9497846268551633,0.9266522537758798,0.9430891381658281,0.9330529263093825,-0.98260373716983,0.9203483968151118
60,0.9452433345418763,-0.9817345139699148,-0.9429199629336542,-0.9358437061838983,-0.9572586752031987,-0.9465136914333868,-0.9441591483496576,0.9582047964767912,0.9427950356563525,0.9299662904047997,-0.9698134836924827,0.9223560092048748
61,0.9313958191878726,-0.9622631164984414,-0.9411066271742646,-0.9327258160946154,-0.9447846633038766,-0.9425582869274804,-0.9391891603830541,0.9513291677688298,0.9492816298931134,0.9239778952253357,-0.9454311922051649,0.9297763020572346
62,0.9212469887166974,-0.9165053324404839,-0.9389337507039617,-0.9142080769832666,-0.9228358554810239,-0.9287063642650957,-0.9337300003724937,0.9355058030710619,0.9526964868086875,0.9151440075713344,-0.9314427232604408,0.9189509411320415
63,0.9198148759724315,-0.9281881709233653,-0.931508453413358,-0.9177683703960282,-0.931629011410055,-0.9243346013901464,-0.927908853049405,0.9709200002517849,0.9519939085916078,0.9103131008560887,-0.9195441650146295,0.9188328462855847
64,0.9336511148481338,-0.9575575287761688,-0.9430919171867004,-0.9319463435722944,-0.9476475512807704,-0.9413572531706262,-0.9409795300639368,0.9645153050169719,0.9567322267998212,0.9262526815820986,-0.9386598815406869,0.9363502485099883
65,0.9274603282607168,-0.9075809419327238,-0.9425760544275636,-0.9241516183490877,-0.9400813473418367,-0.9427504523285771,-0.9417328550116305,0.9108288890781092,0.9466837243927484,0.9259231188943696,-0.939663038676165,0.9388499227599875
66,0.9265243805617085,-0.8975207199057977,-0.9366827132095474,-0.9354434365102738,-0.9439666953104784,-0.9421099009915882,-0.9403436064067928,0.9242033997155107,0.9426479844016151,0.9225310346450624,-0.9419758731829619,0.9395781743131367
67,0.9296817944860741,-0.9017395226912831,-0.9331967315341688,-0.9362229090325948,-0.9496924712642651,-0.933302320107991,-0.9356671216665633,0.9542489553023473,0.9466183682795316,0.9226757207030898,-0.9400252898639767,0.9331420051812492
68,0.9364251285102551,-0.9392219628238657,-0.9439985850663942,-0.9257316302186565,-0.9403199213399105,-0.9375459727155423,-0.9412143326450358,0.9248627065779185,0.9531213015445966,0.9288891830839298,-0.9389106708245564,0.9328270855906982
69,0.9389059537365423,-0.9278636476321737,-0.9460620361029413,-0.9296711264801151,-0.9433532193154291,-0.9404124399485676,-0.9467713270643877,0.9078149148499621,0.9487587809873794,0.9310192833826652,-0.9434806088861795,0.9351102526221935
70,0.9393570128685945,-0.9507425396611536,-0.9342128248476205,-0.9202753225624113,-0.9471363212848959,-0.9313806660970243,-0.9401870713527264,0.9192115049001429,0.9390860762313028,0.9221612813856593,-0.9411399089033969,0.9218048999214105
71,0.9472054417663034,-0.9432785039637576,-0.9303673024613285,-0.9161883585264594,-0.9553841652183278,-0.9332382649742921,-0.9428579507127314,0.9301371614771753,0.9432525284488696,0.9269761118722353,-0.9266219959149482,0.9160576173938533
72,0.9537796286159647,-0.9997455566310264,-0.9393089236196978,-0.9179369049954491,-0.9456707952967245,-0.9380103724348593,-0.9453722950186706,0.9057428075681118,0.9417820159014935,0.9314051128707381,-0.9315541851643827,0.9162544421379479
73,0.9691156391057405,-1.045990125625771,-0.9466091632717227,-0.9401624052940534,-0.9665630611281044,-0.9458571263129731,-0.9451277089966921,0.9272173739436579,0.9394455348539952,0.937192555191831,-0.9429232993664693,0.9223560092048748
74,0.9712130640697835,-1.0051001909356798,-0.9535967588273009,-0.9500427461850915,-0.9617574991668897,-0.9462414571151666,-0.9482388431962592,0.9245801464940294,0.9429420869110903,0.9398210185793272,-0.94378712912202,0.9326105783721943
75,0.953678140311253,-1.0219754020776233,-0.9538312418996364,-0.9387509280239054,-0.9547366072235545,-0.9337667198273079,-0.9430438360894355,0.8827612540784934,0.937844310080185,0.9329082402513553,-0.94378712912202,0.9285559886438493
76,0.9350719511140984,-0.987900456502547,-0.9370578861252827,-0.9282385823850395,-0.9518396372469358,-0.9184575428732734,-0.927654483586547,0.8880357089777502,0.9286617761732339,0.9172339172983955,-0.9338948851471652,0.916707139049365
77,0.9402365781760964,-0.9547990808010454,-0.928147529376559,-0.9390669303978189,-0.9667675531264532,-0.9238221603205554,-0.9245922665913765,0.9223196658229197,0.9251162070312262,0.9172821459844047,-0.9292970816095568,0.916569361728499
78,0.9521219863056728,-0.90628284876796,-0.944014217271217,-0.9514120898053849,-0.967892259117376,-0.9406366329165138,-0.9340724208032637,0.9029172067292239,0.9293806934186182,0.9332378029390841,-0.923807582840412,0.9297763020572346
79,0.9469799122002773,-0.9426294573813745,-0.951220663694308,-0.9575846695091677,-0.9571223472042999,-0.9462574708985914,-0.9361073765061247,0.8689158099679435,0.9245280020122759,0.935408093809494,-0.9245042197400498,0.9338112093111701
80,0.9466867237644432,-0.8967094116778189,-0.9499700873085226,-0.9704354327149957,-0.9552819192191538,-0.9519423640143677,-0.9406762433966833,0.913089369749219,0.9355895241742077,0.9425137868815023,-0.9303559696970061,0.9423730856792776
81,0.9645148359588077,-0.8835662183845758,-0.9691976992399797,-0.9776613536651582,-0.9405925773377102,-0.9694134017307396,-0.9721593561457575,0.950293114127906,0.9604738642814787,0.9698514137343309,-0.9411120434274114,0.961445403382027
82,0.9634322940418824,-0.8819436019286204,-0.9618349307686653,-0.9561942590639473,-0.9269597774477393,-0.9698137463163579,-0.973235534642463,0.9351290562925432,0.9558662582996991,0.9704703485381146,-0.9511993457341646,0.9523521002048649
83,0.9436646275796934,-0.8954113185130551,-0.9375737488844195,-0.9569315979364124,-0.9441711873088272,-0.9554333688009572,-0.9584429720332024,0.9631025045975293,0.9431544942790449,0.9530839072318315,-0.9516173278739473,0.9498130610060468
84,0.9326700612359202,-0.9280259092777695,-0.9249585595928044,-0.9512224883810364,-0.9433191373157042,-0.9383626756702033,-0.9344050577931542,0.9500105540440169,0.9264886854087776,0.9322571529902324,-0.9427839719865417,0.9370588175887283
85,0.9243254672929538,-0.9301353106705121,-0.923113959423771,-0.9339055582905602,-0.9367753933685184,-0.9287544056153698,-0.9179590936753191,0.9315499618966179,0.9123717649539632,0.914460767852872,-0.9378796482130928,0.9207420463033006
86,0.9260733214296563,-0.8911925157275699,-0.9158918807958573,-0.9301135298035943,-0.9507490132557379,-0.9320692587842873,-0.9156012844234463,0.9739339744799321,0.9179760516622982,0.9134238511036761,-0.9324737458719046,0.9259775844962123
87,0.9202433821478812,-0.8168766820447853,-0.9067314087699753,-0.929944995204174,-0.9609736131732166,-0.9268007240375538,-0.9160317558221285,0.979773549546967,0.9225183015308612,0.912845106871567,-0.9299101220812379,0.9352086649942406
88,0.9411161434835982,-0.8051938435619017,-0.9333061569679256,-0.9367917133056396,-0.9403540033396355,-0.9379783448680098,-0.9349431470415073,0.9527419681882751,0.9389553640048697,0.9340416143725693,-0.9472424481442226,0.9517616259725816
89,0.9454012052380945,-0.7625190307702591,-0.9312270737265568,-0.9314407397740324,-0.9068854796097585,-0.9339428714449799,-0.9354421025263431,0.9125242495814408,0.9352954216647326,0.9316221419577791,-0.9507534981183965,0.9499705208013223
90,0.9390187185195553,-0.7789074569754153,-0.9202220015316405,-0.938392792000136,-0.9234152494763472,-0.9286903504816709,-0.9283784582116036,0.8893543227025631,0.932321718513371,0.9226757207030898,-0.9470195243363386,0.9552060589942339
91,0.9370002289036216,-0.8188238217919321,-0.9352914469803605,-0.9335052886169363,-0.9360937533740201,-0.9311885006959276,-0.9327125225210632,0.8973601917460781,0.9382527857877896,0.9281336003364536,-0.9402482136718606,0.9558949455985646
92,0.9446682341485095,-0.90368666243843,-0.9586772253945564,-0.9466299205468226,-0.9512261612518874,-0.9412451566866532,-0.9507923212657144,0.9671525324666004,0.95594795344122,0.9467820255933084,-0.9423659898467591,0.9520765455631327
93,0.9353538630716309,-0.9400332710518445,-0.9560822793940507,-0.9607446932483059,-0.966972045124803,-0.9432468796147435,-0.9462821550204308,1.0120795858049132,0.9547878824316232,0.947392922282757,-0.9366257017937448,0.946034025919434
94,0.9535879284848424,-0.9270523394041972,-0.9714800011440394,-0.9724578479080442,-0.9668357171259031,-0.9608940689487875,-0.9676198395778361,1.042219328086382,0.9658820826501634,0.9664914819423631,-0.9476882957599908,0.9612092136891138
95,0.9735585715564551,-0.8910302540819741,-0.9935839387628043,-0.9703090317654306,-0.9468295832873713,-0.974185509191307,-0.9896227981150232,1.0391111671636053,0.9747051579344226,0.9883310385901536,-0.9544038754724978,0.9704993416103705
96,0.97506961964883,-0.9119620063638071,-0.9856584109178866,-0.9787568285613926,-0.9487040932722431,-0.9698938152334814,-0.9885466196183178,1.075278857901366,0.9691498883110001,0.9874388078989851,-0.9522025028696429,0.9673895106536785
97,0.9582676669798843,-0.9337050668736167,-0.9660556260706934,-0.9739114588280474,-0.9509535052540877,-0.9578834776649396,-0.9697428462486098,1.0622810940424832,0.959477183554924,0.9675444749202288,-0.9488586457513821,0.9569971641654933
98,0.9549636588376018,-0.9621008548528457,-0.9708859773607905,-0.9581324069572849,-0.9285616314348115,-0.9483873040940795,-0.9702711520560834,1.0316704182878684,0.963169803951669,0.964618601302343,-0.9435642053141359,0.9500492506989601
99,0.9498441376888089,-0.9595046685233157,-0.9725117266623129,-0.94481817360305,-0.9225631994832242,-0.9372417108304727,-0.9659370877466239,1.0183900943450965,0.963496584517753,0.9581639954914576,-0.9412792362833244,0.9472543393328192
100,0.9244156791193644,-0.925267461302646,-0.9537218164658796,-0.9350431668366499,-0.938956641350914,-0.9220126027935618,-0.9411262816771238,1.0020957961741777,0.9514057035726571,0.9345882061473391,-0.9324180149199335,0.9332994649765247
101,0.9064296962287816,-0.8858378814229142,-0.9388555896798504,-0.9180211722951596,-0.9331627013976764,-0.9141818626988725,-0.928104521866988,0.9512349810742028,0.9346091824759567,0.9221693194999941,-0.9214111519056586,0.9258791721241649
102,0.8935294050520877,-0.8981697664881808,-0.9253493647133625,-0.9000511706319281,-0.9149969955442905,-0.8988086306111391,-0.9173036031364169,0.9438884188930929,0.9176982881811273,0.9128852974432412,-0.913720280533659,0.9185769741182619
103,0.8781370121708052,-0.9458746902932852,-0.9119056685661647,-0.9012519796528006,-0.9112820575742736,-0.8821222682825784,-0.9007989383733064,0.9643269316277152,0.911914272161446,0.8991561981593154,-0.9222749816612091,0.9137154029391298
104,0.8803133724829574,-1.0060737608092543,-0.911780610927586,-0.8949319321745246,-0.8952294357038334,-0.8790155942981823,-0.8961028867513191,0.973086294228265,0.9047250997076055,0.8956917708809946,-0.9122155448304414,0.9121998524096029
105,0.9027873937374598,-1.003802097770916,-0.9372454725831507,-0.910900585469635,-0.8994896856694496,-0.9014028635259441,-0.9159730551768536,0.9790200559899296,0.9255900388520475,0.9158835140901406,-0.9249779328318033,0.9284575762718019
106,0.9044901419609569,-0.9995832949854306,-0.9359011029684313,-0.9182950410192184,-0.9070218076086584,-0.9067674809732261,-0.9156110678643252,1.0000236888923273,0.9232372187762451,0.9189781881090582,-0.9194884340626587,0.9284378937973925
107,0.9073881968843927,-0.9708629837150078,-0.9375268522699528,-0.9256262960940185,-0.9131565675591445,-0.9131569805596903,-0.9182721637834514,1.0344960191267563,0.92364569448385,0.9225873014454063,-0.9201850709622963,0.93064233093125
108,0.9119326176398187,-0.966968704220714,-0.9461558293318754,-0.9134707381108009,-0.898262733679352,-0.9183774739561498,-0.9238389416436822,0.989663152483073,0.9282859785222377,0.9278763806777384,-0.9291298887536438,0.9329451804371549
109,0.921675494892147,-0.9741082166269208,-0.9477659464285749,-0.915809155677763,-0.9134973875563942,-0.9245587943580926,-0.9294644201491885,0.9955969142447376,0.9341680287117438,0.9348695401490589,-0.934870176806658,0.9347166031340046
110,0.9287120173521618,-0.9869268866289724,-0.9435608833313697,-0.9330418184685288,-0.9273005974449889,-0.9273291788905695,-0.9321744332727101,1.021027321794725,0.9406219448918962,0.9411151549872382,-0.9350931006145421,0.9382200835788852
111,0.9255884328627001,-1.0201905239760698,-0.9473595091031941,-0.9207177258858904,-0.9016368516521193,-0.9207795414698581,-0.9332701786511739,1.006899317600286,0.9387919737218277,0.9403033054394183,-0.9359847958460782,0.9345591433387291
112,0.932004749016143,-1.0367412118268218,-0.9536749198514131,-0.9275644439873566,-0.9043293296303884,-0.9288825158827676,-0.9404120904929466,1.0067109442110267,0.9466183682795316,0.9450297166683108,-0.9434248779342084,0.940247378443058
113,0.9265356570400097,-1.0422581077770732,-0.940575132210306,-0.9405626749676773,-0.9213021654934016,-0.9241904773393239,-0.9288969805781984,1.0232878024658347,0.9363901365611126,0.9370076785621294,-0.9390221327284984,0.9385743681182552
114,0.9181459571838383,-1.032197885750145,-0.9360886894262994,-0.9311458042250464,-0.921745231489826,-0.9190980942102622,-0.9227529797060979,0.9649862384901203,0.9278121467014164,0.9290820978279661,-0.9373223386933827,0.931567407228494
115,0.9320836843642523,-1.0224621870144082,-0.9474533023321282,-0.9360543744331739,-0.9348668013839225,-0.9341830781963506,-0.9351192489773315,0.9317383352858772,0.940768996146634,0.9364128581013503,-0.9478554886159039,0.9420778485631359
116,0.9355455632027532,-0.999258771694239,-0.9398560507884792,-0.945808314374647,-0.9568496912065002,-0.9404124399485676,-0.9331429939197452,0.9587699166445693,0.9398703495899039,0.9362762101576579,-0.939440114868281,0.9388696052343969
117,0.9493366961652501,-0.9945531839719665,-0.9498450296699439,-0.9459136484992845,-0.9692555391063734,-0.953655838840813,-0.9451374924375715,0.9550966355540144,0.9497554617139348,0.9465167678202582,-0.9381304374969621,0.945502599110379
118,0.9777759744411435,-1.014511366380225,-0.9756850642412439,-0.9615452325955544,-0.9821726170021201,-0.9820963182031198,-0.9766499555092829,0.9426639918629097,0.9758488899157152,0.9723593054068045,-0.9605621456652946,0.9696136302619456
119,0.9805048821900594,-0.9906589044776727,-0.9701981603486085,-0.9705618336645613,-0.9873871629600344,-0.9833293795268234,-0.9742921462574101,0.9561326891949409,0.9722706427170991,0.9730023545535926,-0.9556020909398746,0.9680390323091902
120,0.9861995037322189,-0.9981229401750688,-0.9726836809153583,-0.9920499950906998,-1.013119072752353,-0.9915284366402812,-0.9809938032596213,0.9823165903019657,0.9831524355676852,0.9778332612688383,-0.9719591253433666,0.9808129582009182
121,0.9825459247625957,-0.9851420085274213,-0.9744344878554585,-0.97633414369472,-0.9933174309121708,-0.9863880121609454,-0.9771978281985148,0.9608420239264196,0.9763717388214491,0.9759041138284739,-0.9594196611498889,0.9781558241556435
122,0.9754981258242796,-0.9895230729585024,-0.968666204276021,-0.9685183516465856,-0.9803321890169742,-0.9798704023070833,-0.9712592795848768,0.9636676247653074,0.9702119251507723,0.9702533194510736,-0.9521189064416863,0.9716999725493466
123,0.9631729350409524,-0.9833571304258701,-0.953690552056235,-0.9726053156825375,-0.9828542569966184,-0.9654900247916828,-0.9574548445044095,0.9873084851173336,0.9569446341677753,0.9592250265836578,-0.9440657838818751,0.9607958817265156
124,0.9757574848252097,-0.9934173524527962,-0.9653052802392211,-0.9760602749706617,-0.9854104069759886,-0.9772121142585795,-0.9705548718415785,0.9825991503858548,0.9717151157547572,0.9697790707053174,-0.9554906290359326,0.9696136302619456
125,0.9862220566888215,-1.0000700799222155,-0.9739811539156111,-0.9773874849410998,-0.9928402829160223,-0.9830891727754525,-0.9768847580903826,0.9747816547315992,0.9767148584158368,0.9781628239565671,-0.9585558313943383,0.9738059973111568
126,0.9766708795676154,-0.9960135387823261,-0.9620068850217115,-0.977619220015303,-0.9897388209410538,-0.9709347111560884,-0.9619454438679349,1.0080295579358423,0.9648690628953044,0.9680589142376591,-0.9533171219090631,0.9663266570355686
127,0.9660484370077854,-1.0146736280258206,-0.9600059628044538,-0.9673807431004959,-0.9759015290527341,-0.9613584686681045,-0.9555959907373727,1.004167903456028,0.9587092492246271,0.9610255641946645,-0.9522582338216138,0.9608155642009251
128,0.9629586819532275,-1.0271677747366807,-0.9687131008904876,-0.9597756193016371,-0.9556909032158525,-0.9624474059409855,-0.9619650107496932,0.9592408501177151,0.9640521114800948,0.9619820998005119,-0.9571904230710485,0.9603038198662793
129,0.9622933697334506,-1.0242470651159616,-0.9621944714795796,-0.9639047169874442,-0.9618938271657895,-0.9622392267564641,-0.9573667935364969,0.9755351482886341,0.9578432807245053,0.9578183565750589,-0.9531777945291356,0.9625279394745464
130,0.9673452320124355,-1.0070473306828267,-0.9600528594189204,-0.9763973441695029,-0.9776056290389802,-0.9694294155141644,-0.9587560421413351,0.9915468863756639,0.9629573965837148,0.9619901379148467,-0.9576362706868164,0.9659723724961989
131,0.9672888496209291,-0.9786515427035976,-0.9658836718176472,-0.9643681871358509,-0.9620983191641383,-0.9678760785219663,-0.9625618006433206,0.9592408501177151,0.9652121824896921,0.9636138370104864,-0.9589459480581354,0.9651653910454118
132,0.9716077408103291,-0.977191187893238,-0.9722147147706881,-0.9684551511718028,-0.9644499771451588,-0.9719115519449965,-0.9710733942081726,0.9507640476010544,0.9695256859619963,0.9693208981882309,-0.9624848635082945,0.9689444261320247
133,0.967807567622789,-0.9901721195408855,-0.9670091905648548,-0.9727949171068854,-0.9753902990568597,-0.972055675995819,-0.9654283488209087,0.9658339187417875,0.965489945970863,0.9663066053126617,-0.9600048361455845,0.9705977539824178
134,0.9613348690778396,-1.0007191265045987,-0.9701199993244972,-0.9568894642865577,-0.9564407072098007,-0.9676518855540203,-0.9647043741958526,0.9535896484399421,0.9666826950370687,0.9646105631880081,-0.9579706563986427,0.9668974487934425
135,0.9540277111385933,-1.009318993721165,-0.9632574614074969,-0.9442283025050776,-0.9550433452210791,-0.9514619505116261,-0.9541284746055018,0.9722386139765978,0.961911698772247,0.9576575942883618,-0.9613145135169032,0.9503641702895113
136,0.9405184901336291,-1.004937929290084,-0.9491259482481171,-0.9494950087369743,-0.9647226331429585,-0.9390512683574663,-0.9449418236199886,1.014905186643801,0.9573367708470756,0.9491532693220893,-0.9663302991942944,0.9390073825552628
137,0.9320160254944444,-0.9984474634662602,-0.9486882465130917,-0.9433856295079744,-0.9461138612931481,-0.9299073980219499,-0.9416252371619601,1.0183900943450965,0.9532846918276382,0.9467177206786295,-0.9581099837785702,0.9346969206595951
138,0.9261297038211628,-0.9817345139699148,-0.9555351522252692,-0.9218342676070531,-0.9026252296441422,-0.9192422182610848,-0.9402164216753636,0.975252588204745,0.9459157900624514,0.9430603786562721,-0.9407219267636143,0.9287724958623531
139,0.9181797866187422,-0.9721610768797738,-0.9445926088496431,-0.9250996254708288,-0.9113502215737236,-0.9106268027785841,-0.9284665091795157,0.9862724314764071,0.933628840777706,0.9342907959169497,-0.927764480430354,0.9233204504509376
140,0.9146051429972282,-0.9783270194124061,-0.9331498349197023,-0.9269956397143118,-0.928118565438387,-0.9110271473642022,-0.9181351956111433,1.007558624462694,0.9247240703519258,0.9251675361468937,-0.9241141030762526,0.9199350648525134
141,0.9242803613797487,-0.9921192592880324,-0.9519866417306022,-0.9273959093879357,-0.9204501155002784,-0.9262402416176885,-0.933984369835351,1.0163179870632462,0.9377135978537519,0.9361717146713048,-0.9273743637665569,0.9314296299076277
142,0.9122934649454605,-0.9947154456175622,-0.9449052529460891,-0.9164411604255907,-0.8967290436917298,-0.9118598641022878,-0.9243378971285187,1.00868886479825,0.9276814344749833,0.9267751590138638,-0.918791797163021,0.9278080546162902
143,0.905008859962817,-0.9932550908072004,-0.9322119026303628,-0.9252260264203944,-0.9198707215049551,-0.9110912024979011,-0.9153469149605884,1.0100074785230628,0.9211131450967014,0.9208430306347437,-0.9253123185436295,0.9294023350434554
144,0.9037571708713721,-1.0247338500527468,-0.9344004113054886,-0.9115957906922455,-0.906408331613609,-0.9178970604534081,-0.920688673680599,0.9793026160738186,0.9271259075126409,0.9257543184933378,-0.9224700399931077,0.9321972464095959
145,0.9141202544302722,-1.0164585061273719,-0.9436859409699484,-0.9190534467166112,-0.9108389915778501,-0.9182173361219025,-0.9275859995003932,0.9763828285403011,0.9371253928348011,0.9300386334338134,-0.9308854137407306,0.9368816753190432
146,0.9121017648143382,-0.973945954981325,-0.9295544278105677,-0.9364125104569432,-0.9313904374119804,-0.9134452286613353,-0.9231051835777467,0.9960678477178834,0.9298708642677438,0.9241547337407023,-0.9351488315665131,0.9328074031162886
147,0.9122032531190502,-0.9982852018206645,-0.9336031688595496,-0.9292076563317083,-0.9248466934647945,-0.9089773830858378,-0.9255021265931361,0.9671525324666004,0.9375828856273183,0.9221853957286639,-0.9343407327629334,0.9296188422619591
148,0.9169393740055987,-0.9870891482745682,-0.9458431852354285,-0.9171574324731288,-0.9164625215324629,-0.9133331321773622,-0.9374281410248086,0.897077631662189,0.9480071856853872,0.9270966835872579,-0.9343964637149045,0.9336537495158947
149,0.919172116709257,-0.9328937586456378,-0.9378394963663996,-0.9274169762128633,-0.9382409193566907,-0.920203045266568,-0.9327320894028215,0.9622548243458622,0.9376319027122308,0.9290901359423009,-0.9330867863435856,0.9338702567343985
150,0.9110417758540156,-0.8916793006643571,-0.9378863929808662,-0.9337791573409946,-0.9502718652595894,-0.9187457909749184,-0.9273120631557776,0.9821282169127065,0.9308185279093865,0.925521213177627,-0.9158101912325719,0.9260366319194406
151,0.9072754321013794,-0.8811322937006416,-0.9560979115988735,-0.9272695084383701,-0.9396723633451372,-0.9145822072844906,-0.933064726392712,0.9383314039099471,0.9417820159014935,0.9265099012408139,-0.9162560388483398,0.9221001370375521
152,0.9153155611302105,-0.9646970411823755,-0.9600841238285651,-0.9337370236911393,-0.936264163372645,-0.9045896064274639,-0.9328299238116124,0.9757235216778934,0.9467490805059652,0.9242994197987299,-0.921327555477702,0.9232810855021187
153,0.9291292470493102,-0.9818967756155084,-0.9579737761775515,-0.9464192522975465,-0.9327877994007018,-0.9204272382345142,-0.9436406259830629,1.032800658623422,0.9491999347515924,0.9375301559938946,-0.9253959149715859,0.9271585329607789
154,0.9552906767083396,-1.0052624525812754,-0.9697135619991164,-0.9593753496280125,-0.9345600633863979,-0.9504690959392933,-0.9708777253905903,1.0402414074991588,0.9662742193294642,0.965149116848443,-0.9501683231227008,0.948002273360378
155,0.9550651471423135,-1.0102925635947395,-0.9669622939503882,-0.9689607549700648,-0.937968263358891,-0.9616146892028999,-0.9793991023963217,1.0372274332710143,0.9643625530178747,0.9719172091183877,-0.9451804029212953,0.9594771559410827
156,0.9614250809042499,-0.934678636747189,-0.9767793185788067,-0.984655539541117,-0.9706529010950949,-0.9693813741638904,-0.9839973196095174,1.0652950682706301,0.9744273944532517,0.981788013521585,-0.9543760099965123,0.9787462983879268
157,0.9573542722374786,-0.9067696337047472,-0.980796795218144,-0.9797680361579166,-0.9737884450697885,-0.9636324259144149,-0.9770902103488444,1.0565357056700777,0.9711595887924149,0.9764587437175787,-0.9499453993148168,0.9755774200080065
158,0.9573655487157798,-0.9186147338332266,-0.9810469104953013,-0.967106874376437,-0.9600874811803676,-0.959709048975358,-0.973235534642463,1.0126447059726913,0.9679898173014033,0.9686296203554337,-0.9491930314632081,0.9664447518820255
159,0.9702658398924738,-0.9320824504176612,-0.9701668959389638,-0.9763130768697924,-0.9708573930934447,-0.9550330242153391,-0.9631585905369485,1.0363797530193473,0.9626306160176313,0.9631315501503953,-0.9437313981700489,0.9648111065060417
160,0.9814521063673691,-0.9377616080135062,-0.9601779170574991,-0.971804776335289,-0.9484996012738934,-0.957979560365488,-0.9589419275180388,0.9867433649495555,0.9602614569135246,0.9584614057218469,-0.9380747065449913,0.960599056982421
161,0.9759266319997293,-0.8786983690167074,-0.9609595272986152,-0.9449656413775432,-0.9115887955717983,-0.9517822261801204,-0.9565156341800116,0.8957590179373761,0.9588072833944522,0.9511467216771324,-0.9381583029729477,0.954674632185179
162,0.9582902199364869,-0.8001637325484375,-0.9434358256927909,-0.9434066963329021,-0.9162580295341131,-0.9396277645607563,-0.9422024601738291,0.8963241381051542,0.9482849491665581,0.9366379253027262,-0.9457098469650199,0.9602644549174607
163,0.9230399487666051,-0.7678736650749147,-0.9155479722897658,-0.9453027105763844,-0.9368435573679683,-0.9220126027935618,-0.9158947876498204,0.9380488438260606,0.925426648569006,0.9128772593289063,-0.9303281042210205,0.9480810032580158
164,0.9069371377523402,-0.8040580120427313,-0.9191902760133678,-0.9318199426227287,-0.9340147513907995,-0.9143420005331198,-0.9129499719451991,0.9378604704368012,0.9207373474457052,0.9086331349601049,-0.9180394293114122,0.9377280217186492
165,0.8898194436909581,-0.8858378814229142,-0.9102486548549985,-0.915493153303849,-0.9408652333355099,-0.9080005422969297,-0.9107584811882715,0.9452070326179084,0.919658971577629,0.9006754017686022,-0.9042460186985869,0.9286544010158964
166,0.8807644316150096,-0.9452256437109045,-0.884080343982429,-0.9158934229774734,-0.9405925773377102,-0.9004100089536113,-0.8986954985842914,0.9905108327347375,0.9056727633492482,0.8880716384915558,-0.8928211735445293,0.9167858689470029
167,0.906779267056122,-0.939708747760653,-0.8940693228638936,-0.9183371746690736,-0.9381727553572409,-0.9133331321773622,-0.9129988891495946,1.0058632639593623,0.9069798856135828,0.9009085070843129,-0.9070604317731229,0.9182620545277108
168,0.9416123085288557,-0.9169921173772689,-0.9132500381808841,-0.9228876088534324,-0.9296863374257343,-0.9385228135044504,-0.9396489821043734,0.9785491225167812,0.9273873319655077,0.9306334538945924,-0.9291577542296293,0.9305636010336122
169,0.9498328612105076,-0.9059583254767684,-0.9171893537961101,-0.9319463435722944,-0.9349349653833724,-0.9440475687859796,-0.9497454930916467,1.0304459912576827,0.9339392823154854,0.9424655581954933,-0.9389664017765275,0.9262728216123539
170,0.9497313729057959,-0.9187769954788223,-0.9322431670400074,-0.9379714555015845,-0.9409674793346847,-0.9443838582378988,-0.9580418509571575,1.0286564440597212,0.9469288098173109,0.9503509483579823,-0.9428397029385128,0.9269813906910936
171,0.9560913066677323,-0.8986565514249658,-0.9592399847681596,-0.9485470016152331,-0.9505104392576642,-0.9458571263129731,-0.9695178271083896,0.9770421354027089,0.9650487922066501,0.9612827838533797,-0.9489701076553241,0.9461718032402999
172,0.9640073944352491,-0.8967094116778189,-0.965914936227292,-0.9646631226848369,-0.9567474452073252,-0.943326948531867,-0.9592452141852922,0.9471849532051291,0.9594935225832277,0.9568537828548769,-0.9428954338904838,0.9493603640946294
173,0.9656988661804449,-0.876426705978369,-0.9636951631425223,-0.9753440029231236,-0.9620642371644135,-0.9478268216742142,-0.9472898494309825,0.8968892582729296,0.9441348359772955,0.9495792893818364,-0.9424495862747156,0.946841007370221
174,0.9669167258369858,-0.8923283472467379,-0.9619599884072441,-0.9646631226848369,-0.9563384612106257,-0.954984982865065,-0.9431221036164682,0.8508319645990632,0.9388409908067402,0.9454798510710625,-0.9443165731657446,0.9391845248249481
175,0.969205850932151,-0.8821058635742162,-0.9517677908630894,-0.9602180226251162,-0.9648248791421323,-0.9484513592277782,-0.9408229950098703,0.882290320605345,0.9409650644862839,0.9420073856784067,-0.9417529493750781,0.9332010526044776
176,0.947081400504989,-0.900603691172115,-0.926662469918438,-0.9420794863624639,-0.9650634531402071,-0.9286743366982462,-0.9218822534678544,0.9032939535077427,0.9206883303607927,0.9193318651397918,-0.9251172602117309,0.9165103143052706
177,0.9351621629405087,-0.9582065753585519,-0.9253806291230071,-0.9189059789421185,-0.9488063392714171,-0.9177849639694351,-0.9196711958291686,0.8889775759240444,0.9187930030775073,0.913110364644617,-0.9221913852332527,0.9111763637403116
178,0.943687180536296,-0.9763798796652592,-0.9298670719070146,-0.9098683110481834,-0.9348327193841975,-0.924478725440969,-0.9308047515496307,0.8937810973501529,0.9279755369844584,0.9208912593207529,-0.9215226138096005,0.9231826731300714
179,0.9395036070865115,-1.0046134059988925,-0.9289447718224969,-0.9206755922360358,-0.941649119329183,-0.9266085586364571,-0.9372618225298635,0.9030113934238536,0.9356875583440329,0.927635237247693,-0.9252008566396873,0.9313902649588088
180,0.9443073868428679,-1.0229489719511955,-0.9393558202341643,-0.9276276444621394,-0.9430805633176295,-0.9322934517522334,-0.9472604991083448,0.9116765693297764,0.9424028989770522,0.9386394157721041,-0.9321114946840928,0.93981436400605
181,0.9535766520065411,-1.016945291064159,-0.953096528272987,-0.934074092889981,-0.9546002792246546,-0.9375139451486929,-0.955361188156273,0.9173277710075493,0.9517488231670452,0.942264605337122,-0.9444837660216575,0.9383972258485704
182,0.9417589027467727,-1.0130510115698652,-0.9351038605224925,-0.9354013028604186,-0.9544639512257549,-0.9287864331822193,-0.9415371861940475,0.9380488438260606,0.9382037687028769,0.9268394639285427,-0.9353438898984117,0.9251312380966061
183,0.9458184349352428,-0.980923205741936,-0.9392932914148749,-0.9446917726534844,-0.9591672671877947,-0.9327578514715503,-0.9452255434054836,0.94256980516828,0.9463569438266644,0.9294840035447086,-0.9398302315320782,0.9324924835257375
184,0.9478594775077791,-0.9208863968715649,-0.9464215768138546,-0.9329364843438914,-0.9424330053228561,-0.9389231580900685,-0.9490313019074695,0.9150672903364396,0.9554577825920945,0.9316944849867926,-0.9365978363177594,0.9403457908151049
185,0.9346659978952513,-0.8749663511680094,-0.9329466162570123,-0.9164200936006631,-0.9320039134070287,-0.926784710254129,-0.935843223602388,0.9224138525175494,0.9428113746846567,0.9221130526996502,-0.9173149269357892,0.9324334361025092
186,0.9285203172210396,-0.8704230250913326,-0.9207065998811326,-0.9239830837496668,-0.9387862313522892,-0.9227172092642496,-0.9302275285377611,0.950575674211795,0.9381710906462686,0.9190424930237371,-0.914221859101398,0.9292251927737701
187,0.9365604462498707,-0.9077432035783195,-0.9375268522699528,-0.9295236587056218,-0.9417172833286329,-0.9317810106826423,-0.9445700528665814,0.9514233544634595,0.9561276827525662,0.9322250005328929,-0.9297707947013105,0.9373737371792792
188,0.9332338851509854,-0.9046602323120045,-0.9376831743181763,-0.9232668117021287,-0.9300271574229829,-0.9265124759359087,-0.9429753520032812,0.944453539060871,0.9537748626767637,0.9308263686386288,-0.9241698340282237,0.9375902443977833
189,0.929749453355882,-0.8809700320550459,-0.926568676689504,-0.9309351359757704,-0.9437622033121287,-0.9221246992775348,-0.9350507648911777,0.9793968027684483,0.9447720580811588,0.9241547337407023,-0.9218569995214265,0.9423140382560492
190,0.9449501461060421,-0.8861624047141057,-0.9399654762222351,-0.9399306702198502,-0.9459775332942483,-0.9376580691995154,-0.9507238371795607,0.9566036226680866,0.9570426683376004,0.9359225331269243,-0.9336998268152668,0.9536314610414786
191,0.9577151195431204,-0.889732160917208,-0.9551287148998893,-0.9442915029798604,-0.9383090833561397,-0.9448962993074899,-0.960194207950569,0.9202475585410668,0.9658330655652508,0.9469186735370008,-0.9330589208676002,0.9589457291320278
192,0.9553696120564488,-0.9200750886435861,-0.9502202025856792,-0.9581956074320677,-0.94529589329975,-0.9433429623152918,-0.9572396088050683,0.9426639918629097,0.9644932652443078,0.946042519074502,-0.9291577542296293,0.9581584301556502
193,0.9579744785440504,-0.9455501670020959,-0.948547556669691,-0.962177237343382,-0.9520782112450105,-0.9445920374224201,-0.9552437868657238,0.9517059145473485,0.9646076384424372,0.9440892572911332,-0.9316099161163538,0.9569577992166743
194,0.9666911962709599,-0.9380861313046976,-0.9601310204430326,-0.9505062163334983,-0.9499651272620648,-0.9496363792012077,-0.9642152021518956,0.9287243610577302,0.9703753154338137,0.9502866434433034,-0.9348144458546869,0.9573317662304536
195,0.9648644067861483,-0.9528519410538963,-0.9554413589963352,-0.9476200613184189,-0.9590650211886207,-0.9466578154842094,-0.9591180294538635,0.925710386829583,0.9642645188480494,0.944844840038609,-0.9365421053657885,0.9450695846733711
196,0.9520994333490701,-0.9716742919429866,-0.9378394963663996,-0.9379082550268016,-0.9635979271520357,-0.9332222511908673,-0.940226205116243,0.9366360434066154,0.9404258765522463,0.930167243263171,-0.9225815018970499,0.9241274319017247
197,0.958030860935557,-1.0185679075201144,-0.9509861806219734,-0.9291233890319979,-0.9587242011913711,-0.9421579423418625,-0.947671403625269,0.9109230757727389,0.9421904916090981,0.9352071409511228,-0.9338112887192088,0.9210176009450327
198,0.9531481458310915,-1.037877043345992,-0.9428886985240095,-0.9143344779328316,-0.947034075285721,-0.9330460995731954,-0.9378879627461285,0.8818193871321965,0.9273546539088993,0.9273217507886338,-0.9286840411378756,0.9086373245414938
199,0.9503741321689703,-1.072601035503449,-0.9330091450763016,-0.9252260264203944,-0.9631548611556112,-0.9314767487975726,-0.9317635287557864,0.8962299514105245,0.9230901675215077,0.921687032639903,-0.9355946791822811,0.9070627265887382
200,0.9565423657997845,-1.0748726985417876,-0.9427792730902536,-0.9200435874882081,-0.9553841652183278,-0.9324535895864807,-0.9400598866212977,0.8897310694810818,0.9303937131734777,0.928069295421775,-0.9446788243535561,0.9109992214706267
201,0.9491901019473331,-1.0669218779076042,-0.9375737488844195,-0.9096576427989074,-0.9467614192879223,-0.9239822981548026,-0.932428802735568,0.884456614581825,0.923760067681979,0.9214941178958667,-0.9388270743966,0.9020043306655117
202,0.9467092767210459,-1.0534541613231694,-0.9286633921356957,-0.9138710077844249,-0.9611440231718404,-0.9194343836621814,-0.9265489547672044,0.9163859040612551,0.9264560073521693,0.9158674378614708,-0.9357897375141796,0.8998589409548825
203,0.9519641156094545,-1.071465203984281,-0.9327902942087889,-0.9176419694464631,-0.9661199951316799,-0.9264804483690593,-0.9282317065984167,0.9070614212929247,0.9284493688052797,0.9204893536040104,-0.9349537732346146,0.9047992420316525
204,0.9591246793307836,-1.0552390394247206,-0.9465935310668999,-0.9177894372209559,-0.9649612071410322,-0.9386349099884235,-0.9366063319909607,0.8925566703199697,0.9360306779384207,0.9270082643295745,-0.9409448505714983,0.9134595307718071
205,0.9631842115192537,-1.027654559673468,-0.9463277835849206,-0.9370655820296979,-0.9724933290802409,-0.9462574708985914,-0.9365769816683235,0.9056486208734821,0.9343804360796983,0.9317989804731458,-0.9411120434274114,0.9243045741714097
206,0.9536217579197463,-0.9715120302973909,-0.9358542063539639,-0.9498742115856713,-0.9782872690334784,-0.9407487294004868,-0.9305112483232563,0.9059311809573711,0.9282042833807168,0.9273297889029686,-0.9359011994181218,0.9252296504686535
207,0.9584593671110065,-0.9092035583886814,-0.9378863929808662,-0.9475147271937815,-0.9645522231443336,-0.9407807569673362,-0.9340039367171094,0.8851159214442327,0.9312760207019035,0.9315658751574352,-0.9354274863263681,0.9256626649056611
208,0.9628571936485159,-0.8733437347120541,-0.939387084643809,-0.950737951407702,-0.9643818131457088,-0.9376420554160907,-0.9385434532850307,0.9122416894975518,0.9414715743637136,0.9373613555928628,-0.9305510280289047,0.9262925040867633
209,0.9566438541044964,-0.8705852867369284,-0.9354790334382286,-0.9628092420912091,-0.9699712611005966,-0.9345033538648451,-0.9436112756604257,0.961312957399568,0.9437590383262994,0.94128395538827,-0.9276251530504265,0.9267255185237709
210,0.9562942832771558,-0.8670155305338239,-0.9496105465976092,-0.9592910823283021,-0.9391952153489886,-0.9472663392543489,-0.9669643490389339,0.9454895927017974,0.9586765711680186,0.9586945110375575,-0.9382976303528752,0.9365273907796732
211,0.9557304593620906,-0.9043357090208131,-0.9513300891280648,-0.9600073543758402,-0.9392292973487136,-0.9616947581200236,-0.9756618279804901,0.9589582900338287,0.962728650187456,0.9664593294850239,-0.9547382611843238,0.9437508588879385
212,0.9348576980263735,-0.8616608962291704,-0.9252243070747846,-0.9498742115856713,-0.9384113293553146,-0.9450884647085865,-0.9509684232015392,0.9843886975838161,0.9384325150991357,0.9448287638099394,-0.9412513708073389,0.9312131226891239
213,0.9317792194501171,-0.8783738457255159,-0.9215663711463608,-0.9485680684401607,-0.9422966773239563,-0.937049545429376,-0.9370563702714015,0.9662106655203062,0.9321256501737211,0.9330931168810568,-0.9362355851299478,0.9383578608997515
214,0.9272799046078959,-0.8777247991431351,-0.9293043125334103,-0.9361597085578119,-0.9358892613756704,-0.9311244455622287,-0.9311373885395213,0.9468082064266103,0.9300832716356979,0.9230856645341672,-0.9356225446582667,0.9422353083584116
215,0.9246412086853903,-0.8788606306623032,-0.923113959423771,-0.9371709161543359,-0.9537482292315316,-0.9248470424597375,-0.9235063046537917,0.9891922190099246,0.9260965487294773,0.9159638952334891,-0.9319164363521942,0.9440264135296708
216,0.9210552885855752,-0.88340395673898,-0.9224730390260555,-0.9392565318221674,-0.9482610272758187,-0.9264003794519355,-0.9227334128243396,0.9887212855367762,0.9258351242766105,0.9158835140901406,-0.9330867863435856,0.9465064053052605
217,0.9287683997436683,-0.8326160616675584,-0.9280068395331574,-0.9292497899815635,-0.9311859454136305,-0.9272651237568706,-0.9296111717623755,0.9316441485912476,0.9289558786827095,0.9214378510955227,-0.9384090922568173,0.9470575145887249
218,0.9348351450697708,-0.7787451953298196,-0.9301484515938158,-0.9308298018511323,-0.9213703294928515,-0.9297472601877026,-0.9283491078889664,0.9134661165277377,0.9265703805502986,0.9238975140819871,-0.9396351732001796,0.9509940094706132
219,0.938342129821477,-0.7811791200137537,-0.9278036208704675,-0.9420373527126087,-0.9312200274133555,-0.9318290520329165,-0.9259325979918188,0.9450186592286491,0.9285800810317133,0.9265742061554925,-0.9363749125098753,0.9523324177304555
220,0.9459311997182558,-0.8274236890084985,-0.9451397360184246,-0.9399728038697048,-0.9285616314348115,-0.9383947032370525,-0.9397468165131648,0.9285359876684708,0.9422721867506185,0.9375462322225643,-0.9354832172783392,0.9589260466576184
221,0.9513100798679787,-0.8765889676239648,-0.9591774559488703,-0.9404362740181123,-0.9325151434029031,-0.9435191139329637,-0.9531305636358295,0.8978311252192265,0.9571243634791214,0.9488799734347043,-0.9430626267463968,0.9611501662658853
222,0.9466980002427445,-0.9875759332113555,-0.953690552056235,-0.9526128988262574,-0.9491812412683917,-0.9412931980369273,-0.9482094928736214,0.9545315153862363,0.9575491782150303,0.9471839313100509,-0.9328359970597161,0.9566035146773043
223,0.9393570128685945,-0.9922815209336281,-0.9616473443107981,-0.961187096571785,-0.9640069111487343,-0.9440475687859796,-0.9529348948182464,0.9897573391777027,0.9620097329420721,0.9494265652094743,-0.9312197994525567,0.9575876383977764
224,0.9414995437458427,-0.9703761987782228,-0.9735590843854084,-0.9563838604882952,-0.9581107251963228,-0.9462254433317419,-0.9609866666617793,0.981374723355669,0.966176185159639,0.9540645571806834,-0.9386598815406869,0.959752710582815
225,0.9468897003738668,-0.9236448448466884,-0.972605519891247,-0.9718679768100718,-0.9752198890582349,-0.9535277285734152,-0.9642249855927745,1.039770474026013,0.9641011285650075,0.95964300852907,-0.9494159552710922,0.9656771353800573
226,0.9497313729057959,-0.900603691172115,-0.9732151758793169,-0.9679495473735408,-0.9680285871162758,-0.95642622337329,-0.9656729348428872,1.0649183214921114,0.9610947473570379,0.9647874017033747,-0.9494716862230633,0.9609336590473816
227,0.9545238761838508,-0.96826679738548,-0.9734340267468297,-0.9607236264233783,-0.9502377832598645,-0.9595649249245355,-0.9709364260358652,1.0577601327002637,0.9615195620929466,0.9637183324968397,-0.9534843147649761,0.9568593868446271
228,0.9524151747415067,-0.9703761987782228,-0.971120460433126,-0.9542350443456814,-0.9395019533465124,-0.950421054589019,-0.967786158072782,1.0359088195461987,0.9650487922066501,0.9586141298942092,-0.9518123862058459,0.9443413331202218
229,0.9367295934243902,-0.969564890550244,-0.9583645812981095,-0.9501480803097296,-0.9367072293690685,-0.9267366689038548,-0.9495596077149432,1.0519205576332287,0.9544120847806271,0.9430201880845981,-0.9344521946668753,0.9322956587816432
230,0.9314522015793791,-0.974595001563708,-0.9656335565404907,-0.9356751715844775,-0.9256987434579177,-0.9212279274057503,-0.9507336206204395,1.0064283841271378,0.9597712860643991,0.9417099754480172,-0.927262901862615,0.9367438979981773
231,0.926840121954145,-0.9742704782725166,-0.9612252747805954,-0.9318831430975115,-0.9311177814141807,-0.9200268936488962,-0.9456168810406491,0.9805270431040018,0.9565851755450834,0.9389770165741679,-0.9239469102203397,0.9402670609174674
232,0.923333137202439,-0.949931231433177,-0.946781117524768,-0.942922159359567,-0.9535778192329069,-0.92556766271385,-0.9400501031804183,0.9846712576677051,0.9479581686004745,0.9363807056440109,-0.9282103280461221,0.9414676918564432
233,0.9157553437839614,-0.9215354434539458,-0.9383709913303583,-0.9293761909311291,-0.9442734333080021,-0.9185215980069722,-0.9338669685448018,0.9561326891949409,0.937321461174451,0.9294518510873692,-0.9252565875916584,0.9365470732540826
234,0.9104553989823477,-0.9142336694021455,-0.9459213462595407,-0.9242569524737251,-0.944341597307452,-0.918137267204779,-0.9343952743522753,0.9404976978864297,0.944625006826421,0.9257221660359983,-0.9404154065277738,0.9386727804903026
235,0.9073769204060913,-0.9387351778870807,-0.933665697678839,-0.9278804463612701,-0.9523167852430852,-0.9140697662148994,-0.9226844956199441,0.977324695486598,0.9359163047402913,0.9197900376568783,-0.930244507793064,0.9392435722481765
236,0.9142555721698878,-0.9517161095347282,-0.9326496043653882,-0.9292708568064911,-0.9426715793209308,-0.9244627116575442,-0.9288187130511651,0.9726153607551166,0.9345438263627398,0.9261240717527408,-0.9309411446927015,0.9385546856438458
237,0.9344855742424304,-0.9591801452321265,-0.9525494011042055,-0.9284071169844598,-0.9315267654108802,-0.9374018486647198,-0.9447852885659221,0.9775130688758547,0.9458504339492351,0.9441214097484727,-0.9311919339765712,0.9469000547934492
238,0.949111166599224,-0.9616140699160584,-0.9631636681785629,-0.9434909636326119,-0.9372866233643928,-0.9486435246288749,-0.9538251879382483,1.0069935042949159,0.9536441504503301,0.9565563726244872,-0.9337555577672377,0.9519190857678571
239,0.9453335463682866,-0.9702139371326269,-0.9571140049123241,-0.955836123040178,-0.950680849256288,-0.9470421462864027,-0.9473876838397739,1.033648338875089,0.9479418295721703,0.9527543445441027,-0.9304117006489769,0.94652608777967
240,0.9392104186506776,-0.9674554891575012,-0.9545815877311078,-0.9369602479050604,-0.9243354634689201,-0.9394355991596596,-0.9425448806045992,0.9988934485567712,0.9417329988165809,0.9482047718305768,-0.9236125245085135,0.9458765661241583
241,0.9325798494095098,-0.9672932275119055,-0.9540188283575036,-0.9336527563914289,-0.9235515774752471,-0.9343432160305979,-0.9373694403795338,0.9842003241945567,0.9390860762313028,0.9425620155675115,-0.9267055923429046,0.9412511846379393
242,0.9278211755663587,-0.9768666646020465,-0.9443581257773085,-0.9437226987068156,-0.942603415321481,-0.9332382649742921,-0.9313037070344666,0.9966329678856615,0.9363901365611126,0.9377712994239401,-0.9279038078102815,0.9390467475040818
243,0.9336285618915312,-0.9679422740942886,-0.9501889381760344,-0.9415949493891295,-0.9418195293278078,-0.9375299589321177,-0.9364889307004114,0.981374723355669,0.9422231696657064,0.9423047959087962,-0.934925907758629,0.9421959434095927
244,0.9476001185068491,-0.9617763315616541,-0.9555820488397366,-0.9415317489143467,-0.9416832013289079,-0.9464816638665374,-0.9467517601826294,0.9784549358221515,0.9497718007422389,0.9521997146549979,-0.9380747065449913,0.9482187805788821
245,0.961278486686333,-0.9595046685233157,-0.9575517066473488,-0.9629567098657024,-0.968778391110224,-0.9581717257665846,-0.9535903853571487,1.0247006028852774,0.9599183373191369,0.9623277387169104,-0.948579990991527,0.9583946198485634
246,0.969352445150068,-0.9729723851077504,-0.9623507935278021,-0.9664538028036818,-0.9688465551096739,-0.9627196402592059,-0.9586875580551809,1.0252657230530555,0.9643298749612662,0.9678097326932787,-0.9528434088173094,0.9604219147127361
247,0.9745621781252712,-0.9778402344756187,-0.9711048282283034,-0.9568051969868473,-0.9570882652045749,-0.9653779283077097,-0.9627379025791453,1.0004946223654758,0.9664049315558974,0.971370617343618,-0.9564659206954251,0.9621146075119482
248,0.9599816916816828,-0.9924437825792238,-0.9583802135029323,-0.9542982448204643,-0.952453113241985,-0.9547287623302694,-0.951946767289453,1.0012481159225106,0.957532839186726,0.959369712641685,-0.9499175338388313,0.9532181290788801
249,0.96418781808807,-1.0010436497957902,-0.9587241220090238,-0.9617348340199023,-0.9634275171534109,-0.9585880841356275,-0.9530522961087963,1.0118912124156538,0.9581537222622847,0.960350362590537,-0.9530384671492079,0.9563279600355722
250,0.9651914246568861,-1.0046134059988925,-0.9652583836247546,-0.9510960874314708,-0.9483291912752686,-0.9593887733068637,-0.9580222840753997,0.9764770152349308,0.9599510153757448,0.9631235120360605,-0.9510321528782516,0.9552257414686434
251,0.9674467203171473,-0.9982852018206645,-0.9694009179026705,-0.9555201206662643,-0.9550092632213542,-0.9640327705000331,-0.961348653974307,0.9778898156543734,0.963333194234711,0.9657198229662176,-0.9543202790445414,0.9585520796438391
252,0.969871163151928,-0.9864401016921851,-0.9651489581909987,-0.9682444829225267,-0.9755607090554844,-0.966338755313193,-0.9622682974169466,0.9823165903019657,0.965195843461388,0.9657921659952313,-0.9608129349491642,0.963846665259979
253,0.9723519883782152,-0.9856287934642086,-0.9740749471445451,-0.9611028292720747,-0.9693577851055483,-0.9698778014500566,-0.9708483750679525,0.9600885303693822,0.9726954574530078,0.9708561780261874,-0.9636273480237002,0.9663463395099782
254,0.9741336719498216,-0.9977984168838772,-0.9791554137117997,-0.9557939893903227,-0.9598148251825689,-0.9749381570122689,-0.9749378533554335,0.9399325777186516,0.9732836624719585,0.9735489463283625,-0.9622062087484395,0.9676257003465921
255,0.9694539334547797,-0.9966625853647091,-0.9721052893369321,-0.9655268625068683,-0.9767876610455821,-0.9740894264907586,-0.9672382853835501,0.9729921075336353,0.967597680622103,0.9672872552615135,-0.9561872659355702,0.9694561704666701
256,0.9668377904888769,-0.9955267538455388,-0.9714018401199273,-0.9624089724175852,-0.9711641310909693,-0.9729524478676033,-0.96632842538179,0.9711083736410443,0.966012794876597,0.9661619192546343,-0.9516451933499326,0.968786966336749
257,0.9682135208416361,-0.9830326071346787,-0.9775140322054562,-0.9511803547311812,-0.9608372851743168,-0.9721677724797919,-0.9690384385053116,0.9467140197319807,0.9705223666885515,0.9701970526507296,-0.9581657147305412,0.9653228508406873
258,0.9602748801175168,-0.9856287934642086,-0.9663526379623174,-0.9539190419717679,-0.9680285871162758,-0.9635363432138666,-0.9607616475215586,0.9803386697147425,0.9672382219994106,0.9634048460377803,-0.9618996885125989,0.9579025579883275
259,0.9474196948540282,-0.980923205741936,-0.9523774468511602,-0.9465035195972569,-0.9640409931484593,-0.9475866149228432,-0.9466147920103218,0.9936189936575143,0.95594795344122,0.9535340416345831,-0.9529548707212515,0.9427273702186476
260,0.9426610210108771,-0.9893608113129067,-0.9572859591653694,-0.9287231193583739,-0.946216107292323,-0.9396918196944551,-0.9451766262010881,0.9842003241945567,0.9555558167619197,0.9513476745355036,-0.9545153373764399,0.9367045330493583
261,0.929196905919118,-0.9791383276403849,-0.950329628019436,-0.9257316302186565,-0.9422625953242313,-0.9273131651071448,-0.9369781027443683,0.9935248069628846,0.9503763447894938,0.941991309449737,-0.9569117683111933,0.9296582072107781
262,0.912530270989788,-0.9674554891575012,-0.9324620179075203,-0.9317356753230189,-0.9410697253338596,-0.9118118227520137,-0.9195048773342233,1.0258308432208334,0.9325014478247172,0.9274101700463172,-0.9421430660388752,0.9202303019686551
263,0.9017161282988357,-0.9471727834580513,-0.9314615567988914,-0.9162304921763146,-0.9111116475756488,-0.900602174354708,-0.9130673732357488,0.9988934485567712,0.9234006090592871,0.9201999814879557,-0.9274858256704989,0.9151522235710191
264,0.9059109782269215,-0.949931231433177,-0.935838574149142,-0.9124173968644217,-0.8918553177310661,-0.9027640351170455,-0.9214028648647763,0.9748758414262263,0.9256390559369602,0.9261481860957455,-0.9186246043071079,0.9155852380080267
265,0.901095921992264,-0.9405200559886319,-0.924505225652957,-0.9156827547281974,-0.905522199620761,-0.8952695844742755,-0.9126173349553085,1.0091597982713958,0.9176492710962147,0.9196694659418554,-0.9089831496161228,0.9106055719824377
266,0.9051780071373366,-0.9608027616880818,-0.9275691377981329,-0.9134918049357285,-0.9087259075949045,-0.9004420365204608,-0.9144761887223449,0.9934306202682549,0.9187766640492031,0.9204652392610058,-0.9082029162885287,0.9178487225651126
267,0.9137594071246303,-0.9930928291616046,-0.9412004204031986,-0.91871637751777,-0.9157467995382387,-0.9124363603055777,-0.9246803175592886,0.9811863499664096,0.9301159496923063,0.9280853716504447,-0.9180951602633833,0.9293236051458175
268,0.8986376497225792,-0.9791383276403849,-0.9244583290384905,-0.9137656736597868,-0.9114183855731735,-0.8951574879903025,-0.9097703536594782,0.9976690215265879,0.9166362513413552,0.9101523385693917,-0.9104042888913837,0.9197185576340097
269,0.8911162386956083,-1.0047756676444881,-0.9209567151582899,-0.910289647546735,-0.9066809876114087,-0.8892644156900047,-0.9038905056911151,0.9984225150836228,0.9124861381520926,0.9044292011629779,-0.9172591959838181,0.918537609169443
270,0.893281322529459,-1.0261942048631085,-0.9283038514247823,-0.8967647459432241,-0.8960133216975066,-0.8969350179504466,-0.911492239254207,0.9490686870977201,0.9200184302003214,0.9097825853099887,-0.9277087494783829,0.9237140999391263
271,0.8882632896853779,-1.0140245814434377,-0.9248335019542265,-0.8940681923524932,-0.9049087236257126,-0.8973033349692152,-0.9130086725904739,0.9414395648327238,0.9211131450967014,0.9104336725711116,-0.92617614829918,0.9246391762363702
272,0.8933038754860616,-0.9616140699160584,-0.9243801680143792,-0.9166307618499385,-0.912645337563271,-0.9005060916541596,-0.9158263035636666,1.0012481159225106,0.9209497548136594,0.9150234358563115,-0.9245878161680062,0.9274144051281016
273,0.91850680448948,-0.9298107873793229,-0.9404344423669053,-0.9370445152047708,-0.9235174954755221,-0.9191781631273859,-0.9366845995179938,0.9947492339930705,0.9369946806083675,0.9348936544920635,-0.9334211720554118,0.9329845453859735
274,0.9200178525818551,-0.8991433363617531,-0.9442799647531964,-0.9335684890917184,-0.9242332174697453,-0.9234218157349373,-0.9409403963004201,0.9762886418456714,0.9392167884577364,0.9368549543897671,-0.9280710006661944,0.9319610567166826
275,0.9285203172210396,-0.8991433363617531,-0.9485788210793357,-0.9430485603091328,-0.9364345733712688,-0.9227011954808249,-0.9391402431786581,0.9948434206877002,0.9446576848830295,0.9379481379393069,-0.920993169765876,0.9326105783721943
276,0.9375527763403856,-0.9434407656093533,-0.9641641292871918,-0.9412578801902878,-0.9234834134757971,-0.922396933595755,-0.951946767289453,0.9711083736410443,0.9599019982908327,0.9458094137587912,-0.9254795113995425,0.937098182537547
277,0.9538021815725672,-1.011103871822716,-0.9793742645793124,-0.9493686077874087,-0.9249489394639695,-0.9322934517522334,-0.9648511258090396,0.9994585687245492,0.9696563981884299,0.9588070446382456,-0.9340342125270927,0.9423927681536871
278,0.9344630212858278,-0.9573952671305731,-0.9600841238285651,-0.9540243760964053,-0.9355825233781457,-0.9255036075801512,-0.9514771621272544,1.024418042801391,0.9491509176666798,0.9446278109515681,-0.9274579601945134,0.9354448546871539
279,0.9304260420539603,-0.942304934090183,-0.9532372181163875,-0.95564652161583,-0.9496924712642651,-0.9256637454143984,-0.9403338229659134,1.0277145771134244,0.9433505626186949,0.9329403927086947,-0.9303838351729915,0.9251509205710157
280,0.9394923306082101,-0.9974738935926879,-0.9573484879846588,-0.9493896746123363,-0.9419899393264326,-0.937561986498967,-0.9548915829940744,1.0189552145128746,0.9518305183085658,0.9438963425470968,-0.9350095041865855,0.9379838938859719
281,0.9523700688283014,-0.9458746902932852,-0.9713080468909941,-0.9603022899248267,-0.9492834872675665,-0.9585400427853533,-0.9688232028059708,1.049942637046008,0.9594608445266197,0.9650606975907597,-0.9565773825993673,0.9503838527639207
282,0.9589104262430588,-0.9200750886435861,-0.97498161502424,-0.9864040860101068,-0.9676877671190262,-0.9689169744445734,-0.9776674333607135,1.0811184329684007,0.9699668397262092,0.977953832983861,-0.9518402516818312,0.9692199807737568
283,0.9540840935300999,-0.8986565514249658,-0.9779517339404808,-0.9782722915880582,-0.9616893351674398,-0.9661465899120965,-0.9772858791664274,1.0241354827175018,0.9713883351886732,0.9772062883507197,-0.9449296136374257,0.9731958406044641
284,0.9456154583258192,-0.9156940242125051,-0.9727931063491142,-0.9680127478483236,-0.9658814211336052,-0.9518302675303947,-0.9650663615083809,1.0411832744454557,0.9634802454894488,0.9633325030087668,-0.9427839719865417,0.9618981002934444
285,0.9497200964274946,-0.9173166406684604,-0.966196315914094,-0.974817332299934,-0.9814568950078969,-0.9478428354576387,-0.9568384877290234,1.0685916025826665,0.9586112150548018,0.9578183565750589,-0.9420594696109186,0.9600085827501377
286,0.9689239389746183,-0.9327314970000421,-0.9636951631425223,-0.9698455616170232,-0.9602238091792674,-0.9510135645757338,-0.9575428954723216,1.046646102733972,0.95594795344122,0.9576013274880179,-0.928154597094151,0.9589654116064373
287,0.977426403613803,-0.9019017843368788,-0.9628197596724722,-0.9573108007851093,-0.9315267654108802,-0.9558657409534247,-0.9561145131039673,0.9595234102016041,0.9580393490641558,0.955278312445246,-0.9362913160819188,0.9512695641123453
288,0.9596321208543425,-0.8569553085068978,-0.9458588174402514,-0.9508643523572676,-0.9314245194117053,-0.943967499868856,-0.9424959634002037,0.9147847302525506,0.9487261029307711,0.9424173295094841,-0.9316377815923393,0.948002273360378
289,0.9430105918382176,-0.8368348644530437,-0.9348068486308685,-0.9504851495085713,-0.937116213365768,-0.931973176083739,-0.9295916048806172,0.9240150263262513,0.9400174008446412,0.9320079714458519,-0.9163953662282674,0.9517025785493533
290,0.9189578636215323,-0.8795096772446862,-0.9261153427496567,-0.9334842217920086,-0.9247444474656197,-0.9196425628467028,-0.9251010055170918,0.921660358960512,0.934723555674086,0.9185119774776368,-0.9217455376174846,0.9487895723367559
291,0.9015582576026174,-0.8634457743307216,-0.9132031415664176,-0.9210758619096597,-0.9251534314623183,-0.9107068716957079,-0.9138011313016843,0.9377662837421715,0.9201164643701462,0.9056429564275402,-0.9250336637837744,0.9416054691773094
292,0.9184842515328775,-0.8155785888800191,-0.9027295643354608,-0.9195169168650179,-0.9359233433753953,-0.915366882672302,-0.908713742044531,0.9960678477178834,0.9133521066522143,0.9049034499087338,-0.9238354483163975,0.9360943763426656
293,0.943653351101392,-0.8553326920509425,-0.9113116447829167,-0.9142291438081942,-0.9333671933960261,-0.9365691319266343,-0.9218920369087338,0.9913585129864046,0.9259331584464353,0.9169847357540152,-0.9260089554432671,0.9342048587993591
294,0.9389172302148435,-0.9092035583886814,-0.9149383163016951,-0.914587279831963,-0.9373888693635667,-0.9309482939445567,-0.9217257184137879,1.0107609720801003,0.9268318050031653,0.9135846133903732,-0.9216062102375572,0.9304061412383368
295,0.9298509416605937,-0.9130978378829752,-0.9187525742783423,-0.9349167658870842,-0.955145591220254,-0.9255836764972748,-0.9224496930388445,1.0411832744454557,0.9291356079940553,0.914508996538881,-0.9272907673386003,0.9375508794489643
296,0.9288135056568736,-0.9178034256052477,-0.9302109804131051,-0.9276276444621394,-0.9375933613619165,-0.9178009777528597,-0.9294350698265508,1.016788920536392,0.9286617761732339,0.9226355301314155,-0.9220799233293107,0.9396372217363651
297,0.9336172854132299,-0.8769134909151562,-0.9375424844747747,-0.9348956990621566,-0.9401154293415617,-0.9324696033699054,-0.945235326846363,1.006899317600286,0.9384978712123525,0.9355206274101818,-0.9359011994181218,0.9449318073525051
298,0.9323430433651823,-0.8618231578747663,-0.9281006327620915,-0.9480413978169712,-0.9462842712917728,-0.9430867417804962,-0.9507629709430773,1.0074644377680642,0.9385468882972652,0.9391377788608649,-0.9419758731829619,0.9344804134410913
299,0.9431120801429294,-0.8905434691451868,-0.9375424844747747,-0.9577953377584437,-0.9444779253063519,-0.9531273839877972,-0.9592256473035339,0.9744049079530805,0.9469124707890068,0.9530196023171528,-0.9479948159958314,0.9364092959332166
300,0.9672324672294225,-0.9108261748446367,-0.9662275803237387,-0.9623036382929471,-0.9374570333630167,-0.9636324259144149,-0.9810818542275339,0.9306080949503212,0.9652611995746048,0.9742321860468249,-0.953595776668918,0.9535133661950218
301,0.980640199929675,-0.88340395673898,-0.974481384469925,-0.9798944371074823,-0.9585197091930213,-0.965474011008258,-0.9755542101308192,0.9534012750506827,0.9665356437823309,0.9766757728046197,-0.9523139647735849,0.9572333538584066
302,0.970942428590552,-0.8746418278768179,-0.9635544732991209,-0.9805053750303823,-0.9604964651770671,-0.9531594115546467,-0.9566917361158364,0.9518001012419782,0.9501802764498435,0.959651046643405,-0.9346472529987739,0.9471756094351814
303,0.9648418538295456,-0.8845397882581504,-0.9650395327572419,-0.9754914706976169,-0.9597807431828439,-0.9555935066352044,-0.9537664872929734,0.8961357647158948,0.9452949069868928,0.9557043325049931,-0.9318885708762089,0.9470771970631343
304,0.9558545006234049,-0.932244712063257,-0.9595838932742511,-0.9735533228042786,-0.9776056290389802,-0.9558657409534247,-0.9462430212569142,0.886057788390527,0.9377135978537519,0.9461148621035157,-0.937238742265426,0.9422943557816398
305,0.9464048118069106,-0.9236448448466884,-0.9386523710171604,-0.9641575188865749,-0.983195076993868,-0.9434710725826896,-0.9322624842406222,0.907249794682184,0.9286617761732339,0.9315980276147746,-0.9273186328145858,0.9334372422973909
306,0.9479045834209844,-0.8848643115493419,-0.9283820124488936,-0.9305769999520016,-0.9546343612243796,-0.9380584137851334,-0.9261282668094012,0.8852101081388624,0.919822361860671,0.9239778952253357,-0.9152528817128618,0.9257807597521179
307,0.9500020083850271,-0.9189392571244158,-0.9322431670400074,-0.9226769406041563,-0.9448187453036014,-0.9352880292526564,-0.929366585740397,0.8885066424508986,0.9255083437105266,0.9253443746622604,-0.9232502733207019,0.9299731268013289
308,0.9417137968335674,-0.9711875070061993,-0.9236454543877296,-0.9214761315832838,-0.9523167852430852,-0.9254715800133018,-0.9264315534766546,0.9108288890781092,0.9267010927767322,0.920449163032336,-0.9221635197572672,0.9249147308781024
309,0.9333466499339985,-0.9773534495388315,-0.9221603949296088,-0.9123541963896389,-0.9468977472868212,-0.9166960266965539,-0.9260891330458846,0.915255663725699,0.9272076026541619,0.9197257327421994,-0.9192933757307601,0.9238125123111736
310,0.9402591311326989,-0.9965003237191133,-0.9376206454988869,-0.9108163181699246,-0.9391952153489886,-0.923501884652061,-0.9436504094239417,0.8915206166790431,0.9430727991375238,0.9320079714458519,-0.9296593327973683,0.9324531185769186
311,0.9340006856754742,-0.9893608113129067,-0.9301484515938158,-0.9238145491502459,-0.9526916872400588,-0.9180732120710801,-0.939394612641516,0.9335278824838386,0.9396906202785578,0.927418208160652,-0.9308854137407306,0.931035980419439
312,0.9337074972396402,-1.0140245814434377,-0.9318210975098047,-0.9293551241062016,-0.9505786032571141,-0.9188098461086173,-0.9391598100604164,0.9353174296818025,0.939706959306862,0.9264697106691395,-0.9342292708589914,0.9297369371084157
313,0.935320033636727,-1.016945291064159,-0.9351194927273152,-0.9221081363311114,-0.9366731473693435,-0.9198507420312242,-0.9379760137140406,0.9073439813768137,0.9358346095987707,0.9265340155838182,-0.9308296827887597,0.9236747349903076
314,0.9352185453320153,-1.0320356241045492,-0.9320555805821394,-0.9281332482604014,-0.9397064453448621,-0.918825859892042,-0.936762867045027,0.9208126787088449,0.9331550089568847,0.9247575923158161,-0.9303281042210205,0.9196004627875528
315,0.9416348614854584,-1.0404732296755197,-0.9296325888346799,-0.9426693574604363,-0.9567474452073252,-0.9246708908420657,-0.938474969198877,0.9368244167958748,0.9338249091173559,0.9252720316332467,-0.9376845898811942,0.9238912422088115
316,0.9394697776516077,-1.0450165557521967,-0.9304454634854407,-0.9279225800111254,-0.9372866233643928,-0.921019748221229,-0.9378390455417325,0.9062137410412602,0.9305897815131277,0.9244119533994176,-0.9308575482647451,0.9176322153466089
317,0.9385338299525992,-1.0336582405605046,-0.9312270737265568,-0.9287231193583739,-0.937968263358891,-0.9203151417505412,-0.9382988672630522,0.9038590736755208,0.9312923597302077,0.92401808579701,-0.9298265256532814,0.9172779308072389
318,0.9329181437585489,-1.0360921652444388,-0.9233015458816382,-0.9341162265398363,-0.9477838792796692,-0.9151266759209311,-0.9303547132691898,0.9386139639938361,0.9263089560974319,0.9177403185014912,-0.9268727851988179,0.9163725369844044
319,0.9303020007926459,-1.0237602801791743,-0.9255994799905198,-0.9304295321775083,-0.9429442353187305,-0.9154629653728503,-0.9324972868217218,0.9208126787088449,0.9297891691262228,0.9177644328444958,-0.9299379875572235,0.916569361728499
320,0.9407891256128603,-1.0252206349895339,-0.9410440983549753,-0.9311668710499741,-0.9450573193016752,-0.9234698570852115,-0.9477790214749394,0.9001857925849659,0.9422721867506185,0.9294438129730344,-0.9365421053657885,0.9289299556576285
321,0.9339217503273651,-1.0184056458745188,-0.9287728175694516,-0.9387298611989777,-0.9562362152114519,-0.9179611155871069,-0.9385336698441513,0.9348464962086541,0.937844310080185,0.9221291289283199,-0.936737163697687,0.9271191680119599
322,0.9337977090660508,-1.009318993721165,-0.9257401698339214,-0.9338002241659221,-0.9536119012326317,-0.9162156131938123,-0.9360878096243664,0.9293836679201379,0.9371907489480179,0.919749847085204,-0.9336162303873103,0.9252886978918818
323,0.937530223383783,-0.9966625853647091,-0.9347599520164018,-0.9227190742540115,-0.9464887632901227,-0.916519875078882,-0.9430634029711938,0.9062137410412602,0.9417493378448851,0.9233428841928825,-0.9322508220640204,0.9238912422088115
324,0.9404282783072185,-0.9934173524527962,-0.9339939739801078,-0.9304927326522912,-0.9496924712642651,-0.920555348501912,-0.9404512242564632,0.906967234598295,0.9394455348539952,0.9249424689455179,-0.9314705887364263,0.9263515515099917
325,0.9414882672675414,-0.9749195248548995,-0.9279286785090463,-0.9418266844633326,-0.9605646291765171,-0.9238381741039801,-0.9325657709078756,0.9249568932725482,0.9325014478247172,0.9230133215051535,-0.9316099161163538,0.9257610772777084
326,0.956925766062029,-0.977191187893238,-0.9433732968735016,-0.9417002835137676,-0.9579743971974229,-0.9387630202558213,-0.9462625881386725,0.9014102196151517,0.9408670303164592,0.9385590346287557,-0.9366535672697304,0.9356416794312484
327,0.9622933697334506,-0.9552858657378304,-0.9463277835849206,-0.9530974357995918,-0.9639387471492844,-0.944431899588173,-0.9489139006169197,0.9092277152694073,0.9466020292512274,0.9449814879823016,-0.939217191060397,0.9400899186477822
328,0.9574332075855878,-0.9703761987782228,-0.9423728357648727,-0.972521048382827,-0.9801276970186245,-0.947426477088596,-0.9443058999628445,0.9347523095140244,0.9462589096568397,0.9437436183747345,-0.9411399089033969,0.9428257825906947
329,0.9572076780195616,-0.9758930947284719,-0.9500795127422785,-0.9696770270176029,-0.9686761451110492,-0.9481310835592838,-0.9466832760964756,0.8978311252192265,0.9450824996189382,0.94668556822129,-0.9440657838818751,0.9413495970099867
330,0.9593953148100149,-0.9659951343471417,-0.963835852985923,-0.9647473899845473,-0.9539868032296064,-0.9502929443216213,-0.9596756855839742,0.8750379451188675,0.9552453752241403,0.9565965631961616,-0.9405547339077013,0.9485927475926613
331,0.9580872433270635,-0.9195883037067989,-0.962053781636178,-0.9743959958013825,-0.9570541832048499,-0.9520064191480666,-0.9573667935364969,0.9198708117625507,0.956029648582741,0.9580675381194392,-0.9424495862747156,0.9501673455454168
332,0.957771501934627,-0.9023885692736662,-0.9653209124440439,-0.9719522441097822,-0.9438644493113035,-0.9596770214085086,-0.9654576991435464,0.9381430305206903,0.9577942636395927,0.9668773114304362,-0.9395237112962375,0.9561311352914778
333,0.9622933697334506,-0.8898944225628037,-0.9711829892524154,-0.9616505667201919,-0.9337080133932748,-0.9667230861153865,-0.9770510765853279,0.9207184920142152,0.962728650187456,0.9735328700996928,-0.9449296136374257,0.9578238280906897
334,0.9664205607917284,-0.8949245335762679,-0.9593494102019164,-0.9632095117648337,-0.9383431653558647,-0.9705984217041692,-0.9730007320613634,0.9550966355540144,0.9552780532807488,0.9715554939733195,-0.9513386731140921,0.9524111476280931
335,0.9512649739547734,-0.8683136236985899,-0.9393558202341643,-0.955140917817568,-0.9401495113412867,-0.957979560365488,-0.956672169234078,0.9702606933893771,0.9378606491084892,0.9566126394248313,-0.9423381243707737,0.9463686279843943
336,0.9459763056314611,-0.8761021826871775,-0.9392151303907638,-0.9403098730685466,-0.9326855534015269,-0.9512697851105294,-0.9550383346072618,0.9456779660910568,0.937403156315972,0.9485182582896361,-0.9384369577328029,0.9463489455099848
337,0.9410033787005853,-0.9189392571244158,-0.9351351249321371,-0.941300013840143,-0.9440689413096524,-0.9396277645607563,-0.944071097381745,0.955190822248644,0.935769253485554,0.9375864227942386,-0.940053155339962,0.9453845042639223
338,0.9300426417917159,-0.9234825832010927,-0.9211911982306246,-0.9502112807845124,-0.9693577851055483,-0.9317169555489435,-0.9277229676727013,1.0045446502345468,0.9295114056450519,0.9231338932201764,-0.9400810208159476,0.9405229330847901
339,0.9262650215607785,-0.8965471500322232,-0.9286164955212283,-0.9401624052940534,-0.9606668751756919,-0.9290266399335901,-0.923036699491593,0.996162034412513,0.9300342545507853,0.9181422242182338,-0.9279595387622525,0.9411724547403015
340,0.9158681085669744,-0.868962670280973,-0.9223167169778321,-0.9157880888528355,-0.9404562493388103,-0.9152707999717536,-0.9155132334555337,0.9697897599162287,0.9188093421058116,0.9082633817007016,-0.9142497245773835,0.932512166000147
341,0.9142330192132851,-0.8636080359763173,-0.9067470409747981,-0.9233932126516943,-0.9456707952967245,-0.9122602086879059,-0.9081560859144203,1.0023783562580666,0.9142834312655528,0.9024598631509392,-0.9175378507436732,0.9281623391556603
342,0.9250922678174426,-0.8254765492613516,-0.8989465707684583,-0.9154720864789213,-0.9229381014801987,-0.9169042058810754,-0.9107976149517881,0.9785491225167812,0.917061066077264,0.9068808260351074,-0.9243370268841368,0.9284969412206209
343,0.9402253016977951,-0.8188238217919321,-0.9059497985288592,-0.9072560247571624,-0.9017050156515692,-0.921019748221229,-0.9225866612111526,0.9242033997155107,0.9203942278513175,0.9175072131857805,-0.9295757363694119,0.9322366113584148
344,0.9317453900152131,-0.8066541983722613,-0.9128436008555042,-0.9206966590609629,-0.9143835195492421,-0.9176568537020372,-0.9182330300199348,0.9535896484399421,0.9206556523041842,0.9156664850030996,-0.9222749816612091,0.9411527722658923
345,0.9257575800372196,-0.875290874459201,-0.934556733353711,-0.9424165555613051,-0.9432168913165293,-0.9244146703072701,-0.9284273754159996,0.956509435973457,0.9386285834387856,0.9265500918124879,-0.9176214471716296,0.9528835270139199
346,0.9438450512325143,-0.9233203215554969,-0.9534404367790784,-0.9603022899248267,-0.9464205992906727,-0.9438874309517323,-0.9482681935188964,0.9182696379538461,0.9591340639605358,0.9462032813611989,-0.9247550090239192,0.954182570324943
347,0.9641314356965633,-0.8879472828156568,-0.9574110168039481,-0.9530553021497365,-0.9299589934235329,-0.9497805032520302,-0.9521130857843983,0.9146905435579209,0.9547388653467106,0.9507608921890596,-0.9347865803787015,0.9462505331379377
348,0.9710213639386612,-0.9354899449751678,-0.9592712491778044,-0.9765869455938513,-0.9519078012463856,-0.9577073260472677,-0.9594995836481496,1.0008713691439943,0.9597876250927033,0.957159231199601,-0.9351209660905276,0.955520978584785
349,0.9592036146788927,-0.938572916241485,-0.9699480450714519,-0.9624089724175852,-0.9599511531814687,-0.9490278554310683,-0.9609866666617793,1.03553207276768,0.957287753762163,0.9602056765325098,-0.9366257017937448,0.9541038404273051
350,0.9464499177201159,-0.9348408983927847,-0.9726836809153583,-0.9627881752662816,-0.9591331851880697,-0.9529992737203994,-0.9653109475303594,1.0153761201169496,0.9690355151128708,0.9619017186571632,-0.9444559005456722,0.9580797002580126
351,0.9289713763530919,-0.9457124286476918,-0.9580988338161303,-0.9774717522408097,-0.9757311190541093,-0.9495242827172345,-0.9609866666617793,1.0409007143615665,0.9644115701027872,0.9545950727267837,-0.9377960517851361,0.9561705002402967
352,0.9480624541172027,-0.9434407656093533,-0.9753411557351532,-0.9796205683834239,-0.9650634531402071,-0.9654419834414086,-0.9751139552912582,1.052768237884896,0.9713883351886732,0.9710732071132284,-0.9440936493578604,0.9692199807737568
353,0.9532496341358032,-0.8911925157275699,-0.9867214008458048,-0.9613556311712059,-0.9542253772276811,-0.9648815010215434,-0.9754074585176322,1.0291273775328698,0.9697544323582551,0.9727290586662076,-0.9540694897606717,0.9626460343210032
354,0.9489307429464031,-0.9478218300404344,-0.9776703542536797,-0.972815983931813,-0.9721865910827172,-0.9577873949643914,-0.9667491133395926,1.0544635983882276,0.9659147607067718,0.9605995441349174,-0.9456541160130488,0.9616422281261217
355,0.9426610210108771,-0.9294862640881313,-0.9661181548899819,-0.9657585975810713,-0.9704484090967461,-0.9468499808853059,-0.9584429720332024,1.0464577293447126,0.9541506603277599,0.951283369620825,-0.9403596755758028,0.945601011482426
356,0.9538247345291699,-0.9434407656093533,-0.9683379279747524,-0.96778101277412,-0.9519078012463856,-0.9506452475569652,-0.9699776488297095,1.0286564440597212,0.9607843058192586,0.9604468199625551,-0.9499175338388313,0.9512498816379362
357,0.9573429957591773,-0.9713497686517951,-0.9683066635651076,-0.9688764876703544,-0.9492834872675665,-0.947490532222295,-0.972061521736966,1.0400530341099021,0.9665193047540267,0.9633164267800971,-0.9531220635771646,0.9502657579174639
358,0.940552319568533,-0.956259435611405,-0.955644577659026,-0.9576900036338056,-0.9338784233918996,-0.9332702925411416,-0.9573863604182552,1.0303518045630529,0.9550656459127942,0.9530919453461664,-0.9416693529471215,0.940562298033609
359,0.9501824320378481,-0.9887117647305236,-0.9732464402889616,-0.9473251257694331,-0.9148947495451156,-0.9346314641322429,-0.9660349221554154,1.0184842810397263,0.9632841771497984,0.9598761138447808,-0.9487193183714546,0.9462111681891189
360,0.9493479726435514,-0.9969871086559007,-0.9813439223869254,-0.9534134381735059,-0.9122704355662965,-0.9339588852284045,-0.9697624131303682,1.0322355384556465,0.971731454783061,0.9646668299883521,-0.9501683231227008,0.9500492506989601
361,0.9255658799060974,-0.9737836933357292,-0.9526588265379614,-0.9427746915850744,-0.9176213095231096,-0.9140057110812005,-0.9426818487769073,1.0423135147810119,0.9460301632605809,0.9431729122569602,-0.925786031635383,0.9331026402324303
362,0.9088766920201649,-0.9395464861150573,-0.9428730663191875,-0.9251206922957564,-0.9242332174697453,-0.9137815181132545,-0.9351485992999691,0.9886270988421465,0.9360306779384207,0.9311880837836972,-0.9272907673386003,0.9298747144292818
363,0.9048960951798038,-0.960640500042486,-0.9429199629336542,-0.9137446068348593,-0.9176553915228346,-0.9106107889951595,-0.9342289558573296,0.9508582342956841,0.9345274873344361,0.9279246093637475,-0.9331146518195711,0.9310753453682576
364,0.8877220187269151,-0.9614518082704648,-0.923020166194837,-0.905486411463245,-0.9104640895808755,-0.8913301937517938,-0.9139968001192673,0.9664932256041953,0.9200184302003214,0.9088662402758156,-0.9294085435134988,0.9219820421910956
365,0.8857486350241867,-0.9742704782725166,-0.9197842997966158,-0.9056338792377383,-0.9144516835486921,-0.888607850569591,-0.9084398056999153,0.9628199445136403,0.9181394419453403,0.9038504569308684,-0.9285725792339337,0.9208404586753479
366,0.8997652975527097,-0.9741082166269208,-0.9338063875222397,-0.9084357669531072,-0.9116228775715233,-0.9033405313203355,-0.9203658201315874,0.9401209511079109,0.929723813013006,0.9166551730662863,-0.9357618720381943,0.9291464628761323
367,0.904163124090219,-0.9656706110559502,-0.930523624509552,-0.9184846424435663,-0.9275391714430636,-0.906255039903635,-0.9190939728172994,0.9828817104697413,0.929527744673356,0.9179412713598625,-0.9303559696970061,0.9287921783367625
368,0.9022010168657919,-0.9517161095347282,-0.9240518917131096,-0.9126491319386247,-0.9214725754920263,-0.9008583948895036,-0.9114628889315698,0.9858014980032587,0.9237110505970664,0.9144768440815417,-0.9218012685694557,0.9238321947855831
369,0.9007463511649234,-0.9531764643450877,-0.9302735092323945,-0.8990188962104764,-0.9013982776540456,-0.8989847822288111,-0.913243475171573,0.9467140197319807,0.9226980308422074,0.9162130767778696,-0.9173706578877602,0.9180849122580259
370,0.8988744557669066,-0.9478218300404344,-0.9285227022922943,-0.8989135620858384,-0.8918893997307911,-0.8972232660520916,-0.9129597553860784,0.9579222363929022,0.9214726037193933,0.9162532673495438,-0.9167854828920646,0.9142271472737752
371,0.900069762466845,-0.950418016369962,-0.926287297002702,-0.9175155684968975,-0.9151674055429153,-0.8978317898222311,-0.9116976915126689,1.012738892667321,0.9225673186157738,0.9172178410697258,-0.9187639316870354,0.9174550730769236
372,0.9072528791447768,-0.9611272849792734,-0.9327121331846767,-0.9128808670128284,-0.9034772796372653,-0.906655384489253,-0.9214615655100511,0.9883445387582575,0.9322727014284589,0.9247817066588206,-0.9264548030590353,0.9196004627875528
373,0.9189804165781348,-0.9512293245979409,-0.9400905338608139,-0.9176209026215356,-0.9104640895808755,-0.9170803574987473,-0.9274490313280852,0.9793968027684483,0.9375502075707098,0.9311720075550275,-0.9364585089378319,0.9233204504509376
374,0.9175031979206638,-0.9577197904217646,-0.9351507571369599,-0.9283228496847493,-0.9311859454136305,-0.9170643437153225,-0.9216474508867553,1.0066167575163971,0.934102672598527,0.9285837347392053,-0.9359847958460782,0.9235960050926698
375,0.9168717151357907,-0.9841684386538467,-0.9362137470648773,-0.9251417591206841,-0.9331627013976764,-0.9165839302125809,-0.9230758332551096,1.0024725429526964,0.9351156923533864,0.9290660215992964,-0.9406661958116432,0.9214899803308596
376,0.9201306173648681,-0.9778402344756187,-0.9432169748252782,-0.9151350172800802,-0.922665445482399,-0.918825859892042,-0.9261576171320389,0.9786433092114109,0.9378933271650975,0.9315819513861049,-0.9433134160302663,0.9217261700237729
377,0.9252163090787571,-0.980274159159553,-0.9449208851509119,-0.933758090516067,-0.9469659112862712,-0.9266085586364571,-0.931401541443258,0.9971980880534396,0.9461772145153187,0.936211905242979,-0.9547382611843238,0.9277686896674716
378,0.9286781879172579,-1.008183162201997,-0.9454367479100486,-0.9376765199525979,-0.952521277241434,-0.9303237563909926,-0.9329375416612833,1.0053923304862138,0.9455399924114553,0.9392342362328832,-0.9501404576467153,0.930681695880069
379,0.9336849442830376,-0.999258771694239,-0.9527213553572508,-0.928048980960691,-0.9390929693498138,-0.9353200568195059,-0.938416268553602,0.9808096031878909,0.9482849491665581,0.9434140556870058,-0.9494438207470778,0.9326499433210133
380,0.9422325148354275,-0.9900098578952896,-0.9565825099483647,-0.9391511976975293,-0.9531347532364832,-0.9433589760987166,-0.945812549858232,0.9888154722314059,0.9550329678561857,0.9483333816599346,-0.9558250147477587,0.9405229330847901
381,0.9367746993375955,-0.994877707263158,-0.9473438768983722,-0.9462296508731985,-0.9616552531677148,-0.9387470064723965,-0.9358530070432669,1.0066167575163971,0.9455563314397595,0.9416456705333385,-0.9466572731485271,0.9372359598584132
382,0.9452658874984787,-0.9849797468818255,-0.9598496407562305,-0.942184820487102,-0.9552819192191538,-0.9492680621824391,-0.948600830508787,0.987873605285109,0.9554087655071819,0.9503831008153217,-0.950446977882556,0.9458962485985677
383,0.9467431061559498,-1.00623602245485,-0.9621632070699349,-0.9410472119410123,-0.9493516512670165,-0.9517341848298463,-0.9523576718063769,0.9679060260236378,0.9585948760264976,0.9528186494587816,-0.9514780004940196,0.9478251310906931
384,0.9398419014355507,-1.0059114991636586,-0.9531590570922763,-0.9452395101016016,-0.9569178552059501,-0.9450884647085865,-0.9425546640454786,0.9880619786743684,0.9482032540250371,0.9453833936990442,-0.9397466351041216,0.9428454650651041
385,0.9418152851382793,-1.0034775744797244,-0.9580675694064855,-0.9502112807845124,-0.9609736131732166,-0.9483712903106547,-0.9472996328718614,0.9887212855367762,0.9510135668933567,0.9467498731359689,-0.9443165731657446,0.9471559269607722
386,0.9471490593747968,-1.0025040046061497,-0.9646487276366837,-0.9400149375195601,-0.9459093692947983,-0.9520384467149161,-0.9515847799769248,0.9734630410067837,0.9532846918276382,0.951444131907522,-0.9408612541435418,0.9488683022343934
387,0.9457507760654349,-1.018081122583327,-0.9593963068163831,-0.952254762802488,-0.9627799591586376,-0.9533996183060174,-0.9500683466406584,0.9980457683051066,0.9524840794407333,0.9496677086395199,-0.9406940612876288,0.9500295682245506
388,0.9472618241578099,-1.0065605457460416,-0.9593337779970937,-0.9505694168082811,-0.9644499771451588,-0.9552572171832853,-0.9508216715883522,0.9908875795132562,0.9531539796012046,0.950897540132752,-0.9384369577328029,0.9499311558525033
389,0.9553357826215448,-1.0039643594165117,-0.964820681889729,-0.9443125698047881,-0.9563043792109008,-0.9598691868096052,-0.9567797870837484,0.9615955174834571,0.9571733805640341,0.9557204087336628,-0.9433134160302663,0.9499311558525033
390,0.9507462559529133,-0.9929305675160112,-0.9600372272140986,-0.9426693574604363,-0.9575313312009984,-0.954744776113694,-0.9517804487945078,0.9611245840103086,0.9529415722332505,0.9507287397317202,-0.9414464291392374,0.9495178238899051
391,0.9415672026156504,-0.9994210333398348,-0.9495323855734971,-0.9417213503386952,-0.9688465551096739,-0.9451525198422854,-0.939971835653385,0.9823165903019657,0.9458504339492351,0.9402309624104046,-0.9358733339421362,0.9448137125060484
392,0.9418265616165804,-0.9965003237191133,-0.9550349216709553,-0.9338002241659221,-0.9545661972249297,-0.9451044784920113,-0.9444233012533944,0.9515175411580892,0.9509645498084441,0.9422244147654477,-0.9366257017937448,0.9452467269430563
393,0.9349817392876878,-0.9833571304258701,-0.9510799738509074,-0.9306191336018562,-0.9505786032571141,-0.9401241918469226,-0.9420557085606421,0.9576396763090131,0.9509645498084441,0.9381008621116692,-0.9396351732001796,0.9436524465158913
394,0.9250246089476348,-0.9734591700445377,-0.9384178879448248,-0.9317778089728741,-0.9532029172359332,-0.930067535856197,-0.9304036304735859,0.9774188821812251,0.942468255090269,0.9291464027426449,-0.9351766970424986,0.9372950072816416
395,0.9156764084358524,-0.9742704782725166,-0.9353070791851824,-0.9184635756186387,-0.9426374973212059,-0.9211958998389008,-0.9262554515408304,0.9488803137084607,0.9386776005236983,0.9239377046536614,-0.932557342299861,0.9325515309489659
396,0.9155861966094418,-0.9520406328259197,-0.9425760544275636,-0.9102685807218074,-0.9302657314210576,-0.9247189321923398,-0.9379955805957989,0.911205635856628,0.9442001920905123,0.9299582522904649,-0.9388828053485708,0.9376492918210114
397,0.9153944964783196,-0.9121242680094006,-0.9356040910768073,-0.9206966590609629,-0.9465569272895725,-0.9239182430211037,-0.9339061023083178,0.9550024488593847,0.9412264889391512,0.9284872773671872,-0.9343964637149045,0.9355039021103823
398,0.9240886612486264,-0.9053092788943853,-0.9453116902714699,-0.9356119711096946,-0.9503059472593144,-0.9333984028085393,-0.9431123201755893,0.9666815989934546,0.9492162737798966,0.9382696625127009,-0.9338112887192088,0.9381413536812476
399,0.9345870625471422,-0.9061205871223641,-0.9618036663590207,-0.9326204819699773,-0.9340829153902493,-0.9320052036505885,-0.9510760410512096,0.9615013307888274,0.9541833383843683,0.9456808039294338,-0.9308854137407306,0.939853728954869
400,0.9435856922315842,-0.9401955326974404,-0.9686036754567316,-0.943806966006526,-0.9306747154177571,-0.9341510506295013,-0.9600083225738648,0.9989876352514009,0.9652121824896921,0.9526578871720843,-0.942031604134933,0.9484156053229764
401,0.9490998901209228,-0.9677800124486928,-0.967681375372215,-0.960576158648885,-0.9412401353324835,-0.9391313372745899,-0.9639999664525544,1.0578543193948933,0.9654736069425589,0.9576093656023527,-0.9462671564847299,0.950934962047385
402,0.9603312625090233,-0.9724856001709654,-0.9774358711813441,-0.9613134975213508,-0.9388203133520141,-0.9550170104319144,-0.9775891658336803,1.0431611950326762,0.9720418963208407,0.9692244408162126,-0.9539580278567297,0.9595362033643111
403,0.9607597686844729,-0.9471727834580513,-0.9727774741442923,-0.9648527241091853,-0.9455685492975496,-0.9593727595234389,-0.976698872713679,1.0445739954521216,0.967597680622103,0.9693369744169006,-0.9545153373764399,0.9600282652245472
404,0.9536555873546503,-0.9122865296549963,-0.9596933187080071,-0.9739114588280474,-0.9611440231718404,-0.9567785266086338,-0.9640782339795876,1.070569523169887,0.9534644211389844,0.9632199694080789,-0.9456819814890344,0.955068281673368
405,0.9626203876041884,-0.869449455217758,-0.9787020797719522,-0.9756810721219648,-0.9638365011501104,-0.9671234307010045,-0.9748498023875214,1.0577601327002637,0.9644932652443078,0.9751967597670069,-0.9525647540574544,0.9682358570532845
406,0.9583691552845961,-0.8662042223058473,-0.983938868387431,-0.9649159245839681,-0.9547706892232795,-0.9629278194437272,-0.9758281464754354,1.0069935042949159,0.9710615546225897,0.972978240210588,-0.9538465659527877,0.9685507766438357
407,0.9443750457126756,-0.8777247991431351,-0.9705108044450553,-0.970793568738765,-0.9699712611005966,-0.9518622950972441,-0.9585408064419939,1.0328948453180518,0.9625162428195019,0.9573682221723071,-0.9443723041177156,0.9589850940808468
408,0.9431120801429294,-0.9046602323120045,-0.9705889654691665,-0.9770504157422581,-0.9749472330604362,-0.9539601007258827,-0.9599007047241944,1.030069244479164,0.9655553020840799,0.9586382442372138,-0.9439264565019474,0.9592803311969884
409,0.9469799122002773,-0.9197505653523946,-0.9754193167592645,-0.96839195069702,-0.9700394251000466,-0.9557536444694515,-0.9624737496754086,1.0034144098989932,0.9712412839339358,0.9608326494506281,-0.9493323588431356,0.9586898569647051
410,0.9469122533304695,-0.8944377486394806,-0.9593494102019164,-0.9621351036935268,-0.9627799591586376,-0.9497805032520302,-0.9514380283637378,0.9708258135571552,0.95895433464919,0.9517495802522462,-0.9423659898467591,0.9526276548465972
411,0.9433376097089555,-0.8949245335762679,-0.9464372090186774,-0.9482941997161018,-0.9458752872950733,-0.9381384827022571,-0.9412338995267941,0.9378604704368012,0.9495430543459801,0.9416376324190037,-0.9335883649113248,0.9524701950513215
412,0.9539149463555803,-0.9044979706664088,-0.9521429637788256,-0.9337370236911393,-0.9158831275371385,-0.9408448121010351,-0.9483171107232918,0.87428445156183,0.9559152753846116,0.9434140556870058,-0.9404990029557302,0.9619177827678536
413,0.9417476262684713,-0.8754531361047967,-0.9404500745717272,-0.929165522681853,-0.9149969955442905,-0.9324215620196312,-0.9359899752155749,0.8826670673838637,0.9434649358168242,0.9317507517871366,-0.9390778636804693,0.9556193909568323
414,0.9438788806674181,-0.8572798317980894,-0.9182679759288502,-0.9389194626233256,-0.918200703518434,-0.9260961175668659,-0.9248466360542339,0.9051776874003337,0.931308698758512,0.9212690506944908,-0.9359011994181218,0.9471559269607722
415,0.962090393124027,-0.8108730011577465,-0.9212693592547367,-0.9406680090923153,-0.9052836256226863,-0.9333343476748404,-0.9292785347724843,0.8827612540784934,0.9303446960885651,0.9261642623244152,-0.9386598815406869,0.9503051228662828
416,0.975881526086524,-0.8248275026789685,-0.9333530535823922,-0.9526971661259678,-0.9135655515558441,-0.9418696942402174,-0.9361954274740368,0.9074381680714434,0.9367986122687176,0.9324259533912642,-0.9461278291048025,0.9593590610946263
417,0.9314634780576805,-0.7754999624179065,-0.9182210793143837,-0.9431328276088431,-0.9329241273996016,-0.9218684787427393,-0.9112378697913497,0.9690362663591939,0.9177309662377356,0.9114384368629679,-0.9335047684833682,0.9412315021635299
418,0.909620939588051,-0.7920506502686585,-0.9135939466869756,-0.9422480209618848,-0.9498628812628899,-0.9180251707208059,-0.9096823026915661,0.9555675690271628,0.9187113079359863,0.9067039875197406,-0.9207981114339774,0.9375311969745549
419,0.8916462331757696,-0.8838907416757673,-0.9117337143131194,-0.9236460145508251,-0.9392292973487136,-0.9120840570702339,-0.915532800337292,0.9287243610577302,0.9228287430686405,0.9029823405827045,-0.9205473221501078,0.9332010526044776
420,0.9335834559783259,-0.8614986345835747,-0.9123433703011894,-0.9251206922957564,-0.9412060533327585,-0.9312365420462018,-0.9235160880946711,0.9817514701341877,0.9294460495318351,0.9156825612317693,-0.9338112887192088,0.9413299145355772
421,0.9358500281168884,-0.8644193442042961,-0.9091700327222585,-0.9272063079635873,-0.9486700112725182,-0.9316529004152445,-0.9183210809878474,1.0104784119962114,0.929282659248793,0.9126280777845259,-0.9286004447099192,0.9315083598052656
422,0.9272799046078959,-0.8566307852157063,-0.9260215495207226,-0.9147768812563114,-0.9433532193154291,-0.9189539701594397,-0.9212071960471938,0.9812805366610393,0.9304100522017819,0.9113178651479452,-0.9250893947357454,0.9378854815139247
423,0.9223971895034306,-0.8762644443327733,-0.9282882192199596,-0.9304716658273636,-0.95248719524171,-0.9239983119382272,-0.9194168263663112,0.9774188821812251,0.9285310639468007,0.9129094117862457,-0.9262318792511511,0.9424518155769155
424,0.9326813377142215,-0.9163430707948881,-0.9222229237488981,-0.9418266844633326,-0.967926341117101,-0.9274092478076931,-0.9215300495962054,1.0030376631204745,0.9275670612768538,0.9161246575201861,-0.9352324279944695,0.941014994945026
425,0.9255771563843987,-0.922022228390733,-0.926287297002702,-0.9396146678459361,-0.9521122932447355,-0.9316368866318198,-0.9226160115337898,0.9687537062753049,0.9238581018518042,0.9174589844997714,-0.9340342125270927,0.9374721495513265
426,0.9260507684730536,-0.9523651561171113,-0.9262404003882353,-0.9400781379943429,-0.9464546812903977,-0.9317810106826423,-0.9215985336823592,0.9501047407386466,0.9168486587093099,0.9158272472897965,-0.9411120434274114,0.9268042484214088
427,0.9320949608425536,-0.9189392571244158,-0.916610962217684,-0.9430274934842051,-0.9622687291627632,-0.9319571623003142,-0.9221855401351077,0.9640443715438262,0.9193485300398496,0.9176760135868124,-0.9408891196195274,0.9242848916970001
428,0.9356583279857662,-0.9117997447182113,-0.9174707334829122,-0.9322834127711361,-0.9496243072648162,-0.9337026646936091,-0.9342680896208462,0.9562268758895706,0.9291356079940553,0.9245646775717797,-0.9344800601428609,0.9270404381143221
429,0.9385112769959967,-0.8798342005358778,-0.9199093574351945,-0.9254998951444527,-0.9394337893470625,-0.9346314641322429,-0.9414393517852565,0.9378604704368012,0.9364554926743294,0.9290499453706267,-0.9314984542124118,0.9235566401438509
430,0.9413303965713231,-0.8707475483825241,-0.9187369420735204,-0.9341372933647633,-0.9402176753407356,-0.9424622042269322,-0.9494519898652722,0.9508582342956841,0.941210149910847,0.9385027678284117,-0.9354832172783392,0.9258988545985744
431,0.9509492325623369,-0.8842152649669588,-0.9258026986532099,-0.9478307295676951,-0.9493516512670165,-0.951285798893954,-0.9582473032156199,0.9620664509566028,0.9490692225251588,0.9493542221804606,-0.951060018354237,0.9320594690887299
432,0.9543547290093312,-0.8770757525607521,-0.9370422539204608,-0.9477675290929122,-0.932617389402078,-0.9556415479854785,-0.9660642724780532,0.9351290562925432,0.9574674830735093,0.956242886165428,-0.9503633814545994,0.9348740629292802
433,0.9571174661931512,-0.9027130925648577,-0.9506422721158818,-0.9605129581741022,-0.9413082993319334,-0.9590044425046702,-0.9761705669062054,0.9416279382219832,0.9674669683956694,0.9627376825479877,-0.9592803337699614,0.9443806980690408
434,0.9567678953658106,-0.9100148666166579,-0.9512675603087755,-0.9695927597178925,-0.9478520432791192,-0.9564902785069889,-0.969341725172565,0.9535896484399421,0.9616829523759887,0.9616766514557874,-0.9517009243019037,0.9494390939922673
435,0.9615603986438656,-0.8731814730664583,-0.9598965373706979,-0.962177237343382,-0.9336739313935498,-0.9622392267564641,-0.9724137256086155,0.9189289448162539,0.961911698772247,0.964988354561746,-0.9492766278911647,0.9513089290611643
436,0.9641314356965633,-0.8571175701524937,-0.9600997560333879,-0.9681602156228163,-0.9403199213399105,-0.9618869235211203,-0.9686862346336627,0.9107347023834795,0.9639867553668785,0.9619660235718421,-0.9536515076208891,0.9510924218426605
437,0.957918096152544,-0.8400800973649544,-0.9456868631872061,-0.9741642607271788,-0.9511920792521624,-0.9513338402442283,-0.9521620029887944,0.9431349253360581,0.9528108600068169,0.9481404669158983,-0.9505027088345269,0.9412118196891205
438,0.9505658323000925,-0.8462460398975888,-0.9385429455834036,-0.9582588079068505,-0.9386499033533894,-0.9418376666733679,-0.9443939509307566,0.9458663394803162,0.9392821445709532,0.9402390005247394,-0.9381583029729477,0.9318626443446356
439,0.9575234194119981,-0.8744795662312221,-0.950720433139994,-0.9533502376987231,-0.9450232373019503,-0.9495402965006593,-0.95346320062572,0.9177987044806977,0.9506377692423605,0.94830926731693,-0.9440379184058896,0.9330042278603831
440,0.9594629736798228,-0.8946000102850763,-0.9456399665727386,-0.9658007312309266,-0.9538504752307065,-0.9567464990417843,-0.9519956844938491,0.9479384467621665,0.9517161451104369,0.9509136163614217,-0.9495552826510197,0.9319020092934542
441,0.9580083079789543,-0.9236448448466884,-0.9436859409699484,-0.9677599459491923,-0.9595762511844942,-0.9550009966484897,-0.9526511750327514,0.9371069768797639,0.9502619715913645,0.9498686614978912,-0.9528155433413239,0.9343623185946345
442,0.9619099694712061,-0.9573952671305731,-0.9450303105846678,-0.955772922565395,-0.9563384612106257,-0.9525508877845071,-0.9603116092411182,0.9253336400510642,0.9561603608091747,0.9521595240833237,-0.9482456052797009,0.9343032711714064
443,0.951174762128363,-1.0052624525812754,-0.9339314451608184,-0.945092042327109,-0.9550774272208041,-0.9431507969141952,-0.9506357862116486,0.9481268201514259,0.9481378979118208,0.9430041118559284,-0.9358176029901651,0.9250525081989683
444,0.9383646827780797,-0.975081786500493,-0.9292261515092991,-0.9490315385885675,-0.9577358231993481,-0.9400441229297991,-0.946790893946146,0.9789258692952999,0.9438897505527329,0.9399013997226758,-0.932724535155774,0.9236747349903076
445,0.9534526107452268,-0.9178034256052477,-0.9359636317877207,-0.9393407991218777,-0.9447846633038766,-0.9467058568344835,-0.953179480840225,0.973086294228265,0.9457850778360183,0.9479957808578707,-0.9314984542124118,0.9255445700592047
446,0.9562942832771558,-0.8958981034498424,-0.9452335292473586,-0.9425850901607259,-0.9438644493113035,-0.9514619505116261,-0.9624639662345291,0.9722386139765978,0.9548205604882316,0.9559937046210476,-0.9403039446238317,0.9339293041576269
447,0.9446005752787018,-0.8986565514249658,-0.936041792811832,-0.9426482906355087,-0.950714931256013,-0.9409569085850081,-0.9580907681615535,1.005015583707695,0.9516671280255242,0.9490246594927318,-0.9420037386589475,0.9330239103347925
448,0.946382258850308,-0.9082299885151068,-0.9374486912458416,-0.932241279121281,-0.939842773343762,-0.939643778344181,-0.9603409595637559,1.0103842253015816,0.9513730255160486,0.9486549062333285,-0.9404432720037592,0.9312524876379429
449,0.9432586743608463,-0.8819436019286204,-0.9425604222227408,-0.937592252652888,-0.9480906172771939,-0.943326948531867,-0.9620237113949681,1.004167903456028,0.9513403474594403,0.9488558590916998,-0.9498618028868604,0.9391451598761291
450,0.9334706911953129,-0.8551704304053468,-0.9323838568834081,-0.9449656413775432,-0.9506126852568381,-0.9418376666733679,-0.9519663341712113,1.0068051309056565,0.9434159187319117,0.9391618932038694,-0.9439821874539185,0.9402276959686484
451,0.9348802509829761,-0.8639325592675089,-0.9327121331846767,-0.9468616556210262,-0.9504081932584892,-0.9412931980369273,-0.94435481716724,0.9840119508052974,0.9408016742032425,0.9370960978198126,-0.9437313981700489,0.9439870485808518
452,0.9251937561221545,-0.890381207499591,-0.9252399392796065,-0.9329154175189638,-0.9374570333630167,-0.9295871223534554,-0.9298361909025956,0.9468082064266103,0.9279591979561542,0.9252961459762512,-0.9321114946840928,0.9366454856261299
453,0.9211680533685882,-0.8976829815513936,-0.9180334928565156,-0.9397200019705741,-0.9584515451935715,-0.9275053305082415,-0.9209723934660942,0.9718618671980818,0.9252305802293556,0.9194524368548145,-0.9336162303873103,0.9360156464450277
454,0.9234459019854521,-0.9223467516819246,-0.913468889048397,-0.9409840114662295,-0.9618597451660647,-0.9229894435824698,-0.9166285457157558,0.9945608606038111,0.9234986432291122,0.9132389744739745,-0.9270957090067017,0.9353267598406974
455,0.9348802509829761,-0.9158562858581009,-0.9277879886656456,-0.9305769999520016,-0.9537141472318067,-0.9291867777678373,-0.9244748653008267,0.9617838908727139,0.9270932294560326,0.9192514839964432,-0.9339506160991363,0.939715951634003
456,0.9288811645266813,-0.9043357090208131,-0.9274440801595542,-0.9272905752632977,-0.9411719713330335,-0.9324055482362065,-0.9245531328278599,0.9437942321984633,0.9271749245975536,0.919910609371901,-0.9368764910776145,0.9427667351674666
457,0.9273362869994025,-0.9117997447182113,-0.9199875184593058,-0.9427114911102915,-0.952555359241159,-0.9317649968992175,-0.9209136928208193,0.9705432534732662,0.9216359940024353,0.9196131991415116,-0.9415021600912085,0.9422156258840022
458,0.9328166554538372,-0.85062710432867,-0.9191277471940784,-0.9360122407833187,-0.946216107292323,-0.9343752435974474,-0.9249542539039043,0.9586757299499397,0.9261945828993025,0.9219040617269441,-0.9430904922223824,0.9390073825552628
459,0.9392780775204854,-0.8016240873587994,-0.9246928121108251,-0.9271852411386596,-0.9325492254026281,-0.9355282360040273,-0.9305895158502894,0.9276883074168063,0.9344784702495235,0.9281014478791142,-0.9476046993320343,0.9452664094174655
460,0.9424918738363575,-0.7943223133069969,-0.9250367206169166,-0.933083952118384,-0.9162239475343882,-0.9328859617389481,-0.9300709934836947,0.9242033997155107,0.9359816608535081,0.930593263322918,-0.9473817755241501,0.9486124300670707
461,0.944611851757003,-0.7914016036862754,-0.9273502869306202,-0.9365389114065082,-0.9066128236119588,-0.9324055482362065,-0.9329277582204039,0.9121475028029221,0.9349359630420406,0.9291062121709707,-0.9460442326768459,0.9507775022521093
462,0.9467205531993472,-0.8047070586251144,-0.9331342027148795,-0.9271431074888045,-0.9032387056391915,-0.9315247901478467,-0.9371542046801925,0.8665611426022041,0.9382037687028769,0.9288972211982646,-0.943619936266107,0.9530016218603764
463,0.9411499729185022,-0.828397258882073,-0.9346974231971126,-0.9323676800708466,-0.9309814534152808,-0.9307401147600354,-0.9324581530582052,0.8955706445481167,0.9394455348539952,0.9274985893040004,-0.9410841779514258,0.9567216095237611
464,0.9300200888351133,-0.8621476811659577,-0.9314146601844239,-0.9336738232163565,-0.9359915073748453,-0.9263363243182368,-0.9259325979918188,0.9386139639938361,0.9335634846644892,0.9270484549012488,-0.9245878161680062,0.9390861124529007
465,0.9463709823720067,-0.9314334038352782,-0.9639452784196789,-0.9484416674905951,-0.9496583892645402,-0.9468980222355802,-0.9541089077237435,0.9526477814936454,0.9604411862248704,0.952030914253966,-0.9419201422309911,0.9514860713308494
466,0.947893306942683,-0.9543122958642581,-0.9694634467219598,-0.9582798747317781,-0.9595421691847692,-0.9500687513536752,-0.9614660552648568,0.9964445944964021,0.9661598461313348,0.9584774819505166,-0.9449017481614401,0.9528244795906915
467,0.9570272543667406,-0.9408445792798233,-0.9701825281437866,-0.9748805327747169,-0.9700394251000466,-0.9603015589620727,-0.9695178271083896,1.0498484503513783,0.9659147607067718,0.9678258089219485,-0.9494438207470778,0.9606777868800589
468,0.9561251361026363,-0.935327683329572,-0.97606023715698,-0.9645367217352713,-0.9457730412958995,-0.9629758607940013,-0.9760433821747762,1.0461751692608234,0.9653102166595173,0.9717966374033651,-0.948134143375759,0.9622720673072236
469,0.9625978346475859,-0.8783738457255159,-0.9815158766399706,-0.9713202393619546,-0.9537141472318067,-0.9693173190301914,-0.9783229238996163,1.032518098539533,0.9693296176223464,0.9752449884530161,-0.9545989338043963,0.9725266364745432
470,0.9663754548785233,-0.8660419606602515,-0.9837669141343858,-0.9857299476124238,-0.9704484090967461,-0.9739613162233608,-0.9797708731497289,1.0531449846634147,0.9727281355096162,0.979183664477093,-0.9618718230366133,0.9782345540532814
471,0.9638269707824282,-0.8670155305338239,-0.9827195564112895,-0.9821907210245892,-0.9725955750794157,-0.9694774568644386,-0.9774521976613727,1.0464577293447126,0.9710125375376771,0.9754861318830617,-0.9590574099620773,0.9729990158603697
472,0.9558319476668024,-0.9093658200342771,-0.978029894964593,-0.9651055260083167,-0.96148484316909,-0.9633121502459205,-0.9768651912086243,1.0288448174489806,0.9685126662071373,0.969746918247978,-0.9569396337871788,0.9677044302442297
473,0.950622214691599,-0.928350432568961,-0.9621632070699349,-0.9655479293317958,-0.9566451992081504,-0.9548889001645166,-0.9698504640982802,1.0519205576332287,0.9580883661490683,0.9639112472408761,-0.9605621456652946,0.9639057126832073
474,0.9480286246822988,-0.9474973067492428,-0.9571921659364354,-0.9651897933080265,-0.9395701173459623,-0.9453927265936563,-0.9646848073140943,1.0544635983882276,0.9545918140919728,0.9595626273857215,-0.9547939921362949,0.9545959022875411
475,0.9569370425403303,-1.0135377965066503,-0.973199543674495,-0.9593753496280125,-0.9192231635101819,-0.948002973291886,-0.975475942603786,1.036097192935458,0.966012794876597,0.9690717166438505,-0.9585279659183528,0.9524111476280931
476,0.9519979450443583,-1.0102925635947395,-0.9720271283128209,-0.9545721135445232,-0.9136337155552939,-0.938891130523219,-0.9690286550644327,1.020179641543058,0.96305543075354,0.9623920436315893,-0.9498618028868604,0.9461127558170715
477,0.950103496689739,-0.9729723851077504,-0.9720896571321103,-0.9602390894500439,-0.9325151434029031,-0.9335585406427865,-0.9635401447312345,1.0209331351000954,0.96735259519754,0.9581800717201272,-0.945598385061078,0.9484943352206142
478,0.9459311997182558,-0.9413313642166085,-0.9725429910719576,-0.9461243167485606,-0.9285616314348115,-0.9327258239047009,-0.9596072014978204,0.9786433092114109,0.9684309710656163,0.9537430326072894,-0.9355668137062958,0.9459552960217961
479,0.9405974254817381,-0.919426042061203,-0.968759997504955,-0.947725395443057,-0.933503521394926,-0.9371136005630748,-0.9579733668710038,0.9633850646814184,0.9646239774707414,0.9528909924877951,-0.9304395661249625,0.9450302197245523
480,0.9209425238025621,-0.8856756197773185,-0.9440923782953283,-0.9382874578754979,-0.9313563554122554,-0.9213880652399976,-0.9412632498494318,0.960465277147901,0.9420924574392728,0.9353920175808244,-0.9250615292597598,0.9325712134233755
481,0.9230286722883038,-0.9040111857296215,-0.9457024953920279,-0.930071396153739,-0.9269597774477393,-0.9249110975934365,-0.9442080655540531,0.9371069768797639,0.9442982262603375,0.9380365571969903,-0.9294921399414553,0.9384956382206174
482,0.9201418938431694,-0.9311088805440867,-0.9430919171867004,-0.9161883585264594,-0.9200752135033049,-0.9226531541305506,-0.9408229950098703,0.932115082064396,0.9434812748451284,0.9317989804731458,-0.9345915220468031,0.9358581866497523
483,0.9146276959538309,-0.9539877725730666,-0.9366514487999027,-0.928048980960691,-0.9417513653283579,-0.9176088123517632,-0.9282806238028122,0.9525535947990157,0.939102415259607,0.9215343084675409,-0.9405268684317157,0.9364289784076261
484,0.901761234212041,-0.9614518082704648,-0.9288509785935629,-0.9204859908116874,-0.9418536113275328,-0.9078404044626824,-0.9190548390537829,0.9500105540440169,0.9314557500132493,0.9123065532111317,-0.9354553518023536,0.9299140793781008
485,0.8978370197631865,-0.9763798796652592,-0.9306955787625972,-0.9087728361519489,-0.9293114354287597,-0.9073439771765162,-0.9197690302379601,0.9188347581216242,0.9339392823154854,0.9128049162998926,-0.9326688042038032,0.9279851968859755
486,0.8866282003316885,-0.9509048013067494,-0.9198155642062605,-0.9002829057061311,-0.9201092955030298,-0.8967268387659252,-0.9128325706546493,0.9150672903364396,0.9258841413615231,0.9057313756852237,-0.9233338697486585,0.9202499844430646
487,0.890518585345639,-0.9536632492818751,-0.9160950994585473,-0.9027266573977313,-0.9287661234331612,-0.8974794865868873,-0.909887754950028,0.9184580113431055,0.9227633869554237,0.9062699293456585,-0.9249500673558178,0.9205649040336157
488,0.8967432013679599,-0.9859533167554001,-0.925990285111078,-0.9006831753797557,-0.9210976734950528,-0.9051661026307539,-0.9190352721720246,0.8842682411925656,0.9310472743056448,0.9128290306428972,-0.9270399780547308,0.924855683454874
489,0.901873998995054,-0.9906589044776727,-0.9262091359785907,-0.901462647902076,-0.9230062654796486,-0.9069116050240487,-0.9187026351821335,0.9008450994473736,0.9299852374658731,0.9137212613340656,-0.9251172602117309,0.9259579020218027
490,0.902979093868582,-0.9807609440963403,-0.9228951085562582,-0.9162726258261699,-0.9395019533465124,-0.9115395884337933,-0.916511144425206,0.9474675132890181,0.9312923597302077,0.915425341573054,-0.9258696280633396,0.9308785206241633
491,0.9117747469436006,-0.9655083494103543,-0.9326027077509208,-0.917220632947911,-0.9418876933272577,-0.9158472961750436,-0.9214126483056556,0.9465256463427214,0.9342987409381773,0.9210600597217847,-0.9250615292597598,0.9339293041576269
