t,s1,s2,s3,s4,s5,s6,s7,s8,s9,s10,s11,s12
0,-1.0281290917083397,1.139187455610167,1.050139255298115,1.040877543596512,1.0546358505589222,1.0174807629082545,1.0599200150970045,-1.1054256828574351,-1.0710228808908426,-1.0339058038860256,1.0723079239053341,-1.046560635869267
1,-1.0325381947241503,1.1490854159914985,1.0561576541547095,1.0482509323211666,1.0618271525008813,1.0267527435111687,1.0654183088710816,-1.0993035477065112,-1.0766108285708735,-1.038583986428909,1.0744257000802329,-1.0485879307334396
2,-1.0471863400375463,1.1258820006713282,1.0665843347711992,1.063566514043523,1.072903802411482,1.049524343541124,1.0693121183409793,-1.1132431785116907,-1.080221753826098,-1.0537277938357683,1.0780203464823628,-1.0598463060956405
3,-1.0540537153230418,1.1137123772516584,1.0703360639285566,1.0705817667444089,1.075732608388651,1.0557697190767656,1.0710242204948288,-1.1087222171694686,-1.0833915253171096,-1.0599814467882827,1.0773237095827253,-1.0655542236743787
4,-1.0522833082297367,1.1489231543459026,1.0739471032425134,1.071003103242961,1.0661896484656714,1.0604937851870586,1.072208016841205,-1.065207964250601,-1.085564616081566,-1.059627769757549,1.0873552809375076,-1.0651802566605992
5,-1.0421344777585615,1.1226367677594162,1.0629263988427753,1.069991895646437,1.0704839804310127,1.0533196102127829,1.0609864101528308,-1.063041670274121,-1.07218295190044,-1.0534946885200578,1.0735340048486965,-1.0629955020011512
6,-1.0487763234780305,1.1127388073780848,1.0614882359991213,1.0755746042522478,1.0851392403127305,1.0576593455208825,1.0599884991831585,-1.0706707925391172,-1.0726077666363487,-1.0568385440833559,1.0694099144028417,-1.0702583350582353
7,-1.0529486204495138,1.1349686528246818,1.0661153686265294,1.0706028335693372,1.088377030286599,1.0644652034763897,1.0641953787611889,-1.0289460868182108,-1.0753690624197556,-1.0590007968394306,1.0787169833820005,-1.0776983103850044
8,-1.0497009946987377,1.1383761473821894,1.0619884665534358,1.0714665733913684,1.1015667641801452,1.0565704082480016,1.0547739251945765,-1.0230123250565462,-1.0690295194377324,-1.0509144538185704,1.07841046314616,-1.0742735598377617
9,-1.0739679760031478,1.2074996084059142,1.0892510317635677,1.0797879692377648,1.0691207004420151,1.0696376555225748,1.0767181830864887,-0.9927783960804503,-1.088064487412106,-1.0718055129748485,1.087996186885174,-1.0709669041369754
10,-1.0831131999055068,1.1769944190339412,1.0756041169536796,1.0817682507809576,1.0508186665897303,1.0756107967399964,1.0797412663181432,-1.0499497197206085,-1.0792740901844553,-1.0765640766610802,1.0818936476443481,-1.0744507021074465
11,-1.1017532185375654,1.0869392057283835,1.0879222943536704,1.1168234474604624,1.0819696143383128,1.0973254870639197,1.0941131409696006,-1.1574167382929663,-1.0922472786579769,-1.096442333411167,1.0952690761173913,-1.0922239764991728
12,-1.1100414300890251,0.9986688705243781,1.0999434598620372,1.1244917717341045,1.1059633421446604,1.107766473856839,1.104512938624127,-1.180304105087955,-1.0961032893377642,-1.1070847967905102,1.1223543187753033,-1.096947770357439
13,-1.1162096637198393,1.1273423554816888,1.1073531249478186,1.1201941394488761,1.0947162822354348,1.10770241872314,1.1160867491841502,-1.1562864979574101,-1.1105306513303579,-1.114648662379605,1.118536748565289,-1.1127134323594021
14,-1.08556019569689,1.1015427538319875,1.0940032220295541,1.0987059780227382,1.0895017362775217,1.0836657298026318,1.0917846820403652,-1.1144676055418739,-1.0952373208376425,-1.0913943976088807,1.096968870152507,-1.09338524248933
15,-1.0635146806178373,1.1043012018071132,1.084514473702404,1.0710663037177433,1.0623724644964796,1.073256770576562,1.0853960951462864,-1.0518334536131995,-1.0899598146953913,-1.0755351980262193,1.0885256309288989,-1.0819300423830347
16,-1.0756820007049461,1.0810977864869429,1.0853117161483428,1.0871402911374923,1.0834692223262092,1.0901032707393699,1.0895736244016794,-1.1087222171694686,-1.0921492444881518,-1.0898269653135848,1.096244367776884,-1.0940938115680698
17,-1.0737424464371217,1.0934296715522085,1.0861089585942811,1.0805885085850127,1.0763120023839752,1.091144166661977,1.0905813188122309,-1.1151269124042817,-1.0915773784975054,-1.0888222010217283,1.099588224895145,-1.0915941373180709
18,-1.070912050383494,1.0965126428185246,1.0875002248234675,1.0710663037177433,1.0777093643726967,1.0949234195502118,1.0894562231111296,-1.1192711269679825,-1.0934727057807907,-1.0883399141616374,1.0985850677596665,-1.098640463156651
19,-1.080497056939604,1.1137123772516584,1.0887039045947868,1.069191356299189,1.0986697942035264,1.0921850625845841,1.084603636435076,-1.0969488803407719,-1.086103804015604,-1.0854703073440952,1.0967180808686376,-1.096495073446022
20,-1.0997798348348367,1.1573607599168745,1.1059618587186317,1.0820631863299441,1.1082809181259559,1.10220969100846,1.0981341351709273,-1.071330099401525,-1.1017565931310116,-1.09601631335142,1.1054121093761153,-1.098778240477517
21,-1.1083161289089254,1.13172341991277,1.1149972731059345,1.0783764919676169,1.0907286882676182,1.1103126654213697,1.1082991302443543,-1.0361042756100587,-1.108733358216898,-1.1025914908773284,1.1004799201266808,-1.100234743583816
22,-1.1189385714687554,1.089210868766722,1.1166542868171008,1.0937342073398273,1.1057929321460356,1.1197127562916818,1.1132006341248037,-1.0465589987139425,-1.113553371566632,-1.1123417235655026,1.0944609773138116,-1.1113553416251507
23,-1.1196038836885325,1.063898052053809,1.1185301513957797,1.1048153572517385,1.112575250091296,1.1262784074958179,1.119481603169212,-1.0687870586465262,-1.1207588830487767,-1.1150103775246734,1.101845328449971,-1.1085210653101911
24,-1.1115975840946053,1.0363135723025565,1.1026634635011217,1.1361838595689147,1.1205163560272042,1.1237642434981365,1.1146387999340372,-1.1043896292165087,-1.1147297816045332,-1.1074867025072528,1.103015678441362,-1.1159807231113696
25,-1.1146196802793553,1.0866146824371932,1.09834897497016,1.1421879046732777,1.111689118098448,1.1168462890586563,1.1186793610171226,-1.0920511722200337,-1.1132592690571566,-1.1048662772340911,1.091953084475116,-1.1135007313357799
26,-1.1104022773946667,1.1192292732019087,1.0985990902473175,1.1313806234854247,1.1013963541815204,1.1129549396864489,1.116566137787228,-1.0958186400052157,-1.111069839264396,-1.1014983073277886,1.096188636824913,-1.1132645416428666
27,-1.1058804095958432,1.137889362445402,1.0931903473787934,1.1337822415271697,1.1061337521432852,1.1073180879209468,1.1132397678883204,-1.1215316076390947,-1.108569967933856,-1.1006301909796246,1.0949625558815506,-1.1183229375660932
28,-1.1041889378506473,1.1623908709303374,1.0997246089945245,1.1144428962436455,1.0735854424059803,1.1026580769443524,1.1178282016606373,-1.1293491032933503,-1.1116580442833466,-1.0973426022166706,1.1073069617431301,-1.1181261128219988
29,-1.1004789764895178,1.1422704268764832,1.1004749548259964,1.12278535891497,1.0802655143520659,1.1050121031077866,1.1159399975709632,-1.1408398800381583,-1.1092888851792402,-1.0979213464487798,1.1137160212197963,-1.1193857911842031
30,-1.09738922143496,1.1180934416827395,1.0971921918133083,1.1146324976679933,1.0676551744538438,1.1029783526128467,1.112584277349418,-1.1199304338303901,-1.1069524041317418,-1.095654598206352,1.1100935093416804,-1.1150950117629448
31,-1.0961488088218163,1.0833694495252812,1.0892666639683901,1.1271251248500527,1.0781183483693961,1.1000638440295474,1.1034074098047841,-1.1252990754242767,-1.0985378045550875,-1.0951964256892652,1.0906155416278118,-1.1122804179223944
32,-1.0942769134237995,1.09813525927448,1.0923149439087432,1.119393600101628,1.06935927444009,1.1024338839764065,1.1067631300263292,-1.1056140562466945,-1.1027205958009583,-1.094818634315527,1.0962165023008985,-1.1137172385542837
33,-1.0967802916066896,1.1028408469967526,1.0901889640529072,1.1237965665114942,1.0750850503938776,1.1032986282813415,1.1062446076597348,-1.1170106462968727,-1.1014298125649278,-1.0959841608940806,1.0903090213919715,-1.118263890142865
34,-1.0940288309011708,1.0952145496537595,1.0842799906300693,1.1204469413480074,1.0816628763407883,1.0968931149114522,1.098055867643894,-1.1274653694007568,-1.0929498568750569,-1.0914185119518853,1.0804725083690876,-1.1140912055680632
35,-1.0912548172390497,1.117119871809166,1.0937374745475748,1.1179821228314801,1.0794475463586677,1.1038430969177817,1.1094340093863346,-1.090732558495218,-1.1054818915843652,-1.094183623283074,1.092454663042855,-1.1198975355188487
36,-1.0906909933239843,1.1099803594029591,1.0895636758600147,1.1170762493595936,1.0829579923303359,1.1011047399521545,1.1036422123858836,-1.0997744811796595,-1.101152049083757,-1.0912818640081927,1.0842622131031163,-1.117338813845621
37,-1.0919539588937306,1.0932674099066126,1.0901889640529072,1.118782662178728,1.0884111122863238,1.1015691396714715,1.1046988240008306,-1.09968029448503,-1.10358656430108,-1.0921499803563566,1.0868537023697682,-1.1156461210464093
38,-1.088210168097697,1.088724083829936,1.085874475521946,1.1120623450268274,1.0867070123000777,1.096332632491587,1.0994842500122486,-1.0967605069515125,-1.098766550951346,-1.0886614387350313,1.0800266607533193,-1.108481700361372
39,-1.0950549904265898,1.0812600481325376,1.0864684993051945,1.1269776570755599,1.1012941081823455,1.1006403402328375,1.100893065498845,-1.1335875045516808,-1.1004984879515893,-1.0930422110475253,1.0858226797583046,-1.11243787771767
40,-1.0918299176324162,1.0849920659812367,1.0857337856785454,1.117139449834377,1.0876613082923756,1.0974055559810434,1.1006484794768665,-1.1095698974211359,-1.099403773055209,-1.0911211017214957,1.0844572714350151,-1.1066118652924752
41,-1.0966788033019776,1.0775280302838395,1.0900326420046844,1.1173501180836518,1.0830943203292347,1.1017132637222937,1.1065870280905048,-1.0974198138139202,-1.1061191136882285,-1.0946016052284862,1.093931533270087,-1.1075172591153095
42,-1.1115975840946053,1.0684413781304858,1.097754951186912,1.1310224874616561,1.0941028062403866,1.1196326873745581,1.1156856281081056,-1.076227807522263,-1.1151382573121378,-1.104392028488335,1.106220208179695,-1.1164137375483774
43,-1.1076169872542443,1.0686036397760816,1.0930340253305704,1.1295688765416527,1.1004420581892225,1.1136115048068622,1.107927359490947,-1.0904499984113292,-1.104926364622023,-1.098387557080201,1.0971917939603912,-1.1123985127688512
44,-1.1063652981627994,1.098622044211267,1.0954726492828526,1.1247235068083077,1.1004079761894976,1.1119620851141159,1.1090328883102898,-1.0945000262804028,-1.1061681307731412,-1.0980097657064631,1.1039073736728982,-1.1116899436901113
45,-1.10524892681097,1.142432688522079,1.1037264534290394,1.1185509271045249,1.093659740243962,1.1177110333635911,1.1182195392958028,-1.080277835391334,-1.1136677447647612,-1.1001880946912077,1.119484174748796,-1.1127331148338118
46,-1.1026891662365736,1.1266933088993059,1.0971296629940188,1.1209314783213418,1.1033049461661164,1.1125706088842555,1.1131517169204082,-1.0896965048542941,-1.1076713213771257,-1.0982509091365087,1.1100099129137242,-1.1098791560444425
47,-1.114382874235028,1.1086822662381943,1.1012878294767572,1.138206274761964,1.1265147879787916,1.118992136037569,1.1171140104764599,-1.099020987622622,-1.1153016475951794,-1.105959460783631,1.1122391509925647,-1.1191299190168804
48,-1.119333248209301,1.096188119527333,1.1047894433569576,1.1292107405178842,1.1295821679540343,1.1231076783777227,1.1232677947894394,-1.0589916424050474,-1.122229395596153,-1.1123577997941725,1.1106229533854053,-1.1203502324302659
49,-1.1229981036572254,1.089859915349105,1.1035388669711719,1.1320547618831083,1.1367393878962693,1.1248531807710174,1.12246555263735,-1.0305472606269128,-1.1227849225584954,-1.114688852951279,1.1066939212714488,-1.1183229375660932
50,-1.1196715425583401,1.0775280302838395,1.097457939295288,1.1293371414674498,1.1318997439353295,1.1189761222541441,1.1133963029423866,-1.0391182498382057,-1.1124913347268601,-1.111465569103004,1.0924825285188406,-1.1106467725464106
51,-1.1115975840946053,1.057569847875581,1.099787137813814,1.1158543735137934,1.1135977100830439,1.1125225675339814,1.1103927865924903,-1.0183029903250673,-1.107932745829993,-1.1067954246744554,1.0865471821339279,-1.0983058610916905
52,-1.1176530529424065,1.0437776079999548,1.107274963923707,1.114737831792632,1.1140748580791935,1.1183355709171556,1.1140909272448054,-1.0253669924222855,-1.1099587853397115,-1.1087728008008289,1.096968870152507,-1.097439832217675
53,-1.1210359964327983,1.0054838596393934,1.1061494451764995,1.1259243158291807,1.1330926139257023,1.1197928252088054,1.1129462646619461,-1.0422264107609827,-1.1111025173210045,-1.1086120385141318,1.10290421653742,-1.1059426611625542
54,-1.125050422708063,1.022845855718122,1.1198276243960326,1.1202784067485865,1.1363304038995699,1.1337088030048887,1.1229253743586693,-1.0591800157943068,-1.125595235426815,-1.1159026082158416,1.120487331884274,-1.116846751985385
55,-1.1212276965639203,1.1223122444682248,1.1245485502523742,1.1049838918511583,1.136943879894619,1.1273833585521238,1.1190511317705296,-1.0738731401565238,-1.1229809908981456,-1.113676050545088,1.1118490343287675,-1.1132448591684572
56,-1.1179913472914458,1.1046257250983047,1.1186864734440032,1.0923227300696794,1.1211639140219776,1.1237162021478624,1.1134647870285406,-1.0463706253246834,-1.109713699915149,-1.1056540124389065,1.106220208179695,-1.1102334405838126
57,-1.1088799528239905,1.1054370333262824,1.1078689877069554,1.0841066683479204,1.1104280841086265,1.1110492994589067,1.1027519192658817,-1.0798069019181857,-1.0964300699038478,-1.0977766603907524,1.0939036677941014,-1.101081089983422
58,-1.0895971749287576,1.062599958889044,1.100459322621174,1.0750479336290584,1.091853394258541,1.1051241995917598,1.09867222441928,-1.1025058953239177,-1.0954170501489884,-1.0975114026177022,1.0972753903883476,-1.0999985538909025
59,-1.0908488640202025,1.0473473642030582,1.0938156355716864,1.0980318396250546,1.095466086229383,1.1030904490968199,1.1038672315261036,-1.1336816912463104,-1.0996978755646845,-1.1031702351094375,1.1090624867302168,-1.1035020343357833
60,-1.0933409657247912,1.0457247477471017,1.09370621013793,1.0994433168952038,1.0776752823729716,1.093610289309384,1.1045814227102808,-1.118706006800207,-1.099746892649597,-1.1032425781384514,1.111821168852782,-1.094763015697991
61,-1.1178898589867339,1.0770412453470521,1.0983333427653377,1.1188879963033667,1.0948185282346097,1.101537112104622,1.1083186971261128,-1.162126073024445,-1.0977371921681824,-1.1151631016970354,1.1189547307050713,-1.0954912672511403
62,-1.1169426348094242,1.0812600481325376,1.1071342740803058,1.1196253351758312,1.1033049461661164,1.1089034524799941,1.1136506724052442,-1.1440422276555646,-1.1069033870468292,-1.1177594126271924,1.1330546615537376,-1.102734417833815
63,-1.1108871659616228,1.0387474969864907,1.1029917398023903,1.1169287815851008,1.1077696881300814,1.1060209714635443,1.1104025700333695,-1.1655167940311109,-1.1002370634987226,-1.113515288258391,1.1233296104347958,-1.1020061662806655
64,-1.1127928907945437,1.0027254116642677,1.1008813921513767,1.1279256641973006,1.116256106061588,1.1063092195651891,1.1063326586276472,-1.1677772747022206,-1.0950412524979922,-1.1132259161423363,1.1105672224334342,-1.1049782199164915
65,-1.109962494740916,1.0523774752165211,1.0966294324397046,1.1114303402790005,1.0960454802247073,1.1011527813024287,1.098946160763896,-1.1107943244513216,-1.0950085744413838,-1.1071812541625283,1.095965713017029,-1.0969084054086202
66,-1.1007383354904476,1.0976484743376937,1.0912519539808254,1.0901739139270656,1.0712337844249609,1.094042661461852,1.0966861859208146,-1.052586947170237,-1.0969529188095817,-1.0954375691193108,1.0998390141790144,-1.090275411532638
67,-1.0886273977948453,1.1477873228267335,1.0809503310029145,1.0747740649049988,1.0634971704874023,1.0718475576351865,1.0797216994363847,-1.020563470996177,-1.0863652284684708,-1.078742405645825,1.0791071000457975,-1.0742932423121712
68,-1.0859435959591346,1.184133931440148,1.0825135514851467,1.08044104081052,1.0707907184285363,1.070550441177784,1.0768747181405551,-1.0173611233787705,-1.0888324217424026,-1.0757281127702558,1.0778531536264502,-1.0741161000424861
69,-1.0746896706144313,1.167745505234993,1.0785586036650987,1.073404721284706,1.070074996434313,1.0689971041855861,1.0687642456517474,-0.9746003640169403,-1.0877050287894139,-1.0654473645359812,1.085683352378377,-1.071577060843668
70,-1.0472314459507517,1.0724979192703754,1.0481070686712126,1.071024170067888,1.0865706843011778,1.0447362222971317,1.040666203446856,-0.9811934326410101,-1.0559746358226898,-1.0395485601490908,1.0736176012766532,-1.062897089629104
71,-1.050377583396816,1.1010559688952013,1.0588932899986156,1.0668740055571546,1.0876272262926507,1.0562821601463563,1.0529737720728147,-0.97469455071157,-1.069258265833991,-1.0463407667620401,1.0811970107447106,-1.0688018319519368
72,-1.0446716853763554,1.1365912692806373,1.0596280036252652,1.0710452368928163,1.0983289742062767,1.0567145322988243,1.0504496443259965,-0.9907062887985999,-1.0737188205610328,-1.0464372241340583,1.073784794132566,-1.0690183391704404
73,-1.0349964669938347,1.1688813367541622,1.0598312222879551,1.063756115467871,1.0826853363325362,1.047474579262759,1.050909466047316,-0.9730933769028655,-1.0699118269661585,-1.0428361489120452,1.0742863727003051,-1.0567758400877676
74,-1.0334966953797613,1.1643380106774854,1.0546725946965885,1.0626606405716366,1.073824016404055,1.0459852974042603,1.0493930327110492,-0.9773317781611984,-1.066398935880759,-1.040030847009182,1.0787727143339716,-1.0552209246094215
75,-1.0321773474185083,1.1435685200412482,1.0499360366354247,1.0715087070412237,1.0814924663421634,1.0453127185004218,1.0445991466802702,-1.0059645333285925,-1.0618240079555876,-1.036839715618246,1.0774909024386385,-1.0536463266566662
76,-1.0387740872247724,1.0997578757304365,1.0648178956262766,1.0577099367136538,1.0658147464686978,1.0523747969907242,1.0622484740262397,-1.0348798485798754,-1.0719542055041813,-1.0463809573337144,1.083816365487348,-1.0583504380405229
77,-1.0415481008868934,1.1107916676309368,1.0694450282536843,1.0702446975455684,1.079140808361144,1.0535117756138799,1.0686761946838352,-1.0669975114485624,-1.0744377378064174,-1.0527953725729255,1.0901696940120438,-1.0616570937413092
78,-1.035549014430599,1.0900221769947007,1.0655838736625705,1.0645987884649741,1.0761756743850754,1.0452166357998733,1.0662303344640502,-1.0656788977237495,-1.0699608440510708,-1.047586674483942,1.0874667428414497,-1.0540596586192645
79,-1.0307677876308452,1.0893731304123178,1.0665061737470876,1.0532227030040775,1.0613159225050068,1.0433910644894548,1.0705937490961468,-1.0449578249052407,-1.0750912989385843,-1.045657527043578,1.0906155416278118,-1.0547288627491855
80,-1.0262797492669256,1.0999201373760321,1.0587526001552152,1.055329385496836,1.0710292924266112,1.029106769674603,1.0624147925211853,-1.0749091937974475,-1.068000160654569,-1.0392350736900318,1.0829525357317977,-1.0548863225444611
81,-1.0269788909216064,1.0552981848372427,1.0581898407816113,1.0503576148139262,1.0685413064466918,1.0299394864126885,1.059812397247334,-1.0760394341330037,-1.066496970050584,-1.0383830335705375,1.0775744988665947,-1.058704722579893
82,-1.0210700162917221,1.0473473642030582,1.0556417913955727,1.0438479659113018,1.0534770625682746,1.0281299288856949,1.0582470467066714,-1.0492904128582008,-1.064274862201215,-1.0336003555413011,1.0788284452859427,-1.0568152050365864
83,-1.0196379035474565,1.0613018657242792,1.0536877657927821,1.045701846504929,1.0525909305754264,1.0264004402758249,1.0588829703638156,-1.0523985737809776,-1.0643892353993445,-1.0336244698843058,1.078912041713899,-1.0556736215208387
84,-0.9914354313158906,1.0330683393906448,1.0366955591509168,1.0373383170086774,1.0307443687517486,1.0090895403937001,1.0444915288305998,-1.0296995803752482,-1.048752785312241,-1.0154261790302026,1.067515062035827,-1.043805089451945
85,-0.9856731509039234,1.0135969419191735,1.0303019873785861,1.037064448284619,1.0390944586843553,1.0035968126790202,1.039619375272788,-1.030453073932283,-1.0428543960944308,-1.0115759222638092,1.0594898049520014,-1.0393765327098206
86,-0.9864061219935082,1.020249669388593,1.0338504978732537,1.0369801809849086,1.0394011966818801,1.0074401207009533,1.0447067645299408,-1.0238600053082132,-1.0488834975386745,-1.0124681529549777,1.070524533442262,-1.0409708131369855
87,-0.9866993104293421,1.0221968091357398,1.0323654384151333,1.0496624095913158,1.0498302885977076,1.0100183398323341,1.0444719619488416,-1.036575209083207,-1.0495860757557545,-1.0126771439276838,1.069800031066639,-1.0415416048948591
88,-0.9909279897923318,1.0317702462258798,1.042354417296598,1.0406036748724525,1.040219164675278,1.0175288042585289,1.0513790712095146,-1.0066238401909975,-1.0553700917754354,-1.018215404704396,1.0779367500544066,-1.0385892337334428
89,-1.0105152326017,1.038585235340895,1.0469502855143609,1.0681380150528086,1.062985940491529,1.0297633347950164,1.0531694408903975,-1.0463706253246834,-1.0598469855307815,-1.0295491459165362,1.07841046314616,-1.0472101575247785
90,-1.017743455192837,1.0304721530611158,1.04546522605624,1.0720985781391954,1.0664623044634711,1.038266653793544,1.0522595808886372,-1.0293228335967295,-1.0612031248800287,-1.0337450415993283,1.0759861667354211,-1.0516583967413125
91,-1.0156911361419994,1.0517284286341393,1.0353668217410192,1.0753218023531166,1.0658488284684227,1.0351439660257231,1.0421924202240018,-1.0281925932611733,-1.052216659312728,-1.029774213117912,1.0705523989182475,-1.047190475050369
92,-1.0124435103912233,1.0655206685097645,1.034522682680614,1.0683697501270129,1.059271002521512,1.037738198940528,1.0420456686108148,-0.9954156235300787,-1.054357072020576,-1.029187430771468,1.0704409370143053,-1.0492964998121794
93,-1.0217353285114992,1.0522152135709255,1.0314118739209714,1.0789242294157335,1.0830602383295098,1.0422700996497245,1.0368995787083868,-1.015100642707661,-1.0472005776233437,-1.0323222953620599,1.0623599489785087,-1.0563821905995787
94,-1.0407361944491995,1.095539072944951,1.0502174163222262,1.0712137714922372,1.09468220023571,1.050148881094688,1.0458122933492837,-0.9935318896374851,-1.062673637427405,-1.0387608249442757,1.077797422674479,-1.0696875433003614
95,-1.040645982622789,1.0994333524392448,1.05078017569583,1.0693598908986088,1.0993855161977497,1.0446561533800083,1.0406955537694933,-1.0122750418687732,-1.0575431825398918,-1.038366957341868,1.0678494477476534,-1.0664399350228035
96,-1.0561060343738793,1.1346441295334901,1.0660372076024178,1.0722881795635433,1.0987038762032515,1.0545846991033359,1.0522497974477583,-1.0083192006943318,-1.0689968413811242,-1.0521603615404724,1.0719456727175227,-1.0701599226861882
97,-1.0710924740363148,1.148111846117925,1.0883599960886954,1.0747529980800719,1.0794475463586677,1.0694454901214785,1.0730102589932946,-0.9834539133121197,-1.0873292311384177,-1.0673765119763456,1.0905598106758407,-1.0751592711861864
98,-1.073539469827698,1.1763453724515593,1.0856868890640785,1.0838538664487891,1.0705180624307375,1.066883284773523,1.0728635073801072,-1.004645919603777,-1.0825582348735963,-1.070270233136892,1.0832033250156672,-1.0685459597846139
99,-1.0808579042452455,1.1636889640951023,1.0763388305803288,1.069991895646437,1.0462516786265894,1.0743937491997178,1.078283533627151,-1.03572752883154,-1.0794538194958014,-1.0747715771644084,1.0791628309977686,-1.0701599226861882
100,-1.0959909381255981,1.1395119789013586,1.0876721790765134,1.0909955200992405,1.062883694492354,1.0887901404985427,1.0905519684895935,-1.0976081872031795,-1.0878194019875431,-1.0894250595968422,1.0910892547195652,-1.0838982898239788
101,-1.0905895050192724,1.0862901591460017,1.0764638882189075,1.1032353453821686,1.077470790374622,1.0847706808589375,1.0850536747155164,-1.1493166825548216,-1.078947309618372,-1.0877049031291839,1.0812806071726673,-1.080611316597602
102,-1.0902624871485347,1.106897388136643,1.085624360244789,1.0873930930366238,1.0638039084849271,1.0896869123703272,1.0925477904289382,-1.1127722450385424,-1.0890938461952693,-1.0908799582914501,1.097888430860029,-1.0899408094676777
103,-1.0924050180257827,1.0179780063502546,1.0909393098843791,1.0979686391502723,1.0824467623344614,1.0988628102726934,1.093721803334435,-1.1239804616994638,-1.0864959406949044,-1.0926965721311266,1.107251230791159,-1.0959045992137386
104,-1.1021027893649058,0.9626467852021551,1.0925494269810783,1.1191407982024968,1.1003398121900476,1.0999837751124237,1.0940348734425673,-1.1878390406583215,-1.0848130207795736,-1.0982750234795133,1.0989751844234636,-1.0893503352353944
105,-1.112251619836081,1.0778525535750298,1.1030386364168574,1.117139449834377,1.1012259441828955,1.1050121031077866,1.1135137042329364,-1.1697551952894412,-1.1024591713480916,-1.1131616112276574,1.1179237080936077,-1.1099185209932614
106,-1.1257157349278402,1.0530265217989043,1.1046487535135565,1.1370054657410908,1.1057929321460356,1.111833974846718,1.116360685528766,-1.2077124332251656,-1.106347860084487,-1.1186837957757,1.1187039414212019,-1.1147407272235748
107,-1.1117554547908235,1.131561158267174,1.1062432384054335,1.118150657430901,1.0961477262238821,1.1019534704736647,1.1073305695973192,-1.1791738647523988,-1.1024591713480916,-1.107197330391198,1.1092018141101445,-1.103679176605468
108,-1.081861510814062,1.107059649782239,1.0872970061607776,1.0899211120279344,1.0724948184147833,1.0793099807111075,1.0860418022443097,-1.12209672780687,-1.0883749289498854,-1.0836215410470798,1.0844851369110007,-1.0881103393475995
109,-1.068555266418521,1.07087530281442,1.083060678653928,1.0768596805728303,1.0666667964618208,1.0690451455358605,1.0786063871761629,-1.0818790092000388,-1.0831791179491552,-1.076797181976791,1.0805003738450731,-1.0803357619558698
110,-1.0744303116135012,1.0744450590175234,1.0816381480150965,1.0839381337484995,1.077470790374622,1.0801747250160425,1.0845645026715593,-1.1103233909781733,-1.0859240747042578,-1.087174387583084,1.0879125904572178,-1.0846659063259472
111,-1.0735507463059994,1.0989465675024588,1.0898919521612833,1.0693388240736819,1.0750168863944276,1.0926174347370516,1.0897497263375038,-1.0885662645187382,-1.0921002274032394,-1.0871904638117535,1.1004241891747097,-1.0975579270641318
112,-1.0819178932055684,1.1075464347190251,1.0968482833072173,1.065567862411644,1.0886837682841235,1.0942828682132226,1.0897888601010204,-1.0984558674548441,-1.087721367817718,-1.0875280646138172,1.1028763510614346,-1.095471584776731
113,-1.0988438871358284,1.1258820006713282,1.1070561130561942,1.068432950601795,1.082821664331436,1.0998716786284506,1.100002772378843,-1.056354414955419,-1.0976554970266617,-1.0966432862695383,1.0871602226056092,-1.093916669298385
114,-1.1144843625397396,1.1086822662381943,1.1160758952386751,1.0791348976650095,1.086502520301728,1.112138236731788,1.1101775508931493,-1.0297937670698778,-1.1085046118206392,-1.1064739001010613,1.0920924118550437,-1.1020848961783034
115,-1.1241934103571638,1.0840184961076633,1.117967392022176,1.0976105031265035,1.1109393141044999,1.1198889079093535,1.1126429779946927,-1.0556951080930137,-1.1127364201514227,-1.1134750976867167,1.0915072368593477,-1.1126740674105833
116,-1.1238776689647272,1.0627622205346399,1.11806118525111,1.0979686391502723,1.1157107940659896,1.1231717335114217,1.1168302906909648,-1.0551299879252356,-1.11768714572759,-1.1150425299820128,1.092454663042855,-1.1099972508908993
117,-1.1129733144473646,1.0661697150921474,1.1076814012490874,1.118150657430901,1.1193916500362815,1.1222109065059382,1.1116744173476578,-1.1033535755755821,-1.1171152797369437,-1.1104045380108036,1.098390009427768,-1.1103515354302693
118,-1.1064893394241138,1.0320947695170712,1.1002873683681282,1.112167679151466,1.098090400208203,1.115661269085227,1.1096981622900715,-1.0669033247539326,-1.107932745829993,-1.1020850896742327,1.0936807439862175,-1.104112191042476
119,-1.1126124671417228,1.020898715970975,1.093612416908996,1.12958994336658,1.1074629501325577,1.1133712980554915,1.1085143659436953,-1.0697289255928204,-1.1058250111787533,-1.102012746645219,1.090030366632116,-1.1005693456487764
120,-1.10827102299572,1.097486212692098,1.0916896557158506,1.1389646804593567,1.1110074781039498,1.1118499886301427,1.1135528379964528,-1.0947825863642917,-1.1110371612077876,-1.1033309973961345,1.0810019524128123,-1.1076944013849945
121,-1.1011893946225,1.1268555705449015,1.0922836794990987,1.1257557812297598,1.0967612022189306,1.1096721140843806,1.11517688918239,-1.0697289255928204,-1.1128671323778563,-1.1003810094352444,1.0857112178543626,-1.1071236096271206
122,-1.1020802364083033,1.1260442623169238,1.0926119558003677,1.1283680675207797,1.1028618801696928,1.1098642794854774,1.1150594878918405,-1.0910151185791073,-1.112654725009902,-1.1003006282918957,1.0884420345009422,-1.1123197828712135
123,-1.1019336421903863,1.1513570790298369,1.0929089676919916,1.1253344447312077,1.1056906861468616,1.1076543773728658,1.1151181885371153,-1.0983616807602143,-1.1117070613682591,-1.0986287005102466,1.0889993440206525,-1.1171813540503457
124,-1.1051587149845596,1.1661228887790365,1.092236782884632,1.1326656998060083,1.1096441981149523,1.108230873576156,1.1118113855199658,-1.1314212105752006,-1.108749697245202,-1.098443823880545,1.0884141690249567,-1.1204092798534941
125,-1.1058691331175419,1.1661228887790365,1.094612878017625,1.1355518548210877,1.105315784149887,1.110024417319725,1.1146485833749165,-1.1445131611287132,-1.1098280731132781,-1.0994646644010713,1.0935692820822753,-1.1227514943082177
126,-1.1004789764895178,1.1825113149841926,1.0991618496209212,1.1265141869271527,1.0922282962555157,1.113131091304121,1.1201664440307517,-1.104578002605768,-1.1177034847558942,-1.0986930054249255,1.101148691550333,-1.1210784839834151
127,-1.1059706214222538,1.1633644408039119,1.0971452951988412,1.1339507761265906,1.1102235921102765,1.1106169273064392,1.1175836156386587,-1.126146755675944,-1.1142886278403201,-1.100348856977905,1.0937364749381886,-1.1225940345129422
128,-1.1101429183937368,1.160768254474382,1.0979269054399574,1.1347723822987668,1.1140407760794684,1.1135794772400132,1.1183760743498692,-1.12002462052502,-1.1156284281612632,-1.1034354928824877,1.094265918981913,-1.1236175231822332
129,-1.109376117869248,1.1438930433324397,1.0993650682836111,1.1320547618831083,1.108894394121004,1.116333847989065,1.1212621894092156,-1.0849871701228155,-1.1202196951147387,-1.1056057837528974,1.0998111487030289,-1.1187165870542821
130,-1.1073576282533144,1.1211764129490556,1.0899388487757502,1.1431569786199465,1.1121321840948726,1.1156772828686516,1.115431258645248,-1.0983616807602143,-1.1130958787741148,-1.1049948870634487,1.0882191106930583,-1.1128905746290871
131,-1.1068389102514542,1.1017050154775834,1.0929402321016364,1.129990213040205,1.101839420177945,1.113339270488642,1.1163802524105244,-1.0651137775559714,-1.1131775739156355,-1.103845436713565,1.085014580954725,-1.1035413992846022
132,-1.1159503047189092,1.0372871421761312,1.092783910053413,1.1338875756518083,1.114415678076442,1.1159014758365975,1.111615716702383,-1.0720835929585597,-1.1087660362735061,-1.104986848949114,1.0920366809030726,-1.1029509250523188
133,-1.113976921016181,1.0124611104000043,1.0949724187285383,1.1270619243752704,1.1128138240893708,1.1160776274542696,1.1104417037968861,-1.0448636382106111,-1.1062008088297492,-1.1038856272852393,1.0972196594363768,-1.1019668013318469
134,-1.1078763462551744,1.00191410343629,1.096582535825238,1.1146746313178486,1.101771256178495,1.1137876564245344,1.1089644042241358,-1.0328077412980223,-1.1060864356316202,-1.101200897097399,1.0998947451309855,-1.097833481705864
135,-1.110334618524859,1.0403701134424472,1.0997402411993469,1.1148220990923423,1.1149269080723165,1.1167502063581078,1.10675334658545,-1.0847046100389264,-1.1069033870468292,-1.104818048548082,1.094990421357536,-1.106867737459798
136,-1.1181379415093626,1.064060313699405,1.114825318852889,1.1095553928604451,1.1129501520882705,1.1279598547554135,1.1202055777942683,-1.06332423035801,-1.124533198587043,-1.115838303301163,1.1034057951051592,-1.1136778736054649
137,-1.1254338229703074,1.065845191800956,1.1163103783110098,1.0991483813462173,1.1199710440316049,1.123203761078271,1.1140811438039262,-1.0463706253246834,-1.114909510915879,-1.117172630280748,1.0908941963876668,-1.1104499478023164
138,-1.1165028521556732,1.1156595169988053,1.1147627900336,1.0919856608708376,1.1072925401339329,1.1149566626145389,1.1104025700333695,-1.0438275845696845,-1.1089621046131564,-1.1072294828485374,1.0941544570779713,-1.1055490116743654
139,-1.072795222259812,1.0979729976288852,1.0800749275328643,1.0805253081102304,1.090012966273395,1.091544511247595,1.0832046043893588,-1.1252990754242767,-1.0869044164025088,-1.086740329409002,1.0940429951740291,-1.0971249126271239
140,-1.0787492028029015,1.0825581412973024,1.088000455377782,1.0827373247276264,1.0710292924266112,1.0878933686267582,1.0934087332263025,-1.0883778911294788,-1.0927701275637107,-1.0913140164655322,1.1001176689388692,-1.090806838341693
141,-1.0693107904647086,1.0750941055999053,1.079262052882103,1.0815365157067545,1.075562198390026,1.0757068794405449,1.07932057836034,-1.1078745369178042,-1.081921012769733,-1.0817486604070594,1.084122885723189,-1.0855713001487814
142,-1.0753775357908109,1.077203506992648,1.0865779247389509,1.0760380744006541,1.0586234445267377,1.0793099807111075,1.0868146940737617,-1.074815007102818,-1.0888324217424026,-1.0804062953131393,1.0898353083002177,-1.0829535310523255
143,-1.0894505807108406,1.1382138857365935,1.095300695029807,1.1032774790320237,1.095397922229933,1.08491480490976,1.0898769110689328,-1.141216626816677,-1.0905153416577333,-1.088299723589963,1.0932348963704495,-1.0953338074558647
144,-1.1212389730422216,1.0869392057283835,1.1081816318034017,1.1257557812297598,1.0897062282758705,1.1107930789241114,1.1191489661793212,-1.1871797337959138,-1.10948495351889,-1.1171565540520785,1.121183968783912,-1.1108829622393241
145,-1.1194911189055192,1.0457247477471017,1.1054616281643173,1.133403038678474,1.1201073720305048,1.1127948018522014,1.1142181119762344,-1.1740877832424013,-1.1038970058388597,-1.118474804802994,1.1296272080075205,-1.1101940756349937
146,-1.1192768658177945,0.9671901112788319,1.105492892573962,1.1265563205770077,1.1014645181809704,1.1146203731626199,1.1156856281081056,-1.1668354077559238,-1.1014624906215362,-1.114262832891532,1.123162417578883,-1.100864582764918
147,-1.1016066243196483,1.0353400024289832,1.0921273574508756,1.1079753809908763,1.091035426265143,1.1027061182946265,1.0965883515120232,-1.121908354417611,-1.0916100565541138,-1.0989180726263013,1.1105950879094197,-1.1022817209223978
148,-1.0873080498335925,1.1185802266195255,1.0795121681592605,1.0970627656783858,1.0662578124651214,1.0879734375438819,1.09059110225311,-1.1240746483940935,-1.0875416385063723,-1.0867162150659975,1.0917580261432176,-1.080257032058232
149,-1.0944911665115242,1.1372403158630202,1.0834671159793083,1.0986849111978099,1.0744034103993794,1.0853631908456522,1.083997063100569,-1.1121129381761345,-1.0851561403739614,-1.0869091298100337,1.088302707121015,-1.079450050607445
150,-1.0913788585003639,1.146164706370778,1.089923216570928,1.0951246177850482,1.0730742124101067,1.087364913773743,1.085934184394639,-1.0644544706935635,-1.095645796545247,-1.086354499920929,1.0966623499166666,-1.0803357619558698
151,-1.0770915604926095,1.2128542427105697,1.0819507921115428,1.0894155082296717,1.0763120023839752,1.0711269373810741,1.0733722463058226,-1.007942453915813,-1.084764003694661,-1.0700532040498512,1.0850981773826816,-1.0772456134735875
152,-1.0680816543298661,1.1623908709303374,1.0830763108587504,1.0825477233032785,1.086502520301728,1.073561032461632,1.0711709721080163,-1.0117099217009977,-1.0842574938172314,-1.066757577172562,1.0849031190507827,-1.0737224505542973
153,-1.0621276737867766,1.1339950829511083,1.0705861792057136,1.0901949807519926,1.1168014180571875,1.0708707168462788,1.063031149296571,-1.0349740352745052,-1.0787675803070256,-1.064330066643437,1.0865750476099134,-1.0807097289696492
154,-1.0572111292474073,1.1421081652308873,1.0691636485668825,1.078839962116023,1.1069517201366832,1.0687568974342152,1.0639605761800894,-1.022447204888768,-1.0784407997409422,-1.0636307506963047,1.084122885723189,-1.0805325866999642
155,-1.0638078690536712,1.1258820006713282,1.071477214880586,1.091669658496924,1.1046682261551137,1.0764274996946572,1.071855812969556,-1.0648312174720822,-1.0803361270242275,-1.074859996422092,1.0784940595741166,-1.0865947888180725
156,-1.0674727245015956,1.1482741077635208,1.0804032038341331,1.0699708288215088,1.0821741063366617,1.071479240616418,1.0753680682451674,-1.0812197023376309,-1.086626652921338,-1.0761139422583286,1.0733110810408122,-1.0771472011015402
157,-1.0679463365902504,1.1343196062422987,1.0784022816168755,1.0711295041925266,1.0828898283308859,1.0654580580487225,1.0727754564121952,-1.1041070691326196,-1.0816759273451704,-1.0746751197923905,1.067626523939769,-1.0715376958948493
158,-1.076854754448282,1.1628776558671245,1.090267125077019,1.0705606999194819,1.0794134643589428,1.0755947829565717,1.0838698783691405,-1.0914860520522556,-1.0943550133092166,-1.0814110596049957,1.0793021583776963,-1.0765370443948474
159,-1.0765051836209416,1.1679077668805888,1.091799081149607,1.063777182292799,1.0759711823867255,1.0746659835179377,1.084750388048263,-1.0898848782435535,-1.0960215941962432,-1.0798355891953648,1.0795250821855802,-1.0733288010661084
160,-1.0818276813791579,1.1799151286546627,1.093112186354682,1.0720985781391954,1.0847643383157568,1.0743457078494434,1.0828132667541934,-1.1226618479746482,-1.0958908819698097,-1.0831633685299933,1.0746486238881168,-1.0753364134558714
161,-1.0845678656063753,1.1703416915645217,1.095879086608233,1.0719089767148475,1.0850369943135556,1.0776285334515112,1.0873429998812354,-1.121908354417611,-1.1005148269798934,-1.0847629532826286,1.0813084726486528,-1.0767535516133513
162,-1.081906616727267,1.1846207163769353,1.0947692000658482,1.055350452321764,1.0706884724293624,1.0721037781699823,1.084946056865846,-1.1041070691326196,-1.0972470213190568,-1.0792005781629117,1.0766270726830878,-1.0728367392058722
163,-1.0804181215914948,1.178454773844302,1.091220689571181,1.065968132085268,1.0831965663284095,1.0712390338650473,1.0835470248201289,-1.1301967835450148,-1.0950249134696879,-1.0791603875912374,1.0764041488752034,-1.0724824546665024
164,-1.0817825754659527,1.1739114477676251,1.092189886270165,1.0710663037177433,1.0868092582992526,1.07280838464067,1.0861005028895847,-1.1376375324207517,-1.0989789583193004,-1.0796748269086676,1.080165988133247,-1.075493873251147
165,-1.0767758191001728,1.1599569462464043,1.086734246787174,1.0690438885246953,1.085445978310255,1.0683085114983228,1.0810228970733105,-1.133210757773162,-1.0944203694224333,-1.0745625861917023,1.075763242927537,-1.071124363932251
166,-1.074971582571964,1.14681375295316,1.0830919430635728,1.0686857525009266,1.0825490083336362,1.0653940029150235,1.0769138519040715,-1.1347177448872343,-1.088505641176319,-1.0722636854919352,1.0738126596085515,-1.069923732993275
167,-1.0678222953289362,1.151194817384241,1.0823728616417456,1.0612702301264154,1.0742670824004794,1.0636485005217289,1.0774812914750616,-1.1126780583439126,-1.0885383192329272,-1.0687349532989352,1.0755124536436675,-1.0672272339991813
168,-1.0671457066308578,1.144866613206013,1.0769015899539325,1.0696337596226684,1.0796179563572925,1.060798047072128,1.0709753032904332,-1.1299142234611257,-1.0844208841002734,-1.067392588205015,1.0726423096171602,-1.0669319968830397
169,-1.0586770714265772,1.1445420899148215,1.0774799815323586,1.061333430601199,1.0670416984587945,1.0582358417241726,1.0706524497414214,-1.0884720778241084,-1.0840777645058852,-1.0631002351502048,1.071249035817885,-1.0629758195267418
170,-1.0567036877238487,1.151194817384241,1.0685383603739893,1.074036726032533,1.0769936423784734,1.0577714420048556,1.065173722849103,-1.1080629103070636,-1.0772153726181282,-1.0613640024538769,1.0687132775032038,-1.0628774071546945
171,-1.0434312727632116,1.1421081652308873,1.0635829514453132,1.062765974696275,1.062985940491529,1.0525189210415469,1.0599689323014,-1.0619114299385648,-1.0715457297965767,-1.0542502712675337,1.0685739501232765,-1.0602596380582388
172,-1.0453144446395297,1.0945655030713777,1.0588307611793268,1.0660313325600501,1.0745056563985542,1.0532555550790839,1.055175046270621,-1.0543764943681981,-1.0660884943429794,-1.052932020516618,1.0603815001835377,-1.0645307350050877
173,-1.0446829618546565,1.0931051482610168,1.0519213266478595,1.0674849434800546,1.089160916280272,1.0511417356670207,1.04813096883764,-1.037140329250985,-1.0605495637478612,-1.0478278179139875,1.0609945406552186,-1.069352941235401
174,-1.0400370527945186,1.0906712235770828,1.0471222397674065,1.065378260987295,1.0956024142282828,1.0447362222971317,1.0406270696833393,-1.0281925932611733,-1.0552230405206977,-1.039653055635444,1.0598241906638273,-1.066144697906662
175,-1.0427997899783383,1.1143614238340402,1.0563608728173994,1.0638825164174366,1.0927054442516642,1.04310281638781,1.0418010825888362,-1.003327305878964,-1.0579189801908877,-1.0402559142105579,1.0619141013627404,-1.0639008958239855
176,-1.0606504551293054,1.1781302505531106,1.0783397527975864,1.065757463835992,1.0679278304516424,1.057883538488829,1.062952881769538,-0.9778027116343468,-1.0758428942405769,-1.0586471198086973,1.0713883631978123,-1.0644323226330406
177,-1.0789634558906263,1.152492910549006,1.082044585340477,1.0782922246679063,1.0685413064466918,1.0678601255624307,1.0734994310372514,-1.010108747892293,-1.0847966817512693,-1.0735015550995022,1.0775744988665947,-1.0678767556546929
178,-1.082639587816852,1.1442175666236312,1.0799967665087526,1.0751322009287676,1.0503756005933058,1.0712870752153216,1.0779313297555022,-1.0235774452243243,-1.0829176934962883,-1.0747635390500736,1.0795808131375513,-1.0702189701094165
179,-1.0985281457433917,1.0965126428185246,1.0800280309183974,1.1090708558871107,1.071131538425786,1.090343477490741,1.087382133644752,-1.1217199810283516,-1.0799276513166227,-1.0895777837692042,1.0872995499855365,-1.0907477909184646
180,-1.0950437139482885,1.050754858760566,1.0881724096308276,1.1042465529786938,1.0708588824279863,1.0956440398043241,1.0968231540931226,-1.1588295387124088,-1.0922146006013684,-1.0913622451515412,1.0991145118033911,-1.0916138197924803
181,-1.103027460585613,1.0668187616745295,1.0866091891485956,1.1134948891219036,1.0940687242406615,1.098030093534608,1.099787536679502,-1.17229823604444,-1.0953843720923802,-1.0980338800494678,1.1088674283983184,-1.1065331353948376
182,-1.1031853312818312,1.0286872749595637,1.1037889822483289,1.1161071754129248,1.1024869781727182,1.107061867386151,1.1055891171208325,-1.1623144464137043,-1.1003350976685475,-1.1024226904762964,1.119484174748796,-1.0978531641802733
183,-1.1120373667483563,1.09813525927448,1.105102087453404,1.1106087341068243,1.0849688303141056,1.1030103801796962,1.113631105523486,-1.1432887340985274,-1.1079000677733846,-1.1106135289835097,1.1097869891058398,-1.109721696249167
184,-1.0771704958407187,1.120202843075482,1.0881098808115384,1.087224558437203,1.0808789903471152,1.0793259944945321,1.08808654138805,-1.1062733631090997,-1.0894042877330492,-1.0879460465592294,1.0864635857059712,-1.0866538362413007
185,-1.0613157673490827,0.9991556554611642,1.0802312495810873,1.0726463155873134,1.0651331064741987,1.0750182867532816,1.0776182596473698,-1.0540939342843092,-1.0819700298546455,-1.072311914177944,1.0828968047798266,-1.0810049660857908
186,-1.0708894974268912,1.0926183633242297,1.0847176923650943,1.080630642234868,1.0911376722643178,1.0790697739597364,1.0826860820227644,-1.0868709040154065,-1.0853848867702198,-1.0833482451596947,1.0864357202299861,-1.087637959961773
187,-1.0710135386882056,1.1158217786444011,1.0863434416666158,1.0751743345786227,1.0726652284134073,1.0930177793226696,1.090385649994648,-1.124639768561869,-1.0914793443276802,-1.0878254748442069,1.0954362689733042,-1.0940741290936604
188,-1.0753888122691122,1.1158217786444011,1.0860933263894588,1.0787767616412407,1.085650470308605,1.0973575146307692,1.0902095480588234,-1.1381084658939,-1.0930969081297943,-1.0916837697249355,1.0946281701697245,-1.1000969662629496
189,-1.092416294504084,1.1451911364972047,1.1050395586341146,1.0641353183165678,1.0925009522533153,1.0994072789091336,1.0973710267823544,-1.0612521230761596,-1.0965117650453686,-1.0904057095456938,1.1066381903194777,-1.0946842858003532
190,-1.1060495567703628,1.1107916676309368,1.1071342740803058,1.0816839834812473,1.0993514341980246,1.1053003512094315,1.1020377280817044,-1.0468415587978317,-1.0987175338664334,-1.0990788349129983,1.0866586440378698,-1.0965738033436596
191,-1.1114622663549896,1.1211764129490556,1.1138717543587275,1.0730044516110822,1.0860935363050284,1.110488817039042,1.1090720220738064,-1.0210344044693256,-1.1070504383015671,-1.1029773203654012,1.0878011285532756,-1.1006677580208235
192,-1.1196151601668338,1.0755808905366926,1.1187802666729367,1.110966870130593,1.110700740106425,1.1285363509587036,1.1206458326338296,-1.0847987967335562,-1.1213961051526398,-1.1138046603744456,1.1056628986599852,-1.1102728055326314
193,-1.1174951822461883,1.0431285614175718,1.1057742722607637,1.1240704352355524,1.1194598140357315,1.1186238190188005,1.1096296782039174,-1.1148443523203926,-1.1120011638777345,-1.1094399642906214,1.0934856856543187,-1.1100366158397181
194,-1.1081357052561045,1.0220345474901442,1.1000059886813267,1.1157911730390113,1.1069176381369583,1.1128748707693252,1.1102069012157867,-1.0641719106096745,-1.107148472471392,-1.1019323655018707,1.0970246011044782,-1.1081274158220022
195,-1.1127928907945437,0.9817936593824358,1.0926432202100123,1.1155173043149518,1.1085535741237555,1.1063892884823128,1.1054423655076453,-1.032525181214136,-1.0993384169419926,-1.0995530836587546,1.0891944023525508,-1.102143943601532
196,-1.1198181367762572,1.006944214449753,1.095879086608233,1.1291264732181736,1.1199710440316049,1.1149726763979637,1.1090035379876524,-1.035256595358394,-1.1042237864049431,-1.1066185861590887,1.093207030894464,-1.105273457032633
197,-1.1225244915685706,1.0225213324269316,1.1008188633320874,1.1293160746425215,1.1241631299977712,1.1192003152220906,1.1133376022971115,-1.0336554215496896,-1.1086353240470725,-1.1102357376097716,1.0953526725453477,-1.106296945701924
198,-1.1192994187743972,1.0358267873657705,1.1000059886813267,1.124196836185118,1.1236859820016227,1.1153089658498831,1.1104025700333695,-1.0413787305093154,-1.10749159206578,-1.108218170911724,1.0906991380557685,-1.1032461621684606
199,-1.1082259170825148,1.0437776079999548,1.0982395495364041,1.1126943497746558,1.1074288681328328,1.1102486102876707,1.1117331179929326,-1.016230883043217,-1.1095503096321069,-1.1045045620890228,1.093708609462203,-1.09797125902673
200,-1.105384244550586,1.0230081173637176,1.09040781492042,1.1230381608141002,1.1193916500362815,1.1073821430546458,1.1050216775498423,-1.0373287026402445,-1.1041747693200306,-1.103636445740859,1.091730160667232,-1.0960817414834236
201,-1.1057789212911315,1.0148950350839374,1.0920648286315862,1.1116199417033483,1.1114846261000983,1.1066134814502586,1.1064207095955594,-1.0014435719863704,-1.1040930741785095,-1.1015384978994627,1.0898631737762032,-1.0931884177452356
202,-1.1213179083903309,1.0103517090072607,1.0976767901628004,1.1282627333961424,1.129002773958711,1.1171345371603016,1.1122222900368897,-1.0305472606269128,-1.1093052242075443,-1.1123336854511678,1.088051917837145,-1.1046829828003497
203,-1.1231559743534438,1.0220345474901442,1.1027259923204107,1.1192882659769907,1.1212320780214275,1.1204493903292188,1.1159497810118424,-1.0188681104928454,-1.1111842124625253,-1.1133866784290334,1.086770105941812,-1.1040137786704287
204,-1.1259863704070716,1.0408568983792335,1.107181170694773,1.1153909033653873,1.1177216320497603,1.122467127040734,1.1177597175744833,-1.0215995246371037,-1.1131122178024186,-1.1146245480366004,1.0888600166407247,-1.102340768345626
205,-1.1219944970884093,1.0303098914155202,1.100021620886149,1.1202362730987312,1.1219478000156506,1.1151648417990605,1.1078980091683095,-1.0564486016500485,-1.1029330031689129,-1.1091104016028925,1.0837049035834063,-1.1005693456487764
206,-1.1161758342849355,1.0583811561035588,1.1023195549950302,1.118972263603076,1.118130616046459,1.113867725341658,1.1110874108949096,-1.0441101446535737,-1.1061681307731412,-1.1080413323963574,1.0904204832959132,-1.0967115806645258
207,-1.116965187766027,1.010189447361666,1.100803231127265,1.118571993929452,1.1237541460010716,1.1110973408091809,1.107447970887869,-1.0436392111804251,-1.1029330031689129,-1.1052521067221641,1.0957985201611158,-1.0967509456133446
208,-1.1253097817089932,0.9837407991295827,1.1103857726833495,1.1228696262146804,1.1453621338266757,1.1316109973762503,1.116419386174041,-1.0395891833113542,-1.1167394820859475,-1.1094319261762866,1.108198656974666,-1.111099469457828
209,-1.1196038836885325,0.9989933938155696,1.1022257617660967,1.1250395091822212,1.1454984618255746,1.1245489188859479,1.1085045825028164,-1.0733080199887457,-1.1076059652639092,-1.106329214043034,1.0994767629912028,-1.1082848756172778
210,-1.1147888274538746,0.9986688705243781,1.1023820838143197,1.1148010322674142,1.1326154659295529,1.1174868403956453,1.105491282712041,-1.0849871701228155,-1.1061681307731412,-1.1040946182579454,1.0996996867990867,-1.104249968363342
211,-1.1176192235075024,1.0406946367336387,1.117373368238928,1.1002227894175247,1.1203800280283045,1.1220667824551156,1.1148442521924995,-1.047971799133388,-1.1182263336616283,-1.1102116232667671,1.1102607021975937,-1.1068086900365697
212,-1.1148113804104773,1.0692526863584635,1.115309917202381,1.0931864698917106,1.1176534680503105,1.1182074606497576,1.1124570926179889,-1.0551299879252356,-1.1150729011989209,-1.1094801548622957,1.1041302974807823,-1.1044664755818459
213,-1.1212276965639203,1.0906712235770828,1.1164354359495885,1.1055948297740583,1.1366712238968193,1.1232518024285454,1.1135039207920572,-1.106744296582248,-1.1146644254913163,-1.1133062972856849,1.1059694188958256,-1.1103121704814503
214,-1.1209232316497852,1.080286478258964,1.1233136060714108,1.0969574315537485,1.123345162004373,1.1236041056638892,1.1158323797212926,-1.0816906358107794,-1.1129978446042896,-1.111248540015963,1.1059136879438545,-1.1067102776645223
215,-1.1198181367762572,1.075418628891097,1.1232667094569437,1.0891837731554685,1.1166310080585626,1.122162865155664,1.1162335007973374,-1.0600276960459738,-1.1128671323778563,-1.1084030475414257,1.1070004415072892,-1.1060017085857823
216,-1.123821286573221,1.1047879867439006,1.1200621074683672,1.1036356150557938,1.1288323639600861,1.122467127040734,1.1124473091771099,-1.053434627421904,-1.1123442834721222,-1.1061041468416581,1.1089788903022602,-1.1077337663338134
217,-1.1181379415093626,1.1296140185200272,1.117623483516085,1.089268040455179,1.118846338040683,1.1187038879359241,1.1138659081045852,-1.041190357120056,-1.1097627170000615,-1.1042312662016378,1.104771203428449,-1.1043483807353893
218,-1.1047414852874113,1.14681375295316,1.1090882996830966,1.0778498213444272,1.1010896161839958,1.112202291865487,1.10800562701798,-1.0507973999722757,-1.1030800544236503,-1.1009919061246929,1.1049105308083764,-1.0970461827294862
219,-1.0954158377322314,1.1043012018071132,1.0993807004884335,1.0821053199797994,1.1009873701848218,1.1047718963564155,1.1010691674346693,-1.098173307370955,-1.0944367084507374,-1.0999469512611624,1.1043253558126807,-1.0990341126448397
220,-1.0939386190747604,1.0838562344620675,1.0985678258376728,1.0817471839560306,1.0905241962692693,1.1074301844049195,1.103759613676433,-1.1025058953239177,-1.0992077047155588,-1.103146120766433,1.1119883617086948,-1.103009972475547
221,-1.0988213341792257,1.0736337507895446,1.1004280582115293,1.080209305736317,1.077198134376823,1.1079426254745106,1.110304735624578,-1.074815007102818,-1.106445894254312,-1.1096489552633275,1.1146913128792888,-1.1034626693869645
222,-1.0992272873980728,1.0690904247128679,1.094519084788691,1.090679517725327,1.078459168366645,1.0963646600584365,1.1023801485124745,-1.1103233909781733,-1.0982437020456122,-1.1045769051180365,1.1027648891574924,-1.1010023600857841
223,-1.0967013562585803,1.0749318439543096,1.0936905779331079,1.0963886272807035,1.0767550683803988,1.0910000426111544,1.0996701353889524,-1.1178583265485398,-1.0964300699038478,-1.1015143835564583,1.1001455344148547,-1.0989160177983832
224,-1.0946490372077426,1.0895353920579136,1.0982082851267594,1.0926597992685199,1.0687117164453166,1.091272276929375,1.1024094988351116,-1.1081570970016932,-1.1001553683572016,-1.100983868010358,1.1028763510614346,-1.0968493579853917
225,-1.1045948910694945,1.1148482087708276,1.100662541283864,1.110545533632042,1.0875590622932008,1.0943469233469216,1.099640785066315,-1.1609016459942592,-1.0966588163001065,-1.101522421670793,1.101845328449971,-1.0979122116035016
226,-1.1113946074851817,1.1163085635811871,1.0988961021389414,1.1222797551167074,1.0987720402027013,1.097661776515839,1.1011865687252191,-1.1955623496179475,-1.0963483747623268,-1.1045045620890228,1.1041024320047967,-1.10149442194602
227,-1.1144167036699317,1.0432908230631677,1.100615644669397,1.119983471199601,1.096284054222782,1.106437329832587,1.1113417803577672,-1.2095961671177566,-1.0992893998570799,-1.1113771498453204,1.1159452592986367,-1.105450599302318
228,-1.1198970721243664,0.9955858992580621,1.1037264534290394,1.1374900027144252,1.1097464441141272,1.1175188679624948,1.1200979599445977,-1.2263613987618214,-1.104910025593719,-1.1202994567570053,1.1284847234921147,-1.1136778736054649
229,-1.1183183651621835,1.0035367198922465,1.1027103601155883,1.1278413968975902,1.100748796186747,1.1183675984840051,1.1170553098311853,-1.1761598905242543,-1.1046159230842436,-1.1215453644789073,1.124165574714361,-1.1110797869834186
230,-1.1166832758084941,1.0283627516683722,1.0983333427653377,1.1188879963033667,1.0907286882676182,1.116061613670845,1.1124766594997473,-1.1392387062294562,-1.1031127324802588,-1.117823717541871,1.119484174748796,-1.1076550364361755
231,-1.0995317523122081,1.1065728648454516,1.0944409237645791,1.0915853911972135,1.0639402364838269,1.0950995711678835,1.0983591543111475,-1.0565427883446783,-1.100302419611939,-1.0995370074300848,1.107474154599043,-1.095648727046416
232,-1.0899241927994954,1.1369157925718287,1.0943783949452903,1.0933339376662032,1.0807767443479404,1.0844504051904431,1.085229776651341,-1.0407194236469077,-1.0992240437438632,-1.0864509572929473,1.0920924118550437,-1.083681782605475
233,-1.069626531857145,1.1518438639666242,1.0794496393399713,1.0784607592673272,1.0905582782689944,1.0715753233169665,1.066308601991083,-0.9927783960804503,-1.0861364820722124,-1.0639040465836898,1.0872438190335654,-1.0769306938830363
234,-1.0566924112455474,1.1156595169988053,1.0591903018902402,1.0799354370122576,1.1068835561372334,1.055753705293341,1.047857032493024,-1.007942453915813,-1.0656473405787665,-1.048615553118803,1.0738962560365082,-1.0720494402294947
235,-1.0574704882483374,1.1289649719376442,1.0648804244455659,1.0787556948163126,1.1074288681328328,1.062543549465423,1.0554294157334787,-0.9940970098052632,-1.0733266838817326,-1.052345238170174,1.0887206892607975,-1.0775014856409102
236,-1.055350510327692,1.1659606271334408,1.0602220274085132,1.0881936323838717,1.1130864800871705,1.0601414819517148,1.0539521161607288,-1.0037982393521123,-1.0751076379668885,-1.0540895089808366,1.083036132159754,-1.075001811390911
237,-1.0488552588261397,1.1662851504246323,1.0654900804336362,1.0779340886441375,1.099010614200776,1.061518667326241,1.0592938748807395,-0.9739410571545325,-1.0788329364202425,-1.0537679844074428,1.0831197285877106,-1.0746081619027221
238,-1.046509751339468,1.153791003713771,1.0653962872047023,1.0757642056765957,1.0941368882401115,1.061118322740623,1.0591764735901898,-0.966971241751944,-1.0785061558541589,-1.0533500024620301,1.085070311906696,-1.0735059433357934
239,-1.045765503771582,1.1359422226982552,1.0645990447587639,1.0793666327392126,1.092671362251939,1.0628798389173424,1.0616516841326125,-0.9976761042011884,-1.0783917826560294,-1.0538965942368002,1.0858784107102757,-1.071714838164534
240,-1.0430253195443646,1.114523685479636,1.053250064057757,1.0773020838963094,1.0871841602962262,1.0585721311760918,1.0539618996016078,-1.0243309387813617,-1.0683759583055652,-1.0485592863184592,1.073506139372711,-1.065121209237371
241,-1.0386274930068553,1.1189047499107172,1.0502174163222262,1.0622603708980125,1.0633267604887775,1.0543124647851159,1.0508996826064367,-0.997487730811929,-1.0643892353993445,-1.0428522251407146,1.068824739407146,-1.056086953483437
242,-1.0372630391323974,1.1174443951003563,1.0494514382859326,1.061164896001778,1.0608387745088583,1.0533196102127829,1.050019172927314,-1.0005958917347058,-1.0635886230124394,-1.0425467767959904,1.0678494477476534,-1.055417749353516
243,-1.0351543376900532,1.1083577429470028,1.0505144282138508,1.0657785306609189,1.0685413064466918,1.0497485365090697,1.0475146120622543,-1.0190564838821048,-1.06077831014412,-1.0407703535279884,1.0648957072931895,-1.0559294936881614
244,-1.0397100349237807,1.117768918391548,1.0509364977440534,1.0751532677536957,1.0785614143658198,1.0545046301862122,1.050351809917205,-1.030170513848394,-1.063457910786006,-1.0451430877261474,1.0667069632322477,-1.05951170403068
245,-1.0467916632970007,1.108195481301408,1.0574238627453176,1.0771335492968885,1.0842190263201574,1.0622232737969286,1.058012244125572,-1.025178619033026,-1.0710718979757554,-1.0517182652520556,1.075038740551914,-1.0665580298692603
246,-1.0477388874743105,1.106897388136643,1.0603314528422696,1.0773863511960198,1.0885815222849486,1.0637926245725515,1.0597047793976635,-1.0131227221204402,-1.0729672252590408,-1.0548933204143216,1.075038740551914,-1.0687034195798895
247,-1.0480997347799523,1.115172732062018,1.0608785800110512,1.074626597130506,1.0942050522395614,1.0623673978477512,1.0584916327286498,-1.0070005869695162,-1.0723463421834816,-1.0545959101839324,1.0733668119927833,-1.070022145365322
248,-1.0589477069058084,1.121500936240247,1.0669751398917573,1.0929968684673617,1.1145520060753418,1.0709347719799778,1.062541977252614,-1.0107680547547009,-1.0808262978733527,-1.0607932963361024,1.086045603566189,-1.0821071846527195
249,-1.0499716301779691,1.141783641939697,1.0618165123003906,1.0695284254980297,1.1011236981837207,1.055561539892244,1.0520541286301754,-0.9849609004261947,-1.0713006443720139,-1.047216921224539,1.0756239155476093,-1.0717738855877625
250,-1.0535575502777843,1.151194817384241,1.060159498589224,1.0868032219386508,1.1166310080585626,1.0554494434082708,1.0501757079813805,-1.0103913079761822,-1.0717908152211395,-1.0488727727775182,1.0813084726486528,-1.0754545083023281
251,-1.0553392338493905,1.1438930433324397,1.0637236412887137,1.077828754519499,1.1067472281383335,1.0552572780071745,1.0506159628209417,-1.0003133316508168,-1.068898807211299,-1.0505366624448325,1.074509296508189,-1.0732107062196519
252,-1.0701790792939092,1.155738143460918,1.0739471032425134,1.0877722958853207,1.0994536801971997,1.067283629359141,1.059333008644256,-1.0320542477409875,-1.0766108285708735,-1.0633494166945852,1.0834819797755222,-1.0795681454539017
253,-1.0775313431463605,1.1672587202982057,1.0823103328224561,1.0924912646691,1.093693822243687,1.073561032461632,1.0682652901669112,-1.0430740910126497,-1.0839633913077562,-1.0717572842888394,1.0871880880815947,-1.0813986155739796
254,-1.0908826934551064,1.1510325557386454,1.0908142522458004,1.087034957012855,1.075528116390301,1.0812476485054985,1.0816294704078173,-1.0555067347037543,-1.0912015808465092,-1.0844976955095784,1.088358438072986,-1.080611316597602
255,-1.095438390688834,1.1356176994070637,1.0890634453057002,1.0889099044314103,1.0712678664246857,1.0811515658049506,1.0846134198759552,-1.0648312174720822,-1.0901722220633456,-1.087487874042143,1.0889436130686814,-1.0827960712570501
256,-1.1086318703013618,1.1052747716806866,1.0959416154275223,1.0975894363015755,1.0708248004282612,1.1007204091499607,1.0980754345256523,-1.1111710712298377,-1.098047633705962,-1.1029532060223965,1.092928376134609,-1.0946055559027155
257,-1.1091280353466193,1.045562486101506,1.0999590920668596,1.1106087341068243,1.0886837682841235,1.1085031078943761,1.1039161487304994,-1.1578876717661146,-1.0952209818093384,-1.1091747065175712,1.1009536332184346,-1.1013172796763353
258,-1.1105037656993786,1.03988332850566,1.096582535825238,1.1219005522680106,1.1042592421584143,1.1097842105683537,1.1026247345344529,-1.2198625168323813,-1.0921329054598479,-1.1097132601780064,1.1036287189130431,-1.1060017085857823
259,-1.1045948910694945,1.050754858760566,1.0941908084874221,1.1118727436024796,1.0969656942172803,1.1015851534548962,1.0973318930188378,-1.188592534215359,-1.089665712185916,-1.1016269171571462,1.1021518486858113,-1.0997820466723986
260,-1.0825155465555376,1.1030031086423482,1.0862496484376818,1.0919224603960553,1.08098123634629,1.0762513480769855,1.0797706166407806,-1.1279363028739051,-1.0798949732600143,-1.0836376172757494,1.0840392892952324,-1.0872639929479935
261,-1.0656346585384828,1.0653584068641697,1.0832326329069732,1.0681380150528086,1.0582826245294892,1.0699739449744943,1.0797216994363847,-1.048913666079682,-1.084143120619102,-1.0750046824801192,1.0827296119239136,-1.0790170361704372
262,-1.0630410685291825,0.9933142362197236,1.079668490207484,1.077007148347323,1.0777434463724216,1.075290521071502,1.073890768672417,-1.0744382603243017,-1.076202352863269,-1.0719823514902151,1.0793021583776963,-1.0824221042432707
263,-1.0656684879733866,1.0161931282487024,1.0861402230039259,1.0624710391472885,1.0940005602412115,1.0894306918355319,1.07431145663022,-1.0785824748880024,-1.0725587495514362,-1.0687912200992793,1.0845965988149424,-1.0874805001664973
264,-1.0710022622099042,1.057569847875581,1.089360457197324,1.0640089173670022,1.1103258381094516,1.0844984465407173,1.0705056981282346,-1.0619114299385648,-1.0698137927963334,-1.0629314347491727,1.0765713417311167,-1.072462772192093
265,-1.0836544708639695,1.063249005471426,1.0973954104759986,1.0716772416406433,1.117892042048385,1.0929056828386965,1.077637826529128,-1.0514567068346807,-1.0789309705900676,-1.0692574307307008,1.0783825976701744,-1.0771472011015402
266,-1.0995204758339068,1.0565962780020066,1.109213357321675,1.0965571618801244,1.1437943618393285,1.1105848997395897,1.0908552551568467,-1.0647370307774526,-1.096364713790631,-1.085823984374829,1.093652878510232,-1.0955896796231877
267,-1.1077184755589562,1.1172821334547607,1.1176860123353745,1.0891416395056135,1.1259353939834673,1.1210419003159338,1.109473143149851,-1.0684103118680075,-1.1147624596611416,-1.1036203695121891,1.1097033926778834,-1.1010614075090126
268,-1.1055872211600093,1.129776280165622,1.1114174982016225,1.0978001045508514,1.1332630239243262,1.1186878741524995,1.106176123573581,-1.098173307370955,-1.1109391270379625,-1.1078886082239952,1.1030992748693182,-1.1035217168101927
269,-1.0991483520499636,1.0836939728164716,1.1090414030686295,1.083474663600092,1.1042592421584143,1.1128108156356262,1.1063522255094054,-1.0472183055763504,-1.1038806668105554,-1.1042393043159726,1.0969410046765216,-1.0927357208338184
270,-1.1055308387685028,1.0363135723025565,1.1045236958749778,1.1007705268656414,1.1146883340742417,1.1140759045261792,1.1047183908825888,-1.075097567186707,-1.10108669297054,-1.1041026563722802,1.0940708606500147,-1.097518562115313
271,-1.1072674164269038,1.0264156119212253,1.1050239264292923,1.0923648637195345,1.1041910781589643,1.1137396150742602,1.1076827734689685,-1.0561660415661622,-1.1025245274613082,-1.102824596193039,1.0974425832442607,-1.0970855476783052
272,-1.1040874495459356,1.0363135723025565,1.0990680563919872,1.0975473026517202,1.111620954098998,1.1093358246324616,1.1036617792676418,-1.062382363411713,-1.0987175338664334,-1.0998183414318046,1.0934578201783332,-1.0966328507668879
273,-1.10904909999851,1.0147327734383427,1.097567364729044,1.100096388467959,1.1300252339504586,1.1137396150742602,1.105980454755998,-0.9989005312313716,-1.1037826326407303,-1.0991833303993515,1.0957149237331596,-1.0974595146920845
274,-1.1145294684529448,0.9957481609036567,1.094862993294782,1.1106508677566795,1.142499245849782,1.1160135723205706,1.1034954607726961,-1.0103913079761822,-1.1016258809045782,-1.100437276235588,1.0918137570951887,-1.1013172796763353
275,-1.1193670776442048,0.9863369854591126,1.105399099345028,1.1138951587955277,1.1439988538376782,1.1231397059445722,1.1134647870285406,-0.9989005312313716,-1.1114129588587838,-1.1057183173535854,1.1045204141445795,-1.1036004467078304
276,-1.1250955286212685,0.967676896215618,1.1020381753082287,1.1303694158889008,1.1520762877724864,1.1238603261986846,1.1077023403507267,-1.0459938785461647,-1.1069687431600461,-1.1058549652972778,1.104938396284362,-1.1066315477668847
277,-1.1332145929982085,0.9840653224207742,1.1171701495762376,1.1287472703694768,1.1477819558071451,1.1353582226976355,1.125958241031203,-1.0275332863987656,-1.1242227570492636,-1.1166260385059783,1.117756515237695,-1.1157445334184564
278,-1.1303841969445807,0.9839030607751784,1.1070092164417276,1.1344774467497802,1.1533714037620328,1.1293050125630901,1.1168107238092064,-1.0443927047374626,-1.1153016475951794,-1.1124864096235298,1.108923159350289,-1.1118474034853867
279,-1.1295835669851881,0.9798465196352889,1.1093540471650758,1.132602499331225,1.1534736497612077,1.1302978671354231,1.11677159004569,-1.0412845438146858,-1.1154813769065255,-1.113241992371006,1.1080871950707243,-1.1130873993731818
280,-1.1275312479343504,0.9926651896373406,1.1096510590567,1.1345195803996355,1.1542916177546059,1.1323796589806367,1.1176520997248125,-1.0556009213983841,-1.1160695819254762,-1.1132098399136665,1.1127685950362889,-1.1161381829066452
281,-1.1263810471476172,0.9947745910300833,1.1098699099242126,1.1355097211712324,1.1520081237730364,1.1318672179110456,1.1162432842382166,-1.06765681831097,-1.1171969748784645,-1.113185725570662,1.112880056940231,-1.115370566404677
282,-1.1226034269166796,1.004997074702606,1.113449684828525,1.123754432861639,1.133297105924051,1.1307782806381648,1.1193152846742664,-1.0609695629922706,-1.1205464756808223,-1.1127597055109149,1.1163075104864484,-1.1119261333830246
283,-1.1217915204789857,1.0256043036932476,1.1118551999366475,1.1212264138703283,1.1335015979224008,1.1258300215599255,1.1166933225186568,-1.0739673268511534,-1.1169192113972937,-1.112968696483621,1.1075856165029851,-1.1107648673928674
284,-1.1201564311252963,1.0231703790093134,1.1091351962975635,1.1180242564813354,1.1297525779526592,1.1204333765457941,1.1117820351973284,-1.0973256271192906,-1.1123442834721222,-1.1113208830449768,1.1027648891574924,-1.107320434371215
285,-1.1208555727799774,1.0502680738237786,1.1171701495762376,1.1050681591508686,1.119868798032431,1.120721624647439,1.1173488130575593,-1.0725545264317082,-1.1185204361711036,-1.1129606583692861,1.1072233653151735,-1.1062378982786958
286,-1.1247459577939278,1.084829804335641,1.1234230315051672,1.1046468226523176,1.1209935040233527,1.1240364778163567,1.1220155143569093,-1.0744382603243017,-1.1253664890305561,-1.115508740613434,1.1094247379180284,-1.109406776658616
287,-1.1235055451807843,1.0952145496537595,1.1228290077219187,1.111725275827987,1.1326495479292777,1.1245649326693725,1.1166052715507446,-1.0978907472870685,-1.1214124441809439,-1.113185725570662,1.1066939212714488,-1.111060104509009
288,-1.1278018834135817,1.088724083829936,1.1294414303617617,1.0998435865688276,1.1296844139532092,1.1281360063730856,1.1204305969344885,-1.051079960056162,-1.125431845143773,-1.1138689652891245,1.111876899804753,-1.1108239148160959
289,-1.1262006234947963,1.1021918004143705,1.1273623471203926,1.0941555438383794,1.1283211339642125,1.1268388899156832,1.120665399515588,-1.0297937670698778,-1.1221967175395446,-1.1102276994954368,1.1112359938570862,-1.1097020137747575
290,-1.1223891738289549,1.1099803594029591,1.1190147497452718,1.0990219803966517,1.1362963218998448,1.1227874027092284,1.1108819586364473,-1.0333728614658004,-1.113128556830723,-1.1051234968928063,1.1054678403280864,-1.108481700361372
291,-1.1035123491525691,1.1223122444682248,1.1112611761533995,1.0711505710174538,1.103577602163916,1.1120101264643902,1.1075849390601769,-1.0268739795363604,-1.105106093933369,-1.095638521977682,1.109452603394014,-1.099309667286572
292,-1.0838123415601877,1.113225592314871,1.095285062824985,1.0682644160023744,1.0946481182359848,1.0961404670904904,1.0921564527937724,-1.0879069576563303,-1.088505641176319,-1.0866438720369835,1.1019010594019418,-1.0935230198101962
293,-1.0895858984504565,1.0793129083853907,1.0966294324397046,1.0823370550540024,1.0892972442791717,1.101168795085853,1.0969405553836722,-1.1046721893003977,-1.0956948136301596,-1.0956787125493563,1.103015678441362,-1.098817605426336
294,-1.0879620855750682,1.075256367245501,1.0926432202100123,1.087056023837782,1.0849347483143807,1.0957241087214478,1.0971851414056508,-1.1060849897198404,-1.0953516940357717,-1.0964584096398369,1.1024305034456663,-1.0980303064499584
295,-1.087691450095837,1.1038144168703259,1.0887195367996092,1.0946190139867857,1.0822422703361116,1.0881976305118284,1.0944653448412498,-1.1037303223541008,-1.0947144719319086,-1.093645069622639,1.1011208260743477,-1.0937395270287
296,-1.0885146330118323,1.1112784525677242,1.0897199979082375,1.0964307609305588,1.0828898283308859,1.0857475216478456,1.0938392046249845,-1.115032725709652,-1.0944530474790417,-1.0930261348188555,1.1019289248779272,-1.0923420713456296
297,-1.1009074826649674,1.1385384090277852,1.102929210983101,1.0986217107230276,1.084662092316582,1.0974535973313178,1.1016855242100554,-1.1303851569342742,-1.1032434447066921,-1.100453352464258,1.10594155341984,-1.097656339436179
298,-1.1107067423088022,1.1552513585241317,1.1079940453455337,1.1090708558871107,1.0895358182772465,1.1037950555675078,1.1069098816395164,-1.1462085216320448,-1.107409896924259,-1.1055414788382185,1.1107622807653328,-1.1013763270995636
299,-1.1098384534796015,1.1124142840868934,1.0998340344282809,1.1185298602795968,1.087388652294576,1.1006883815831117,1.1028693205564315,-1.1548736975379674,-1.1009723197724106,-1.1016269171571462,1.1092854105381007,-1.1016125167924768
300,-1.10498956781004,1.0531887834444988,1.0911737929567138,1.1087548535131972,1.0789703983625192,1.0946992265822655,1.0974884280729043,-1.1610900193835185,-1.0899924927519995,-1.0955099121483243,1.1019567903539127,-1.0980893538731866
301,-1.1033995843695559,1.0488077190134177,1.0869062010402195,1.108523118438993,1.0798224483556422,1.0950835573844586,1.096020911941033,-1.182752959148324,-1.0900578488652162,-1.0943122331124318,1.0979720272879856,-1.0960226940601951
302,-1.1045723381128918,1.0483209340766317,1.0887351690044316,1.1204680081729355,1.0938642322423118,1.0972774457136456,1.0965981349529024,-1.1974460835105385,-1.0918714810069805,-1.0986930054249255,1.0984736058557243,-1.098010623975549
303,-1.0959909381255981,1.064547098636191,1.0829981498346386,1.1078279132163835,1.0814243023427135,1.09213702123431,1.0932326312904779,-1.167306341229072,-1.0883749289498854,-1.0938781749383497,1.0937643404141741,-1.0930900053731885
304,-1.0908601404985039,1.1193915348475043,1.0839673465336228,1.0864240190899548,1.0624065464962047,1.089943132905123,1.0942501091419086,-1.1151269124042817,-1.0901558830350415,-1.0917882652112885,1.0964951570607537,-1.091692549690118
305,-1.0841619123875281,1.0945655030713777,1.0749006677366753,1.0767122127983375,1.0560672945473686,1.0810875106712516,1.0821479927744118,-1.0868709040154065,-1.0816922663734747,-1.0841600947075145,1.0922317392349714,-1.0856500300464191
306,-1.0613044908707814,1.1928960603023102,1.082482287075502,1.0632715784945366,1.0646559584780502,1.0608460884224025,1.071640577270215,-0.9872213810973044,-1.0850254281475278,-1.0687831819849445,1.0953248070693624,-1.0735649907590217
307,-1.0598836546048167,1.211880672836995,1.0767140034960645,1.0653361273374398,1.0634630884876775,1.061390557058843,1.0616810344552496,-0.9594363061815775,-1.0798786342317104,-1.0613559643395423,1.0868815678457537,-1.0720297577550852
308,-1.0628493683980602,1.1808886985282363,1.0679599687955637,1.0680748145780266,1.071847260420009,1.0578034695717051,1.0554000654108415,-0.9341942720208468,-1.0722483080136567,-1.0526748008579028,1.0915351023353332,-1.0736043557078405
309,-1.0510880015297983,1.1622286092847427,1.0592059340950626,1.0605960917287331,1.0734491144070812,1.0514940389023646,1.045890560876317,-0.9237395489169627,-1.064340218314432,-1.0427798821117011,1.0894451916364205,-1.066951679357449
310,-1.042630642803819,1.1539532653593667,1.045168214164616,1.0638193159426543,1.0844576003182322,1.0454568425512445,1.038856266884215,-0.9598130529600937,-1.0530662887845454,-1.0337771940566678,1.074174910796363,-1.0569529823574524
311,-1.033598183684473,1.0976484743376937,1.0381024575849256,1.05372830680234,1.0838441243231838,1.037289813004636,1.0309512466538695,-0.9682898554767569,-1.0466287116326973,-1.024637858057942,1.0629729894501896,-1.0499263389932816
312,-1.0366541093041268,1.1013804921863928,1.038790274597108,1.0726463155873134,1.10180533817822,1.0417096172298592,1.0346102535426678,-0.9924016493019315,-1.0527885253033744,-1.0302484618636683,1.0640040120616536,-1.0579764710267434
313,-1.0302377931506839,1.1026785853511567,1.0341631419697002,1.0616704998000395,1.0891949982799969,1.032501691760644,1.0297283165439768,-0.9831713532282307,-1.0485076998876783,-1.0244208289709011,1.0537495168989872,-1.0512450647787142
314,-1.0409617240152256,1.1036521552247314,1.0450587887308596,1.0676113444296191,1.0861276183047532,1.0454408287678196,1.0426326750635633,-0.9662177481949067,-1.0599123416439984,-1.0370487065909522,1.06712494537203,-1.0616374112668996
315,-1.0431380843273776,1.1245839075065631,1.0505456926234953,1.0726673824122404,1.0925009522533153,1.0498766467764677,1.0451176690468647,-0.9781794584128629,-1.063294520502964,-1.0417349272481704,1.071137573913943,-1.0660069205857958
316,-1.0457429508149794,1.1270178321904973,1.0552353540701922,1.0733625876348507,1.1075651961317325,1.055689650159642,1.046242764747966,-0.9890109282952657,-1.071202610202189,-1.0435113505161726,1.0706638608221892,-1.068900244323984
317,-1.0438372259820587,1.1437307816868438,1.0530155809854223,1.0782500910180512,1.116153860062413,1.0540722580337447,1.0432392483980697,-0.9962633037817432,-1.0695523683434665,-1.0426914628540178,1.069800031066639,-1.0697859556724088
318,-1.0427997899783383,1.1374025775086158,1.0524371894069962,1.067211074755995,1.1060996701435601,1.050068812177564,1.0424467896868594,-0.9813818060302695,-1.0658924260033293,-1.0404488289545943,1.067877313223639,-1.0634481989125684
319,-1.0454497623791454,1.1396742405469544,1.0529686843709554,1.0689174875751295,1.1055202761482368,1.0507734186482522,1.042701159149717,-0.9896702351576734,-1.0632618424463556,-1.0414455551321158,1.0680166406035663,-1.0648456545956388
320,-1.0524637318825576,1.1372403158630202,1.056439033841511,1.0721196449641237,1.10166901017932,1.0534156929133314,1.0448926499066444,-0.9999365848722981,-1.0624285520028425,-1.046509567163072,1.0729488298530008,-1.06832945256611
321,-1.0586319655133718,1.1174443951003563,1.0588932899986156,1.0796405014632722,1.1031686181672165,1.05436050613539,1.0482679370099481,-1.0309240074054316,-1.062559264229276,-1.0507858439892128,1.073506139372711,-1.0733288010661084
322,-1.0668637946733253,1.1240971225697758,1.0722588251217027,1.0830533271015412,1.1015667641801452,1.0660025266851632,1.05905907229964,-1.0257437392008042,-1.0762350309198774,-1.0599412562166084,1.083147594063696,-1.0777376753338235
323,-1.0754339181823176,1.147462799535543,1.0824353904610349,1.0871192243125654,1.0829239103306108,1.0712870752153216,1.0676391499506463,-1.0339379816335785,-1.0832934911472845,-1.0708891679406756,1.0808626250328845,-1.07856433925902
324,-1.0854136014789733,1.1731001395396474,1.0882818350645842,1.0928704675177958,1.0801973503526168,1.0791178153100105,1.077569342442974,-1.0395891833113542,-1.0913322930729428,-1.0801651518830937,1.090281155915986,-1.0831700382708294
325,-1.0874095381383042,1.162553132575933,1.0953163272346293,1.0795141005137066,1.0637357444854771,1.0814718414734448,1.0874017005265102,-1.0271565396202496,-1.0970346139511027,-1.082962415671622,1.0928726451826378,-1.0811821083554758
326,-1.0927094829399182,1.1161463019355915,1.0844519448831145,1.0853285441937204,1.0641788104819006,1.07887760855864,1.0846134198759552,-1.0645486573881933,-1.086544957779817,-1.0863786142639336,1.0872438190335654,-1.081457662997208
327,-1.107865069776873,1.0530265217989043,1.0862027518232147,1.1062689681717417,1.0839463703223586,1.1037149866503841,1.0946610136588324,-1.1327398243000135,-1.0887180485442731,-1.1008150676093262,1.088302707121015,-1.09726268994799
328,-1.1161758342849355,1.0345286942010055,1.1075407114056863,1.120552275472646,1.1038502581617158,1.1198088389922303,1.1143159463850258,-1.1674947146183314,-1.1063968771693995,-1.1145682812362565,1.1127964605122744,-1.1117096261645207
329,-1.1126011906634214,1.0194383611606141,1.1031011652361469,1.1188458626535114,1.1041910781589643,1.1106969962235629,1.1108917420773265,-1.2087484868660896,-1.0971326481209276,-1.1068115009031252,1.110455760529492,-1.1084423354125534
330,-1.1102782361333525,1.113225592314871,1.1034763381518824,1.111135404730014,1.0925350342530393,1.1025299666769544,1.1039944162575326,-1.1740877832424013,-1.096528104073673,-1.104705514947394,1.1093411414900718,-1.1025769580385394
331,-1.097862833523615,1.1776434656163244,1.10346070594706,1.088846703956627,1.0734150324073564,1.0966208805932323,1.104786874968743,-1.1182350733270585,-1.1005148269798934,-1.1018600224728567,1.111932630756724,-1.1000969662629496
332,-1.0766630543171598,1.1344818678878945,1.0822634362079897,1.0835589308998026,1.0767891503801237,1.0793740358448063,1.0846525536394718,-1.1350003049711233,-1.0849273939777029,-1.088412257190651,1.0876339356973626,-1.0876576424361823
333,-1.0766066719256533,1.141134595357314,1.0858588433171237,1.0821474536296545,1.0673825184560441,1.08345755061811,1.092880427418829,-1.1041070691326196,-1.0950412524979922,-1.0933315831635797,1.098390009427768,-1.092361753820039
334,-1.074373929221995,1.1112784525677242,1.0878753977392037,1.07563780472703,1.0739262624032297,1.0940266476784273,1.0932326312904779,-1.1172932063807617,-1.0927701275637107,-1.091482816866564,1.0991981082313478,-1.0973807847944468
335,-1.0756932771832475,1.1416213802941013,1.09262758800519,1.0757431388516676,1.071847260420009,1.0949554471170608,1.0942207588192712,-1.13594217191742,-1.0914303272427677,-1.0934601929929375,1.0971917939603912,-1.096672215715707
336,-1.084928712912017,1.2065260385323406,1.0990367919823425,1.070371098495134,1.0676210924541187,1.0859396870489424,1.0991907467858744,-1.0776406079417056,-1.0981946849606994,-1.0962172662097913,1.0869094333217393,-1.090531283699961
337,-1.1133003323181025,1.1604437311831906,1.1150754341300464,1.0919856608708376,1.090967262265693,1.1047879101398403,1.11517688918239,-1.0655847110291197,-1.1155957501046547,-1.1078725319953255,1.0851539083346526,-1.1042696508377514
338,-1.1144392566265344,1.123285814341798,1.1189365887211602,1.0908901859746032,1.098260810206827,1.1072059914369736,1.1184934756404188,-1.0477834257441285,-1.1221967175395446,-1.1095605360056442,1.0945445737417683,-1.1045845704283026
339,-1.1190287832951658,1.1111161909221285,1.1196400379381646,1.1073012425931927,1.1193575680365566,1.109608058950682,1.1162628511199746,-1.0604044428244925,-1.1212817319545103,-1.1150425299820128,1.102569830825594,-1.102832830205862
340,-1.1121726844879718,1.1085200045925985,1.1197025667574538,1.1045625553526073,1.1156085480668148,1.1125225675339814,1.1154997427314017,-1.0573904685963453,-1.1246965888700848,-1.1121809612788058,1.1052449165202025,-1.1020258487550751
341,-1.0921231060682501,1.0249552571108644,1.102538405862543,1.101507865738107,1.1201755360299546,1.1040993174525775,1.0950817016166354,-1.0582381488480126,-1.101004997829019,-1.0948427486585317,1.0979162963360145,-1.0902557290582287
342,-1.0994753699207014,1.0578943711667714,1.098786676705185,1.1144428962436455,1.133399351923226,1.110360706771644,1.0961285297907035,-1.0957244533105859,-1.1012500832535819,-1.1019404036162055,1.0996996867990867,-1.0962392012786992
343,-1.101888536277181,1.0809355248413473,1.107274963923707,1.1029825434830385,1.118062452047009,1.1153890347670063,1.1072033848658906,-1.0593683891835661,-1.1082431873677723,-1.1073420164492251,1.10674965222342,-1.0964360260227937
344,-1.1051023325930531,1.0765544604102661,1.1035701313808162,1.1068167056198583,1.119868798032431,1.1128428432024757,1.1037889639990703,-1.0758510607437444,-1.104191108348335,-1.1072777115345465,1.0990309153754347,-1.0957668218928724
345,-1.1079891110381874,1.0600037725595142,1.1102138184303036,1.0934603386157689,1.1048386361537377,1.1168462890586563,1.110431920356007,-1.0513625201400512,-1.1067563357920918,-1.1062970615856946,1.1031828712972749,-1.0953534899302741
346,-1.116119451893429,1.0416682066072123,1.1119333609607591,1.1118938104274079,1.1230725060065734,1.1232357886451205,1.1114689650891958,-1.087718584267071,-1.1108084148115291,-1.1114334166456645,1.1076134819789707,-1.105450599302318
347,-1.1115299252247974,1.0207364543253792,1.1076814012490874,1.098937713096941,1.112779742089646,1.1156292415183775,1.1075751556192979,-1.0815964491161496,-1.1042237864049431,-1.106433709529387,1.0951297487374638,-1.0996442693515327
348,-1.1147775509755735,1.0345286942010055,1.1121678440330942,1.1012339970140488,1.121675144017852,1.1199369492596276,1.1106080222918313,-1.0921453589146632,-1.1115600101135217,-1.110388461782134,1.103015678441362,-1.108481700361372
349,-1.116750934678302,1.0724979192703754,1.1247048723005977,1.0951246177850482,1.116119778062689,1.1262463799289684,1.119765322954707,-1.0819731958946683,-1.1195824730108754,-1.1137644698027713,1.1112638593330717,-1.1059229786881446
350,-1.1186566595112228,1.056271754710816,1.1211563618059301,1.0995486510198413,1.1274009199716397,1.1229635543269,1.1136506724052442,-1.1036361356594713,-1.1130141836325937,-1.1121327325927965,1.1039631046248692,-1.106867737459798
351,-1.1247685107505305,1.080286478258964,1.124235906155928,1.109302590961314,1.1363304038995699,1.1280879650228115,1.1182782399410776,-1.105708242941324,-1.1199255926052631,-1.1170600966800603,1.1136881557438107,-1.1148194571212127
352,-1.1265614708004381,1.066494238383339,1.1261742995538957,1.1004755913166548,1.1248447699922695,1.1275434963863709,1.1188163291894304,-1.0679393783948592,-1.1173440261332024,-1.1129285059119467,1.1127685950362889,-1.1094461416074348
353,-1.1224793856553654,1.0836939728164716,1.122453834806183,1.0915432575473585,1.1157448760657145,1.122627264874981,1.1149616534830489,-1.0458996918515349,-1.1113149246889586,-1.1064095951863826,1.1076413474549562,-1.1065331353948376
354,-1.1185890006414148,1.103165370287944,1.1185614158054245,1.0879408304847416,1.1137681200816687,1.1196807287248323,1.1122125065960105,-1.0462764386300536,-1.1088150533584187,-1.1038373985992302,1.105830091515898,-1.1050175848653103
355,-1.112138855053068,1.1033276319335397,1.1068685265983265,1.0852021432441548,1.11543813806819,1.110488817039042,1.1017833586188468,-1.0821615692839277,-1.09608695030946,-1.0972059542729782,1.0975819106241884,-1.098286178617281
356,-1.0929462889842454,1.0866146824371932,1.1042266839833539,1.0664316022336742,1.0952615942310342,1.1028502423454491,1.0988972435595001,-1.0738731401565238,-1.0957601697433765,-1.0914104738375505,1.0980556237159418,-1.095609362097597
357,-1.0876463441826318,1.033555124327432,1.097411042680821,1.0728359170116613,1.080061022353717,1.0983183416362527,1.1023997153942324,-1.1028826421024365,-1.098766550951346,-1.0998183414318046,1.1026812927295362,-1.0970855476783052
358,-1.078546226193478,1.0452379628103146,1.0888445944381875,1.0837274654992235,1.0748805583955279,1.083409509267836,1.093927255592897,-1.1074036034446557,-1.0905806977709502,-1.093428040535598,1.0958821165890724,-1.0866538362413007
359,-1.113943091581277,1.0846675426900452,1.1055085247787844,1.1150117005166904,1.088377030286599,1.1068697019850544,1.1130538825116165,-1.1525190301722281,-1.1056942989523197,-1.1119398178487603,1.125419521133709,-1.0976366569617695
360,-1.1171456114188476,1.0593547259771323,1.1058680654896977,1.117560786332928,1.0929099362500139,1.1055405579608026,1.1106569394962271,-1.1613725794674075,-1.1024264932914831,-1.1144959382072428,1.124695018758086,-1.0982271311940528
361,-1.117044123114136,0.9959104225492524,1.1019756464889392,1.1206997432471386,1.1041910781589643,1.1050121031077866,1.1094242259454556,-1.1771017574705485,-1.0959725771113307,-1.1141985279768534,1.1203480045043468,-1.1011991848298786
362,-1.1180251767263496,0.974654146976229,1.1048832365858912,1.1280731319717945,1.110837068105325,1.1116898507958959,1.1127016786399677,-1.1739935965477717,-1.1007762514327606,-1.1171002872517346,1.1256145794656074,-1.1044074281586176
363,-1.1106052540040903,1.039396543568874,1.1039609365013745,1.1110300706053764,1.099112860199951,1.1025619942438039,1.103260658191597,-1.1135257385955797,-1.098766550951346,-1.1104527666968125,1.10922967958613,-1.0992703023377532
364,-1.1051925444194637,1.0794751700309864,1.0888133300285427,1.0985374434233173,1.0804359243506907,1.0906157118089612,1.0907965545115719,-1.0868709040154065,-1.0911198857049882,-1.097366716559675,1.0932906273224203,-1.0897636671979927
365,-1.0954609436454366,1.1185802266195255,1.0837797600757548,1.0853074773687923,1.0724607364150585,1.0792459255774085,1.0841340312728773,-1.0554125480091248,-1.088865099799011,-1.087327111755446,1.086045603566189,-1.0813395681507514
366,-1.0877478324873435,1.162066347639147,1.0828105633767706,1.0800829047867513,1.0696319304378896,1.0699739449744943,1.0779802469598978,-1.0174553100734003,-1.089600356072699,-1.0773598499802306,1.082367360736102,-1.0768519639853986
367,-1.0891235628401028,1.1880282109344429,1.0927057490293013,1.086487219564737,1.0740285084024048,1.0806871660856336,1.0854645792324404,-0.9955098102247084,-1.1033414788765175,-1.0816763173780455,1.0971639284844057,-1.081811947536578
368,-1.0811623691593808,1.1500589858650718,1.0769797509780443,1.0899632456777895,1.0897403102755954,1.0701981379424401,1.0689794813510887,-1.0207518443854364,-1.084600613411619,-1.0738150415585614,1.092454663042855,-1.0764386320228003
369,-1.0740920172644621,1.1125765457324892,1.0752445762427663,1.0789874298905169,1.0789363163627943,1.0693974487712041,1.0675804493053715,-0.9972993574226696,-1.082705286128334,-1.0678587988364365,1.0958542511130869,-1.0747853041724071
370,-1.068995049072272,1.0931051482610168,1.071180202988962,1.076438344074278,1.0802995963517907,1.0661626645194102,1.0625713275752515,-0.997770290895818,-1.076823235938828,-1.0632047306365577,1.0910892547195652,-1.074470384581856
371,-1.0639770162281907,1.0926183633242297,1.0649585854696773,1.0845069380215444,1.0862298643039283,1.0615026535428163,1.057180651650845,-1.0115215483117383,-1.0692746048622952,-1.0583255952353032,1.0812248762206962,-1.0738405454007538
372,-1.061146620174563,1.0992710907936492,1.0695544536874406,1.0668318719072993,1.0768913963792985,1.0603816887030855,1.0560946897132604,-0.9942853831945225,-1.0691438926358616,-1.0552068068733809,1.080110257181276,-1.0721675350759512
373,-1.05697432320308,1.1141991621884446,1.0615507648184108,1.0736153895339822,1.0912740002632175,1.0565063531143026,1.0506648800253375,-1.0182088036304378,-1.0646996769371238,-1.0505205862161626,1.0747322203160734,-1.072600549512959
374,-1.057053258551189,1.1109539292765327,1.0602220274085132,1.0692756235988983,1.092739526251389,1.05608999474526,1.0480820516332445,-1.0066238401909975,-1.063441571757702,-1.0488888490061878,1.0711097084379575,-1.071084998983432
375,-1.056906664333272,1.123448075987394,1.0654744482288139,1.0647883898893231,1.086434356302278,1.057883538488829,1.051956294221384,-0.9900469819361921,-1.0686863998433445,-1.049218411693917,1.0749272786479718,-1.0688215144263462
376,-1.0522494787948327,1.1174443951003563,1.0558762744679073,1.0647251894145398,1.0987379582029764,1.0493001505731776,1.0422609043101558,-1.0030447457950749,-1.059814307474173,-1.0421930997652569,1.0615239846989435,-1.0638615308751667
377,-1.0554068927191984,1.1187424882651213,1.0598937511072446,1.0687910866255639,1.102623306171618,1.0529192656271649,1.0462231978662075,-1.0010668252078543,-1.0661211723995878,-1.046083547103325,1.0684067572673632,-1.0687034195798895
378,-1.0538394622353169,1.1150104704164223,1.058424323853946,1.0715087070412237,1.1048045541540126,1.0517983007874345,1.0441001911954342,-1.0157599495700687,-1.065042796531512,-1.0458906323592885,1.0680445060795518,-1.0681916752452438
379,-1.0522269258382302,1.1179311800371436,1.061019269854452,1.0606803590284437,1.0901492942722948,1.0525029072581222,1.0447263314116992,-0.9923074626073018,-1.063735674267177,-1.0444116193216757,1.0642269358695375,-1.063428516438159
380,-1.064608499013064,1.145515659788395,1.0690854875427709,1.0773863511960198,1.0985334662046267,1.0610382538234993,1.0514769056183062,-1.025837925895434,-1.0710882370040595,-1.0553756072744127,1.0669577525161171,-1.0736043557078405
381,-1.0614623615669996,1.1354554377614678,1.06982020116942,1.0641353183165678,1.0807085803484904,1.058155772807049,1.0516236572314934,-1.0047401062984065,-1.0691438926358616,-1.0532776594330167,1.0641712049175664,-1.0671288216271342
382,-1.0778019786255917,1.1533042187769837,1.0860464297749919,1.0752375350534062,1.0723925724156085,1.0729044673412182,1.0702708955471352,-1.0281925932611733,-1.0841267815907978,-1.0718296273178531,1.0723915203332908,-1.0733288010661084
383,-1.0936003247257213,1.1244216458609675,1.0924712659569666,1.0809045109589275,1.0650990244744736,1.0844824327572926,1.0855721970821108,-1.0455229450730188,-1.0947961670734296,-1.0887096674210404,1.0915072368593477,-1.0836424176566561
384,-1.1022042776696175,1.1213386745946512,1.1012096684526456,1.0831586612261785,1.0534088985688246,1.0967489908606296,1.1021355624904956,-1.027721659788025,-1.10749159206578,-1.0989100345119664,1.1127128640843182,-1.0933261950661017
385,-1.1029372487592024,1.1012182305407971,1.0900013775950397,1.0940080760638855,1.0605661185110586,1.0944590198308948,1.094074007206084,-1.0841394898711483,-1.0931132471580987,-1.0982428710221739,1.0990587808514203,-1.0923027063968107
386,-1.1083950642570344,1.0843430193988548,1.0896105724744816,1.100307056717234,1.06922294644119,1.1019214429068152,1.0990048614091708,-1.1221909145014999,-1.0954170501489884,-1.105903193983287,1.1002291308428114,-1.100903947713737
387,-1.1082935759523227,1.0637357904082132,1.0938937965957982,1.1013814647885414,1.066530468462921,1.1067415917176566,1.1054619323894035,-1.131327023880571,-1.0974757677153155,-1.108395009427091,1.107529885551014,-1.1018880714342092
388,-1.110334618524859,1.0066196911585625,1.092440001547322,1.1221533541671418,1.0975450882126037,1.1078145152071133,1.101450721628956,-1.1997065641816507,-1.0919368371201974,-1.1106215670978445,1.1017338665460288,-1.1029115601035
389,-1.1066246571637295,0.9938010211565098,1.0992556428498548,1.117160516659304,1.0986016302040764,1.1074782257551936,1.1061369898100644,-1.1905704548025795,-1.095645796545247,-1.1080252561676875,1.1055235712800575,-1.1015928343180674
390,-1.108970164650401,1.0090536158424968,1.100131046319905,1.1240704352355524,1.1078037701298062,1.1065173987497103,1.106391359272922,-1.2190148365807143,-1.0947144719319086,-1.1089576774305303,1.1058579569918836,-1.1040925085680664
391,-1.109116758868318,1.0676300699025083,1.0995526547414793,1.117729320932349,1.100135320191698,1.1017452912891432,1.1058826203472067,-1.2083717400875709,-1.095204642781034,-1.1051556493501458,1.1055235712800575,-1.1021045786527128
392,-1.1060495567703628,1.1167953485179745,1.1016786345973153,1.1118095431276973,1.0951252662321345,1.0978699557003604,1.1016072566830222,-1.1765366373027704,-1.0973777335454904,-1.1009597536673534,1.103015678441362,-1.0979909415011395
393,-1.1049444618968347,1.1460024447251824,1.104914500995536,1.1123994142256692,1.09454587223681,1.0998716786284506,1.1034465435683007,-1.1400863864811208,-1.1030963934519546,-1.103909741628244,1.1087281010183907,-1.100825217816099
394,-1.0934988364210094,1.144379828269226,1.0984584004039164,1.0930390021172167,1.0788340703636194,1.0905036153249879,1.0975079949546624,-1.1212490475552057,-1.0986685167815209,-1.0970050014146069,1.1017060010700432,-1.0939363517727945
395,-1.0936905365521317,1.142432688522079,1.0990524241871649,1.1053630946998552,1.0853437323110802,1.0933060274243145,1.1025856007709363,-1.1188001934948366,-1.1051224329616733,-1.1013536212697612,1.1116818414728542,-1.10149442194602
396,-1.0817600225093502,1.094890026362568,1.0915177014628048,1.0739103250829687,1.0680982404502672,1.0886300026642959,1.0953458545203723,-1.0826325027570736,-1.0953516940357717,-1.0938942511670195,1.0997554177510578,-1.0917515971133462
397,-1.0772156017539238,1.0684413781304858,1.0884225249079846,1.0731519193855747,1.0752554603925024,1.0877332307925114,1.0890061848306893,-1.0785824748880024,-1.088946794940532,-1.0908558439484457,1.0924267975668696,-1.0895865249283077
398,-1.0757722125313567,1.0591924643315365,1.0931903473787934,1.0539811087014712,1.06942743843954,1.091080111528278,1.0901312805317904,-1.0688812453411558,-1.0864469236099918,-1.087110082668405,1.0895009225883916,-1.0862011393298836
399,-1.0892363276231158,1.1163085635811871,1.0951756373912287,1.0684118837768681,1.098158564207653,1.0970692665291244,1.0891040192394805,-1.0784882881933728,-1.0874109262799385,-1.0899475370286074,1.0918416225711742,-1.0893700177098038
400,-1.1022832130177267,1.13172341991277,1.1057899044655861,1.0705817667444089,1.103577602163916,1.108326956276704,1.0999636386153264,-1.036292648999318,-1.0976881750832699,-1.0944971097421332,1.1010650951223766,-1.0951369827117703
401,-1.1062187039448823,1.1359422226982552,1.1035544991759938,1.0795562341635616,1.11550630206764,1.1080707357419086,1.0998853710882937,-1.0541881209789388,-1.0963320357340225,-1.0964905620971763,1.094377380885855,-1.0970265002550768
402,-1.1117103488776183,1.123285814341798,1.1093384149602536,1.0815575825316814,1.1191530760382067,1.1142840837107009,1.1048944928184132,-1.0410961704254265,-1.1038316497256428,-1.0982187566791692,1.1007864403625214,-1.100156013686178
403,-1.1145632978878488,1.1060860799086643,1.1145908357805543,1.0905320499508344,1.1276054119699885,1.1199689768264771,1.1083578308896294,-1.0446752648213518,-1.1079981019432097,-1.103467645339827,1.1024305034456663,-1.1045058405306647
404,-1.11509329236801,1.0960258578817372,1.1230634907942534,1.0834114631253098,1.1156085480668148,1.1246289878030715,1.117691233488329,-1.0299821404591372,-1.1162493112368221,-1.108378933198421,1.1170877438140425,-1.1030690198987756
405,-1.1109435483531296,1.1036521552247314,1.1224850992158277,1.086023749416331,1.1158130400651645,1.1232518024285454,1.116566137787228,-1.0520218270024588,-1.1158571745575216,-1.1101232040090838,1.1192055199889412,-1.1033052095916889
406,-1.1076620931674495,1.1244216458609675,1.1166386546122784,1.0877933627102476,1.1176875500500354,1.1189601084707195,1.1106667229371063,-1.0658672711130088,-1.1085046118206392,-1.107968989367344,1.106470997463565,-1.1006677580208235
407,-1.1014262006668274,1.0934296715522085,1.1125273847440076,1.079450900038923,1.108144590127056,1.1128428432024757,1.1065870280905048,-1.0660556445022682,-1.1053511793579318,-1.1048582391197561,1.1020961177338402,-1.0938182569263377
408,-1.1052263738543675,1.1055992949718783,1.1144188815275085,1.0917960594464897,1.1187100100417833,1.1171665647271505,1.10994274831205,-1.075380127270596,-1.11089010995305,-1.1090219823452092,1.10674965222342,-1.0975382445897222
409,-1.0995768582254133,1.10884452788379,1.1096979556711668,1.0877301622354654,1.1187781740412333,1.1131791326543947,1.1041607347524778,-1.0792417817504103,-1.105547247697582,-1.104705514947394,1.1011765570263183,-1.0933458775405112
410,-1.1002083410102865,1.1072219114278334,1.109979335357969,1.0880250977844508,1.1204481920277543,1.1147004420797435,1.1039846328166534,-1.0837627430926295,-1.1070667773298712,-1.1042955711163167,1.1019289248779272,-1.0947826981724005
411,-1.1011555651875962,1.0973239510465023,1.111761406707714,1.090258181226776,1.1285937899620113,1.1164779720398876,1.1022333968992872,-1.0885662645187382,-1.1082105093111638,-1.1030175109370755,1.1040745665288112,-1.0974004672688562
412,-1.1009187591432688,1.088724083829936,1.115309917202381,1.0890784390308312,1.1275713299702634,1.1178551574144138,1.1041509513115988,-1.0717068461800436,-1.1108737709247456,-1.1022780044182692,1.1097591236298543,-1.096770628087754
413,-1.1071433751655895,1.0666565000289336,1.1154662392506043,1.108544185263921,1.15231486177056,1.1223390167733363,1.1035737282997293,-1.098173307370955,-1.111249568575742,-1.1032988449387953,1.110845877193289,-1.1043090157865705
414,-1.1022042776696175,1.0343664325554096,1.1182644039138006,1.096472894580414,1.1375914378893923,1.1180793503823598,1.1031921741054431,-1.055883481482273,-1.1117724174814758,-1.0932110114485571,1.1126571331323472,-1.1012582322531068
415,-1.093374795159695,1.0299853681243287,1.1070561130561942,1.0803778403357367,1.116290188061313,1.1030904490968199,1.0902291149405816,-1.0366693957778368,-1.0938975205166994,-1.0787022150741508,1.0897795773482466,-1.089822714621221
416,-1.0911871583692416,1.0554604464828374,1.1006469090790416,1.0783132914928335,1.1165969260588375,1.0978219143500862,1.0859831015990349,-1.0442043313482032,-1.0871495018270716,-1.0762345139733516,1.0807790286049281,-1.0836227351822467
417,-1.0868344377449377,1.0699017329408467,1.0953632238490962,1.078629293866747,1.1198006340329811,1.0944590198308948,1.078557469971767,-1.0511741467507918,-1.0799276513166227,-1.074273214075648,1.0775744988665947,-1.079725605249177
418,-1.0748362648323484,1.0869392057283835,1.0950036831381829,1.0598587528562675,1.105486194148512,1.0880855340278552,1.0797510497590224,-1.0443927047374626,-1.0816759273451704,-1.0723440666352835,1.0902532904400004,-1.0800405248397282
419,-1.0756820007049461,1.0775280302838395,1.0898137911371717,1.0676745449044025,1.1076674421309065,1.0916405939481435,1.0774030239480286,-1.0902616250220698,-1.0784081216843338,-1.0731478780687687,1.095185479689435,-1.0872246279991746
420,-1.075118176789881,1.0742827973719278,1.0992556428498548,1.0681169482278816,1.0975450882126037,1.0926654760873258,1.088223509560358,-1.055035801230606,-1.092966195903361,-1.0822711378388248,1.1001733998908403,-1.0912792177275197
421,-1.0677997423723335,1.0603282958507056,1.085342980557987,1.0775338189705126,1.100816960186197,1.078813553424941,1.077226922012204,-1.0678451917002294,-1.083326169203893,-1.0764435049460577,1.0883863035489711,-1.0852563805582303
422,-1.068036548416661,1.0888863454755315,1.0886882723899645,1.0798722365374753,1.0916829842599163,1.076955954547673,1.0837035598741949,-1.0607811896030113,-1.0897964244123495,-1.0812583354326333,1.094210188029942,-1.0861027269578363
423,-1.064901687448898,1.1008937072496057,1.0917678167399623,1.072793783361806,1.075664444389201,1.0739293494804008,1.0865798914926623,-1.0438275845696845,-1.0917734468371556,-1.0807358580008681,1.0935971475582609,-1.0827567063082313
424,-1.0765277365775443,1.1008937072496057,1.0929089676919916,1.0886992361821342,1.0833328943273095,1.08060709716851,1.0910998411788253,-1.077828981330965,-1.0979986166210496,-1.0875200264994824,1.0975819106241884,-1.0920861991783068
425,-1.0880522974014788,1.1096558361117677,1.095441384873208,1.0987691784975204,1.0875590622932008,1.086900514054426,1.092479306342784,-1.1221909145014999,-1.0968058675548438,-1.0919168750406458,1.1009536332184346,-1.0967509456133446
426,-1.0899918516693035,1.080286478258964,1.0949255221140712,1.0955459542836004,1.084730256316032,1.0888702094156664,1.0918335992447608,-1.1309502771020523,-1.090564358742646,-1.0910005300064731,1.101148691550333,-1.0914760424716141
427,-1.0968817799114012,1.0561094930652204,1.0952225340056958,1.1004334576667996,1.0887860142832975,1.0933860963414381,1.0966568355981772,-1.1490341224709326,-1.090727749025688,-1.0973426022166706,1.100647112982594,-1.0970855476783052
428,-1.1020576834517006,1.029660844833137,1.0927213812341237,1.1146535644929216,1.0989765322010512,1.0988467964892685,1.0974395108685084,-1.191041388275728,-1.0903519513746915,-1.1010964016110458,1.1034336605811448,-1.1021242611271223
429,-1.108485276083445,1.0236571639461007,1.1023351871998526,1.1163178436622008,1.0976814162115036,1.108679259512048,1.1078295250821555,-1.1900995213294312,-1.0982110239890037,-1.1097695269783505,1.1121276890886225,-1.107005514780664
430,-1.1114509898766882,1.0350154791377928,1.099443229307723,1.1265352537520807,1.0998285821941742,1.112298374566035,1.1093753087410598,-1.1967867766481333,-1.1011030319988442,-1.1139895370041473,1.1119883617086948,-1.109898838518852
431,-1.1064329570326072,1.0415059449616164,1.096222995114324,1.102076670011152,1.0767891503801237,1.1065494263165598,1.1067631300263292,-1.1441364143501944,-1.0962993576774143,-1.1083467807410816,1.110232836721608,-1.103403621963736
432,-1.1025087425837528,1.0793129083853907,1.0912675861856478,1.0897947110783686,1.0610091845074832,1.1007524367168102,1.0997973201203812,-1.0892255713811458,-1.0953353550074676,-1.103692712541203,1.1037401808169853,-1.0992703023377532
433,-1.0981447454811475,1.0888863454755315,1.0861245907991035,1.0952931523844691,1.0658829104681478,1.0915765388144445,1.091980350857948,-1.096854693646142,-1.0891265242518777,-1.097800774733757,1.0995046284671883,-1.09338524248933
434,-1.0972539036953441,1.0997578757304365,1.0868749366305748,1.0979686391502723,1.0697000944373396,1.0894947469692309,1.0916477138680571,-1.0731196465994863,-1.0899598146953913,-1.096667400612543,1.1037123153409998,-1.090846203290512
435,-1.0948069079039608,1.0896976537035092,1.089688733498593,1.0817893176058857,1.0543972765608474,1.0861318524500387,1.0945338289274036,-1.0347856618852458,-1.0928518227052317,-1.0958796654077276,1.1083101188786082,-1.0848036836468131
436,-1.092822247722931,1.1065728648454516,1.087453328209001,1.08166291665632,1.0599185605162853,1.0809594004038536,1.089818210423658,-1.0421322240663529,-1.0915120223842887,-1.0938460224810103,1.1059694188958256,-1.0819497248574441
437,-1.084455100823362,1.1799151286546627,1.084702060160272,1.076206609000075,1.0651331064741987,1.0687729112176398,1.0777258774970402,-1.0150064560130312,-1.089665712185916,-1.0757522271132605,1.0822001678801887,-1.0759465701625643
438,-1.0845227596931701,1.1877036876432514,1.0817006768343858,1.084212002472558,1.0805722523495904,1.0677160015116085,1.0729613417888988,-1.0151948294022906,-1.0878194019875431,-1.0735819362428507,1.0790235036178413,-1.075671015520832
439,-1.0762345481417104,1.154440050296153,1.0882662028597618,1.0660102657351231,1.0640424824830017,1.0710628822473751,1.074507125447803,-0.9895760484630437,-1.0924433469976271,-1.0724485621216366,1.0905319451998552,-1.0646094649027253
440,-1.0781966553661375,1.153791003713771,1.0869374654498642,1.0718879098899194,1.0727674744125821,1.0657463061503674,1.069155583286913,-1.0044575462145175,-1.0854339038551326,-1.0723681809782881,1.0863521238020295,-1.0639205782983951
441,-1.0834853236894497,1.1713152614380953,1.089626204679304,1.0691070889994787,1.066632714462096,1.0708386892794293,1.073900552113296,-0.986750447624156,-1.091185241818205,-1.0759129893999573,1.087996186885174,-1.0685459597846139
442,-1.086293166786475,1.2081486549882972,1.0892197673539237,1.0635033135687395,1.0440704306441948,1.0708386892794293,1.0766594824412137,-0.9858085806778591,-1.088521980204623,-1.0753824738538573,1.0822837643081453,-1.0690577041192595
443,-1.0848272246073052,1.2162617372680773,1.0854993026062103,1.0777866208696438,1.054840342557271,1.0717514749346384,1.0765909983550601,-1.005211039771555,-1.090825783195513,-1.0770383254068365,1.0821165714522325,-1.0728957866291007
444,-1.0752534945294967,1.2040921138484064,1.0832013684973287,1.0676113444296191,1.0554538185523203,1.066819229639824,1.0729515583480196,-0.9860911407617482,-1.0898944585821744,-1.0727298961233565,1.0840114238192469,-1.0736437206566594
445,-1.06483402857909,1.1700171682733314,1.0777144646046932,1.061965435349026,1.0553515725531455,1.0607660195052786,1.070887252322521,-0.9919307158287831,-1.0829176934962883,-1.0697397175907917,1.091284313051464,-1.0755135557255564
446,-1.0741483996559686,1.1482741077635208,1.0791213630387024,1.0676534780794742,1.057396492536641,1.0725521641058746,1.079017291693087,-1.0214111512478443,-1.0892572364783113,-1.0771749733505291,1.0941823225539564,-1.0812214733042946
447,-1.077035178101103,1.130912111684791,1.0736344591460667,1.0749004658545644,1.059407330520411,1.072648246806423,1.0763757626557187,-1.0704824191498579,-1.083244474062372,-1.077343773751561,1.0892779987805075,-1.0817332176389403
448,-1.081861510814062,1.142432688522079,1.0773392916889577,1.0855392124429966,1.0571920005382913,1.080815276353031,1.0875778024623346,-1.1099466441996546,-1.0848947159210944,-1.0836376172757494,1.089250133304522,-1.0793516382353976
449,-1.0875674088345226,1.1163085635811871,1.0809190665932698,1.1015499993879623,1.0701772424334879,1.0889342645493654,1.0905715353713517,-1.1352828650550124,-1.085662650251391,-1.088621248163357,1.0868815678457537,-1.0817529001133497
450,-1.0940626603360748,1.1143614238340402,1.0875471214379346,1.1047521567769552,1.0726993104131322,1.095451874403227,1.0948371155946568,-1.1314212105752006,-1.0916427346107223,-1.093106515962204,1.091674429715261,-1.087421452743269
451,-1.1002196174885879,1.0833694495252812,1.0883912604983401,1.1136634237213245,1.0817310403402383,1.0956600535877488,1.0930858796772909,-1.1520480966990796,-1.0895186609311782,-1.0948668630015364,1.089361595208464,-1.0922239764991728
452,-1.101854706842277,1.0415059449616164,1.0945503491983355,1.110334865382766,1.0766869043809488,1.0987026724384459,1.1000321227014804,-1.1489399357763028,-1.0917571078088515,-1.0949793966022243,1.1036008534370576,-1.0983255435661001
453,-1.1035123491525691,1.0226835940725272,1.0868593044257526,1.1204890749978624,1.089024588281372,1.0931779171569165,1.093731586775314,-1.1757831437457356,-1.0831954569774591,-1.09195706561232,1.101037229646391,-1.0994080796586194
454,-1.10067067662064,1.0277137050859901,1.0911268963422467,1.1082492497149345,1.0798224483556422,1.0947472679325396,1.0965590011893858,-1.1539318305916706,-1.0869534334874216,-1.0907754628050972,1.1026812927295362,-1.097656339436179
455,-1.1088573998673878,1.0655206685097645,1.0979269054399574,1.1211421465706177,1.0958069062266327,1.098238272719129,1.0984863390425763,-1.1790796780577717,-1.0940935888563494,-1.0999067606894881,1.1006749784585796,-1.0987585580031076
456,-1.1084288936919384,1.1176066567459522,1.1050395586341146,1.1109879369555213,1.0949889382332345,1.102465911543256,1.1019301102320338,-1.1496934293333403,-1.104044057093597,-1.1016751458431553,1.107195499839188,-1.0988372879007455
457,-1.108710805649471,1.1476250611811387,1.1094165759843653,1.1087759203381242,1.0911376722643178,1.1046277723055933,1.105902187228965,-1.1535550838131519,-1.108684341131985,-1.1051234968928063,1.107195499839188,-1.0995064920306665
458,-1.1010202474479804,1.1266933088993059,1.10258530247701,1.0972102334528797,1.0842531083198823,1.0963006049247375,1.0983689377520267,-1.1428178006253789,-1.099665197508076,-1.0982428710221739,1.0991423772793767,-1.093306512591692
459,-1.0865976317006103,1.104463463452709,1.0928151744630576,1.081810384430813,1.0732787044084566,1.085971714615792,1.0920194846214646,-1.1058966163305834,-1.0940118937148287,-1.0907674246907624,1.0911728511475218,-1.0885630362590166
460,-1.0826621407734547,1.089859915349105,1.088094248606716,1.0840856015229923,1.083741878324009,1.084802708425787,1.0874017005265102,-1.1090989639479873,-1.0905153416577333,-1.089111573137783,1.0875503392694061,-1.0876970073850012
461,-1.0837221297337774,1.063898052053809,1.0932372439932603,1.071993244014558,1.071847260420009,1.090343477490741,1.0934478669898189,-1.0862115971529986,-1.0949758963847753,-1.0912497115508533,1.091395774955406,-1.089606207402717
462,-1.0882552740109022,1.0416682066072123,1.0922836794990987,1.0833061290006714,1.0886496862843986,1.0993272099920104,1.0950914850575144,-1.119082753578723,-1.0951392866678173,-1.0962092280954565,1.0967459463446232,-1.097341419845628
463,-1.090127169408919,1.0395588052144695,1.100318632777773,1.0779972891189198,1.089024588281372,1.1056526544447753,1.103886798407862,-1.104295442521879,-1.100988658800715,-1.1008632962953353,1.1087838319703618,-1.1002937910070443
464,-1.088424421185422,1.0536755683812862,1.0959103510178778,1.0844016038969069,1.098942450201326,1.1046437860890181,1.098339587429389,-1.125487448813536,-1.0923126347711936,-1.100284552063226,1.100647112982594,-1.0994080796586194
465,-1.0919426824154292,1.0647093602817868,1.0980675952833583,1.0720985781391954,1.0879339642901744,1.1039872209686044,1.101724657973572,-1.0948767730589215,-1.0934400277241825,-1.098773386568274,1.1057743605639272,-1.0987979229519267
466,-1.0956075378633536,1.0982975209200756,1.0955664425117868,1.0783554251426886,1.099044696200501,1.1055565717442273,1.0989070270003793,-1.094970959753551,-1.0913813101578551,-1.096715629298552,1.1040467010528257,-1.099624586877123
467,-1.081534492943324,1.108195481301408,1.0939563254150875,1.052358963182046,1.0850710763132805,1.0946832127988406,1.0883506942917867,-1.0597451359620849,-1.08397973033606,-1.0852291639140497,1.092454663042855,-1.084350986735396
468,-1.0852331778261521,1.1240971225697758,1.0948160966803153,1.070202563895713,1.106406408141085,1.0987026724384459,1.085445012350682,-1.0822557559785573,-1.0846496304965316,-1.086137470833888,1.0946281701697245,-1.0876576424361823
469,-1.0646987108394745,1.0940787181345903,1.0915020692579824,1.0587422111351048,1.1094056241168786,1.0850909565274323,1.0747517114697813,-1.0606870029083815,-1.072738478862782,-1.0659376895104071,1.0837606345353772,-1.074647526851541
470,-1.0668637946733253,1.0687659014216775,1.0847333245699167,1.0637139818180157,1.1133932180846942,1.085315149495378,1.0672869460789973,-1.0862115971529986,-1.0673792775790099,-1.0644104477867855,1.0769335929189283,-1.0762418072787059
471,-1.0686793076798353,1.0452379628103146,1.0843894160638257,1.06211290312352,1.1066109001394346,1.0870766656720976,1.06782503532735,-1.0838569297872593,-1.0676570410601811,-1.0647480485888492,1.0795808131375513,-1.0779148176035085
472,-1.0793017502396653,1.1318856815583658,1.0940188542343765,1.069760160572234,1.1126774960904708,1.0911281528785524,1.0851123753607912,-1.0814080757268902,-1.0845842743833147,-1.0807037055435287,1.1007028439345652,-1.0896258898771265
473,-1.0874546440515096,1.1477873228267335,1.098005066464069,1.0803778403357367,1.1078719341292562,1.0976938040826882,1.093721803334435,-1.1096640841157654,-1.0912505979314218,-1.092350933214728,1.1098148545818254,-1.0979909415011395
474,-1.0823351229027167,1.119553796493099,1.095097476367117,1.0683486833020848,1.0808789903471152,1.1000478302461227,1.0950719181757562,-1.1102292042835435,-1.0890938461952693,-1.0885890957060176,1.1010093641704055,-1.0950976177629514
475,-1.0777568727123865,1.1349686528246818,1.0883443638838735,1.0771546161218166,1.0748805583955279,1.0919608696166379,1.087939789774863,-1.13160958396446,-1.0859730917891703,-1.0903414046310154,1.0896681154443044,-1.093956034247204
476,-1.0748137118757457,1.1140369005428488,1.090360918305953,1.0793666327392126,1.0803677603512407,1.1004161472648912,1.0954436889291637,-1.126146755675944,-1.0953190159791633,-1.094778443743853,1.1018174629739854,-1.1002937910070443
477,-1.0781177200180283,1.1122520224412977,1.0857337856785454,1.0897104437786582,1.0950230202329594,1.0987347000052954,1.0895638409608004,-1.1585469786285199,-1.0958745429415055,-1.0944971097421332,1.0988637225195215,-1.103009972475547
478,-1.070945879818398,1.110142621048555,1.0839517143288004,1.0806517090597962,1.0815265483418883,1.0915605250310199,1.0863940061159585,-1.1207781140820572,-1.093162264243011,-1.0897867747419105,1.0948789594535944,-1.097794116757045
479,-1.0743626527436936,1.108195481301408,1.083404587160019,1.0802935730360275,1.0886837682841235,1.0887901404985427,1.0851515091243078,-1.1065559231929887,-1.0866103138930336,-1.0864348810642774,1.0968574082485654,-1.0931293703220073
480,-1.0801136566773595,1.1137123772516584,1.0918459777640734,1.0838327996238621,1.0951593482318593,1.093001765539245,1.0913444272008037,-1.1056140562466945,-1.0912505979314218,-1.0921982090423656,1.1048826653323909,-1.0981287188220055
481,-1.0794032385443773,1.120202843075482,1.0940970152584881,1.0801250384366066,1.0779138563710464,1.0877812721427855,1.091569446341024,-1.1105117643674327,-1.0897310682991328,-1.0939505179673632,1.0977212380041157,-1.0924404837176769
482,-1.079064944195338,1.119553796493099,1.0940188542343765,1.0789452962406616,1.0714723584230355,1.0879734375438819,1.0927141089238834,-1.105143122773546,-1.0901395440067372,-1.0947864818581878,1.0977212380041157,-1.090629696072008
483,-1.0777568727123865,1.1125765457324892,1.0979425376447796,1.0632083780197543,1.0508186665897303,1.0885819613140215,1.096784020329606,-1.0744382603243017,-1.0917407687805472,-1.09412735648273,1.100535651078652,-1.086968755831852
484,-1.074452864570104,1.08856182218434,1.0891572385346342,1.0633979794441022,1.0596459045184856,1.0811355520215258,1.089260554293547,-1.0873418374885548,-1.0816922663734747,-1.0878576273015463,1.0839835583432613,-1.0816151227924835
485,-1.0861691255251607,1.0687659014216775,1.092877703282347,1.0825687901282066,1.079924694354817,1.0905836842421117,1.0954143386065263,-1.0997744811796595,-1.0899434756670872,-1.0950437015169032,1.0925103939948262,-1.0935230198101962
486,-1.0929124595493416,1.0643848369905953,1.1000685175006155,1.0805042412853023,1.0802655143520659,1.0979820521843335,1.1037693971173121,-1.0711417260122655,-1.0970999700643194,-1.0989019963976316,1.1051613200922459,-1.0957274569440536
487,-1.0985506986999944,1.0564340163564119,1.0971296629940188,1.0990219803966517,1.1031686181672165,1.1004161472648912,1.099719052593348,-1.0824441293678142,-1.0973613945171863,-1.098612624281577,1.1036844498650142,-1.1004118858535008
488,-1.0952015846445067,1.0546491382548597,1.1006938056935087,1.0882989665085103,1.0924668702535902,1.099279168641736,1.1024290657168698,-1.0609695629922706,-1.100710895319544,-1.0982348329078389,1.1037680462929709,-1.098286178617281
489,-1.1028244839761894,1.0660074534465518,1.0982551817412265,1.1059950994476835,1.1019075841773949,1.0991030170240639,1.1008734986170867,-1.1188943801894664,-1.1002534025270267,-1.1007668389233172,1.1013716153582171,-1.1023014033968073
490,-1.1138979856680717,1.100569183958414,1.1109797964665975,1.1056790970737687,1.0939323962417618,1.108791355996021,1.1118798696061198,-1.1268060625383516,-1.1112659076040463,-1.1101875089237627,1.1128521914642455,-1.1109813746113713
491,-1.1113495015719765,1.121663197885843,1.1051333518630486,1.111746342652914,1.0988061222024263,1.1013129191366757,1.1031921741054431,-1.1751238368833277,-1.1030637153953462,-1.1057906603825989,1.1014830772621593,-1.105667106520822
492,-1.1071320986872881,1.1033276319335397,1.0989117343437638,1.111725275827987,1.0992151061991249,1.0952917365689803,1.096725319684331,-1.1888750942992479,-1.0944203694224333,-1.0995450455444196,1.0974983141962318,-1.0988766528495644
493,-1.1096129239135755,1.103165370287944,1.1026478312962993,1.1238808338112045,1.108144590127056,1.1018253602062669,1.1033584926003883,-1.1980112036783164,-1.0997959097345096,-1.1047617817477382,1.10786427126284,-1.1057458364184596
494,-1.1115975840946053,1.0879127756019582,1.1040234653206635,1.125186976956715,1.1069176381369583,1.1077985014236884,1.1077512575551225,-1.1962216564803552,-1.1039623619520762,-1.1084512762274346,1.1178958426176222,-1.1078715436546795
495,-1.1078312403419692,1.0441021312911452,1.100318632777773,1.1190143972529312,1.104463734156764,1.1052362960757325,1.1071055504570992,-1.1936786157253565,-1.0969202407529732,-1.1046653243757198,1.1126571331323472,-1.1053128219814519
496,-1.107278692905205,1.0355022640745788,1.099193114030566,1.1179821228314801,1.1031345361674916,1.1047879101398403,1.1057358687340195,-1.1967867766481333,-1.0942733181676956,-1.1042955711163167,1.109842720057811,-1.1044664755818459
497,-1.1067374219467425,1.0269023968580124,1.097082766379552,1.1236490987370003,1.1106666581067002,1.1017292775057184,1.1002571418417006,-1.2172252893827529,-1.0912996150163343,-1.1035319502545058,1.1017060010700432,-1.102832830205862
498,-1.1101993007852433,1.0356645257201746,1.1059149621041648,1.1209946787961251,1.1023847321735434,1.1107290237904124,1.1116744173476578,-1.1907588281918389,-1.1025245274613082,-1.109190782746241,1.1188432688011296,-1.1087375725286948
499,-1.1068727396863582,1.0270646585036083,1.096660696849349,1.1219426859178658,1.1069517201366832,1.1040192485354539,1.1014409381880768,-1.2072414997520173,-1.092002193233414,-1.1047215911760637,1.1017895974979999,-1.104427110633027
500,-1.1061172156401706,1.0160308666031066,1.1001154141150826,1.1194146669265563,1.1051794561509873,1.1037149866503841,1.1018909764685172,-1.1924541886951705,-1.0942733181676956,-1.1045367145463623,1.1032664677252315,-1.1026950528849961
501,-1.104955738375136,1.0173289597678716,1.1017880600310717,1.110355932207693,1.0930803462486387,1.1075422808888926,1.1053445310988539,-1.1566632447359289,-1.0978025482813991,-1.1047296292903988,1.1068053831753908,-1.1007464879184614
502,-1.1062299804231837,1.031121199643498,1.0986147224521399,1.116991982059883,1.1011577801834458,1.1059088749795711,1.100482160981921,-1.1850134398194336,-1.0934727057807907,-1.1055414788382185,1.09961609037113,-1.1025966405129488
503,-1.1021253423215083,1.024630733819674,1.0950349475478276,1.113979426095238,1.1000671561922488,1.101473056970923,1.097204708287409,-1.1770075707759187,-1.0915937175258097,-1.1018359081298523,1.0970803320564493,-1.0979122116035016
504,-1.1061735980316771,1.041019160024829,1.1048832365858912,1.1116410085282766,1.0921260502563406,1.1098802932689023,1.1081719455129255,-1.143665480877046,-1.1011030319988442,-1.1083226663980772,1.1051891855682314,-1.1036398116566495
505,-1.1025425720186568,1.0465360559750794,1.0967544900782833,1.1100820634836348,1.0942732162390112,1.0992951824251609,1.099856020765656,-1.157228364903707,-1.094028232743133,-1.102559338419989,1.0945167082657827,-1.0978531641802733
506,-1.1023959778007397,1.044913439519124,1.0929714965112811,1.1109036696558108,1.0949548562335096,1.098830782705844,1.0943870773142166,-1.1592062854909275,-1.0889141168839236,-1.1002443614915518,1.0889436130686814,-1.0973217373712185
507,-1.105384244550586,1.0457247477471017,1.0982551817412265,1.1065639037207282,1.0876272262926507,1.1038110693509326,1.101313753456648,-1.143948040960935,-1.0957111526584637,-1.1028567486503782,1.0988079915675508,-1.0998214116212175
508,-1.1040536201110316,1.0439398696455506,1.097848744415846,1.1090708558871107,1.090081130272845,1.1027061182946265,1.1001886577555469,-1.1411224401220472,-1.094126266912958,-1.1030175109370755,1.0935692820822753,-1.0978137992314545
509,-1.1072223105136987,1.050754858760566,1.0950349475478276,1.1194146669265563,1.0955683322285579,1.1048359514901145,1.0995233837757652,-1.1577934850714848,-1.0930969081297943,-1.1046733624900547,1.096244367776884,-1.1011598198810597
510,-1.1012796064489105,1.0324192928082627,1.0927057490293013,1.1084388511392824,1.084628010316857,1.1012328502195519,1.0971264407603758,-1.1419701203737145,-1.0922962957428892,-1.0996575791451078,1.0925939904227828,-1.0967115806645258
511,-1.102587677931862,1.0421549915439983,1.0960041442468118,1.110503399982187,1.0865706843011778,1.1030584215299704,1.0993668487216992,-1.1430061740146382,-1.0949758963847753,-1.100774877037652,1.09657875348871,-1.0983255435661001
512,-1.1046851028959048,1.0406946367336387,1.0906891946072217,1.1148431659172695,1.09454587223681,1.100143912946671,1.0949643003260858,-1.1619376996351856,-1.088146182553627,-1.0999791037185016,1.0903926178199277,-1.0963572961251558
513,-1.0986183575698023,1.0256043036932476,1.090360918305953,1.107954314165948,1.0885474402852235,1.096732977077205,1.0944555614003706,-1.1467736417998229,-1.0875579775346764,-1.0963860666108232,1.088776420212768,-1.0920271517550786
514,-1.0978966629585187,1.0327438160994544,1.0903296538963083,1.0986217107230276,1.0800269403539922,1.0953878192695283,1.0939566059155343,-1.1394270796187156,-1.0859894308174747,-1.0949713584878895,1.0875503392694061,-1.091161122881063
515,-1.1073689047316155,1.0669810233201251,1.0975048359097546,1.1232698958883045,1.0997604181947243,1.10739815683807,1.1014605050698352,-1.1634446867492578,-1.0970346139511027,-1.1050591919781276,1.100814305838507,-1.1016518817412957
516,-1.1072110340353973,1.0533510450900947,1.0973016172470647,1.1228906930396074,1.0988061222024263,1.108230873576156,1.103612862063246,-1.1558155644842616,-1.1004658098949809,-1.1052038780361548,1.1041024320047967,-1.1025769580385394
517,-1.1074816695146286,1.0460492710382934,1.099537022536657,1.1216266835439521,1.100748796186747,1.1085991905949244,1.1037009130311584,-1.1671179678398127,-1.0999919780741596,-1.1064739001010613,1.1035451224850865,-1.10362012918224
518,-1.1063089157712929,1.0419927298984026,1.098192652921937,1.1190143972529312,1.1005102221886724,1.1060850265972428,1.1019105433502754,-1.1715447424874026,-1.0974104116020988,-1.1053726784371867,1.100312727270768,-1.1013763270995636
519,-1.1081244287778031,1.0565962780020066,1.1073062283333517,1.1185930607543801,1.0965907922203058,1.1125866226676804,1.1116842007885368,-1.1465852684105635,-1.1067399967637874,-1.1091747065175712,1.1142175997875357,-1.1051159972373577
520,-1.1030725664988181,1.031121199643498,1.097411042680821,1.1119570109021901,1.096352218222231,1.1026901045112019,1.1010985177573067,-1.1658935408096296,-1.092802805620319,-1.103789169913221,1.1003405927467536,-1.0982664961428716
521,-1.1019336421903863,1.0168421748310854,1.098005066464069,1.1104401995074034,1.0935574942447872,1.1027221320780514,1.1029671549652227,-1.1729575429068477,-1.0930315520165779,-1.103146120766433,1.1021797141617968,-1.0977547518082262
522,-1.102441083713945,1.016355389894298,1.09727035283742,1.1130314189734976,1.0951252662321345,1.1020975945244869,1.1032410913098385,-1.1895344011616558,-1.0928518227052317,-1.1031220064234284,1.1017617320220143,-1.0988963353239738
523,-1.1106954658305008,1.027226920149203,1.0964731103914815,1.128009931497011,1.1097123621144023,1.1058768474127216,1.1044346710970938,-1.2178845962451605,-1.0939465376016122,-1.1075108168502572,1.1054399748521009,-1.1063756755995617
524,-1.1094325002607546,1.022845855718122,1.098880469934119,1.1213738816448209,1.1075311141320077,1.106197123081216,1.1065478943269882,-1.2074298731412767,-1.0957601697433765,-1.1061925660993415,1.1083937153065648,-1.1042696508377514
525,-1.1093873943475494,1.015868604957512,1.1017411634166046,1.1194146669265563,1.10166901017932,1.1069817984690273,1.108612200352487,-1.202626351715168,-1.0982273630173078,-1.106924034503813,1.1087559664943762,-1.106198533329877
526,-1.116232216676442,1.029660844833137,1.0985834580424951,1.1264088528025151,1.1105644121075253,1.1064693573994364,1.103818314321708,-1.228527692738304,-1.0930969081297943,-1.1079850655960135,1.1024305034456663,-1.107359799320034
527,-1.1131875675350895,1.0111630172352395,1.1005531158501076,1.1173711849085801,1.1061337521432852,1.1063252333486138,1.10550106615292,-1.2015902980742417,-1.0954333891772925,-1.10655428124441,1.1019846558298982,-1.1060410735346013
528,-1.1183070886838822,1.0536755683812862,1.1042110517785315,1.1120202113769724,1.1007828781864721,1.1111293683760304,1.1102656018610617,-1.17446453002092,-1.0997959097345096,-1.1102196613811022,1.1072233653151735,-1.1065331353948376
529,-1.112578637706819,1.0780148152206257,1.0956758679455432,1.109176190011748,1.1032367821666664,1.1010887261687297,1.0994255493669738,-1.1783261845007342,-1.0909564954219464,-1.1044000666026699,1.0923710666148987,-1.1012779147275162
530,-1.1078988992117769,1.115172732062018,1.095628971331076,1.1005809254412935,1.1001694021914228,1.0960764119567916,1.0956393577467465,-1.1591120987962977,-1.08788475810076,-1.099102949256003,1.0916186987632899,-1.0984042734637378
531,-1.1001068527055746,1.1565494516888968,1.0978643766206684,1.0920277945206929,1.080095104353442,1.0906637531592354,1.095541523337955,-1.1509178563635236,-1.0872965530818093,-1.0985563574812331,1.0941823225539564,-1.0924011187688578
532,-1.086180402003462,1.186730117769678,1.0936749457282855,1.0859184152916923,1.0748805583955279,1.0868044313538774,1.092479306342784,-1.1281246762631645,-1.0884239460347982,-1.0956304838633473,1.093931533270087,-1.0910823929834252
533,-1.0761781657502036,1.1516816023210283,1.0866091891485956,1.0901528471021373,1.0739944264026797,1.0785893604569947,1.088438745259699,-1.1178583265485398,-1.0906133758275585,-1.0934200024212632,1.08777326307729,-1.086397964073978
534,-1.07597518914078,1.1223122444682248,1.0862340162328594,1.0867610882887966,1.0758348543878258,1.0760912102427382,1.0905519684895935,-1.098173307370955,-1.0913486321012467,-1.0918284557829627,1.0921481428070148,-1.0854925702511438
535,-1.0690514314637785,1.0549736615460512,1.0781990629541853,1.0769228810476124,1.0685753884464166,1.073721170295879,1.078058514486931,-1.0973256271192906,-1.0754180795046682,-1.0803419903984604,1.0851539083346526,-1.080394809379098
536,-1.0672020890223644,1.0864524207915973,1.0794965359544382,1.0755956710771748,1.0841849443204326,1.07338488084396,1.077226922012204,-1.090826745189848,-1.0803688050808355,-1.080317876055456,1.0784383286221455,-1.081811947536578
537,-1.0607068375208122,1.0257665653388433,1.0819820565211875,1.0670214733316472,1.0913762462623926,1.0714311992661438,1.0700654432886734,-1.0601218827406036,-1.0746011280894587,-1.0700130134781767,1.0771843822027976,-1.0775211681153196
538,-1.058857495079398,0.9999669636891431,1.0774799815323586,1.0648937240139607,1.09011521227257,1.074585914600814,1.0654965763981143,-1.0727428998209676,-1.0693726390321203,-1.065455402650316,1.0733110810408122,-1.0775802155385479
539,-1.0632214921820033,1.0264156119212253,1.0842956228348914,1.0641353183165678,1.0892972442791717,1.0872368035063449,1.0736657495321968,-1.079995275307445,-1.0751729940801054,-1.0688314106709536,1.0808626250328845,-1.0849217784932699
540,-1.060109184170843,1.0303098914155202,1.0786055002795658,1.0660734662099054,1.100748796186747,1.083313426567288,1.0681185385537242,-1.0926162923878118,-1.0677550752300062,-1.0652062211059357,1.0791071000457975,-1.0839179722983883
541,-1.0609549200434407,1.051241643697352,1.0884537893176294,1.0643249197409157,1.1060655881438353,1.0837297849363308,1.0753387179225298,-1.0896023181596646,-1.075744860070752,-1.0691207827870084,1.0835655762034788,-1.0820678197039006
542,-1.069660361292049,1.0596792492683238,1.085780682293012,1.0648726571890335,1.1039525041608895,1.0866282797362052,1.0760920428702236,-1.0963837601729938,-1.0743723816932005,-1.0749484156797753,1.080667566700986,-1.0841147970424827
543,-1.083564259037559,1.0976484743376937,1.0887351690044316,1.06358758086845,1.0926372802522142,1.0924252693359549,1.0842025153590313,-1.0881895177402194,-1.0803197879959232,-1.0855828409447834,1.0868537023697682,-1.0886614486310637
544,-1.0917058763711018,1.1043012018071132,1.0944565559694015,1.068159081877737,1.0949889382332345,1.098510507037349,1.0922836375252014,-1.0912976786629962,-1.087721367817718,-1.0924875811584205,1.0941265916019858,-1.094408731158621
545,-1.0886950566646532,1.0942409797801862,1.098786676705185,1.0616915666249676,1.0789703983625192,1.101008657251606,1.0962654979630115,-1.0714242860961547,-1.0892735755066156,-1.0934923454502767,1.1009536332184346,-1.0936017497078339
546,-1.0946490372077426,1.081584571423729,1.0968951799216842,1.0813047806325513,1.0982267282071019,1.1057487371453236,1.1004234603366463,-1.112583871649283,-1.0930805691014902,-1.1005658860649459,1.10594155341984,-1.1024588631920829
547,-1.0908488640202025,1.056920801293198,1.0991462174160989,1.0849914749948788,1.1002034841911477,1.109143659231365,1.102918237760827,-1.1130548051224314,-1.0956621355735512,-1.103194349452442,1.1084773117345215,-1.1042106034145232
548,-1.086913373093047,1.0416682066072123,1.0995839191511239,1.0845280048464714,1.0951934302315842,1.1055885993110768,1.1007169635630205,-1.1036361356594713,-1.0958745429415055,-1.1009597536673534,1.1034615260571303,-1.1015141044204295
549,-1.0866089081789116,1.032257031162667,1.096926444331329,1.0801039716116783,1.0861617003044783,1.0999037061953,1.100844148294449,-1.112018751481505,-1.0965607821302814,-1.0999308750324928,1.1032107367732604,-1.0986601456310605
550,-1.0877929384005487,1.0548113999004554,1.0940813830536658,1.0823159882290754,1.0770958883776482,1.0934661652585618,1.100560428508954,-1.106461736498359,-1.0983090581588288,-1.0996173885734333,1.1021797141617968,-1.0949795229164947
551,-1.0953932847756287,1.067143284965721,1.0950036831381829,1.1034038799815895,1.0882747842874239,1.1007204091499607,1.104297702924786,-1.1205897406927978,-1.1056452818674072,-1.104544752660697,1.1100935093416804,-1.1032855271172795
552,-1.089382921841033,1.0700639945864412,1.0910956319326022,1.0970206320285305,1.084593928317132,1.0931939309403413,1.098525472806093,-1.1135257385955797,-1.099469129168426,-1.100011256175841,1.1047990689044345,-1.098856970375155
553,-1.0928786301144375,1.098784305856863,1.0958947188130554,1.1054052283497104,1.0916829842599163,1.0965568254595333,1.102223613458408,-1.1240746483940935,-1.1036682594426008,-1.103475683454162,1.1103442986255503,-1.1007661703928708
554,-1.0912209878041457,1.078501600157413,1.0975517325242217,1.099274782295783,1.0883429482868738,1.0974535973313178,1.102566033889178,-1.1216257943337218,-1.101266422281886,-1.101257163897743,1.109954181961753,-1.09797125902673
555,-1.0967690151283882,1.0750941055999053,1.097567364729044,1.1066060373705835,1.0959432342255324,1.0988467964892685,1.1019203267911546,-1.1408398800381583,-1.097867904394616,-1.101313430698087,1.111542514092927,-1.0981877662452337
556,-1.1038393670233069,1.0737960124351404,1.1017098990069598,1.1122940801010317,1.0988061222024263,1.1037149866503841,1.1044933717423686,-1.1514829765313015,-1.0979332605078327,-1.104014237114597,1.1165304342943325,-1.0961604713810613
557,-1.109669306305082,1.0470228409118667,1.0985990902473175,1.1248499077578733,1.1014645181809704,1.1034107247653142,1.1030552059331349,-1.17229823604444,-1.096626138243498,-1.1059835751266354,1.1158895283466657,-1.0963769785995652
558,-1.1154203102387479,1.0024008883730773,1.1052584095016273,1.1168866479352457,1.096284054222782,1.1074782257551936,1.1108232579911725,-1.1660819141988863,-1.0990443144325173,-1.1104768810398171,1.1268685258849553,-1.0959439641625575
559,-1.1173147585933674,1.012623372045599,1.0995213903318346,1.1250816428320765,1.1072925401339329,1.1044996620381955,1.1078099582003975,-1.192925122168319,-1.094665454846996,-1.11382877471745,1.1194563092728105,-1.0993293497609815
560,-1.1192092069479866,0.9973707773596132,1.1108703710328414,1.1239229674610598,1.108178672126781,1.1140118493924807,1.1187771954259138,-1.1647633004740734,-1.10659294550905,-1.1187079101187047,1.135005244872723,-1.1058639312649163
561,-1.1137062855369495,0.9848766306487519,1.1038515110676181,1.1271040580251257,1.1172785660533358,1.1095760313838325,1.1109700096043598,-1.1841657595677693,-1.0973777335454904,-1.1146165099222656,1.123441072338738,-1.1052144096094048
562,-1.1143490448001239,1.0176534830590631,1.1084317470805587,1.1167391801607518,1.1047023081548388,1.1090796040976663,1.1155975771401931,-1.1402747598703802,-1.102263103008441,-1.1160312180451992,1.120487331884274,-1.1066709127157035
563,-1.104955738375136,1.0509171204061605,1.099099320801632,1.1066903046702927,1.0916489022601912,1.1005122299654395,1.1049629769045675,-1.1072152300553963,-1.0987828899796501,-1.10411873260095,1.0987243951395942,-1.1029509250523188
564,-1.1171794408537516,1.0548113999004554,1.0928933354871693,1.1290632727433902,1.0983289742062767,1.1061490817309416,1.1034954607726961,-1.1512946031420423,-1.0981946849606994,-1.1102276994954368,1.0930398380385506,-1.1107255024440486
565,-1.113943091581277,1.0648716219273826,1.0958478221985883,1.116970915234956,1.0815947123413383,1.1068857157684793,1.1054717158302827,-1.1263351290652033,-1.0998612658477263,-1.1089898298878698,1.0955198654012608,-1.1079305910779078
566,-1.1188258066857424,1.0454002244559102,1.0920648286315862,1.1162967768372727,1.0785273323660947,1.109303797065612,1.1056086840025907,-1.1275595560953864,-1.098766550951346,-1.1133706022003635,1.1053285129481591,-1.104919172493263
567,-1.1148903157585865,1.0523774752165211,1.0958634544034107,1.1010865292395549,1.0649626964755747,1.1085191216778008,1.110157984011391,-1.096289573478364,-1.1005638440648062,-1.1140940324905002,1.1189825961810569,-1.100195378634997
568,-1.118363471075389,1.0587056793947502,1.0931434507643263,1.1085020516140658,1.0753236243919522,1.1076543773728658,1.1069783657256704,-1.1226618479746482,-1.0973287164605778,-1.1166742671919876,1.1143011962154918,-1.100726805444052
569,-1.1112029073540595,1.0546491382548597,1.0882818350645842,1.1026244074592686,1.072869720411757,1.1022257047918849,1.1019790274364296,-1.1216257943337218,-1.092263617686281,-1.1104768810398171,1.1105950879094197,-1.0963572961251558
570,-1.1110901425710464,1.0634112671170217,1.0938000033668642,1.0939448755891032,1.0610773485069331,1.1052523098591573,1.1061272063691852,-1.1032593888809552,-1.0960379332245473,-1.111087777729266,1.1142454652635212,-1.0958652342649198
