t,s1,s2,s3,s4,s5,s6,s7,s8,s9,s10,s11,s12
0,0.9815761476286834,-1.1623317255178152,-0.9676970075770368,-0.921728933482415,-0.9359915073748453,-0.956250071755618,-0.9608399150485918,0.9687537062753049,0.9527618429219042,0.9741839573608158,-0.9204079947701803,0.951072739368251
1,0.9765355618279998,-1.1892671586866848,-0.9591461915392265,-0.9312722051746115,-0.9425011693223061,-0.9554013412341077,-0.9522598373975859,0.9856131246139993,0.9449027703075924,0.9685412010977502,-0.9172870614598037,0.9539463806320297
2,0.9819031654994212,-1.1938104847633615,-0.9599121695755198,-0.9473251257694331,-0.9588946111899959,-0.9637285086149633,-0.9549992008437452,0.9723328006712275,0.9455726704680637,0.973846356558752,-0.9290184268497016,0.959260648722579
3,0.999810213041895,-1.1600600624794768,-0.9809218528567227,-0.9564049273132227,-0.9647567151426834,-0.982832952240657,-0.9725800441035607,0.944170978976982,0.959509861611532,0.9920848379845293,-0.9499175338388313,0.9726840962698186
4,0.9833014488087832,-1.1091099057624594,-0.9696197687701824,-0.9550145168680023,-0.9581448071960477,-0.9692212363296431,-0.9611921189202411,0.9359767365442077,0.9500495642234099,0.9787013776170022,-0.9441772457858171,0.9611698487402949
5,0.9606695568580624,-1.0562126092982929,-0.948656982103447,-0.9462717845230538,-0.9511239152527126,-0.9465617327836611,-0.9407838612463537,0.9548140754701253,0.9364391536460251,0.95801930943343,-0.9241141030762526,0.9435933990926632
6,0.9674128908822434,-1.0190546924569017,-0.9534404367790784,-0.9392354649972398,-0.9388884773514641,-0.9490919105647672,-0.9480236074969179,0.9430407386414285,0.9440204627791665,0.9621750145445482,-0.9241419685522382,0.9466048176773078
7,0.9640073944352491,-0.9780024961212146,-0.950032616127812,-0.9398253360952122,-0.9451936473005751,-0.9504050408055943,-0.9502640154582409,0.9341871893462463,0.9450824996189382,0.9595787036143912,-0.9248943364038469,0.9500098857501411
8,0.9616055045570708,-0.9591801452321265,-0.9421383526925381,-0.9557939893903227,-0.9648930431415823,-0.955561479068355,-0.949373722338239,0.9513291677688298,0.9420597793826644,0.9571994217712754,-0.928266058998093,0.9548320919804544
9,0.9696907394991071,-0.9507425396611536,-0.9504077890435472,-0.9584273425062714,-0.9679604231168258,-0.9661626036955212,-0.9588343096683684,0.9409686313595754,0.9490528834968546,0.9640398570702335,-0.9336162303873103,0.9660707848682459
10,0.9712130640697835,-0.9507425396611536,-0.9548942318275537,-0.956152125414092,-0.9622005651633133,-0.9757068186166556,-0.9655066163479419,0.9160091572827364,0.9528435380634253,0.9668612352017665,-0.9347029839507449,0.9683736343741508
11,0.9731187889027041,-0.9713497686517951,-0.953487333393545,-0.9736375901039891,-0.9888867709479308,-0.9828489660240817,-0.9663479922635483,0.9255220134403236,0.9559152753846116,0.9676811228639212,-0.9432576850782954,0.9715621952284803
12,0.9728707063800753,-0.9612895466248691,-0.954175150405727,-0.9707514350889097,-0.9935900869099705,-0.9840660135643606,-0.9656142341976127,0.9237324662423623,0.9567649048564291,0.9661136905686252,-0.9460720981528314,0.97051902408478
13,0.9673001260992303,-0.9627499014352286,-0.9584583745270436,-0.9544878462448128,-0.9801958610180743,-0.9783010515314605,-0.9636673294626638,0.9126184362760705,0.9556865289883533,0.9634611128381244,-0.9493323588431356,0.9660117374450179
14,0.9389736126063501,-0.9728101234621569,-0.9408252474874633,-0.9351485009612879,-0.9604283011776172,-0.9485314281449019,-0.9367922173676647,0.9284418009738411,0.9353607777779493,0.9389770165741679,-0.9379353791650636,0.9430619722836082
15,0.9190255224913401,-0.9650215644735671,-0.9259433884966113,-0.9351906346111432,-0.9586219551921962,-0.9305479493589387,-0.9185558835689465,0.9270290005543985,0.9236620335121538,0.9240502382543494,-0.9398023660560927,0.9321775639351865
16,0.9109064581144,-0.9763798796652592,-0.9185180912060077,-0.9075088266562936,-0.9169055875288864,-0.9108830233133797,-0.9054949899952941,0.9128068096653299,0.9077641589721839,0.9161166194058512,-0.9223028471371947,0.9160969823426722
17,0.9080986150173748,-0.9870891482745682,-0.9171580893864655,-0.9051493422644039,-0.8993192756708248,-0.9029882280849916,-0.9022077538599029,0.9132777431384783,0.9047904558208223,0.9157468661464482,-0.9180951602633833,0.9089128791832259
18,0.8982768024169375,-0.9775157111844273,-0.910889575252714,-0.9123541963896389,-0.9106685815792253,-0.9004260227370361,-0.8970127467530792,0.9379546571314309,0.901473633075073,0.9105220918287948,-0.917426388839731,0.9095820833131468
19,0.8900788026918881,-0.9604782383968903,-0.9120463584095654,-0.9044120033919382,-0.8916167437329914,-0.8982641619746986,-0.8974921353561568,0.9276883074168063,0.8999214253861758,0.9102487959414098,-0.9139153388655575,0.9101331925966113
20,0.897927231589597,-0.9470105218124556,-0.9165796978080394,-0.9058866811368697,-0.8924347117263894,-0.9043974410263671,-0.9040861745086975,0.9349406829032838,0.9044309971981304,0.9158915522044754,-0.9108501365071516,0.9170023761655066
21,0.8958523595821567,-0.9082299885151068,-0.9085134801197202,-0.9123541963896389,-0.908248759598755,-0.9041572342749964,-0.900544568910449,0.9569803694466054,0.9050518802736895,0.9111249504039088,-0.9045804044104129,0.9194626854666869
22,0.8849367285864926,-0.9171543790228647,-0.8992748470697278,-0.9046858721159972,-0.8949226977063087,-0.8918106072545355,-0.8955941478256038,0.9353174296818025,0.8981404713010199,0.9010692693710101,-0.907339086532978,0.9085389121694465
23,0.892469416091765,-0.9048224939576003,-0.914156706060579,-0.8953743354980037,-0.8950590257052086,-0.8945169366533136,-0.910807398392667,0.8886950158401553,0.9121593575860091,0.9070415883218044,-0.9168412138440355,0.9156442854312551
24,0.9028550526072677,-0.8574420934436852,-0.9240675239179323,-0.921728933482415,-0.922699527482124,-0.9104826787277617,-0.9240443939021447,0.933998815956987,0.9188910372473325,0.9220648240136412,-0.9175657162196588,0.9247375886084175
25,0.9159470439150836,-0.8950867952218636,-0.9386367388123377,-0.9386666607241949,-0.9270961054466391,-0.91230825003818,-0.9334267137052403,0.969318826443083,0.9347562337306945,0.9324822201916082,-0.9237239864124556,0.9277096422442432
26,0.934361532981116,-0.9358144682663593,-0.9583802135029323,-0.9295447255305495,-0.9035795256364402,-0.9243986565238453,-0.9524555062151684,0.9762886418456714,0.9431871723356529,0.9469106354226658,-0.9350931006145421,0.9343426361202251
27,0.9317115605803091,-0.9486331382684109,-0.9459057140547179,-0.9302820644030151,-0.9037840176347899,-0.9280658129281067,-0.9465560913650469,0.9865549915602961,0.9287271322864507,0.9438722282040922,-0.930244507793064,0.9291267804017231
28,0.937530223383783,-0.917641163959652,-0.9454836445245152,-0.9532238367491574,-0.9375933613619165,-0.939355530242536,-0.9499900791136252,1.0240412960228722,0.9317008354378123,0.9496918229825244,-0.9382140339249188,0.941192137214711
29,0.9399208367836599,-0.8439743768592505,-0.9580050405871962,-0.9444389707543537,-0.9388203133520141,-0.9497004343349066,-0.9532283980446205,0.9934306202682549,0.9384815321840483,0.9556400275903142,-0.9376009934532376,0.9491044919273067
30,0.9270656515201712,-0.8418649754665077,-0.9480785905250209,-0.9366863791810015,-0.9365368193704436,-0.938779034039246,-0.9419383072700924,0.9748758414262263,0.933383755353143,0.9439445712331057,-0.9276808840023973,0.9419203887678606
31,0.9239307905524082,-0.8696117168633538,-0.9457024953920279,-0.9589540131294609,-0.9661540771314049,-0.9381224689188323,-0.936420446614257,0.9949376073823298,0.9384325150991357,0.9394191128625847,-0.932055763732122,0.9425502279489625
32,0.9296479650511702,-0.8710720716737156,-0.9459057140547179,-0.9512014215561089,-0.9644158951454338,-0.9400441229297991,-0.9358823573659045,0.971485120419563,0.9395925861087325,0.9395236083489377,-0.9307460863608032,0.9469591022166776
33,0.9237729198561899,-0.8146050190064469,-0.9342284570524424,-0.9164200936006631,-0.9178258015214594,-0.9254075248796029,-0.9238682919663199,0.8954764578534871,0.9229757943233783,0.9255935562066409,-0.9178165055035282,0.9388499227599875
34,0.920051682016759,-0.7581379663391781,-0.9114367024214954,-0.9150718168052974,-0.9066809876114087,-0.9141017937817489,-0.907647346988705,0.8996206724171878,0.9066531050474993,0.9103291770847585,-0.9152807471888473,0.9361337412914844
35,0.9111883700719325,-0.7217913577257634,-0.9033704847331763,-0.916988897873708,-0.9183029495176088,-0.9132690770436634,-0.8960539695469236,0.9046125672325556,0.8989737617445331,0.9030386073830485,-0.9202129364382818,0.9338702567343985
36,0.9147517372151451,-0.7558663033008396,-0.907935088541295,-0.8993138317594623,-0.9083850875976548,-0.9157512134744953,-0.9040470407451809,0.8691041833572029,0.9048558119340391,0.9065271490043738,-0.9193212412067456,0.9312328051635334
37,0.9144585487793112,-0.8225558396406302,-0.9078256631075382,-0.8996509009583035,-0.9186437695148575,-0.9144060556668187,-0.9048101491337541,0.8769216790114585,0.9098065375102066,0.9052651650538023,-0.912633526970224,0.9288905907088096
38,0.9089781803248765,-0.8425140220488886,-0.890974146309074,-0.9120171271907971,-0.9199048035046801,-0.9118438503188631,-0.8992140209508857,0.9016927796990382,0.8989574227162289,0.8997349423914248,-0.9089274186641517,0.9204861741359778
39,0.9257914094721237,-0.8550081687597509,-0.9023543914197247,-0.9171784992980558,-0.9139063715530927,-0.9286743366982462,-0.9193287753983985,0.9064963011251492,0.9079112102269212,0.9221853957286639,-0.9208259769099629,0.9270010731655032
40,0.918168510140441,-0.8571175701524937,-0.8990559962022151,-0.9131968693867419,-0.9161557835349382,-0.9333183338914156,-0.9291904838045723,0.9512349810742028,0.909675825283773,0.9267992733568683,-0.9190704519228761,0.9151325410966097
41,0.9069371377523402,-0.9939041373895834,-0.8945539212133857,-0.9152614182296458,-0.9252215954617682,-0.9278256061767359,-0.9365476313456863,0.9589582900338287,0.9143978044636821,0.9254970988346225,-0.9199621471544122,0.9058227307009434
42,0.9130377125133466,-0.944901120419713,-0.903495542371755,-0.9200435874882081,-0.9201774595024798,-0.9268647791712525,-0.937359656938655,0.9303255348664347,0.9167996416243972,0.9272252934166154,-0.9150020924289921,0.910782714252123
43,0.9331323968462737,-0.8933019171203125,-0.9237392476166637,-0.9193483822655977,-0.924505873467545,-0.9279537164441336,-0.9352855674722766,0.9199649984571777,0.9244463068707549,0.933028811966378,-0.9180951602633833,0.9140303225296809
44,0.9418491145731831,-0.8793474155990905,-0.9398873151981239,-0.9452816437514568,-0.9438303673115785,-0.9234858708686362,-0.930139477569849,0.9046125672325556,0.9242175604744961,0.9324822201916082,-0.9230552149888034,0.9304651886615651
45,0.9477016068115608,-0.8567930468613021,-0.9396059355113218,-0.9525496983514745,-0.9357870153764954,-0.9367773111111557,-0.928339324448087,0.8452749496159173,0.91544350227515,0.9343631389459632,-0.9255352423515134,0.9304651886615651
46,0.9391427597808698,-0.8702607634457368,-0.9396997287402558,-0.94359629775725,-0.9349349653833724,-0.9368413662448545,-0.9282904072436915,0.8358562801529598,0.9128619358030887,0.9305289584082395,-0.9164789626562239,0.9235172751950319
47,0.9337864325877495,-0.913909146110954,-0.9232859136768163,-0.9328100833943257,-0.9294818454273844,-0.9335905682096359,-0.9175971063627908,0.8292632115288874,0.9072739881230584,0.9200472573155936,-0.9174821197917021,0.9216671226005444
48,0.9421986854005235,-0.9242938914290715,-0.9233640747009275,-0.94901047176364,-0.9618938271657895,-0.936360952742113,-0.923330202717967,0.8728716511423847,0.9207863645306178,0.9296608420600753,-0.9317492434962813,0.9315083598052656
49,0.9477692656813685,-0.9095280816798729,-0.9341971926427977,-0.9376975867775256,-0.9456367132969996,-0.9443998720213235,-0.9361660771513997,0.860156447367391,0.9273873319655077,0.9363324769580019,-0.9307182208848177,0.9414283269076246
50,0.9255997093410014,-0.8035712271059463,-0.9104206091080438,-0.921117995559515,-0.9345600633863979,-0.9137815181132545,-0.9142903033456413,0.8820077605214559,0.9159826902091877,0.9140910145934688,-0.9091224769960503,0.9229268009627486
51,0.9280015992191796,-0.8306689219204115,-0.8996656521902858,-0.9238566828001011,-0.9487040932722431,-0.9114274919498203,-0.9069233723636484,0.87645074553831,0.9048558119340391,0.9088099734754717,-0.9156151329006733,0.9159985699706251
52,0.9277760696531534,-0.9413313642166085,-0.8984307080093215,-0.8965751445188762,-0.9393997073473375,-0.9077603355455589,-0.8984606960031919,0.8578017800016516,0.8903467547999244,0.8957239233383341,-0.9168969447960065,0.8849199428781157
53,0.9369889524253202,-1.030250746002998,-0.9168454452900187,-0.8882326818475517,-0.9376615253613664,-0.9141658489154478,-0.9156012844234463,0.8363272136261055,0.9056074072360314,0.9057313756852237,-0.925674569731441,0.8891910398249648
54,0.92429163785805,-1.0732500820858322,-0.9103737124935772,-0.8914559060614722,-0.9374570333630167,-0.9031483659192389,-0.9051819198871613,0.8691983700518325,0.901996481980807,0.8964071630567965,-0.9133022983938763,0.8853135923663047
55,0.9201418938431694,-1.0628653367677146,-0.9077318698786041,-0.8958799392962657,-0.9300271574229829,-0.9057265850506191,-0.9036361362282572,0.8643006619310943,0.8991698300841835,0.8960052573400537,-0.9057507544018042,0.889958656326933
56,0.923739090421286,-1.0210018322040486,-0.9191746438085451,-0.8972492829165591,-0.9249148574642445,-0.9170163023650484,-0.9190059218493869,0.8372690805724023,0.9050682193019932,0.9063101199173329,-0.9155036709967311,0.905448763687164
57,0.926693527736228,-0.93905970117827,-0.915719926542812,-0.9131126020870316,-0.9367072293690685,-0.9232776916841149,-0.9227529797060979,0.8631704215955383,0.9121920356426175,0.9083116103867108,-0.916924810271992,0.9169236462678688
58,0.9301779595313316,-0.9358144682663593,-0.9204721168087978,-0.9214971984082113,-0.9458412052953493,-0.9257598281149467,-0.9268326745526995,0.8979253119138562,0.9245116629839717,0.9152886936293616,-0.9199064162024413,0.9210569658938517
59,0.9284188289163279,-0.9233203215554969,-0.9284132768585383,-0.9093205736000662,-0.9323788154040032,-0.9276014132087899,-0.9300416431610575,0.8845508012764547,0.9305571034565192,0.9184959012489673,-0.9218848649974121,0.920663316405663
60,0.9270543750418699,-0.942304934090183,-0.9335406400402603,-0.9103739148464455,-0.9321743234056535,-0.9304999080086646,-0.935500803171618,0.8607215675351692,0.9321256501737211,0.9193961700544704,-0.9318328399242378,0.9258201247009368
61,0.9138721719076434,-0.9186147338332266,-0.9128748652651489,-0.9035482635699075,-0.9273346794447138,-0.9163277096777853,-0.9189570046449914,0.8690099966625732,0.912763901633264,0.9042925532192853,-0.9227765602289484,0.9099560503269264
62,0.9185857398375892,-0.9392219628238657,-0.9146256722052492,-0.893014851106114,-0.9288683694323352,-0.9167280542634033,-0.9233399861588464,0.8659018357397963,0.9197243276908458,0.9068567116921028,-0.9172591959838181,0.9079878028859821
63,0.9271333103899789,-0.9588556219409349,-0.9211755660258026,-0.8929095169814759,-0.931629011410055,-0.9235819535691845,-0.9249933876674209,0.8724949043638687,0.9198060228323668,0.9096941660523052,-0.9240862376002671,0.9088341492855881
64,0.9233218607241377,-0.9728101234621569,-0.9175645267118454,-0.9122277954400732,-0.94066074133716,-0.9242705462564477,-0.915728469154875,0.8878473355884908,0.9115711525670583,0.905602765855866,-0.9288233685178031,0.908027167834801
65,0.9176610686168821,-0.934678636747189,-0.9170330317478868,-0.9144398120574697,-0.9368094753682433,-0.924879070026587,-0.9196222786247731,0.8915206166790431,0.91974066671915,0.9074756464958863,-0.9301609113651076,0.9132036586044843
66,0.9254531151230845,-0.8900566842083995,-0.9312270737265568,-0.9026213232730933,-0.9124067635651963,-0.9330460995731954,-0.9385336698441513,0.8683506898001654,0.9382037687028769,0.9258105852936818,-0.9281267316181655,0.9409559475217977
67,0.9163078912207255,-0.8733437347120541,-0.9298045430877252,-0.9090677717009349,-0.9086918255951795,-0.9297953015379767,-0.9390032750063505,0.8886008291455256,0.9420924574392728,0.9263089483824424,-0.9290462923256871,0.9463686279843943
68,0.9039263180458917,-0.8850265731949354,-0.9150321095306291,-0.9120592608406524,-0.9255964974587427,-0.9179611155871069,-0.9231736676639011,0.8936869106555257,0.9306878156829528,0.9089144689618246,-0.9244206233120932,0.9304061412383368
69,0.9140977014736695,-0.8660419606602515,-0.9286790243405176,-0.9095944423241246,-0.922699527482124,-0.9256157040641242,-0.9316754777878743,0.8724949043638687,0.9382201077311811,0.9170410025543592,-0.9258138971113685,0.9363699309843977
70,0.9121807001624476,-0.813144664196085,-0.9171424571816427,-0.895521803272497,-0.9130202395602447,-0.9128687324580452,-0.9203658201315874,0.8756030652866429,0.9258841413615231,0.9080061620419866,-0.9086487639042968,0.9247179061340081
71,0.9089105214550689,-0.8460837782519931,-0.8964297857920647,-0.8994823663588832,-0.925357923460668,-0.9009064362397777,-0.9040176904225438,0.917704517786068,0.9077314809155755,0.8998555141064475,-0.8907869937975873,0.9087554193879502
72,0.9271671398248829,-0.9375993463679104,-0.9172206182057548,-0.9133864708110905,-0.9344578173872239,-0.9170643437153225,-0.9290535156322641,0.9051776874003337,0.9249691557764889,0.9186647016499991,-0.9139989352935138,0.9253280628407006
73,0.9267724630843373,-0.9108261748446367,-0.9129999229037276,-0.9017997171009178,-0.918234785518159,-0.9083368317488489,-0.92352587153555,0.8808775201858997,0.9130906821993475,0.9145170346532158,-0.9099027103236444,0.9279458319371565
74,0.9249795030344296,-0.956259435611405,-0.9080601461798729,-0.9221081363311114,-0.9362982453723699,-0.9066874120561025,-0.9173623037816913,0.880406586712754,0.9138095994447314,0.913809680591749,-0.9075898758168475,0.9274931350257394
75,0.9183940397064669,-0.975081786500493,-0.8969925451656681,-0.9054442778133904,-0.9336398493938249,-0.8961343287792105,-0.9005152185878113,0.8828554407731231,0.8988593885464038,0.8973797748913133,-0.9045525389344273,0.8989535471320481
76,0.9206606118450296,-0.9810854673875318,-0.8954762212979025,-0.8748341811936065,-0.9206886894983533,-0.8994812095149775,-0.8957996000840657,0.8275678510255557,0.8862783367521827,0.8902017387902912,-0.9066703151093258,0.8733663303997733
77,0.9364251285102551,-1.0026662662517456,-0.9042146237935818,-0.898934628910766,-0.9494879792659163,-0.9133971873110611,-0.9017772824612208,0.8556354860251717,0.8919806576303425,0.9012461078863767,-0.9177886400275428,0.8843688335946513
78,0.9376204352101933,-1.0242470651159616,-0.9125465889638802,-0.9076141607809317,-0.9559976412133772,-0.9200108798654715,-0.9045753465526546,0.8731542112262738,0.8975522662820692,0.9034807036714654,-0.9161167114684123,0.8934030893485853
79,0.9388834007799396,-0.9586933602953391,-0.9218164864235182,-0.914797948081239,-0.9435577113137789,-0.9280177715778326,-0.9131652076445403,0.8368923337938836,0.9037774360659628,0.9132952412743186,-0.9200457435823688,0.910034780224564
80,0.9337526031528455,-0.88340395673898,-0.9067157765651533,-0.9206966590609629,-0.9433191373157042,-0.9177209088357362,-0.9047905822519958,0.853375005354062,0.8995292887068754,0.9075640657535697,-0.911797562690659,0.9044252750178731
81,0.930268171357742,-0.8584156633172575,-0.9044960034803838,-0.9378450545520188,-0.9431146453173544,-0.9141338213485983,-0.908332187850245,0.8546936190788749,0.9024049576884114,0.9088260497041414,-0.9148627650490647,0.9026144873722045
82,0.9367746993375955,-0.8623099428115535,-0.9289916684369645,-0.9362018422076671,-0.9236538234744219,-0.9276334407756393,-0.9291415666001768,0.8657134623505369,0.9199530740871046,0.9306977588092712,-0.914221859101398,0.9186950689647188
83,0.9402365781760964,-0.8481931796447357,-0.9369328284867048,-0.9441440352053672,-0.9168033415297115,-0.9398839850955518,-0.9459201677079024,0.8696693035249808,0.9297891691262228,0.9437918470607436,-0.9257581661593974,0.9301502690710141
84,0.9279903227408782,-0.8418649754665077,-0.917204986000932,-0.9400570711694153,-0.9214725754920263,-0.9323575068859323,-0.938220599736019,0.9058369942627414,0.9217830452571731,0.9330931168810568,-0.9369879529815565,0.9269617082166842
85,0.9226339955477579,-0.8720456415472879,-0.9115304956504287,-0.9314828734238876,-0.9259032354562674,-0.9382986205365043,-0.9407545109237165,0.9236382795477326,0.9186132737661615,0.935625122896535,-0.9447624207815127,0.9281032917324319
86,0.9266822512579267,-0.8274236890084985,-0.91207762281921,-0.910289647546735,-0.9062038396152593,-0.9448642717406405,-0.9400207528577811,0.8917089900683025,0.9212765353797434,0.9369594498761202,-0.939495845820252,0.9266074236773144
87,0.9262650215607785,-0.8344009397691095,-0.9029015185885061,-0.9199803870134253,-0.9169055875288864,-0.9339428714449799,-0.9264902541219295,0.9067788612090382,0.9139076336145566,0.9266063586128319,-0.9308018173127741,0.9311540752658956
88,0.9326136788444136,-0.8339141548323222,-0.9026514033113495,-0.9397410687955018,-0.937150295365493,-0.9266405862033065,-0.9142609530230041,0.9636676247653074,0.9101006400196817,0.9171374599263774,-0.9208259769099629,0.9339489866320364
89,0.9270882044767739,-0.8206086998934833,-0.908919917445101,-0.9262583008418461,-0.9306406334180322,-0.9241584497724745,-0.9150436282933351,0.9548140754701253,0.9101496571045944,0.9121779433817743,-0.9105157507953257,0.9333585123997531
90,0.9152027963471975,-0.7873450625463859,-0.9089042852402782,-0.911574723867318,-0.9306747154177571,-0.9174646883009406,-0.9060819964480427,0.9319267086751366,0.9078785321703129,0.9039790667602262,-0.9202408019142673,0.9294023350434554
91,0.899697638682902,-0.7375307373485366,-0.8930844939600876,-0.9215393320580666,-0.9302316494213326,-0.9036928345556794,-0.8910448478168035,0.925992946913472,0.8924871675077722,0.8922273436026736,-0.9199900126303977,0.9245407638643228
92,0.9035767472185512,-0.7334741962086471,-0.8947415076712538,-0.9102685807218074,-0.8998986696661482,-0.9045735926440391,-0.8942635998660404,0.8688216232733138,0.8958039902535216,0.8951130266488853,-0.9150020924289921,0.92605631439385
93,0.9219912362845836,-0.7964317146997395,-0.9126403821928143,-0.9166939623247214,-0.9024207376457924,-0.9142459178325715,-0.9089387611847513,0.861663434481466,0.9137115652749063,0.9103050627417538,-0.911407446026862,0.9372556423328227
94,0.9107711403747842,-0.8920038239555463,-0.914062912831645,-0.9410261451160846,-0.934355571388049,-0.9155110067231245,-0.9113846214045367,0.9048009406218149,0.9225346405591653,0.9162371911208741,-0.9040509603666883,0.9322169288840053
95,0.9143232310396956,-0.9134223611741666,-0.9289447718224969,-0.9314196729491048,-0.9348668013839225,-0.9218844925261639,-0.9205223551856538,0.9337162558730979,0.9265377024936902,0.9240341620256797,-0.9065031222534128,0.9330042278603831
96,0.9310688013171347,-0.8827549101565992,-0.943342032463857,-0.9292919236314187,-0.9354461953792469,-0.9354481670869037,-0.9338669685448018,0.9288185477523598,0.9363411194762005,0.9353598651234849,-0.9245599506920208,0.9385940505926648
97,0.9434954804051737,-0.8546836454685595,-0.950032616127812,-0.9487366030395816,-0.9490108312697668,-0.9509014680917608,-0.9453135943733957,0.9403093244971703,0.9468307756474857,0.9487754779483514,-0.9384648232087884,0.9547533620828168
98,0.9458071584569414,-0.8470573481255654,-0.9630073461303403,-0.9540243760964053,-0.9496243072648162,-0.9608780551653627,-0.9586875580551809,0.9809037898825206,0.9532520137710299,0.9621267858585391,-0.9452361338732663,0.9612288961635232
99,0.9494156315133593,-0.8538723372405806,-0.9665558566250074,-0.9478939300424779,-0.9338443413921746,-0.9562340579721933,-0.9659762215101405,0.9861782447817774,0.9448210751660714,0.9655670987938555,-0.94434443864173,0.9577844631418709
100,0.9495847786878789,-0.8824303868654076,-0.9539406673333923,-0.9558993235149608,-0.9463524352912228,-0.9521825707657385,-0.9616519406415605,1.0240412960228722,0.9375992246556225,0.957376260286642,-0.9489422421793385,0.9538873332088014
101,0.9427850622721914,-0.9127733145917836,-0.9465778988620781,-0.955541187491192,-0.9402517573404606,-0.9440315550025549,-0.9555372900920978,1.028185510586573,0.9376319027122308,0.9525292773427269,-0.94378712912202,0.944301968171403
102,0.9394810541299088,-0.9340295901648081,-0.9533310113453216,-0.9355698374598395,-0.9085214155965546,-0.936408994092387,-0.9572591756868265,1.0013423026171402,0.940164452099379,0.9513315983068339,-0.9355110827543247,0.9374131021280981
103,0.9396953072176337,-0.9547990808010454,-0.9605374577684125,-0.9312300715247563,-0.909203055591053,-0.9282579783292034,-0.9536882197659402,0.9793968027684483,0.9486934248741626,0.9495310606958273,-0.9290462923256871,0.9391845248249481
104,0.9254192856881804,-0.9022263076280703,-0.9462027259463419,-0.9348324985873737,-0.9260054814554423,-0.9198667558146489,-0.9351290324182108,0.9807154164932612,0.9367332561555007,0.937891871138963,-0.9136924150576734,0.9302093164942424
105,0.9143457839962982,-0.8788606306623032,-0.935541562257518,-0.9204227903369046,-0.9232789214774474,-0.9203631831008153,-0.9291415666001768,0.9522710347151266,0.9249364777198804,0.929893947375786,-0.9157823257565864,0.9277293247186527
106,0.9008929453828404,-0.8774002758519436,-0.9190339539651444,-0.8969122137177173,-0.9115206315723483,-0.9108990370968044,-0.9174797050722411,0.9031055801184833,0.9138586165296441,0.917322336556079,-0.9133858948218327,0.9184588792718055
107,0.8928979222672145,-0.8975207199057977,-0.9103424480839326,-0.8958167388214829,-0.9244036274683701,-0.9053582680318506,-0.9072070921491435,0.9070614212929247,0.9088915519251723,0.9061172051732965,-0.916534693608195,0.9148963514036964
108,0.9012312397318796,-0.9645347795367798,-0.9232702814719935,-0.9063501512852764,-0.9414446273308332,-0.9108990370968044,-0.916560061629602,0.917704517786068,0.9214235866344808,0.9131666314449608,-0.9287955030418178,0.9226709287954259
109,0.883662486538445,-0.9754063097916846,-0.9116711854938301,-0.8784366082562238,-0.8905602017415185,-0.8865741000746513,-0.8997618936401175,0.9022578998668161,0.9054930340379025,0.8998474759921126,-0.9168412138440355,0.9042087677993692
110,0.8806065609187913,-0.9418181491533957,-0.905871637504748,-0.8880430804232031,-0.8977515036834776,-0.8827307920527179,-0.8930895869605441,0.9289127344469895,0.9013919379335524,0.8975968039783543,-0.9114631769788328,0.9019846481911022
111,0.8905749677371456,-0.9465237368756683,-0.9100454361923086,-0.9013994474272932,-0.9095097935885775,-0.8919867588722074,-0.898538963530225,0.9515175411580892,0.9013919379335524,0.907491722724556,-0.907227624629036,0.9102119224942491
112,0.8914094271314422,-0.9395464861150573,-0.9120619906143881,-0.8871582737762448,-0.8889583477544473,-0.8928194756102931,-0.8993607725640731,0.9477500733729072,0.8958856853950425,0.9079579333559774,-0.894298043771761,0.9053700337895264
113,0.8986602026791818,-0.9442520738373299,-0.9194403912905244,-0.8950583331240897,-0.9016368516521193,-0.9035006691545828,-0.9043796777350721,0.975252588204745,0.9006240036032555,0.9118483806940453,-0.9006235068204709,0.9101331925966113
114,0.8993255148989588,-0.9431162423181618,-0.9186587810494082,-0.9047280057658523,-0.9153037335418152,-0.902619911066223,-0.900290199447591,1.0030376631204745,0.8998724083012632,0.9101523385693917,-0.9030199377552245,0.9077909781418877
115,0.9192059461441611,-0.953014202699492,-0.9390275439328957,-0.9047912062406351,-0.9131906495588695,-0.9223488922454809,-0.920747374325874,0.9679060260236378,0.9223222331912108,0.9293875461726905,-0.9199064162024413,0.9205058566103873
116,0.9206042294535229,-0.9538255109274708,-0.9371047827397502,-0.9056970797125211,-0.9030682956405667,-0.919626549063278,-0.921569183359722,0.946054712869573,0.9237437286536748,0.9317105612154624,-0.921160362621789,0.9198563349548756
117,0.9071401143617638,-0.9924437825792238,-0.922129130519964,-0.9127333992383352,-0.9083169235982049,-0.9054703645158236,-0.9069527226862861,0.9666815989934546,0.9083687030194384,0.9195730085698374,-0.9253401840196148,0.9123966771536972
118,0.8978370197631865,-1.0021794813149583,-0.9171893537961101,-0.9036746645194731,-0.8995578496688986,-0.8996413473492246,-0.903215448270454,0.9534012750506827,0.9051008973586017,0.9113419794909497,-0.9308575482647451,0.9123769946792877
119,0.904196953525123,-1.011103871822716,-0.9258026986532099,-0.8959431397710486,-0.8877313957643497,-0.9034206002374591,-0.9107584811882715,0.932115082064396,0.9113260671424958,0.9184235582199536,-0.927262901862615,0.9190493535040885
120,0.9111883700719325,-1.0021794813149583,-0.9279286785090463,-0.9166939623247214,-0.9062379216149842,-0.9144701108005175,-0.9187515523865295,0.9743107212584509,0.9200837863135377,0.9246772111724677,-0.9311919339765712,0.9264105989332199
121,0.9167025679612711,-1.0185679075201144,-0.9302578770275726,-0.9243622865983632,-0.911793287570148,-0.920443252017939,-0.9219409541131293,0.9711083736410443,0.9224366063893402,0.9289695642272783,-0.9375731279772521,0.9326696257954227
122,0.9079520207994578,-1.0248961116983424,-0.9247240765204697,-0.9066872204841175,-0.8995919316686236,-0.9113634368161214,-0.9131358573219026,0.9035765135916317,0.9097901984819023,0.920127638458942,-0.9323622839679624,0.9222772793072372
123,0.911977723553024,-1.0080209005564011,-0.9230826950141263,-0.9183793083189283,-0.9251875134620432,-0.9189859977262892,-0.9157382525957539,0.9041416337594098,0.9151003826807619,0.9206822683480468,-0.9408891196195274,0.9279261494627471
124,0.9205816764969204,-0.9663196576383309,-0.9205971744473765,-0.938498126124774,-0.9523508672428102,-0.928626295347972,-0.9145935900128946,0.9415337515273535,0.9186622908510742,0.9219683666416228,-0.9382697648768898,0.9293432876202269
125,0.9258139624287263,-0.9827080838434872,-0.934056502799397,-0.9228876088534324,-0.9465910092892975,-0.9365210905763601,-0.9247585850863218,0.9080032882392215,0.9270278733428158,0.9278361901060643,-0.9333375756274551,0.9341064464273118
126,0.9334706911953129,-0.9810854673875318,-0.9361512182455888,-0.9251628259456116,-0.9402517573404606,-0.9406526466999384,-0.9302764457421572,0.9125242495814408,0.9296094398148765,0.9335754037411479,-0.9362913160819188,0.9356416794312484
127,0.9406087019600394,-0.9708629837150078,-0.9346974231971126,-0.9487787366894362,-0.9601215631800926,-0.9454888092942046,-0.9319102803689734,0.9364476700173561,0.9349032849854323,0.938108900226004,-0.9449853445893968,0.941546421754081
128,0.9384097886912848,-0.9544745575098539,-0.9321962704255409,-0.9398674697450674,-0.9480565352774689,-0.9419017218070669,-0.92921983412721,0.923261532769214,0.9315047670981619,0.9350142262070862,-0.94130710175931,0.941054359893845
129,0.9464273647635133,-0.9557726506746177,-0.9431231815963441,-0.9332314198928773,-0.9321743234056535,-0.944191692836802,-0.9379857971549195,0.9105463289942202,0.9381384125896606,0.9445072392365454,-0.943619936266107,0.9448333949804579
130,0.9387368065620226,-0.9578820520673603,-0.9286164955212283,-0.935885839833753,-0.931697175409504,-0.937225697047048,-0.9244552984190684,0.9385197772992064,0.9263743122106487,0.9372970506781839,-0.9317213780202958,0.9382791310021136
131,0.9317115605803091,-0.9479840916860302,-0.9241925815565111,-0.9294183245809844,-0.9243013814691953,-0.9306600458429117,-0.9183015141060892,0.9420988716951316,0.9215869769175227,0.9326429824783051,-0.9296314673213828,0.9344016835434534
132,0.9294788178766505,-0.9627499014352286,-0.929132358280365,-0.9107531176951418,-0.9022844096468936,-0.9282419645457787,-0.92011145066873,0.9020695264775568,0.9217667062288689,0.9319758189885124,-0.9325294768238754,0.9290677329784948
133,0.9284864877861357,-0.956259435611405,-0.9260059173159007,-0.9180211722951596,-0.9132588135583194,-0.9304999080086646,-0.9199940493781802,0.9206243053195855,0.9213745695495685,0.9310433977256697,-0.9321672256360639,0.9307407433032974
134,0.9309785894907243,-0.9268900777586013,-0.9179084352179369,-0.9297343269548979,-0.9304361414196824,-0.9331101547068943,-0.9162763418441069,0.9485035669299446,0.919904057002192,0.9303842723502119,-0.9259810899672816,0.9301699515454235
135,0.9383534062997784,-0.9289994791513441,-0.9307893719915312,-0.9213075969838629,-0.9236879054741469,-0.9384427445873268,-0.9238193747619244,0.946054712869573,0.9242665775594088,0.9383982723420585,-0.9249222018798324,0.9323547062048716
136,0.9273475634777039,-0.9427917190269702,-0.926287297002702,-0.9115325902174627,-0.9103618435817007,-0.9272330961900213,-0.9144272715179494,0.9416279382219832,0.9150677046241534,0.9291142502853056,-0.9198785507264557,0.9241667968505437
137,0.9195555169715015,-0.9403577943430361,-0.9174238368684448,-0.9182529073693633,-0.918234785518159,-0.922284837111782,-0.9054949899952941,0.9581106097821616,0.9080746005099632,0.9205134679470147,-0.9199900126303977,0.919876017429285
138,0.92152890067423,-0.9538255109274708,-0.9222541881585428,-0.9160408907519662,-0.9157127175385137,-0.9274893167248168,-0.9125782011917919,0.9271231872490282,0.9141690580674233,0.9224908440733883,-0.9200736090583543,0.9232614030277092
139,0.9286330820040527,-0.9624253781440372,-0.933071673895591,-0.9102264470719522,-0.9201774595024798,-0.9371936694801984,-0.9252086233667621,0.8831380008570121,0.9248221045217511,0.9289213355412691,-0.9279595387622525,0.9275521824489675
140,0.9109966699408103,-0.9546368191554496,-0.9157355587476339,-0.9028951919971522,-0.9206886894983533,-0.9148864691695603,-0.9055634740814479,0.9007509127527439,0.9139729897277734,0.9104336725711116,-0.9226093673730353,0.9168842813190499
141,0.8769980878623734,-0.960640500042486,-0.8924904701768387,-0.879047546179124,-0.885584229781679,-0.8812895515444928,-0.8816918783363451,0.903482326897002,0.8939250019985404,0.8867533877406402,-0.9101813650834996,0.8947021326596087
142,0.8597563525396767,-0.9312711421896824,-0.8883010392844563,-0.8533249529425403,-0.8549445120289709,-0.8618167909000305,-0.8738455587512747,0.8728716511423847,0.8827981237233918,0.876561058764049,-0.9031035341831809,0.8803732912895347
143,0.8647743853837578,-0.9247806763658587,-0.8894578224413084,-0.8718848257037441,-0.8822441938086367,-0.8710087025858212,-0.8785513938141408,0.8782402927362714,0.8867194905163956,0.8796476946686318,-0.9101256341315286,0.893029122334806
144,0.863342272639492,-0.9436030272549468,-0.8898329953570437,-0.883471579413917,-0.8845958517896562,-0.8717613504067832,-0.8836877002756895,0.9094160886586666,0.8882226811203807,0.8833773797200026,-0.914723437669137,0.901846870870236
145,0.8798623133509049,-0.9260787695306226,-0.9078725597220056,-0.87506591626781,-0.8738600218763051,-0.8896807740590474,-0.9015131295574841,0.8854926682227514,0.8995619667634839,0.9010773074853449,-0.9130793745859922,0.9053700337895264
146,0.8968897955858769,-0.8955735801586509,-0.9180803894709821,-0.9035482635699075,-0.8829939978025849,-0.9004580503038855,-0.9149164435619064,0.9310790284234696,0.9093980618026021,0.9160362382625029,-0.9133858948218327,0.9121604874607839
147,0.9042307829600269,-0.8590647098996406,-0.9187369420735204,-0.9238356159751735,-0.9159512915365885,-0.9098100998239234,-0.9160513227038867,0.9457721527856865,0.9166852684262679,0.9173303746704139,-0.9185967388311224,0.9199350648525134
148,0.9132970715142769,-0.8804832471182608,-0.9315240856181807,-0.9148190149061667,-0.902795639642767,-0.9119559468028361,-0.9242400627197271,0.9048009406218149,0.9285147249184965,0.9235036464795794,-0.9117696972146735,0.9191674483505452
149,0.9206831648016321,-0.929648525733727,-0.9417944441864475,-0.9109427191194903,-0.8924347117263894,-0.9103705822437886,-0.9284958595021534,0.9080974749338512,0.93524640457982,0.9269037688432215,-0.9173985233637457,0.9188918937088131
150,0.9174017096159521,-0.930946618898491,-0.9414974322948226,-0.9238566828001011,-0.9143835195492421,-0.9062870674704844,-0.9257173622924775,0.9328685756214334,0.934102672598527,0.9243798009420782,-0.9171755995558617,0.9205845865080251
151,0.9038586591760838,-0.9265655544674098,-0.934462940124777,-0.920738792710818,-0.9153037335418152,-0.8973513763194894,-0.9142805199047624,0.9390848974669844,0.9224366063893402,0.9086572493031095,-0.9184574114511949,0.9114322359076343
152,0.9181234042272357,-0.9666441809295225,-0.9359167351732532,-0.910289647546735,-0.8891628397527961,-0.9127406221906474,-0.9262163177773138,0.9408744446649457,0.9271585855692493,0.9200633335442631,-0.9200178781063832,0.9126328668466105
153,0.9305839127501785,-0.9614518082704648,-0.9344160435103104,-0.935864773008826,-0.9117251235706981,-0.9302276736904442,-0.9395609311364613,0.9906050194293672,0.9325014478247172,0.937192555191831,-0.9356225446582667,0.9269026607934561
154,0.933989409197173,-0.9614518082704648,-0.9333061569679256,-0.9462717845230538,-0.9188482615132072,-0.9396277645607563,-0.9470550468498828,0.9858956846978884,0.9355405070892951,0.946629301420946,-0.9317213780202958,0.9416645166005377
155,0.9448937637145357,-0.8874604978788696,-0.9506579043207046,-0.9410472119410123,-0.9189505075123822,-0.9496523929846324,-0.9573374432138597,0.9689420796645642,0.9392004494294323,0.9594099032133594,-0.9379632446410492,0.9515254362796683
156,0.9666799197926585,-0.8808077704094501,-0.9662432125285606,-0.9663695355039714,-0.9402517573404606,-0.9661305761286717,-0.9705353049598202,0.9979515816104769,0.9547878824316232,0.9716439132310027,-0.9481898743277298,0.9651063436221834
157,0.9669505552718899,-0.8516006742022423,-0.9532684825260322,-0.9729423848813786,-0.9444097613069019,-0.9654419834414086,-0.9558405767593511,0.9759118950671528,0.9494450201761554,0.9612506313960403,-0.948301336231672,0.9598511229548623
158,0.9488630840765953,-0.8817813402830247,-0.9495323855734971,-0.947725395443057,-0.9291751074298599,-0.9525348740010824,-0.9465463079241676,0.934281376040876,0.9469124707890068,0.9501017668136018,-0.9374616660733102,0.9465851352028983
159,0.9305388068369734,-0.9273768626953887,-0.9409815695356859,-0.9333156871925877,-0.9307428794172061,-0.9363449389586882,-0.9324679364990847,0.9177987044806977,0.9414388963071053,0.9355286655245166,-0.923306004272673,0.935759774277705
160,0.9195442404932003,-0.8830794334477885,-0.9238330408455977,-0.9323255464209913,-0.9318675854081289,-0.9253114421790545,-0.9161589405535571,0.9195882516786617,0.9268154659748616,0.9236161800802675,-0.9172313305078326,0.9291661453505418
161,0.9199952996252524,-0.8232048862230132,-0.909717159891039,-0.9109637859444178,-0.9111116475756488,-0.9168401507473763,-0.908919194302993,0.8897310694810818,0.9190871055869829,0.9141231670508082,-0.9129400472060648,0.9237731473623547
162,0.9261635332560668,-0.7920506502686585,-0.8999470318770871,-0.8820811689686965,-0.8782906818405452,-0.9128527186746206,-0.9104747614027765,0.8358562801529598,0.9147245850297657,0.9090350406768475,-0.916924810271992,0.9222182318840089
163,0.914075148517067,-0.7839375679888771,-0.8742007905347202,-0.8792160807785442,-0.874746153869153,-0.9012106981248474,-0.8953397783627459,0.8480063637601754,0.895591582885567,0.8930231169218241,-0.9184016804992238,0.9110582688938551
164,0.9087864801937545,-0.7957826681173565,-0.8732941226550255,-0.8927409823820551,-0.9005121456611965,-0.9019793597292342,-0.8879826308216324,0.9027288333399646,0.892911982243681,0.886327367680893,-0.9204358602461659,0.912475407051335
165,0.9059109782269215,-0.8368348644530437,-0.8906146055981606,-0.8907607008388623,-0.9079761036009563,-0.9038849999567761,-0.8940287972849413,0.9037648869808911,0.897454232112244,0.8888031068960273,-0.9108222710311663,0.9159198400729873
166,0.9058545958354149,-0.8485177029359273,-0.9034173813476428,-0.8940892591774208,-0.9193254095093567,-0.8982001068409996,-0.8954669630941751,0.9284418009738411,0.9008854280561227,0.8883529724932756,-0.9094847281838618,0.9186163390670808
167,0.8996299798130941,-0.8777247991431351,-0.8894890868509531,-0.9101000461223872,-0.929924911423808,-0.8961343287792105,-0.885986808882288,0.9599001569801229,0.8911146891302208,0.8846072112132348,-0.9018495877638333,0.9120227101399176
168,0.9046592891354766,-0.8879472828156568,-0.9022449659859687,-0.9095101750244147,-0.9223927894845994,-0.9089133279521389,-0.9060526461254049,0.9264638803866204,0.9009834622259478,0.9017364328608027,-0.9121876793544561,0.9195414153643248
169,0.916477038395245,-0.8780493224343267,-0.910701988794846,-0.9144608788823972,-0.9192572455099067,-0.9285942677811226,-0.9257369291742358,0.9000916058903362,0.9158356389544503,0.9219764047559578,-0.9311919339765712,0.9246194937619607
170,0.9241675965967355,-0.8817813402830247,-0.907935088541295,-0.9254577614945976,-0.9193935735088057,-0.9362488562581399,-0.9335343315549107,0.9204359319303261,0.9175839149829979,0.9316623325294534,-0.9382697648768898,0.9202499844430646
171,0.9447471694966187,-0.9059583254767684,-0.9239893628938212,-0.9344532957386774,-0.9179962115200841,-0.9441756790533773,-0.9508999391153854,0.930231348171805,0.9317171744661165,0.94615505267519,-0.9423381243707737,0.9277490071930622
172,0.9574670370204917,-0.8778870607887309,-0.9484224990311123,-0.9372130498041912,-0.9066469056116837,-0.9448002166069416,-0.9546959141764919,0.8767333056221991,0.9374521734008847,0.9562187718224234,-0.9318328399242378,0.9334962897206193
173,0.959068296939277,-0.8512761509110507,-0.9476877854044629,-0.9544035789451023,-0.928152647438112,-0.9390352545740416,-0.9408327784507498,0.8817252004375669,0.9327138551926718,0.9465006915915885,-0.928266058998093,0.9320988340375489
174,0.9479722422907921,-0.8600382797732151,-0.9332279959438136,-0.9509486196569781,-0.9291410254301349,-0.9313166109633254,-0.9245433493869805,0.8520563916292464,0.9152147558788912,0.9297412232034239,-0.9186524697830935,0.9187934813367657
175,0.9490209547728136,-0.8746418278768179,-0.9357135165105632,-0.9407101427421706,-0.9278118274408633,-0.933126168490319,-0.9225768777702732,0.8407539882736978,0.9144631605768989,0.9269600356435655,-0.9196834923945573,0.9145420668643264
176,0.9437886688410078,-0.8757776593959882,-0.9241456849420436,-0.9334210213172258,-0.9384454113550396,-0.9244466978741195,-0.9165796285113603,0.854222685605729,0.9122410527275301,0.9181904529042428,-0.9169526757479776,0.9086766894903124
177,0.9261748097343679,-0.9293240024425355,-0.9067314087699753,-0.9227401410789391,-0.9461138612931481,-0.9084809557996715,-0.9063070155882628,0.8672204494646119,0.9011305134806852,0.9029582262396999,-0.9107944055551808,0.8984811677462216
178,0.9109741169842078,-0.949282184850794,-0.8975240401296276,-0.8917508416104587,-0.9170419155277862,-0.8920027726556321,-0.8958778676110989,0.8302050784751842,0.8920460137435593,0.8901293957612777,-0.8988958473093696,0.8843294686458326
179,0.9132294126444689,-0.9851420085274213,-0.906059223962616,-0.897544218465545,-0.925426087460118,-0.8973994176697635,-0.9058080601034264,0.8359504668475894,0.9009998012542516,0.8975968039783543,-0.9065588532053839,0.8908050027265391
180,0.9193638168403793,-1.0044511443532966,-0.9085134801197202,-0.9150296831554421,-0.9419899393264326,-0.9039330413070503,-0.9084398056999153,0.8659018357397963,0.904316624000001,0.9027894258386682,-0.9087880912842242,0.8959618110218129
181,0.9294224354851441,-1.0102925635947395,-0.9235829255684403,-0.9149664826806593,-0.9376615253613664,-0.9151266759209311,-0.9236041390625832,0.8581785267801704,0.9126658674634388,0.9146376063682387,-0.9092060734240068,0.9033230564509442
182,0.939559989478018,-0.9861155784009958,-0.935635355486452,-0.9105213826209387,-0.931629011410055,-0.9239662843713778,-0.9353736184401893,0.8400946814112902,0.9233679310026787,0.9244682201997616,-0.9109337329351083,0.9121604874607839
183,0.9408342315260656,-0.9857910551098044,-0.9319148907387388,-0.9197486519392216,-0.9412401353324835,-0.9249591389437106,-0.9328299238116124,0.8668437026860931,0.9254429875973103,0.9229007879044656,-0.9145841102892095,0.9140303225296809
184,0.9380038354724378,-0.9642102562455883,-0.9313364991603127,-0.9187795779925528,-0.9395019533465124,-0.9252473870453557,-0.9320472485412815,0.8728716511423847,0.9273056368239867,0.9217111469829076,-0.9140546662454849,0.9140106400552714
185,0.9343277035462121,-0.9398710094062488,-0.9350413317032031,-0.9039696000684591,-0.9220519694873507,-0.9231655952001417,-0.9341017711259009,0.8329364926194422,0.9260148535879563,0.9208912593207529,-0.9105436162713112,0.9119636627166893
186,0.9358500281168884,-0.9461992135844768,-0.9363544369082787,-0.9166939623247214,-0.9330604553985015,-0.9275853994253651,-0.9370172365078849,0.8584610868640594,0.9304100522017819,0.9220889383566455,-0.9200457435823688,0.9173172957560577
187,0.9340006856754742,-0.9640479945999926,-0.9323525924737635,-0.9186321102180596,-0.9363664093718198,-0.925855910815495,-0.9314895924111701,0.8677855696323873,0.926325295125736,0.9191952171960992,-0.9223585780891658,0.9136760379903108
188,0.9352974806801244,-0.9444143354829256,-0.9360574250166547,-0.9103107143716626,-0.9250171034634194,-0.9265124759359087,-0.9323211848858971,0.8498900976527664,0.9259658365030436,0.9204813154896755,-0.918903259066963,0.9103693822895245
189,0.9357936457253818,-0.9502557547243685,-0.9387305320412717,-0.9161883585264594,-0.9302316494213326,-0.9297953015379767,-0.9341506883302964,0.8528098851862839,0.9285800810317133,0.921590575267885,-0.9226093673730353,0.9129084214883426
190,0.9315424134057896,-0.9364635148487424,-0.9288040819790964,-0.9210758619096597,-0.9319016674078539,-0.925855910815495,-0.9246901010001675,0.8694809301357216,0.920998771898572,0.9161246575201861,-0.9201572054863107,0.9111369987914927
191,0.935060674635797,-0.9354899449751678,-0.9342440892572651,-0.9171363656482012,-0.9266530394502156,-0.9299714531556487,-0.9312156560665545,0.85610641949832,0.9252305802293556,0.9208189162917392,-0.9225257709450788,0.9142271472737752
192,0.940744019699655,-0.9666441809295225,-0.9399342118125905,-0.9146294134818181,-0.9267552854493905,-0.9352239741189576,-0.9387978227478881,0.8458400697836954,0.9315537841830746,0.9265902823841622,-0.9274858256704989,0.9152703184174756
193,0.9350268452008931,-0.980274159159553,-0.9279130463042243,-0.9202963893873388,-0.9405925773377102,-0.9268647791712525,-0.9258543304647856,0.88078333349127,0.9196753106059332,0.9163014960355528,-0.9202129364382818,0.9056849533800773
194,0.9392555245638827,-1.0028285278973412,-0.928444541268183,-0.9214971984082113,-0.9415809553297331,-0.9269128205215268,-0.925961948314456,0.8821019472160856,0.91864595182277,0.9178367758735093,-0.9218569995214265,0.9041890853249598
195,0.9502049849944507,-1.0222999253688148,-0.9420132950539594,-0.9181265064197975,-0.9381045913577909,-0.934855657100189,-0.9397565999540443,0.8603448207566504,0.9287107932581465,0.9292910888006722,-0.9276808840023973,0.9117077905493666
196,0.9425708091844667,-1.0263564665087042,-0.9283820124488936,-0.916609695025011,-0.9387862313522892,-0.925231373261931,-0.9279773371355587,0.8736251446994222,0.9192668348983286,0.9202482101739649,-0.9173149269357892,0.9027128997442515
197,0.9435631392749815,-1.0370657351180133,-0.9238330408455977,-0.9188427784673356,-0.9518737192466606,-0.923501884652061,-0.9263141521861048,0.8805007734073836,0.9185479176529447,0.9191871790817643,-0.9191540483508325,0.9004887801359844
198,0.9465965119380328,-1.0305752692941896,-0.9265061478702147,-0.9078248290302072,-0.9411378893333096,-0.9249271113768612,-0.930090560365453,0.8670320760753525,0.9196099544927164,0.9221693194999941,-0.9152250162368762,0.8974970440257493
199,0.9464273647635133,-1.0383638282827772,-0.9219728084717407,-0.9061184162110727,-0.9418195293278078,-0.9222047681946584,-0.9291513500410556,0.8639239151525756,0.9167506245394846,0.922121090813985,-0.9126613924462096,0.8948202275060652
200,0.9369438465121152,-1.025869681571917,-0.9036049678055109,-0.9095733754991969,-0.9511239152527126,-0.9094577965885795,-0.9138206981834426,0.8885066424508986,0.9020454990657195,0.9089144689618246,-0.9059179472577171,0.8861796212403201
201,0.9394359482167037,-1.0222999253688148,-0.9087635953968777,-0.9075930939560041,-0.943489547314329,-0.9103065271100897,-0.9188689536770793,0.8741902648672003,0.9090549422082144,0.9128852974432412,-0.9127728543501515,0.8880297738348076
202,0.9266484218230228,-1.0109416101771227,-0.8959920840570392,-0.8897916268921929,-0.9250171034634194,-0.8972072522686668,-0.9054754231135358,0.8603448207566504,0.8968660270932937,0.9001368481081673,-0.9043017496505578,0.8767123510493783
203,0.919499134579995,-0.9804364208051487,-0.8866127611636453,-0.8991031635101863,-0.9414787093305582,-0.8943407850356416,-0.8975508360014317,0.878334479430901,0.8908042475924415,0.8927498210344391,-0.9062801984455288,0.8726577613210332
204,0.9257350270806171,-0.9710252453606035,-0.8922872515141488,-0.908372566478325,-0.9511920792521624,-0.903772903472803,-0.9021197028919903,0.8718355975014609,0.8955589048289586,0.8987542924425729,-0.9126056614942385,0.8773815551792994
205,0.9409244433524759,-0.9622631164984414,-0.9085603767341877,-0.9102685807218074,-0.9411038073335846,-0.9188739012423162,-0.9156893353913584,0.85610641949832,0.9056727633492482,0.9142035481941567,-0.9168133483680502,0.8849593078269347
206,0.9427963387504927,-0.9470105218124556,-0.908638537758299,-0.9352959687357806,-0.9580084791971478,-0.9257117867646726,-0.9176655904489446,0.8799356532396055,0.9096268081988604,0.9197578851995388,-0.9188196626390064,0.8921630934607906
207,0.940665084351546,-0.9791383276403849,-0.9132344059760623,-0.9447760399531948,-0.9546343612243796,-0.927761551043037,-0.9219311706722498,0.8750379451188675,0.90833602496283,0.9233911128788916,-0.9207702459579918,0.8955091141103958
208,0.9355117337678492,-0.974595001563708,-0.918690045459053,-0.9272063079635873,-0.9235174954755221,-0.9260480762165918,-0.9277131842318219,0.8580843400855407,0.9147572630863741,0.9270082643295745,-0.9115189079308039,0.8986583100159065
209,0.9367746993375955,-0.9536632492818751,-0.9220978661103194,-0.9332524867178049,-0.9237560694735968,-0.9308682250274332,-0.9402359885571219,0.9063079277358899,0.9260965487294773,0.9381008621116692,-0.9155036709967311,0.9084208173229897
210,0.9349930157659891,-0.9259165078850268,-0.9179084352179369,-0.9432592285584088,-0.9327196354012519,-0.93682535246143,-0.9481312253465882,0.9467140197319807,0.9317498525227249,0.944153562205812,-0.9273186328145858,0.9212144256891274
211,0.9301666830530303,-0.9130978378829752,-0.9127810720362148,-0.9258158975183669,-0.9189505075123822,-0.9370975867796502,-0.9454407791048249,0.9547198887754956,0.9252305802293556,0.9413321840742792,-0.923473197128586,0.9127312792186577
212,0.9227693132873737,-0.9096903433254686,-0.9029953118174402,-0.9156406210783422,-0.9209613454961529,-0.932197369051685,-0.9369389689808517,0.9677176526343785,0.9172571344169144,0.9318150567018155,-0.9182902185952819,0.9099560503269264
213,0.9165898031782581,-0.9335428052280209,-0.896117141695618,-0.9263004344917013,-0.9426374973212059,-0.9246708908420657,-0.9201995016366421,0.9913585129864046,0.909675825283773,0.9200070667439193,-0.9130515091100067,0.9166874565749555
214,0.9127332475992115,-0.9093658200342771,-0.8953042670448571,-0.9216025325328494,-0.9294818454273844,-0.9134452286613353,-0.9106802136612384,0.9555675690271628,0.9036957409244423,0.9067281018627451,-0.9052770413100505,0.917907769988341
215,0.9222618717638148,-0.8472196097711612,-0.9136095788917984,-0.9197486519392216,-0.9270620234469141,-0.9170643437153225,-0.9159241379724581,0.940686071275689,0.9110319646330202,0.911277674576271,-0.9065309877293983,0.9270010731655032
216,0.9230625017232076,-0.8092503847017912,-0.909513941228349,-0.9275644439873566,-0.9401835933410116,-0.916519875078882,-0.9088115764533226,0.9596175968962338,0.9134501408220395,0.9090109263338428,-0.9132187019659197,0.9312328051635334
217,0.9249907795127309,-0.7826394748241133,-0.9057153154565245,-0.9309772696256255,-0.9230403474793736,-0.91461423485134,-0.9040274738634226,0.9355058030710619,0.9055257120945104,0.9066959494054057,-0.9190704519228761,0.9321185165119583
218,0.9440141984070337,-0.8038957503971378,-0.9150633739402737,-0.9240462842244496,-0.8901171357450941,-0.9219485476598628,-0.9153077811970718,0.8743786382564597,0.9135154969352562,0.9138177187060837,-0.9281824625701366,0.9390467475040818
219,0.9584706435893079,-0.8692871935721622,-0.9125153245542356,-0.9215814657079218,-0.8679979179236175,-0.921420092806847,-0.919680979270048,0.8348202265120332,0.9150513655958492,0.9182627959332567,-0.9190704519228761,0.9382004011044758
220,0.9700403103264476,-0.8915170390187613,-0.9270376428341742,-0.9386455938992673,-0.8952294357038334,-0.933126168490319,-0.9330842932744703,0.8610983143136879,0.9312106645886867,0.9329886213947038,-0.9232502733207019,0.9405426155591996
221,0.9674467203171473,-0.9332182819368293,-0.9376988065229982,-0.9326204819699773,-0.9042611656309384,-0.9361848011244409,-0.9351094655364525,0.8936869106555257,0.9319132428057665,0.937835604338619,-0.9153364781408182,0.9348346979804614
222,0.9542194112697155,-0.9192637804156073,-0.9398247863788345,-0.9353381023856358,-0.9164625215324629,-0.9345834227819687,-0.9364987141412903,0.9348464962086541,0.9310472743056448,0.9369433736474505,-0.9120483519745285,0.9327877206418792
223,0.9505432793434899,-0.9090412967430856,-0.9424978934034515,-0.956552395087716,-0.9405244133382602,-0.9418536804567926,-0.9432101545843808,0.9801502963254831,0.9378933271650975,0.9450538310113152,-0.9216340757135427,0.9409362650473883
224,0.9521896451754804,-0.8967094116778189,-0.9493760635252737,-0.9571422661856884,-0.9414446273308332,-0.9484994005780525,-0.9521033023435195,0.9952201674662189,0.940523910722071,0.9521514859689889,-0.9243370268841368,0.9470181496399059
225,0.963229317432459,-0.8871359745876802,-0.9631636681785629,-0.9557518557404681,-0.9301634854218828,-0.9541362523435547,-0.9637358135488175,0.992394566627331,0.9462589096568397,0.9663628721130056,-0.927653018526412,0.9539660631064392
226,0.9600719035080933,-0.8967094116778189,-0.9497356042361871,-0.9617559008448299,-0.9347645553847477,-0.9510135645757338,-0.9579831503118831,1.018295907650467,0.9396906202785578,0.9607924588789538,-0.9360962577500204,0.9533952713485653
227,0.9488630840765953,-0.9205618735803734,-0.9454054835004039,-0.9508222187074125,-0.9287320414334362,-0.9399320264458261,-0.952152219547915,1.0062400107378784,0.9371417318631053,0.9536787276926106,-0.9285725792339337,0.9438492712599859
228,0.9466641708078407,-0.9489576615596025,-0.9583958457077543,-0.9381610569259329,-0.911929615569047,-0.9342951746803236,-0.958628857409906,0.9852363778354832,0.947386302609828,0.9562026955937537,-0.9251172602117309,0.9423927681536871
229,0.941770179225074,-0.9692403672590524,-0.9608813662745039,-0.9409208109914466,-0.9211317554947777,-0.9267526826872795,-0.954930716757591,0.9744990946477101,0.9553434093939656,0.9508493114467429,-0.9321672256360639,0.944794030031639
230,0.926028215516451,-0.9333805435824251,-0.9426854798613196,-0.9332314198928773,-0.9246422014664448,-0.9148544416027108,-0.9335343315549107,0.9578280496982725,0.9392984835992574,0.9340255381438995,-0.92121609357376,0.9329648629115641
231,0.9157102378707561,-0.9031998775016427,-0.9350413317032031,-0.9188427784673356,-0.9141108635514424,-0.9159754064424414,-0.9275468657368766,0.9102637689103311,0.9281716053241088,0.9271127598159277,-0.9135530876777458,0.9281426566812508
232,0.9042420594383282,-0.9267278161130056,-0.9186118844349417,-0.9002829057061311,-0.9026933936435921,-0.9074720874439139,-0.9145838065720158,0.8661843958236853,0.9165545561998343,0.9142115863084916,-0.9076456067688186,0.9170811060631444
233,0.8885903075561158,-0.9445765971285214,-0.901025654009828,-0.887305741550738,-0.9027274756433171,-0.891202083484396,-0.8969736129895627,0.8600622606727614,0.9078295150854002,0.8953782844219353,-0.911741831738688,0.9074170111281082
234,0.8766936229482382,-0.9731346467533462,-0.8930688617552648,-0.8635634298573472,-0.8807105038210145,-0.880248655621886,-0.8869847198519603,0.8236120098511118,0.9025846869997576,0.8838114378940847,-0.9087323603322532,0.8978906935139382
235,0.8779340355613818,-0.9684290590310736,-0.8980242706839415,-0.8588865947234229,-0.8765184178548491,-0.8840759498603946,-0.8910839815803201,0.8107084326868588,0.9049865241604726,0.8887468400956833,-0.9100699031795575,0.9006265574568507
236,0.8729047262389994,-0.9375993463679104,-0.8890982817303951,-0.8686405346648954,-0.8925028757258394,-0.8829870125875134,-0.8818679802721697,0.8353853466798113,0.8959510415082594,0.883200541204636,-0.9058900817817316,0.8957059388544901
237,0.8812493201819658,-0.9249429380114544,-0.8972739248524702,-0.8785208755559343,-0.8972061916878792,-0.892531227508648,-0.8861237770545956,0.8528098851862839,0.8978790468481527,0.8904750346776762,-0.905639292497862,0.9032246440788969
238,0.9004531627290895,-0.973945954981325,-0.9170799283623542,-0.8903393643403101,-0.8944455497101602,-0.9063671363876081,-0.9008185052550647,0.8694809301357216,0.9108358962933703,0.9057394137995586,-0.9120762174505139,0.9113928709588155
239,0.9047382244835855,-0.9700516754870312,-0.9150321095306291,-0.9054232109884628,-0.8978196676829275,-0.9083368317488489,-0.8995564413816556,0.8923682969307103,0.9104274205857658,0.9078855903269637,-0.913887473389572,0.9123179472560593
240,0.9102975282861294,-0.9927683058704153,-0.9197530353869712,-0.9148611485560213,-0.8966267976925558,-0.9074240460936397,-0.9015131295574841,0.9002799792795956,0.9135645140201689,0.9132389744739745,-0.9178722364554992,0.9109204915729889
241,0.9048284363099961,-1.009968040303548,-0.9228013153273242,-0.8997983687327967,-0.875700449861451,-0.9075361425776127,-0.9046340471979295,0.8769216790114585,0.9154925193600626,0.9165185251225937,-0.9199900126303977,0.9112550936379494
242,0.8902705028230103,-1.0059114991636586,-0.915626133313878,-0.890613233064369,-0.8673162779291193,-0.8966147422819521,-0.8971986321297828,0.8859636016958973,0.9080909395382675,0.9087938972468019,-0.9193769721587165,0.905409398738345
243,0.8880715895542557,-1.0063982841004457,-0.9049337052154085,-0.8985132924122138,-0.8768933198518227,-0.8882715611176719,-0.8882761340480064,0.913654489916997,0.902699060197887,0.9016882041747936,-0.9153922090927893,0.9007446523033072
244,0.9034414294789356,-1.0015304347325775,-0.923817408640775,-0.8920879108092998,-0.872973889883457,-0.9043013583258188,-0.9046927478432043,0.9103579556049608,0.9159663511808835,0.9131666314449608,-0.9197670888225137,0.9095230358899185
245,0.9070611790136547,-0.9984474634662602,-0.929429370171989,-0.8917929752603139,-0.8691226239145403,-0.9124363603055777,-0.9129793222678363,0.9316441485912476,0.9229757943233783,0.9211886695511422,-0.9219684614253687,0.9183998318485771
246,0.9002952920328712,-0.9838439153626575,-0.9172206182057548,-0.8932255193553895,-0.8885834457574727,-0.9052461715478775,-0.9013468110625382,0.9172335843129222,0.912959969972914,0.9101201861120524,-0.9174542543157166,0.9082830400021238
247,0.8994608326385746,-0.9838439153626575,-0.9162983181212372,-0.8924249800081415,-0.8823123578080867,-0.9017391529778632,-0.8990085686924237,0.9078149148499621,0.9090876202648227,0.9074113415812075,-0.9187360662110501,0.8987370399135443
248,0.9065537374900959,-0.9831948687802744,-0.9302109804131051,-0.8905078989397309,-0.8726671518859324,-0.9063351088207586,-0.908713742044531,0.8878473355884908,0.918564256681249,0.914782292426266,-0.9132744329178908,0.9008824296241734
249,0.9066890552297115,-0.9921192592880324,-0.9236610865925515,-0.9015890488516417,-0.8885493637577477,-0.9073119496096667,-0.9058667607487013,0.91497310364181,0.917061066077264,0.9119528761803984,-0.9158101912325719,0.90135480901
250,0.9073092615362834,-0.9981229401750688,-0.9238799374600644,-0.9054442778133904,-0.9002054076636729,-0.9109310646636539,-0.9075299456981553,0.9359767365442077,0.9190217494737661,0.9117921138937015,-0.9179001019314847,0.8993865615690557
251,0.9071513908400651,-0.9987719867574518,-0.9267875275570168,-0.8939417914029275,-0.8960814856969564,-0.9100983479255683,-0.9075690794616719,0.9055544341788524,0.9163584878601843,0.9119126856087242,-0.9178443709795138,0.8986189450670875
252,0.8987955204187974,-0.9943909223263707,-0.9190183217603216,-0.8926567150823447,-0.8887879377558225,-0.9005701467878586,-0.9016011805253961,0.8937810973501529,0.9093980618026021,0.905932328543595,-0.9130515091100067,0.8949580048269314
253,0.8847901343685757,-0.9825458221978913,-0.9011819760580506,-0.8944684620261172,-0.8819033738113872,-0.8857413833365657,-0.8891077265227334,0.9004683526688548,0.8977156565651111,0.8951451791062247,-0.9039116329867606,0.8834437572974077
254,0.8765357522520199,-0.9872514099201639,-0.901228872672518,-0.8775518016092649,-0.8528995920454753,-0.8768377197524201,-0.8849301972673408,0.8811600802697888,0.8926668968191185,0.8916887899422388,-0.8949110842434422,0.8786412335415036
255,0.8750021512030424,-0.9823835605522956,-0.8999470318770871,-0.8740757754962131,-0.8501730320674813,-0.8765654854341999,-0.8841964392014048,0.8811600802697888,0.891490486781217,0.8908689022800839,-0.8975304389860798,0.8752361654686702
256,0.8813620849649787,-0.9765421413108549,-0.898962202973281,-0.897143948791921,-0.8854819837825042,-0.8849567079487543,-0.8891272934044917,0.9185521980377351,0.9005259694334308,0.8927417829201042,-0.9077570686727605,0.8803536088151251
257,0.8927964339625029,-0.9960135387823261,-0.9087479631920558,-0.8996719677832311,-0.8953657637027332,-0.8989207270951122,-0.8980204411636309,0.9055544341788524,0.9073720222928832,0.9001770386798416,-0.909428997231891,0.8893484996202402
258,0.9084481858447153,-1.0445297708154115,-0.9243645358095564,-0.8968911468927898,-0.8968312896909046,-0.9139576697309264,-0.9137424306564095,0.8710821039444234,0.9179760516622982,0.9138659473920929,-0.9149742269530066,0.8997802110572447
259,0.9175144743989652,-1.0343072871428876,-0.9277410920511782,-0.9163779599508078,-0.9285616314348115,-0.9281939231955045,-0.9209039093799404,0.8731542112262738,0.9262109219276067,0.9190023024520627,-0.925507376875528,0.9100544626989734
260,0.9145036546925165,-1.0458278639801755,-0.9259433884966113,-0.9190534467166112,-0.9318675854081289,-0.9262562554011131,-0.9186243676551008,0.8784286661255307,0.9265867195786028,0.9161809243205301,-0.9270399780547308,0.9090309740296825
261,0.9037007884798656,-1.0312243158765726,-0.9237705120263083,-0.9010413114035244,-0.9084191695973798,-0.9125804843564003,-0.9115509398994819,0.87645074553831,0.9209334157853556,0.9091556123918701,-0.9166182900361516,0.9038741657344086
262,0.896382354062318,-1.0172698143553507,-0.9171893537961101,-0.9075930939560041,-0.9167010955305366,-0.9082567628317253,-0.9114628889315698,0.8922741102360806,0.9194629032379791,0.9066396826050619,-0.919181913826818,0.9048582894548807
263,0.8916462331757696,-1.0107793485315268,-0.9093419869753038,-0.9177894372209559,-0.9294477634276594,-0.9023957180982769,-0.9058178435443058,0.9236382795477326,0.9132213944257811,0.9024598631509392,-0.9120762174505139,0.9044646399666919
264,0.8844631164978378,-1.0333337172693153,-0.9159856740247914,-0.9016101156765692,-0.910089187583901,-0.8983442308918221,-0.909946455595303,0.9018811530882974,0.9132540724823891,0.9052973175111417,-0.9104042888913837,0.9024176626281099
265,0.8873724478995747,-1.0312243158765726,-0.9235516611587956,-0.9043488029171554,-0.9175531455236597,-0.9002018297690899,-0.917391654104329,0.9141254233901455,0.9188746982190283,0.9102246815984055,-0.9158101912325719,0.9064328874076363
266,0.8835497217554321,-0.9864401016921851,-0.9174707334829122,-0.9213918642835733,-0.9411038073335846,-0.9028601178175938,-0.9160121889403702,0.94256980516828,0.916897675794222,0.9086733255317793,-0.9132187019659197,0.9042481327481882
267,0.9013440045148926,-0.9577197904217646,-0.9384178879448248,-0.9308298018511323,-0.9442393513082772,-0.9211478584886268,-0.9380934150045904,0.9734630410067837,0.9264886854087776,0.9316864468724578,-0.9119647555465721,0.9147388916084207
268,0.9134774951670978,-0.9679422740942886,-0.9569420506592788,-0.9387298611989777,-0.9382068373569658,-0.9308682250274332,-0.9554296722424274,0.9953143541608486,0.9390207201180865,0.947666218170142,-0.9171477340798762,0.9178290400907032
269,0.9122709119888579,-0.9789760659947891,-0.9527838841765401,-0.9527182329508954,-0.9518055552472108,-0.9285942677811226,-0.9517510984718707,1.0470228495124905,0.937321461174451,0.9432532934003087,-0.9178443709795138,0.9189312586576319
270,0.9213710299780117,-0.9883872414393343,-0.9644142445643491,-0.9647895236344025,-0.9607009571754169,-0.9303077426075679,-0.9608692653712295,1.0505077572137862,0.9465039950814021,0.94993296641257,-0.9267055923429046,0.9272963102816448
271,0.93741745860077,-1.0138623197978418,-0.9895039333041786,-0.9773664181161722,-0.9711982130906943,-0.9473624219548972,-0.9821384658424811,1.0563473322808183,0.9691662273393044,0.9690476023008459,-0.939328652964339,0.9422943557816398
272,0.936391299075351,-1.0102925635947395,-0.987784390773723,-0.9859616826866275,-0.9852399969773638,-0.9503249718884708,-0.9836157654152309,1.102592999343947,0.9674669683956694,0.9727290586662076,-0.9376009934532376,0.9446168877619541
273,0.94829926016153,-1.0051001909356798,-0.9903949689790505,-1.0021831378808692,-1.0018038488436773,-0.9634242467298936,-0.9946612701677809,1.1240675657194916,0.9686107003769621,0.9865144247504775,-0.9519238481097878,0.9545762198131317
274,0.958109796283666,-0.973945954981325,-0.9989457850168618,-0.999507651115066,-0.9962825648882395,-0.9704542976533467,-1.0036229020130734,1.0904429157367286,0.9691008712260876,0.992800230160331,-0.9528155433413239,0.9587882693367524
275,0.9695554217594914,-0.9742704782725166,-1.0026506175597523,-1.0158976409087286,-1.0073251327991162,-0.9822724698207917,-1.0092777308412169,1.1178512438739394,0.9752770239250691,1.0001872572340593,-0.9530384671492079,0.9671139560119464
276,0.9606582803797612,-0.9617763315616541,-0.9978046340648316,-1.0279689315922358,-1.0330229605917098,-0.9784772031491326,-1.0020966852359277,1.1557142951150328,0.970636739886681,0.9962646574386516,-0.9454869231571358,0.9667203065237576
277,0.9442848338862652,-0.9943909223263707,-0.9946000320762559,-1.0114946744988627,-1.0318641726010631,-0.9665469344977144,-0.9915207856455768,1.140456050585039,0.9661271680747264,0.9842959051940585,-0.9369879529815565,0.9569774816910839
278,0.9357147103772728,-1.011915180050695,-0.9980547493419889,-1.000919128385214,-1.030125990615091,-0.959997297077003,-0.9884390017686474,1.123408258857084,0.9694439908204757,0.9800276664822526,-0.9376288589292231,0.9510333744194321
279,0.9239195140741069,-1.0333337172693153,-0.9825788665678888,-1.0025623407295656,-1.041134476526243,-0.9509975507923091,-0.9742334456121352,1.1282117802831937,0.9621567841968099,0.9680589142376591,-0.9334769030073826,0.9441838733249461
280,0.9235022843769586,-1.00623602245485,-0.9763416168437821,-0.9935036060107036,-1.034692978578232,-0.9464015949494138,-0.9681285785035514,1.0972243577500604,0.9561603608091747,0.9629145210633544,-0.9264548030590353,0.9426880052698288
281,0.9360981106395171,-0.9825458221978913,-0.9825476021582442,-0.983265129095896,-1.015743386731173,-0.951285798893954,-0.9746345666881802,1.0418425813078633,0.9593464713284904,0.9657439373092221,-0.9245878161680062,0.9501082981221884
282,0.9308658247077113,-0.9541500342186623,-0.9557696352976038,-0.971404506661665,-0.9963507288876895,-0.9350478225012857,-0.9547546148217668,1.021592441962503,0.9371090538064969,0.9475938751411283,-0.9105157507953257,0.94016864854542
283,0.9245622733372814,-0.9624253781440372,-0.9413254780417774,-0.974311728501672,-0.9980889108736606,-0.9283380472463271,-0.9432101545843808,1.0328948453180518,0.9259658365030436,0.9378677567959585,-0.9093732662799199,0.9369210402678622
284,0.9223746365468279,-0.9343541134559996,-0.9569264184544561,-0.9658217980558541,-0.9987705508681598,-0.9335905682096359,-0.9501466141676916,1.0148109999491715,0.9314067329283368,0.944418819978862,-0.9176493126476152,0.9432391145532931
285,0.9181121277489344,-0.9048224939576003,-0.9521273315740028,-0.9679916810233961,-1.005655114812594,-0.9347755881830654,-0.9464973907197721,1.0289390041436104,0.9295114056450519,0.942634358596525,-0.914389051957311,0.9407788052521128
286,0.9088315861069596,-0.9082299885151068,-0.9442487003435517,-0.9655268625068683,-1.017583814716319,-0.9289625847998911,-0.9390424087698666,1.060114800066003,0.9274036709938119,0.9354804368385076,-0.909596190087804,0.9320594690887299
287,0.9085722271060297,-0.9543122958642581,-0.9549880250564878,-0.954930249568292,-1.0144482707416254,-0.9304678804418152,-0.9439145623276791,1.0605857335391515,0.931962259890679,0.9395637989206119,-0.8999547353968189,0.9328270855906982
288,0.9082226562786891,-1.0063982841004457,-0.9631949325882075,-0.964262853011213,-1.0223893766775336,-0.9343111884637484,-0.9541871752507766,1.0857335810052497,0.9375828856273183,0.9453512412417048,-0.8981992104097319,0.9322759763072338
289,0.9055614073995809,-1.022624448660004,-0.9511893992846633,-0.9880262315295307,-1.0348974705765808,-0.9350958638515598,-0.9537469204112151,1.118793110820235,0.9302139838621315,0.9440410286051241,-0.9130515091100067,0.9359762814962088
290,0.906192890184454,-0.9922815209336281,-0.9515958366100441,-0.9866990215590932,-1.0278084146337967,-0.935031808717861,-0.9572298253641889,1.1068314006022772,0.9277958076731122,0.9476421038271374,-0.9182344876433108,0.9384365907973891
291,0.9102298694163216,-0.9694026289046482,-0.9598652729610533,-0.9742063943770339,-1.012982744753454,-0.9403323710314441,-0.9682459797941012,1.0698160296128496,0.9314394109849451,0.9562107337080885,-0.9156708638526442,0.9345788258131386
292,0.9176046862253756,-0.9716742919429866,-0.9568795218399895,-0.9850347423898134,-1.0312506966060138,-0.9479869595084612,-0.9729713817387262,1.0914789693776552,0.9364391536460251,0.9612988600820495,-0.9243091614081512,0.9318626443446356
293,0.9174919214423626,-0.9867646249833767,-0.9554726234059798,-0.9897958448234481,-1.0279447426326964,-0.9473944495217466,-0.9761118662609305,1.0918557161561737,0.934102672598527,0.9661297667972949,-0.9148627650490647,0.9236944174647168
294,0.9264228922569968,-0.9984474634662602,-0.9750128794338846,-0.9802736399561792,-1.0074614607980152,-0.949844558385729,-0.9906402759664538,1.0685916025826665,0.9470431830154403,0.9787817587603506,-0.9100141722275866,0.9272766278072353
295,0.9386578712139136,-1.0208395705584528,-0.9894414044848893,-1.0021831378808692,-1.026615544643424,-0.9617748270371472,-1.0033391822275783,1.0765974716261812,0.9644442481593957,0.9909353876346455,-0.9195162995386442,0.9409362650473883
296,0.9356921574206701,-0.9982852018206645,-0.9799370239529166,-1.008966655507552,-1.0399075245361453,-0.9504690959392933,-0.9903663396218381,1.0937394500487647,0.9597549470360949,0.9808797066017467,-0.9115467734067895,0.9344410484922724
297,0.9377783059064116,-0.9674554891575012,-0.9780924237838824,-0.9936932074350521,-1.0362266685658532,-0.9401882469806215,-0.978596860244232,1.0615276004854457,0.9487424419590752,0.9723030386064605,-0.9012644127681376,0.9231236257068433
298,0.9363800225970498,-0.9780024961212146,-0.967978387263839,-0.9828859262471997,-1.042906740511939,-0.9323254793190828,-0.9638238645167296,1.0555938387237835,0.9375665465990141,0.9598921900734505,-0.896555147326587,0.9148963514036964
299,0.9363010872489407,-0.9982852018206645,-0.960865734069682,-0.9901118471973622,-1.0583799683870558,-0.9344392987311462,-0.9560753793404507,1.0657660017437787,0.9328282283908007,0.9550452071295353,-0.9017102603839058,0.9149947637757434
300,0.9373610762092633,-1.0281413446102554,-0.9654772344922673,-0.984760873665755,-1.052722356432718,-0.9410690050689812,-0.9573961438591346,1.0401472208045317,0.9288251664562759,0.955439074731943,-0.9065588532053839,0.9188131638111752
301,0.9344179153726226,-1.059457842210206,-0.9722772435899775,-0.977113616217041,-1.04014609853422,-0.940620619133089,-0.9591865135400173,1.012456332583432,0.928465707833584,0.9556078751329747,-0.9042738841745722,0.9171401534863726
302,0.928384999481424,-1.1029439632298272,-0.9651802226006433,-0.9778088214396514,-1.0450539064946096,-0.9380103724348593,-0.95039120018967,1.0196145213752799,0.9206883303607927,0.9469186735370008,-0.902323300855587,0.9100938276477923
303,0.9338879208924612,-1.1673618365312795,-0.9681190771072395,-0.9808003105793688,-1.0528927664313419,-0.9421419285584377,-0.951809799117145,1.030634364646942,0.9214889427476975,0.9493863746378001,-0.9076734722448041,0.9078303430907066
304,0.9416799673986634,-1.163143033745794,-0.9797181730854039,-0.9726053156825375,-1.0457696284888327,-0.9482271662598322,-0.9618084756956269,1.000400435670846,0.9279265198995458,0.9570065070272389,-0.9108222710311663,0.9083027224765332
305,0.9429316564901083,-1.1475659157686167,-0.9755600066026661,-0.9743327953265996,-1.0459741204871824,-0.9461293606311936,-0.9601061569826563,1.0045446502345468,0.9268154659748616,0.9563795341091206,-0.9097355174677314,0.9046811471851958
306,0.9369325700338138,-1.119494651080577,-0.9600372272140986,-0.9802736399561792,-1.055346670411537,-0.9389711994403426,-0.9489432509395569,1.028185510586573,0.9211131450967014,0.9472723505677343,-0.9095125936598474,0.9016106811773227
307,0.9350719511140984,-1.0763330533521493,-0.9600997560333879,-0.9698455616170232,-1.0385442445471487,-0.9362648700415647,-0.9502933657808786,1.0042620901506576,0.9202798546531881,0.9481243906872285,-0.8997596770649203,0.9037954358367708
308,0.9364815109017616,-1.0633521217044997,-0.9622882647085127,-0.9713623730118098,-1.0359540125680535,-0.9394516129430843,-0.9527881432050594,0.9879677919797387,0.9236947115687622,0.9507689303033945,-0.9039952294147172,0.9079090729883442
309,0.9300200888351133,-1.0404732296755197,-0.9498762940795885,-0.9771346830419685,-1.0332274525900595,-0.9331421822737438,-0.9418502563021803,1.0152819334223198,0.9143651264070738,0.9446760396375773,-0.9004005830125869,0.9046614647107863
310,0.9300990241832223,-1.006722807391635,-0.9535029655983678,-0.9829280598970549,-1.0286263826271946,-0.9361047322073174,-0.947328983194499,0.9981399549997363,0.9255736998237434,0.9482047718305768,-0.9078963960526881,0.9133414359253502
311,0.9298847710954976,-0.9830326071346787,-0.960678147611814,-0.9775770863654477,-1.0179246347135675,-0.9347916019664901,-0.9532479649263788,0.9856131246139993,0.9278121467014164,0.953381317462221,-0.9005677758685,0.9215490277540876
312,0.9219235774147758,-0.9775157111844273,-0.9490477872240051,-0.9832440622709684,-1.0148231727386,-0.9309643077279814,-0.9454896963092204,0.987873605285109,0.9230574894648993,0.9460023285028277,-0.9035493817989491,0.9222969617816467
313,0.9152027963471975,-0.9671309658663098,-0.9498606618747658,-0.979346699659365,-1.0064049188065434,-0.9275053305082415,-0.9445309191030647,0.9887212855367762,0.9214072476061765,0.9428031589975571,-0.8933784830642394,0.9194626854666869
314,0.9248892912080192,-0.9518783711803239,-0.9689944805772897,-0.9784197593625514,-0.9974413528788872,-0.9364250078758117,-0.9570048062239687,0.9820340302180768,0.9332040260417969,0.9536063846635968,-0.8997596770649203,0.9259972669706217
315,0.9278098990880573,-0.9697271521958397,-0.9673218346613016,-0.9813691148524136,-0.9998611748593565,-0.9403003434645946,-0.9562025640718794,1.00143648931177,0.9309002230509075,0.954305700610729,-0.8963043580427176,0.92570202985448
316,0.9195667934498029,-1.0197037390392847,-0.9561291760085172,-0.9804843082054547,-0.9921245609217991,-0.933014072006346,-0.951663047503958,1.0173540407041701,0.9241358653329751,0.9505358249876837,-0.8916786890291236,0.9166480916261366
317,0.9229835663750985,-1.0291149144838276,-0.9706514942884559,-0.9739114588280474,-0.9822407810015701,-0.9366492008437579,-0.9630901064507942,1.0002120622815867,0.9337922310607476,0.9598439613874413,-0.8934342140162103,0.9145617493387358
318,0.9239646199873122,-1.0003946032134072,-0.9758257540846453,-0.9718890436349994,-0.9765490870475074,-0.9427824798954265,-0.9702026679699296,0.9886270988421465,0.9423212038355312,0.9665075581710328,-0.8968895330384132,0.9242652092225907
319,0.9343389800245133,-0.9583688370041477,-0.9709797705897246,-0.9910598543191034,-0.9873530809603094,-0.9563461544561663,-0.9722767574363074,1.011514465637135,0.9454582972699344,0.972174428777103,-0.91241060316234,0.9366258031517205
320,0.929974982921908,-0.93905970117827,-0.963241829202675,-0.9767344133683445,-0.9653020271382818,-0.9509975507923091,-0.9703983367875121,0.9986108884728822,0.9366025439290672,0.9658886233672493,-0.9002333901566738,0.9281229742068414
321,0.9239533435090108,-0.9637234713088033,-0.9618818273831328,-0.9618823017943956,-0.955179673219979,-0.9418376666733679,-0.9683927314072882,0.9569803694466054,0.9304590692866945,0.9613631649967281,-0.9035772472749346,0.9184785617462149
322,0.9236601550731769,-0.9612895466248691,-0.9400749016559911,-0.9587222780552572,-0.9675514391201273,-0.9336225957764853,-0.9560166786951758,1.005674890570103,0.9202144985399713,0.9537671469502939,-0.909094611520065,0.9097395431084225
323,0.9187999929253141,-0.9716742919429866,-0.9291948870996544,-0.9488630039891467,-0.9622005651633133,-0.9318290520329165,-0.9546469969720959,1.0169772939256514,0.9203288717381007,0.9488880115490392,-0.9129957781580357,0.9060195554450378
324,0.8962244833660998,-0.9333805435824251,-0.9271783326775748,-0.9291233890319979,-0.9456026312972746,-0.9222047681946584,-0.944217848994932,0.9622548243458622,0.9099699277932486,0.934113957401583,-0.8996203496849926,0.902555439948976
325,0.8872258536816576,-0.9184524721876308,-0.9183461369529624,-0.9250153581711184,-0.9486700112725182,-0.9051500888473292,-0.9258836807874228,0.9989876352514009,0.9010651573674684,0.9177805090731656,-0.8860498628800513,0.9013351265355906
326,0.8857148055892827,-0.9484708766228152,-0.9132656703857069,-0.9239620169247391,-0.9539527212298814,-0.8906416010645307,-0.911638990867394,1.025642469831574,0.8934838482343275,0.9056831469992145,-0.8793342831675443,0.9004494151871658
327,0.8980963787641165,-0.9622631164984414,-0.9073723291676907,-0.904854406715418,-0.9349690473830974,-0.8970150868675703,-0.9091637803249715,1.0003062489762164,0.8923727943096429,0.904091600360914,-0.88432220336895,0.8918088089214206
328,0.8960553361915802,-0.9565839589025965,-0.8835019524040029,-0.8903182975153825,-0.9265507934510407,-0.8937162474820775,-0.8938918291126333,1.0083121180197314,0.8758376976658097,0.8877661901468313,-0.8714762189396316,0.8780704417836298
329,0.8747202392455096,-0.9794628509315764,-0.8759828618844652,-0.9016311825014969,-0.9425011693223061,-0.8914583040191916,-0.8909861471715286,1.0261134033047226,0.8808537793551939,0.8811910126209233,-0.8740398427302981,0.8827548706930771
330,0.8428867410009233,-0.9635612096632075,-0.8768270009448706,-0.8843563860608759,-0.9307087974174821,-0.8750922173591253,-0.8814472923143666,0.9495396205708685,0.875788680580897,0.871472932390088,-0.8576549428508206,0.8770666355887483
331,0.8520883472947889,-0.9117997447182113,-0.891474376863388,-0.8910345695629206,-0.932617389402078,-0.8836115501410777,-0.88880443985548,0.9173277710075493,0.8850529096293691,0.8799692192420258,-0.8651507558909217,0.8870456501143357
332,0.8618988834169249,-0.827099165717307,-0.8852371271392813,-0.9144819457073249,-0.9433873013151541,-0.8820101717986054,-0.8790112155354606,0.9305139082556915,0.8790401472134296,0.877429175112213,-0.8821486962420805,0.8934424542974042
333,0.8830084507969693,-0.8055183668530932,-0.8890357529111057,-0.9095523086742698,-0.9077034476031566,-0.8877911476149302,-0.884274706728438,0.9089451551855182,0.881589035628882,0.8818260236533764,-0.8980041520778335,0.8966703801005527
334,0.9204801881922086,-0.8905434691451868,-0.8977897876116069,-0.9013151801275834,-0.8690203779153653,-0.9000096643679933,-0.9025110405271562,0.8375516406562914,0.8915231648378253,0.8983282723828258,-0.8929883664004423,0.9030671842836215
335,0.9474422478106308,-0.9630744247264202,-0.9044178424562717,-0.9176419694464631,-0.8780521078424705,-0.9084169006659725,-0.9149849276480602,0.8325597458409235,0.9026827211695828,0.9112455221189315,-0.9015709330039781,0.9157623802777116
336,0.9228482486354829,-0.9189392571244158,-0.9128748652651489,-0.919727585114294,-0.9065105776127839,-0.907984528513505,-0.9149751442071813,0.8534691920486916,0.9099535887649444,0.9113419794909497,-0.9074226829609344,0.9105662070336191
337,0.9083128681050997,-0.9374370847223147,-0.9253024680988958,-0.9123331295647112,-0.9139404535528177,-0.9108189681796809,-0.919964699055543,0.8548819924681342,0.9190544275303745,0.9150716645423207,-0.9065309877293983,0.9073973286536988
338,0.8897630612994515,-0.9583688370041477,-0.9228951085562582,-0.9190323798916835,-0.928084483438662,-0.9107549130459819,-0.9175090553948788,0.8868112819475643,0.9203288717381007,0.9130139072725987,-0.9038280365588043,0.9016894110749606
339,0.8806629433102977,-1.003153051188533,-0.9101548616260645,-0.9216025325328494,-0.9351735393814472,-0.9016110427104655,-0.9086843917218939,0.9424756184736504,0.9110646426896286,0.9060529002586176,-0.8886134866707177,0.8925961078977982
340,0.8950742825793665,-1.0237602801791743,-0.9344316757151332,-0.9238988164499563,-0.9201774595024798,-0.9193863423119073,-0.9290828659549019,0.9119591294136654,0.9309329011075154,0.9214458892098575,-0.9060294091616591,0.9086963719647219
341,0.8980851022858153,-0.9371125614311231,-0.9425604222227408,-0.926553236390832,-0.9275391714430636,-0.9288825158827676,-0.9355203700533763,0.921377798876623,0.9350993533250822,0.9302074338348453,-0.92617614829918,0.9155852380080267
342,0.9059673606184281,-0.9410068409254192,-0.9399967406318798,-0.9323676800708466,-0.9315267654108802,-0.9300515220727724,-0.9316950446696326,0.9492570604869794,0.9293970324469224,0.9291383646283101,-0.935260293470455,0.9170811060631444
343,0.9069596907089429,-0.9705384604238185,-0.9382771981014243,-0.9313354056493943,-0.9293795994282096,-0.9278576337435853,-0.9307460509043558,0.9541547686077176,0.9260965487294773,0.9251594980325588,-0.9250057983077888,0.9181439596812543
344,0.9074558557542004,-1.025869681571917,-0.9409972017405086,-0.9201067879629904,-0.9220860514870757,-0.9246869046254904,-0.9333288792964488,0.9154440371149584,0.9295440837016602,0.9201999814879557,-0.9282939244740785,0.9114716008564533
345,0.9024152699535166,-0.9818967756155084,-0.9288509785935629,-0.9265953700406873,-0.9248807754645195,-0.9166479853462798,-0.9224594764797239,0.9059311809573711,0.9246750532670133,0.9088582021614807,-0.932055763732122,0.9002525904430713
346,0.8997991269876137,-0.9939041373895834,-0.9262247681834126,-0.9255209619693804,-0.9121000255676717,-0.9086410936339185,-0.9215006992735677,0.9107347023834795,0.9220608087383441,0.9099192332536811,-0.9258696280633396,0.8986583100159065
347,0.9086060565409336,-1.0083454238475926,-0.9439360562471057,-0.9126491319386247,-0.8858909677792037,-0.9073920185267902,-0.9323701020902931,0.8836089343301579,0.9314557500132493,0.921960328527288,-0.9236403899844989,0.9042481327481882
348,0.9216980478487496,-1.0411222762579029,-0.9515333077907547,-0.9228876088534324,-0.903681771635615,-0.9116837124846159,-0.9354029687628265,0.8730600245316441,0.9454092801850221,0.9264295200974653,-0.9302166423170785,0.9119833451910988
349,0.9018852754733554,-0.9997455566310264,-0.9282100581958483,-0.9178947713455939,-0.9024548196455174,-0.9027159937667714,-0.9144370549588283,0.8821961339107153,0.9286454371449302,0.9093244127929021,-0.9188475281149919,0.8993668790946465
350,0.8933151519643628,-0.9496067081419856,-0.9229732695803695,-0.9031058602464282,-0.8915144977338165,-0.9059347642351406,-0.917391654104329,0.8452749496159173,0.9197570057474542,0.9085286394737517,-0.9157823257565864,0.9002132254942523
351,0.8883873309466922,-0.9398710094062488,-0.91631395032606,-0.8914769728863997,-0.879313141832293,-0.9016270564938902,-0.9173329534590541,0.8036444305896405,0.9179106955490814,0.9068808260351074,-0.914723437669137,0.9004297327127564
352,0.8840120573657856,-0.9535009876362793,-0.9043396814321605,-0.8947423307501761,-0.8933549257189625,-0.891266138618095,-0.9012391932128678,0.8307701986429623,0.9123227478690507,0.8929427357784755,-0.9146677067171661,0.8995833863131504
353,0.882805474187546,-1.0028285278973412,-0.905574625613124,-0.888611884696248,-0.8870838377695763,-0.8852929974006735,-0.8986172310572582,0.8113677395492664,0.9143651264070738,0.8887870306673575,-0.9148906305250502,0.8962570481379546
354,0.8801780547433415,-1.0154849362537994,-0.9075286512159142,-0.8822286367431892,-0.8714742818955596,-0.8860456452216355,-0.8973943009473658,0.812403793190193,0.9133030895673017,0.8921550005736602,-0.9180672947873978,0.8949973697757504
355,0.8769078760359629,-0.9854665318186129,-0.8979304774550075,-0.8997983687327967,-0.8851070817855305,-0.8866541689917748,-0.8937744278220835,0.8704227970820158,0.9070452417267996,0.8906518731930428,-0.9214111519056586,0.8988157698111822
356,0.8797382720895907,-0.9838439153626575,-0.8989465707684583,-0.9024106550238178,-0.891037349737667,-0.8910099180832993,-0.892414529539883,0.8889775759240444,0.905656424320944,0.893071345607833,-0.9171198686038906,0.9033427389253538
357,0.8876881892920112,-0.9883872414393343,-0.9121714160481441,-0.8901918965658174,-0.881153569817439,-0.8953816809582485,-0.8974334347108824,0.8571424731392465,0.9066040879625866,0.8988829022719304,-0.9140546662454849,0.9048976544036996
358,0.8865379885052781,-1.0028285278973412,-0.9064812934928187,-0.8928041828568379,-0.8846640157891061,-0.8929796134445401,-0.8924438798625206,0.8612866877029473,0.9025193308865408,0.8956435421949854,-0.9115189079308039,0.9032836915021253
359,0.8758366105973389,-1.0261942048631085,-0.8959451874425726,-0.8902761638655273,-0.879244977832843,-0.8855011765851949,-0.8833941970493155,0.8725890910584984,0.8935492043475444,0.8885700015803165,-0.9055278305939201,0.895036734724569
360,0.8877220187269151,-1.0519938065128076,-0.9176739521456022,-0.8876849443994345,-0.8692930339131641,-0.8978157760388064,-0.9004858682651741,0.8671262627699822,0.9074047003494915,0.904091600360914,-0.9150299579049777,0.9054684461615734
361,0.8875303185957929,-1.0490730968920885,-0.9179084352179369,-0.885809996980879,-0.8669072939324197,-0.8976556382045591,-0.8994194732093475,0.8858694150012701,0.9055910682077272,0.904951678594743,-0.9143333210053399,0.9070036791655101
362,0.8817905911404283,-1.0265187281543,-0.9094826768187043,-0.8945948629756828,-0.8760071878589747,-0.8935881372146797,-0.8917296886783435,0.9295720413093973,0.9012939037637272,0.9002734960518597,-0.9115467734067895,0.9060392379194473
363,0.8773251057331113,-1.0211640938496445,-0.9051681882877431,-0.8772989997101341,-0.85756882600779,-0.8864459898072535,-0.8857128725376717,0.9101695822157014,0.8933367969795897,0.8959811429970491,-0.9002891211086449,0.9005478275592129
364,0.8814410203130878,-1.0096435170123566,-0.9129686584940829,-0.8765195271878132,-0.8582845480020133,-0.892178924273304,-0.8939309628761498,0.8934043505716367,0.8998724083012632,0.9003538771952082,-0.9088995531881664,0.9043465451202352
365,0.8742917330700599,-0.9887117647305236,-0.9009631251905387,-0.8792371476034718,-0.8691226239145403,-0.8830670815046371,-0.880918986506893,0.8974543784407077,0.8887782080827226,0.8899927478175851,-0.9051934448820941,0.8979103759883477
366,0.8740549270257326,-0.9791383276403849,-0.9025419778775927,-0.8799112860011546,-0.8714061178961098,-0.883243233122309,-0.8820734325306316,0.9055544341788524,0.8894481082431943,0.8900811670752685,-0.9026855520433985,0.8972805368072455
367,0.8836963159733491,-0.9898475962496939,-0.9178771708082922,-0.8763299257634648,-0.8625788799673545,-0.8896487464921979,-0.8939113959943916,0.8934043505716367,0.8974705711405482,0.899019550215623,-0.9088438222361953,0.9015122688052757
368,0.8813959143998827,-0.9765421413108549,-0.9118587719516982,-0.882060102143769,-0.8679979179236175,-0.8873587754624627,-0.8891859940497666,0.9106405156888498,0.8941700874231034,0.896157981512416,-0.9043853460785143,0.8984418027974026
369,0.88137336144328,-0.9645347795367798,-0.9059966951433267,-0.8878956126487105,-0.8754618758633763,-0.8876149959972581,-0.8872097389921804,0.9265580670812501,0.894774631470358,0.8946146635601246,-0.9041902877466158,0.8994456089922841
370,0.8888496665570458,-0.975081786500493,-0.9189714251458551,-0.8804590234492718,-0.8640784879552509,-0.892178924273304,-0.8969149123442878,0.9104521422995905,0.8998724083012632,0.902684930352315,-0.900846430628355,0.9024373451025193
371,0.8885790310778144,-0.9698894138414355,-0.9168610774948415,-0.8828606414910168,-0.8645556359513994,-0.892066827789331,-0.8959757020198904,0.9141254233901455,0.8991208129992709,0.9019293476048391,-0.899090905641268,0.9026341698466139
372,0.8843052458016195,-0.9999078182766199,-0.9110146328912918,-0.8958799392962657,-0.8812217338168888,-0.8901131462115149,-0.8930113194335109,0.9370127901851342,0.8960490756780841,0.9016238992601147,-0.8974189770821378,0.9014335389076379
373,0.8900336967786828,-0.9890362880217151,-0.919377862471235,-0.888000946773348,-0.8681001639227924,-0.8913942488854927,-0.8977562882598941,0.9307964683395805,0.8991534910558794,0.9055223847125176,-0.8939915235359206,0.9023782976792909
374,0.8912741093918266,-0.9922815209336281,-0.9218790152428067,-0.885599328731603,-0.866600555934895,-0.8916824969871378,-0.9006619702009988,0.9314557752019882,0.9022579064336741,0.9079097046699682,-0.8964715508986306,0.9042678152225976
375,0.8903381616928182,-1.0089944704299736,-0.9170173995430648,-0.8979023544893138,-0.8845617697899312,-0.890689642414805,-0.8971594983662662,0.9469965798158697,0.901555328216594,0.9042523626476109,-0.8996760806369637,0.9063147925611794
376,0.8841248221487986,-1.0080209005564011,-0.9129061296747936,-0.8922775122336483,-0.8807786678204644,-0.8851168457830015,-0.893040669756148,0.932115082064396,0.8987450153482743,0.8989391690722743,-0.898756519929442,0.9035592461438575
377,0.8821288854894676,-1.0107793485315268,-0.915329121422254,-0.8777203362086857,-0.864862373948924,-0.8836275639245024,-0.8931776379284561,0.8927450437092289,0.8963921952724724,0.8982398531251423,-0.8959142413789205,0.8982252955788989
378,0.882478456316808,-1.0234357568879828,-0.9064500290831741,-0.8881484145478412,-0.8769955658509976,-0.8840759498603946,-0.8914459688928484,0.9191173182055132,0.8954118535742213,0.8962705151131038,-0.9032428615631086,0.9013744914844094
379,0.8720702668447027,-1.0393373981563516,-0.8987746165154129,-0.8844617201855133,-0.8795857978300927,-0.8758128376132379,-0.8858596241508587,0.9294778546147676,0.8911963842717419,0.889840023645223,-0.9066145841573547,0.8974773615513398
380,0.8722957964107289,-1.0364166885356303,-0.9059966951433267,-0.8708946849321478,-0.8686113939186658,-0.8776063813568068,-0.8916122873877937,0.8765449322329397,0.8952648023194835,0.8919138571436146,-0.9085373020003547,0.8974183141281117
381,0.8655637388648493,-1.0102925635947395,-0.9004472624314019,-0.8671026564451818,-0.8707244779016116,-0.8704642339493807,-0.8892936118994376,0.8756030652866429,0.892911982243681,0.8868578832269931,-0.9086208984283113,0.8956468914312617
382,0.8705253893174238,-0.9939041373895834,-0.9024169202390141,-0.8835347798886998,-0.8893673317511459,-0.8766775819181729,-0.8932852557781265,0.9113940092458873,0.8954118535742213,0.8938992713843228,-0.9075062793888911,0.8971821244351984
383,0.8791518952179228,-0.9517161095347282,-0.9137815331448437,-0.8787947442799926,-0.8834029817992844,-0.8857253695531411,-0.9053971555865026,0.8982078719977452,0.9024212967167157,0.9042282483046064,-0.9024904937114999,0.9010595718938583
384,0.887124365376946,-0.9413313642166085,-0.9221134983151421,-0.8889910875449449,-0.8892991677516959,-0.8937482750489268,-0.9152686474335553,0.9080974749338512,0.9083850420477426,0.9141472813938127,-0.9036608437028912,0.9048582894548807
385,0.8931572812681445,-0.9351654216839762,-0.9225512000501668,-0.9092363063003558,-0.8986717176760506,-0.894548964220163,-0.9155034500146548,0.9576396763090131,0.9133847847088227,0.9167275160952999,-0.9063916603494706,0.910251287443068
386,0.9107711403747842,-0.9674554891575012,-0.9397466253547224,-0.9189902462418283,-0.8932526797197876,-0.8999295954508697,-0.928339324448087,0.9791142426845593,0.9282859785222377,0.9299341379474603,-0.9136366841057023,0.9182620545277108
387,0.9285315936993409,-0.9913079510600535,-0.9598496407562305,-0.922634806954301,-0.8830621618020349,-0.9118118227520137,-0.9498237606186799,0.9728037341443759,0.9434159187319117,0.9473768460540872,-0.9253123185436295,0.9276505948210149
388,0.927945216827673,-0.9843307002994425,-0.9443581257773085,-0.9315250070737429,-0.8923324657272146,-0.9145501797176411,-0.9419872244744883,1.0045446502345468,0.9310799523622532,0.9422003004224431,-0.9262597447271367,0.9231236257068433
389,0.9305388068369734,-0.9859533167554001,-0.943420193487969,-0.9370023815549157,-0.9041248376320395,-0.9223168646786314,-0.9451961930828464,0.9898515258723324,0.9319132428057665,0.9434381700300103,-0.9288233685178031,0.925209967994244
390,0.9379587295592325,-0.9547990808010454,-0.9477503142237522,-0.9270588401890946,-0.9024889016452423,-0.9310764042119545,-0.9517608819127495,0.9744990946477101,0.9312923597302077,0.9481324288015633,-0.9297986601772958,0.9282017041044792
391,0.9325347434963045,-0.9302975723161079,-0.9433732968735016,-0.9352749019108535,-0.9225291174834992,-0.9336386095599101,-0.948542129863512,0.9831642705536303,0.9310799523622532,0.946372081762231,-0.9285725792339337,0.9324531185769186
392,0.9384436181261887,-0.9343541134559996,-0.9487664075372029,-0.9546142471943778,-0.9539868032296064,-0.9408928534513094,-0.9471235309360372,1.000400435670846,0.9387919737218277,0.9507689303033945,-0.9292413506575857,0.9406410279312466
393,0.938601488822407,-0.9093658200342771,-0.9611940103709508,-0.9489894049387123,-0.9505445212573891,-0.9443518306710493,-0.9526609584736303,0.9595234102016041,0.9445269726565958,0.9528588400304556,-0.9287676375658322,0.9458175187009299
394,0.9307868893596021,-0.897358458260202,-0.958411477912577,-0.9430906939589879,-0.9486700112725182,-0.9415013772214488,-0.946898511795817,0.9577338630036428,0.9425989673167026,0.9445152773508803,-0.9256467042554555,0.9466441826261265
395,0.9252501385136609,-0.9273768626953887,-0.9456087021630939,-0.9481467319416091,-0.9545661972249297,-0.9333823890251146,-0.9333777965008443,0.9511407943795731,0.9375338685424056,0.9348936544920635,-0.9196277614425862,0.9389286526576253
396,0.9125415474680894,-0.9406823176342276,-0.938589842197871,-0.9288916539577942,-0.931765339408954,-0.9239662843713778,-0.9269794261658865,0.9479384467621665,0.9282369614373251,0.9293232412580117,-0.9086487639042968,0.9286937659647152
397,0.9026407995195428,-0.9074186802871302,-0.9374955878603082,-0.9194115827403805,-0.9267893674491154,-0.9202991279671164,-0.9239759098159903,0.9448302858393898,0.9281225882391962,0.9263571770684516,-0.9088716877121809,0.9225134690001505
398,0.9159695968716863,-0.970700722069412,-0.9258026986532099,-0.9340951597149086,-0.9309473714155558,-0.9256637454143984,-0.9222735911030198,0.9427581785575394,0.9274526880787245,0.9259874238090484,-0.9045525389344273,0.9298747144292818
399,0.9069709671872442,-0.8900566842083995,-0.9129842906989049,-0.923014009802998,-0.9209954274958778,-0.9161835856269628,-0.9092420478520046,0.9147847302525506,0.9155578754732789,0.9143321580235143,-0.9027691484713549,0.9216277576517256
400,0.9295690297030611,-0.8688004086353772,-0.9222854525681875,-0.9076773612557145,-0.8968653716906296,-0.9162476407606617,-0.9161882908761948,0.8666553292968338,0.9165545561998343,0.9207465732627255,-0.909428997231891,0.9258988545985744
401,0.964447177089,-0.8971961966146063,-0.9257714342435651,-0.9177683703960282,-0.8822441938086367,-0.9255196213635759,-0.926881591757095,0.8480063637601754,0.9216196549741311,0.9301109764628269,-0.9199064162024413,0.9382004011044758
402,0.9591246793307836,-0.8884340677524442,-0.9134845212532197,-0.9263425681415565,-0.8708608059005114,-0.9239983119382272,-0.9173036031364169,0.8480063637601754,0.9172898124735228,0.9198302282285525,-0.9139989352935138,0.9380823062580192
403,0.9255207739928923,-0.7826394748241133,-0.9016978388171873,-0.9023685213739626,-0.8668391299329699,-0.9085289971499455,-0.901806632783858,0.8284155312772229,0.9021435332355447,0.9025563205229574,-0.9132187019659197,0.9257610772777084
404,0.9044450360477516,-0.7917261269774669,-0.8953042670448571,-0.9069189555583212,-0.8886175277571977,-0.9032444486197873,-0.8946647209420854,0.8446156427535095,0.9001174937258257,0.896471467971475,-0.9043296151265433,0.9243439391202285
405,0.8738068445031038,-0.8219067930582493,-0.8778899908727889,-0.8984500919374315,-0.900103161664498,-0.8854050938846465,-0.8798623748919459,0.8729658378370144,0.8826183944120457,0.8789805311788392,-0.9002612556326594,0.9131839761300748
406,0.8991338147678366,-0.7771225788738619,-0.8836582744522262,-0.8842510519362379,-0.890185299744544,-0.8966948111990758,-0.886133560495475,0.8965125114944109,0.8835333799970799,0.8851698792166744,-0.9122991412583981,0.9183014194765298
407,0.9162853382641228,-0.7967562379909311,-0.8803129826202492,-0.882186503093334,-0.8917871537316162,-0.9094097552383053,-0.8958093835249451,0.8991497389440394,0.8916211990076506,0.8944619393877623,-0.9082865127164852,0.9134595307718071
408,0.9073994733626938,-0.8520874591390295,-0.8834081591750689,-0.9008727768041036,-0.9225291174834992,-0.9044614961600661,-0.8944690521245029,0.953307088356053,0.899856069272959,0.8911261219387991,-0.9098469793716736,0.9143649245946415
409,0.9036556825666603,-0.8631212510395301,-0.8975084079248048,-0.8975863521154003,-0.9258350714568175,-0.8975275279371613,-0.8949288738458221,0.9426639918629097,0.8987776934048828,0.8891889363841,-0.9066981805853114,0.9184391967973959
410,0.9037233414364682,-0.8715588566105007,-0.9105456667466225,-0.9026213232730933,-0.925392005460393,-0.9102104444095414,-0.9035383018194657,0.9186463847323648,0.9051662534718184,0.8982478912394771,-0.9099027103236444,0.9261153618170784
411,0.9103088047644308,-0.8872982362332738,-0.9045585322996723,-0.9143766115826869,-0.9354461953792469,-0.9122441949044812,-0.9041937923583685,0.9291011078362489,0.9039898434339174,0.9001609624511718,-0.9150299579049777,0.9270994855375505
412,0.9144247193444074,-0.9332182819368293,-0.9001346183349551,-0.9195801173398008,-0.9403540033396355,-0.9138776008138028,-0.9056710919311183,0.9327743889268038,0.899774374131438,0.9026125873233014,-0.9202408019142673,0.923871559734402
413,0.9112898583766444,-0.9286749558601525,-0.9057153154565245,-0.9120592608406524,-0.9187460155140323,-0.9173365780335428,-0.9121477297931099,0.8790879729879384,0.9016043453015066,0.9079981239276518,-0.9235289280805571,0.9208207762009384
414,0.9127670770341154,-0.9038489240840257,-0.9066219833362194,-0.9148611485560213,-0.9144516835486921,-0.9203631831008153,-0.9162861252849858,0.8603448207566504,0.9037610970376586,0.9125476966411773,-0.9273743637665569,0.9198956999036945
415,0.9179993629659213,-0.9160185475036966,-0.9048399119864744,-0.9303031312279427,-0.9227336094818489,-0.9284501437303001,-0.9222540242212615,0.8918973634575619,0.9083033469062216,0.9200794097729328,-0.9363191815579044,0.9255052051103857
416,0.9255658799060974,-0.9179656872508435,-0.9151102705547413,-0.9291444558569254,-0.9156786355387888,-0.9386829513386976,-0.9340039367171094,0.8925566703199697,0.9138095994447314,0.9305289584082395,-0.9379353791650636,0.9243439391202285
417,0.934474297764129,-0.9152072392757178,-0.9234266035202169,-0.9247204226221325,-0.9106344995795003,-0.9413572531706262,-0.938474969198877,0.8906729364273787,0.9133030895673017,0.9363967818726806,-0.9420037386589475,0.9193052256714115
418,0.9359627928999015,-0.8996301212985405,-0.9146413044100711,-0.9416160162140571,-0.9294477634276594,-0.9402523021143204,-0.9314700255294118,0.905083500705704,0.9125841723219178,0.9322330386472277,-0.9451525374453098,0.9134988957206259
419,0.9390187185195553,-0.928350432568961,-0.9192059082181897,-0.9412157465404326,-0.9271642694460891,-0.9395957369939069,-0.9345909431698578,0.8998090458064472,0.9176982881811273,0.9345319393469953,-0.9431183576983679,0.9126525493210199
420,0.946156729284282,-0.9239693681378799,-0.9382771981014243,-0.9378239877270912,-0.9228699374807487,-0.9466898430510589,-0.950205314812966,0.8803124000181243,0.9304263912300861,0.9462193575898686,-0.9404711374797448,0.9220410896143236
421,0.9558883300583089,-0.9278636476321737,-0.9443268613676639,-0.94901047176364,-0.9387862313522892,-0.9525028464342329,-0.9544317612727551,0.8845508012764547,0.9352137265232116,0.951227102820481,-0.9446509588775708,0.9301502690710141
422,0.9607259392495691,-0.9630744247264202,-0.9451866326328912,-0.9500006125352364,-0.9466591732887475,-0.9535597561402647,-0.9535023343892366,0.8915206166790431,0.9331876870134926,0.9514602081361917,-0.9428675684144983,0.9279261494627471
423,0.9588540438515523,-0.9573952671305731,-0.9493916957300965,-0.9345164962134602,-0.9384794933547645,-0.9501808478376482,-0.9501172638450539,0.8652425288773885,0.9316681573812039,0.9486709824619982,-0.9346751184747595,0.9246982236595985
424,0.9578955431959413,-0.9547990808010454,-0.9461089327174087,-0.9343058279641842,-0.9419558573267076,-0.9485474419283265,-0.9461158365254855,0.8707053571659048,0.9310636133339489,0.9450538310113152,-0.9339784815751219,0.924855683454874
425,0.9478030951162725,-0.9926060442248196,-0.9300859227745273,-0.934074092889981,-0.9477838792796692,-0.9366171732769084,-0.9283001906845704,0.889071762618674,0.9163584878601843,0.9316542944151186,-0.9252287221156729,0.9151325410966097
426,0.9487503192935822,-0.9815722523243191,-0.9327902942087889,-0.9249521576963355,-0.9395701173459623,-0.9347595743996406,-0.9278012351997346,0.8586494602533188,0.9163748268884885,0.929676918288745,-0.9228044257049339,0.9107630317777134
427,0.950441791038778,-1.0015304347325775,-0.9353383435948271,-0.9224452055299526,-0.9406266593374352,-0.9369054213785535,-0.9302373119786406,0.8430144689448076,0.9183845273699027,0.9298859092614511,-0.9265383994869916,0.9099757328013358
428,0.9424580444014535,-0.9877381948569512,-0.9239424662793536,-0.9277329785867768,-0.9476816332804953,-0.9309482939445567,-0.9203266863680708,0.8599680739781317,0.910002605849857,0.9205697347473587,-0.9254795113995425,0.9076138358722026
429,0.9391878656940749,-0.9854665318186129,-0.9251774104603171,-0.9195379836899455,-0.9377978533602662,-0.9276174269922145,-0.9179982274388357,0.8566715396660981,0.9080092443967465,0.9184315963342884,-0.9177607745515574,0.9050354317245658
430,0.9397629660874416,-0.9703761987782228,-0.9326496043653882,-0.9181686400696528,-0.9348668013839225,-0.9304198390915409,-0.9239367760524737,0.8428260955555482,0.914022006812686,0.9214298129811878,-0.9209374388139049,0.9094443059922809
431,0.9357147103772728,-0.9687535823222652,-0.9233328102912829,-0.9249521576963355,-0.9420240213261576,-0.927185054839747,-0.9161687239944365,0.8637355417633162,0.9078948711986171,0.9158433235184662,-0.921494748333615,0.9083420874253522
432,0.934102173980186,-0.9573952671305731,-0.9224417746164109,-0.9239409500998116,-0.9414446273308332,-0.926320310534812,-0.9152392971109181,0.8687274365786841,0.9078621931420087,0.9172017648410561,-0.9192097793028036,0.9085782771182654
433,0.9363800225970498,-0.9388974395326765,-0.9318679941242713,-0.9184214419687835,-0.9320039134070287,-0.9310603904285297,-0.9256390947654443,0.847252870203138,0.9161624195205339,0.924765630430151,-0.9223585780891658,0.9148766689292869
434,0.9361093871178184,-0.9203996119347777,-0.9286164955212283,-0.9218132007821255,-0.9345259813866729,-0.9307881561103095,-0.9255510437975322,0.8651483421827588,0.9160807243790129,0.9246772111724677,-0.921661941189528,0.9182226895788919
435,0.9393795658251971,-0.9184524721876308,-0.9238017764359531,-0.9310404701004085,-0.9463183532914978,-0.9323254793190828,-0.9279382033720421,0.8980194986084858,0.9190544275303745,0.9287203826828979,-0.9239469102203397,0.9203483968151118
436,0.9400110486100702,-0.9119620063638071,-0.9257245376290986,-0.9185689097432768,-0.927198351445814,-0.9313966798804489,-0.9307656177861141,0.880406586712754,0.9183518493132944,0.930922826010647,-0.9189311245429486,0.9172188833840105
437,0.9425369797495627,-0.9064451104135557,-0.9265217800750375,-0.919622250989656,-0.9229040194804737,-0.9337827336107326,-0.9381716825316235,0.8790879729879384,0.9235966773989375,0.9363164007293322,-0.921661941189528,0.9183998318485771
438,0.9376542646450973,-0.8861624047141057,-0.9145787755907817,-0.9305980667769292,-0.9337080133932748,-0.9317489831157929,-0.9363617459689821,0.9066846745144085,0.9238744408801084,0.934652511062018,-0.9234453316526005,0.9207026813544816
439,0.9354102454631374,-0.8722079031928837,-0.9081226749991622,-0.9214129311085009,-0.9211999194942276,-0.9327738652549751,-0.9370270199487638,0.8997148591118175,0.9207863645306178,0.9341943385449314,-0.9204079947701803,0.9163528545099949
440,0.9327377201057281,-0.8670155305338239,-0.9113116447829167,-0.9159987571021109,-0.9119977795684968,-0.9368093386780052,-0.9432982055522929,0.886057788390527,0.9228940991818573,0.9365575441593778,-0.9270121125787453,0.9171401534863726
441,0.9265469335183111,-0.8602005414188109,-0.9011038150339393,-0.9242569524737251,-0.9214725754920263,-0.9352079603355329,-0.9397663833949231,0.9154440371149584,0.9190380885020702,0.9309308641249819,-0.9291020232776582,0.9188722112344035
442,0.9234233490288494,-0.8577666167348766,-0.9028389897692167,-0.9268692387647461,-0.9189164255126572,-0.9344713262979957,-0.9391598100604164,0.9154440371149584,0.9200020911720171,0.9305691489799135,-0.9296036018453973,0.9233401329253471
443,0.9278211755663587,-0.8499780577462869,-0.9194091268808797,-0.9210337282598046,-0.8998645876664233,-0.9344232849477215,-0.9418893900656969,0.882572880689234,0.9211948402382224,0.9361315240996304,-0.9284611173299915,0.9326893082698322
444,0.9198938113205407,-0.8668532688882303,-0.9123121058915447,-0.9283649833346046,-0.9097824495863772,-0.9288825158827676,-0.9316167771425994,0.9003741659742253,0.9179433736056899,0.9283024007374857,-0.9281267316181655,0.9329254979627455
445,0.9125753769029932,-0.8777247991431351,-0.9012914014918074,-0.9278593795363426,-0.9263803834524159,-0.9198667558146489,-0.9133804433438811,0.9379546571314309,0.9072903271513626,0.912845106871567,-0.923807582840412,0.9263318690355823
446,0.9098239161974746,-0.8816190786374288,-0.9076224444448482,-0.9127755328881904,-0.9176894735225596,-0.9174166469506664,-0.9106997805429967,0.9138428633062564,0.9095124350007314,0.9093083365642325,-0.9155594019487022,0.9246588587107797
447,0.9110304993757142,-0.8527365057214126,-0.9129061296747936,-0.9098051105734006,-0.9227676914815739,-0.9151747172712053,-0.910572595811568,0.9099812088264421,0.9124207820388758,0.9078775522126289,-0.914389051957311,0.9306620134056596
448,0.9077828736249383,-0.8097371696385784,-0.9001033539253105,-0.9143976784076144,-0.9313563554122554,-0.9085770385002198,-0.9008087218141857,0.9137486766116267,0.9034996725847919,0.8987221399852334,-0.9149463614770211,0.9279064669883376
449,0.8984008436782518,-0.8019486106499887,-0.8930688617552648,-0.9036114640446903,-0.9098506135858272,-0.9029722143015669,-0.894987574491097,0.8820077605214559,0.8916702160925631,0.8912306174251523,-0.9091224769960503,0.9249737783013308
450,0.9085835035843309,-0.7917261269774669,-0.8953198992496799,-0.8961116743704695,-0.8895377417497707,-0.9029722143015669,-0.8973453837429698,0.8470644968138786,0.8950523949515293,0.8951451791062247,-0.9164789626562239,0.9277096422442432
451,0.9155298142179354,-0.8035712271059463,-0.8947415076712538,-0.9046226716412143,-0.8899467257464702,-0.906943632590898,-0.8993314222414354,0.8620401812599846,0.8972418247442898,0.9006110968539235,-0.9231666768927455,0.930248681443061
452,0.9189804165781348,-0.8181747752095491,-0.8994155369131284,-0.9022631872493245,-0.8845276877902063,-0.9070557290748712,-0.9038024547232025,0.854222685605729,0.9017187184996359,0.9041960958472671,-0.9180951602633833,0.9312721701123523
453,0.9219686833279809,-0.8074655066002401,-0.9148914196872284,-0.9009149104539588,-0.883846047795708,-0.9127566359740722,-0.9129010547408036,0.8397179346327714,0.9116038306236668,0.9126602302418654,-0.9125220650662821,0.9301502690710141
454,0.9209650767591647,-0.8473818714167569,-0.9194403912905244,-0.9139974087339905,-0.9048064776265378,-0.9181853085550531,-0.9174601381904828,0.8750379451188675,0.9176656101245189,0.9194443987404796,-0.9168969447960065,0.9309375680473917
455,0.9211342239336844,-0.8647438674954877,-0.9266312055087934,-0.9295236587056218,-0.9311518634139057,-0.924879070026587,-0.9211778457245561,0.9268406271651392,0.9225999966723822,0.9258346996366864,-0.9205751876260934,0.9313705824843993
456,0.9274264988258129,-0.9114752214270198,-0.9445300800303538,-0.927438043037791,-0.9240628074711215,-0.9327898790383998,-0.9386902048982178,0.9543431419969769,0.9331713479851889,0.9405605250981336,-0.9233338697486585,0.935267712417469
457,0.9323543198434836,-0.9129355762373794,-0.9487195109227363,-0.9334842217920086,-0.9261077274546162,-0.9377861794669132,-0.9470746137316411,0.9814689100502987,0.9360143389101164,0.9472562743390646,-0.9265662649629771,0.9373540547048698
458,0.9404057253506161,-0.8869737129420845,-0.9488758329709597,-0.9544035789451023,-0.944307515307727,-0.9464176087328385,-0.952347888365498,1.0221575621302785,0.9372724440895385,0.9528186494587816,-0.9382140339249188,0.9471559269607722
459,0.9485135132492549,-0.8522497207846252,-0.9603029746960778,-0.9469459229207366,-0.9276073354425135,-0.9521505431988891,-0.9613095202107904,0.9998353155030679,0.9422885257789227,0.962994902206703,-0.9402482136718606,0.9533165414509275
460,0.9547042998366717,-0.8408914055929332,-0.9685411466374423,-0.9465667200720397,-0.9229721834799237,-0.9573069814616496,-0.9686862346336627,0.9919236331541826,0.9449354483642008,0.9711857407139162,-0.9437313981700489,0.9575482734489574
461,0.9552906767083396,-0.8519251974934338,-0.9625383799856702,-0.9644945880854167,-0.9419217753269827,-0.9568746093091821,-0.9650761449492598,1.0334599654858296,0.9450171435057214,0.9689511449288276,-0.9454033267291794,0.9562689126123438
462,0.9477354362464647,-0.879671938890282,-0.952299285827048,-0.959670285176999,-0.9432168913165293,-0.9522145983325879,-0.9605659787039761,1.0196145213752799,0.9414225572788011,0.9599404187594597,-0.945821308868962,0.9521749579351798
463,0.9399997721317689,-0.9019017843368788,-0.9487664075372029,-0.9361597085578119,-0.9191209175110069,-0.9407167018336374,-0.9541480414872601,0.9854247512247399,0.9371417318631053,0.9518862281959388,-0.9357340065622087,0.9411527722658923
464,0.9352185453320153,-0.9171543790228647,-0.9417475475719801,-0.9360122407833187,-0.9202797055016546,-0.9313806660970243,-0.9448048554476804,1.003131849815104,0.9325831429662381,0.9434140556870058,-0.9311919339765712,0.9337521618879421
465,0.9275505400871273,-0.9079054652239152,-0.9398873151981239,-0.9356330379346223,-0.9197003115063304,-0.926208214050839,-0.9415861033984435,1.0128330793619507,0.9318642257208538,0.9381410526833432,-0.9306346244568611,0.9339686691064458
466,0.9309560365341217,-0.9221844900363287,-0.9534560689839003,-0.9157670220279078,-0.9032046236394665,-0.9228132919647979,-0.9473583335171362,0.9677176526343785,0.9387592956652193,0.9400702001237077,-0.9296036018453973,0.9325515309489659
467,0.9152817316953066,-0.8879472828156568,-0.9430137561625882,-0.9088571034516594,-0.9041589196317644,-0.9102584857598156,-0.9339941532762305,0.9427581785575394,0.93114530847547,0.9274825130753307,-0.9221913852332527,0.9255052051103857
468,0.9018288930818488,-0.872694688129671,-0.9310082228590439,-0.914587279831963,-0.9244377094680951,-0.905678543700345,-0.9208745590573026,0.9384255906045768,0.9224692844459486,0.9172821459844047,-0.9161445769443979,0.9232417205532998
469,0.8908568796946782,-0.8576043550892809,-0.9240987883275771,-0.899545566833666,-0.9109071555772991,-0.8998014851834719,-0.913439143989156,0.9163859040612551,0.9122247136992259,0.9100478430830385,-0.907227624629036,0.9148176215060585
470,0.8837978042780608,-0.8580911400260659,-0.9167672842659074,-0.8945105956759724,-0.9050450516246125,-0.8961503425626353,-0.9111791691460748,0.9018811530882974,0.9061956122549821,0.9070415883218044,-0.9091503424720359,0.9122392173584215
471,0.8725213259767549,-0.8877850211700611,-0.8998845030577978,-0.8948687316997417,-0.906442413613334,-0.883995880943271,-0.8976584538511027,0.9215661722658823,0.8936635775456737,0.8965196966574842,-0.9048033282182969,0.9050354317245658
472,0.8701194360985769,-0.9192637804156073,-0.9006035844796244,-0.8850094576336311,-0.8927073677241891,-0.8792237734827038,-0.8954278293306586,0.9150672903364396,0.8915068258095212,0.893561670582259,-0.9058343508297606,0.9054290812127544
473,0.8724085611937419,-0.9535009876362793,-0.9122964736867227,-0.8688512029141716,-0.8713379538966598,-0.8781508499932474,-0.899664059231326,0.8972660050514484,0.8957222951120006,0.8973717367769785,-0.9091224769960503,0.9065706647285022
474,0.8638835435979548,-0.975081786500493,-0.8986964554913017,-0.8695253413118544,-0.8789041578355935,-0.8734588114498038,-0.8883837518976774,0.8923682969307103,0.8885984787713769,0.8871151028857084,-0.9073669520089633,0.8998195760060635
475,0.8684392408316822,-0.998609725111856,-0.9008380675519599,-0.8795320831524583,-0.8899467257464702,-0.8822984199002504,-0.8916416377104309,0.8974543784407077,0.8939576800551489,0.8916405612562296,-0.911407446026862,0.905803048226534
476,0.8743932213747717,-1.0005568648590029,-0.9050274984443425,-0.8677767948428647,-0.8754277938636513,-0.8895526637916497,-0.8975312691196734,0.8655250889612776,0.8989084056313164,0.8985533395842016,-0.9139432043415429,0.9108220792009418
477,0.8746413038974005,-1.0107793485315268,-0.9021980693715022,-0.8782259400069478,-0.8799266178273414,-0.8920988553561805,-0.8973943009473658,0.898867178860153,0.9005259694334308,0.898963283415279,-0.9139432043415429,0.915329365840704
478,0.8777536119085608,-0.9997455566310264,-0.9004785268410466,-0.8900233619663965,-0.8904579557423437,-0.8911380283506972,-0.8930504531970275,0.9364476700173561,0.8979444029613695,0.897942442894753,-0.9091503424720359,0.9166087266773176
479,0.887045430028837,-0.9814099906787233,-0.9132500381808841,-0.8913927055866899,-0.8830621618020349,-0.8968069076830488,-0.9042329261218851,0.9266522537758798,0.9085157542741762,0.9070898170078135,-0.9155594019487022,0.9202893493918834
480,0.8995735974215875,-0.9796251125771699,-0.9219102796524513,-0.9023053208991798,-0.8959451576980566,-0.9057746264008933,-0.9124803667830004,0.9254278267456939,0.9141690580674233,0.9147019112829176,-0.921383286429673,0.9267058360493615
481,0.8985136084612648,-0.9674554891575012,-0.914156706060579,-0.9184425087937111,-0.9233130034771723,-0.9047977856119853,-0.9058667607487013,0.9564152492788299,0.9089569080383891,0.910626587315148,-0.9172034650318472,0.9270601205887316
482,0.9045690773090661,-0.9489576615596025,-0.9202376337364632,-0.9181686400696528,-0.921779313489551,-0.9116196573509169,-0.9113357042001412,0.9423814317790207,0.9143161093221611,0.9168239734673181,-0.9200457435823688,0.9307604257777068
483,0.9025167582582285,-0.9536632492818751,-0.9200813116882398,-0.9056970797125211,-0.898262733679352,-0.9097140171233751,-0.9129988891495946,0.9294778546147676,0.9129926480295224,0.9183833676482793,-0.9179558328834558,0.9250328257245591
484,0.9054260896599653,-0.9440898121917342,-0.9181429182902715,-0.9214761315832838,-0.9166670135308117,-0.9121961535542069,-0.9118933603302519,0.9659281054364172,0.9156232315864957,0.9189379975373841,-0.9156987293286297,0.9306029659824311
485,0.9081211679739775,-0.9418181491533957,-0.9203939557846866,-0.9205281244615425,-0.9159512915365885,-0.9120520295033845,-0.912519500546517,0.9594292235069745,0.9171264221904808,0.91806988118922,-0.9133022983938763,0.9290086855552664
486,0.9170521387886117,-0.9736214316901335,-0.9289135074128523,-0.9085200342528177,-0.8971721096881542,-0.9130448840757173,-0.9197298964744435,0.9111114491619983,0.9251325460595304,0.9238412472816433,-0.909763382943717,0.9250131432501497
487,0.9114026231596574,-0.9804364208051487,-0.9249429273879824,-0.9116168575171731,-0.9057948556185607,-0.9071678255588442,-0.9168535648559759,0.9145963568632938,0.9221098258232566,0.9175875943291291,-0.9079242615286737,0.9225921988977881
488,0.9033963235657303,-0.9926060442248196,-0.9148757874824066,-0.9091520390006453,-0.9096120395877525,-0.9012587394751217,-0.9069722895680444,0.9206243053195855,0.913580853048473,0.9091395361632004,-0.9024347627595288,0.9187147514391282
489,0.9053133248769523,-0.9758930947284719,-0.9235047645443291,-0.9030847934215007,-0.9101914335830759,-0.9078243906792578,-0.9142609530230041,0.8999974191957065,0.9188910372473325,0.9139302523067717,-0.9161445769443979,0.9249344133525118
490,0.8988744557669066,-0.9621008548528457,-0.9178302741938256,-0.8980919559136622,-0.9110434835761989,-0.9043814272429426,-0.9084398056999153,0.9004683526688548,0.9139076336145566,0.9074515321528818,-0.9183738150232384,0.9231236257068433
491,0.8793323188707437,-0.9544745575098539,-0.895820129803994,-0.8941524596522037,-0.9195639835074305,-0.8860296314382108,-0.8894794972761411,0.9184580113431055,0.8948726656401831,0.8902178150189609,-0.9104042888913837,0.9092474812481863
492,0.8716981430607597,-0.9382483929502935,-0.8986339266720124,-0.8805011570991271,-0.9119977795684968,-0.8834674260902552,-0.8896164654484486,0.8821961339107153,0.894856326611879,0.8891005171264166,-0.9057228889258186,0.9037167059391332
493,0.8651465091677009,-0.8954113185130551,-0.9018385286605888,-0.8681138640417059,-0.9056585276196608,-0.8797362145522948,-0.8915731536242771,0.8408481749683275,0.8964902294422971,0.8859093857354808,-0.9042460186985869,0.8996424337363788
494,0.8604893236292617,-0.8512761509110507,-0.8915212734778546,-0.8754240522915788,-0.9131906495588695,-0.8746278176398085,-0.8805569991943647,0.8632646082901679,0.887797866384472,0.8782812152317071,-0.8957191830470219,0.8942888006970102
495,0.8680671170477392,-0.8686381469897815,-0.8972895570572921,-0.880775025823186,-0.9131906495588695,-0.8800564902207894,-0.8860357260866835,0.8696693035249808,0.892552523620989,0.8851457648736699,-0.8931555592563554,0.8959421285474034
496,0.87861062425946,-0.8741550429400305,-0.9119525651806313,-0.8803326224997068,-0.9019776716493689,-0.8893444846071282,-0.8979715239592349,0.8606273808405395,0.8990717959143584,0.8979585191234227,-0.8873595402513701,0.9005281450848034
497,0.8905073088673376,-0.9027130925648577,-0.9208941863390006,-0.89933489858439,-0.9115887955717983,-0.897543541720586,-0.9089778949482679,0.9058369942627414,0.9095777911139482,0.907773056726276,-0.898032017553819,0.9105071596103907
498,0.9003629509026789,-0.9375993463679104,-0.9287259209549851,-0.912796599713118,-0.9152355695423652,-0.9025398421490994,-0.9162665584032275,0.9421930583897613,0.9210641280117888,0.9135685371617035,-0.9038559020347897,0.9133414359253502
499,0.9099817868936929,-0.9455501670020959,-0.9425291578130961,-0.9072349579322347,-0.8998645876664233,-0.9066393707058283,-0.9279284199311633,0.9416279382219832,0.928465707833584,0.9222979293293517,-0.909819113895688,0.9188328462855847
500,0.9195667934498029,-0.9887117647305236,-0.9468436463440574,-0.9183371746690736,-0.899182947671925,-0.9113954643829708,-0.937936879950524,0.9640443715438262,0.9349359630420406,0.9308344067529636,-0.916534693608195,0.927434087602511
501,0.9275505400871273,-1.0127264882786737,-0.9395590388968552,-0.9366231787062187,-0.9089985635927031,-0.920203045266568,-0.9413023836129484,1.0009655558386215,0.9319132428057665,0.9363405150723368,-0.9172313305078326,0.9358188217009333
502,0.9344066388943213,-1.018243384228923,-0.9403875457524379,-0.9306612672517115,-0.8978196676829275,-0.9325176447201795,-0.9508021047065939,0.9938073670467736,0.9318315476642455,0.9460666334175065,-0.9150299579049777,0.9365864382029016
503,0.932219002103868,-0.986602363337781,-0.9431544460059889,-0.9322202122963533,-0.9077034476031566,-0.9395476956436326,-0.9551068186934156,0.981657283439558,0.9323870746265878,0.9519826855679568,-0.9188475281149919,0.9413495970099867
