t,s1,s2,s3,s4,s5,s6,s7,s8,s9,s10,s11,s12
0,0.9932698556271377,-1.1793691983053545,-0.9842671446886998,-0.933463154967081,-0.9535778192329069,-0.9610061654327605,-0.9738812417404864,0.9781723757382624,0.9677610709051445,0.9873101980696276,-0.9271793054346583,0.9610123889450194
1,0.9804597762768542,-1.1832634777996482,-0.9719177028790641,-0.9240673510493772,-0.9396382813454123,-0.9546486934131457,-0.9612606030063949,0.9830700838590006,0.9584805028283687,0.9750520737089796,-0.916590424560166,0.9507381373032905
2,0.9893343646999819,-1.2325910180607103,-0.9749034540001278,-0.9548459822685815,-0.9718798530851925,-0.9701340219848522,-0.9679818268903644,1.016129613673987,0.9650814702632585,0.9850273735985299,-0.9317771089722668,0.9656968178544667
3,0.9986261828202578,-1.2544963402161156,-0.9827351886161123,-0.9641996525364301,-0.9770943990431058,-0.9807992017457173,-0.9756911783031272,1.0011539292278808,0.9687250735750914,0.99447215794198,-0.9408891196195274,0.9744161540178496
4,1.008369060072586,-1.2063046314742238,-0.9907857740996087,-0.9634201800141092,-0.9702779990981213,-0.9869484945808106,-0.9820406314336896,0.9443593523662414,0.9715844035283236,1.0003882100924306,-0.9556299564158601,0.9741012344272985
5,0.9910934953149856,-1.1710938543799774,-0.9781862170128164,-0.9665170032784647,-0.9722547550821671,-0.9744577435095273,-0.9668078139848675,0.9700723200001178,0.9615522401495551,0.9867877206378622,-0.9474096410001357,0.966779353946986
6,0.9775729978317199,-1.115113586649496,-0.9675250533239915,-0.9588908126546781,-0.9609395311734916,-0.9600133108604277,-0.9554981563285811,0.9760060817617824,0.9564871413752581,0.9738061659870778,-0.9350931006145421,0.9551863765198244
7,0.9802004172759241,-1.056861655880676,-0.9733246013130737,-0.9471355243450845,-0.9520100472455605,-0.9592926906063152,-0.9628748707514534,0.95858154325531,0.9632188210365816,0.9746903585639115,-0.942031604134933,0.9548124095060452
8,0.9668828964020819,-1.0177565992921378,-0.9575829710569934,-0.949516075561902,-0.9544639512257549,-0.9496523929846324,-0.9528566272912132,0.964797865100861,0.9543303896391061,0.9626171108329651,-0.9295478708934264,0.9470968795375438
9,0.9707056225462247,-0.9903343811864812,-0.9552068759240006,-0.9656111298065787,-0.9739588550684132,-0.9585720703522027,-0.956818920847265,0.9695071998323423,0.9562093778940872,0.9663628721130056,-0.9326130732518321,0.9575089085001388
10,0.9765017323930959,-0.9794628509315764,-0.9627572308531829,-0.9585748102807646,-0.9654383551371817,-0.9688048779606003,-0.9671991516200334,0.9389907107723547,0.9623691915647641,0.9723593054068045,-0.9378796482130928,0.9661691972402933
11,0.9764791794364932,-0.9843307002994425,-0.9652271192151098,-0.9626196406668612,-0.9718798530851925,-0.9734648889371945,-0.970799457863557,0.9345639361247651,0.9637253309140114,0.9719654378043969,-0.9399138279600346,0.9677634776674581
12,0.9848688792926648,-0.9968248470103049,-0.9649770039379525,-0.9847187400158999,-0.9992136168645833,-0.9875410045675254,-0.9765619045413708,0.9490686870977201,0.9728261696794415,0.9771339453217062,-0.9494438207470778,0.977821222090683
13,0.9929653907130024,-0.9913079510600535,-0.9736216132046978,-0.9833493963956065,-1.00313304683295,-1.0003840588741526,-0.9865507976789732,0.9335278824838386,0.9802767665861492,0.9839181138203204,-0.9545432028524252,0.983115807706823
14,0.9874173633887599,-0.9984474634662602,-0.9775452966151009,-0.971699442210651,-0.9963848108874144,-0.9976937432587993,-0.9875780589712833,0.909321901964037,0.981714601076917,0.9831625310728446,-0.9615374373247874,0.9786478860158795
15,0.9661612017907985,-1.0046134059988925,-0.9608032052503928,-0.9672543421509303,-0.9980548288739356,-0.9748100467448712,-0.9644010875285992,0.9413453781380942,0.9648690628953044,0.9632440837510834,-0.9559643421276861,0.9635317456694281
16,0.9394021187817997,-1.002990789542937,-0.9451397360184246,-0.9503166149091504,-0.9681989971149007,-0.9462734846820161,-0.9404120904929466,0.9404035111918,0.9456543656095847,0.9419270045350581,-0.9494716862230633,0.9452467269430563
17,0.9313958191878726,-1.0300884843574023,-0.9431075493915223,-0.9353381023856358,-0.9369458033671432,-0.9336706371267596,-0.9325462040261173,0.9290069211416192,0.9366025439290672,0.9379561760536417,-0.9482734707556865,0.9390861124529007
18,0.920457635235606,-1.0490730968920885,-0.9319930517628501,-0.9273116420882254,-0.9191890815104569,-0.916631971562855,-0.920512571744775,0.9362592966280967,0.9271259075126409,0.9301029383484921,-0.9420594696109186,0.9264499638820388
19,0.9040954652204113,-1.014998151317012,-0.922629361074279,-0.9208441268354561,-0.9103959255814256,-0.904173248058421,-0.9082147865596952,0.9572629295304944,0.9154761803317584,0.9222497006433428,-0.9368764910776145,0.9198169700060569
20,0.8989533911150157,-1.006722807391635,-0.9271001716534627,-0.9061394830360003,-0.8907306117401433,-0.9040451377910234,-0.9096920861324456,0.9404035111918,0.9162767927186632,0.9230293977338232,-0.9242812959321657,0.9165890442029082
21,0.8956944888859384,-1.0106170868859312,-0.9264123546412806,-0.9134918049357285,-0.8903557097431688,-0.9021234837800567,-0.9097507867777199,0.954908262164755,0.9157049267280167,0.9211886695511422,-0.9232502733207019,0.919069035978498
22,0.9008365629913337,-0.9755685714372804,-0.9157355587476339,-0.9265321695659045,-0.9162239475343882,-0.90769628041186,-0.9048003656928753,0.9842945108891864,0.9114077622840168,0.9180216525032111,-0.9163953662282674,0.9205255390847967
23,0.9059222547052228,-0.95934240687772,-0.9235516611587956,-0.9181475732447252,-0.9119977795684968,-0.9089293417355636,-0.9111106850599204,0.9541547686077176,0.9182701541717734,0.9198302282285525,-0.9156708638526442,0.9250525081989683
24,0.9020656991261763,-0.9666441809295225,-0.9254587901471193,-0.9166518286748662,-0.9065446596125089,-0.9048298131788347,-0.9195537945386187,0.9434174854199472,0.9242338995028003,0.9190505311380719,-0.9288512339937887,0.9250328257245591
25,0.8995284915083824,-0.9234825832010927,-0.9182367115192055,-0.9251838927705393,-0.9234493314760721,-0.9016911116275892,-0.9146816409808067,0.9653629852686391,0.9183845273699027,0.91591566654748,-0.9220520578533251,0.9218639473446388
26,0.9075347911023096,-0.9096903433254686,-0.929335576943055,-0.9324519473705564,-0.9194276555085307,-0.9084329144493972,-0.9247292347636841,0.9894747790938137,0.9228124040403364,0.9272574458739549,-0.9133858948218327,0.9201122071221985
27,0.9334255852821076,-0.9820590372611041,-0.9669466617455654,-0.9422269541369571,-0.9093053015902278,-0.9223809198123304,-0.9542067421325349,0.989945712566962,0.9541179822711515,0.9528588400304556,-0.9331982482475277,0.936114058817075
28,0.9380489413856431,-1.0130510115698652,-0.9596151576838958,-0.9441651020302948,-0.9070558896083832,-0.9238221603205554,-0.9556449079417682,1.0295041243113885,0.9483666443080792,0.9536787276926106,-0.935204562518484,0.9332010526044776
29,0.9415333731807465,-0.9893608113129067,-0.9552225081288233,-0.9584273425062714,-0.9295159274271094,-0.9386509237718482,-0.9602529085958433,1.0414658345293446,0.9461118584021019,0.957159231199601,-0.9446788243535561,0.9414480093820337
30,0.9510168914321447,-0.942304934090183,-0.9643517157450597,-0.9525707651764022,-0.9296522554260093,-0.953255494255195,-0.9676589733413528,1.012456332583432,0.9475006758079575,0.9658886233672493,-0.943842860073991,0.950226392968645
31,0.9497426493840971,-0.8869737129420845,-0.9727931063491142,-0.9558782566900331,-0.9474089772826956,-0.9584920014350792,-0.968363381084651,0.9973864614426989,0.9559316144129159,0.9689591830431624,-0.9460720981528314,0.9571939889095876
32,0.9280467051323849,-0.8770757525607521,-0.9500169839229892,-0.9577742709335161,-0.9557931492150273,-0.9392754613254124,-0.9427307659813028,1.01085515877473,0.9423375428638353,0.9484459152606224,-0.9319443018281798,0.94475466508282
33,0.9283398935682188,-0.9070941569959388,-0.9568013608158774,-0.95023234760944,-0.9544639512257549,-0.939355530242536,-0.9450592249105383,0.9956911009393673,0.9475170148362616,0.9470392452520237,-0.932055763732122,0.9419597537166794
34,0.9326926141925228,-0.9027130925648577,-0.954175150405727,-0.9400781379943429,-0.9458412052953493,-0.9391473510580146,-0.9403533898476717,0.9510466076849434,0.9458340949209308,0.9438722282040922,-0.9300215839851799,0.9442232382737651
35,0.934248768198103,-0.8269369040717112,-0.9409972017405086,-0.9461875172233434,-0.9424330053228561,-0.9357684427553982,-0.9322527007997433,0.9269348138597688,0.9415369304769304,0.9355447417531864,-0.9354274863263681,0.94969496615959
36,0.9282947876550135,-0.7920506502686585,-0.9214100490981374,-0.9292076563317083,-0.9161557835349382,-0.925343469745904,-0.9196614123882897,0.9100753955210718,0.9221425038798651,0.9228364829897868,-0.9250615292597598,0.9426486403210098
37,0.9278211755663587,-0.7472664360842732,-0.9233797069057503,-0.9165886282000834,-0.910941237577024,-0.9231816089835664,-0.9172644693729003,0.8809717068805294,0.9163094707752717,0.9202321339452951,-0.9324180149199335,0.9400111887501447
38,0.923998449422216,-0.7930242201422308,-0.9127810720362148,-0.9150296831554421,-0.9237901514733218,-0.9198507420312242,-0.910915016242338,0.888789202534785,0.9160317072941003,0.9124512392691593,-0.9250336637837744,0.9377280217186492
39,0.92429163785805,-0.8472196097711612,-0.9128592330603261,-0.9182529073693633,-0.9285957134345364,-0.9222528095449326,-0.9114237551680533,0.9060253676520008,0.9178943565207772,0.9133354318459929,-0.916869079320021,0.9342442237481781
40,0.9347111038084566,-0.8634457743307216,-0.9161732604826593,-0.923245744877201,-0.9214044114925765,-0.924879070026587,-0.9226453618564275,0.911770756024406,0.9218484013703895,0.9218076043549259,-0.9207423804820064,0.9332797825021152
41,0.9427174034023836,-0.8749663511680094,-0.9220978661103194,-0.9483995338407398,-0.9458071232956243,-0.9417095564059702,-0.9362247777966746,0.9845770709730755,0.9300015764941774,0.9401023525810471,-0.9344243291908898,0.9385350031694364
42,0.920570400018619,-0.9848174852362298,-0.9029015185885061,-0.9291233890319979,-0.947034075285721,-0.9383306481033538,-0.9415567530758058,0.9997411288084382,0.9255900388520475,0.9346203586046785,-0.9313869923084697,0.916667774100546
43,0.9110530523323169,-0.9896853346040981,-0.9100298039874858,-0.9204649239867597,-0.9269256954480153,-0.9373217797475962,-0.948307327282413,0.9572629295304944,0.929805508154527,0.9361958290143093,-0.9295478708934264,0.9137350854135392
44,0.9408004020911617,-0.9079054652239152,-0.9255369511712305,-0.9293551241062016,-0.9260054814554423,-0.943503100149539,-0.9540110733149519,0.9534012750506827,0.9372234270046264,0.9458817567878051,-0.9306903554088322,0.9209782359962139
45,0.9453786522814919,-0.9046602323120045,-0.9398247863788345,-0.9500216793601639,-0.9529302612381335,-0.9351599189852587,-0.9482290597553797,0.9643269316277152,0.9460301632605809,0.9490648500644059,-0.9378517827371072,0.9343426361202251
46,0.9590006380694693,-0.889732160917208,-0.958520903346333,-0.9659481990054198,-0.9412742173322084,-0.951926350230943,-0.9560655958995713,0.8974543784407077,0.9511116010631819,0.9581961479487969,-0.9409448505714983,0.9422353083584116
47,0.9591134028524823,-0.8537100755949849,-0.9586303287800898,-0.9591014809039542,-0.936195999373195,-0.9451365060588608,-0.9493150216929647,0.8921799235414509,0.9430074430243071,0.9524971248853874,-0.9273464982905714,0.9344016835434534
48,0.9404621077421225,-0.894762271930672,-0.9375893810892422,-0.9556886552656852,-0.9413764633313834,-0.9412131291198037,-0.929943808752266,0.8680681297162763,0.9221098258232566,0.9329162783656901,-0.9187360662110501,0.9273750401792826
49,0.9461341763276793,-0.9366257764943381,-0.9372298403783288,-0.9528235670755335,-0.9418195293278078,-0.9398839850955518,-0.9323994524129303,0.8638297284579459,0.9286617761732339,0.9385349202857511,-0.9249500673558178,0.9331026402324303
50,0.95158071534721,-0.9588556219409349,-0.9451553682232465,-0.9442704361549328,-0.9363664093718198,-0.9468980222355802,-0.9454701294274621,0.8355737200690707,0.9334164334097514,0.9450136404396411,-0.9322508220640204,0.9373540547048698
51,0.9395487129997168,-0.8598760181276194,-0.9318367297146266,-0.95503558369293,-0.9504763572579392,-0.9317489831157929,-0.9338474016630435,0.8975485651353374,0.9349523020703449,0.9315497989287654,-0.9292970816095568,0.933535654669438
52,0.9485698956407613,-0.8572798317980894,-0.9220822339054975,-0.95503558369293,-0.9704484090967461,-0.9319251347334648,-0.9278990696085255,0.9074381680714434,0.9305571034565192,0.9299662904047997,-0.9338670196711797,0.9292055102993607
53,0.956632577626195,-0.9388974395326765,-0.9264436190509253,-0.9206334585861806,-0.9612121871712903,-0.9328539341720987,-0.9235454384173083,0.8684448764947951,0.9183355102849902,0.9233187698498779,-0.9356504101342522,0.9076925657698405
54,0.9485698956407613,-1.0146736280258206,-0.92606844613519,-0.9031479938962829,-0.9482951092755436,-0.9232937054675394,-0.9222344573395032,0.8539401255218401,0.9183191712566859,0.9168239734673181,-0.9319164363521942,0.8969065697934663
55,0.9351621629405087,-1.0889894617086053,-0.9186275166397636,-0.9101211129473147,-0.9551115092205291,-0.9145341659342164,-0.915728469154875,0.8940636574340419,0.920802703558922,0.9071058932364833,-0.9277923459063395,0.8951745120454352
56,0.9296705180077728,-1.0547522544879333,-0.9216914287849395,-0.9031901275461381,-0.9366390653696186,-0.9140697662148994,-0.9180471446432312,0.8658076490451666,0.9205576181343591,0.9067281018627451,-0.921494748333615,0.8988551347600008
57,0.9273813929126078,-1.0117529184050993,-0.9230514306044817,-0.9098893778731111,-0.9345600633863979,-0.9168241369639517,-0.924152011751815,0.8571424731392465,0.917502219841477,0.9111651409755829,-0.9222749816612091,0.9079287554627538
58,0.9301441300964276,-0.9674554891575012,-0.9182679759288502,-0.9216025325328494,-0.9427056613206558,-0.9223488922454809,-0.9245824831504971,0.8843624278871953,0.9208517206438347,0.9111571028612481,-0.9191261828748472,0.9148176215060585
59,0.9417814557033753,-0.96193859320725,-0.931508453413358,-0.9284703174592426,-0.9493857332667415,-0.9310924179953792,-0.9370172365078849,0.9027288333399646,0.9396089251370368,0.9257141279216635,-0.9282381935221075,0.9229268009627486
60,0.9392104186506776,-0.9728101234621569,-0.9416224899334014,-0.9099104446980386,-0.9289024514320602,-0.9308041698937343,-0.938474969198877,0.8830438141623824,0.942304864807227,0.9280210667357658,-0.9277366149543684,0.9209191885729857
61,0.9287683997436683,-0.9577197904217646,-0.9329622484618342,-0.9175577021467527,-0.9386499033533894,-0.9268807929546773,-0.9315385096155662,0.8809717068805294,0.9338085700890518,0.919106797938416,-0.9293249470855424,0.9190493535040885
62,0.9245848262938839,-0.9457124286476918,-0.9245833866770692,-0.9160619575768938,-0.9358551793759454,-0.9244306840906947,-0.9286034773518238,0.8836089343301579,0.9278284857297207,0.9143803867095235,-0.9337555577672377,0.9134792132462165
63,0.9280015992191796,-0.9518783711803239,-0.926381090231636,-0.9002618388812035,-0.9342192433891492,-0.9222688233283574,-0.9295329042353423,0.8788054129040493,0.9321746672586336,0.9148064067692705,-0.9269285161507888,0.9114322359076343
64,0.9317002841020079,-0.9502557547243685,-0.9240831561227543,-0.9023053208991798,-0.9406266593374352,-0.926432407018785,-0.9268033242300623,0.8923682969307103,0.9291682860506636,0.9144286153955326,-0.9301051804131365,0.9093065286714147
65,0.9306290186633838,-0.9810854673875318,-0.9223167169778321,-0.9219396017316905,-0.9513965712505122,-0.9295390810031812,-0.918360214751364,0.9203417452356965,0.9201818204833629,0.9101603766837266,-0.937238742265426,0.9067674894725966
66,0.9297043474426767,-0.9658328727015459,-0.9299921295455932,-0.9171784992980558,-0.9403540033396355,-0.9325336585036043,-0.9280653881034714,0.8989613655547826,0.9300669326073937,0.9169123927250016,-0.9366257017937448,0.9136366730414919
67,0.9339443032839677,-0.9223467516819246,-0.9415286967044673,-0.9180001054702319,-0.9267552854493905,-0.9404764950822666,-0.9460864862028483,0.8888833892294147,0.9475170148362616,0.9326108300209657,-0.9378517827371072,0.9413495970099867
68,0.9154283259132235,-0.9093658200342771,-0.931211441521734,-0.9182739741942908,-0.9231085114788234,-0.9309482939445567,-0.9370368033896432,0.924109213020881,0.9457033826944973,0.9256980516929938,-0.9298265256532814,0.9443413331202218
69,0.9154396023915249,-0.9179656872508435,-0.9288197141839183,-0.9214971984082113,-0.9327196354012519,-0.9276974959093381,-0.9332995289738116,0.9175161443968086,0.943366901646999,0.9193720557114661,-0.93057889350489,0.936960405216681
70,0.923626325638273,-0.8777247991431351,-0.9383397269207137,-0.9149032822058765,-0.9200411315035799,-0.9342151057632001,-0.94037295672943,0.8778635459577552,0.9525657745822543,0.9259713475803787,-0.9330589208676002,0.9434359392973874
71,0.9185180809677813,-0.8303443986292199,-0.9253493647133625,-0.9121224613154352,-0.9228358554810239,-0.9236780362697329,-0.9286132607927032,0.9035765135916317,0.9418473720147098,0.9170008119826848,-0.9247550090239192,0.9332404175532963
72,0.9173114977895416,-0.8686381469897815,-0.9174863656877341,-0.9128808670128284,-0.9279481554397622,-0.9170163023650484,-0.9236334893852204,0.9245801464940294,0.9348706069288238,0.9167114398666304,-0.91241060316234,0.9247966360316456
73,0.9389510596497476,-0.9130978378829752,-0.9376050132940641,-0.9218974680818354,-0.9382068373569658,-0.9301956461235948,-0.9466147920103218,0.9273115606382876,0.95184685733687,0.9345801680330041,-0.9302723732690495,0.9406213454568372
74,0.9477805421596699,-0.9199128269979904,-0.9383240947158917,-0.9251838927705393,-0.9390588873500888,-0.930996335294831,-0.9492465376068103,0.9112998225512576,0.9433178845620864,0.9374578129648811,-0.9294642744654698,0.9420778485631359
75,0.9510507208670487,-0.973296908398942,-0.9340721350042189,-0.9459768489740673,-0.9529643432378585,-0.9295230672197564,-0.9433960399610845,0.9036707002862614,0.9398049934766871,0.9373050887925187,-0.92809886614218,0.9442035557993557
76,0.9516483742170179,-1.0268432514454915,-0.9386054744026929,-0.9311879378749017,-0.950646767256563,-0.9283860885966012,-0.9392967782327245,0.8837031210247875,0.935769253485554,0.9317989804731458,-0.9304117006489769,0.9265680587284956
77,0.9377219235149052,-1.0450165557521967,-0.9230514306044817,-0.904980807664983,-0.9412060533327585,-0.916808123180527,-0.9211778457245561,0.8634529816794272,0.9149043143411119,0.9116876184073482,-0.9301051804131365,0.8939935635808686
78,0.9369889524253202,-1.0367412118268218,-0.9132344059760623,-0.9052336095641144,-0.9547706892232795,-0.9131249529928409,-0.9138696153878381,0.8938752840447826,0.9094470788875146,0.9058037187142371,-0.9292692161335713,0.8894469119922875
79,0.9398080720006466,-1.0562126092982929,-0.9206753354714878,-0.9067082873090452,-0.9518055552472108,-0.9166639991297045,-0.9166285457157558,0.8787112262094198,0.912763901633264,0.9110284930318905,-0.9228880221328903,0.8915726192285073
80,0.9444314281041821,-1.044367509169816,-0.9300859227745273,-0.902853058347297,-0.9432168913165293,-0.9252153594785062,-0.9193287753983985,0.8484772972333238,0.9155415364449747,0.9142115863084916,-0.9253959149715859,0.9021027430375588
81,0.9382519179950665,-0.9479840916860302,-0.9131875093615948,-0.9224873391798077,-0.957940315197698,-0.9225890989968517,-0.9082245700005741,0.878334479430901,0.9056074072360314,0.9102568340557448,-0.9178165055035282,0.9088144668111787
82,0.9478594775077791,-0.9023885692736662,-0.9133125670001735,-0.9396568014957913,-0.9694259491049982,-0.9245107530078184,-0.9147109913034445,0.8956648312427464,0.9174532027565643,0.9179493094741973,-0.9255352423515134,0.9115109658052722
83,0.9446795106268108,-0.9057960638311726,-0.9292417837141209,-0.9415528157392743,-0.9450232373019503,-0.9261281451337153,-0.9237802409984078,0.8408481749683275,0.9228287430686405,0.9252077267185678,-0.9214390173816441,0.9113731884844063
84,0.9437210099711998,-0.8754531361047967,-0.9346192621730004,-0.9463349849978366,-0.9346963913852977,-0.9309803215114062,-0.9326929556393049,0.87428445156183,0.9295931007865723,0.9357055040398834,-0.92065878405405,0.9226512463210165
85,0.9464724706767185,-0.8595514948364278,-0.937120414944572,-0.9633569795393263,-0.942603415321481,-0.9403483848148688,-0.9405784089878918,0.9076265414607028,0.9348869459571281,0.9435346274020284,-0.9303559696970061,0.9299534443269197
86,0.9340457915886794,-0.8274236890084985,-0.9314771890037132,-0.9369181142552052,-0.9065787416122338,-0.9329660306560718,-0.946839811150542,0.9037648869808911,0.9310962913905574,0.9404962201834547,-0.9337276922912522,0.9264893288308577
87,0.9352749277235217,-0.8811322937006416,-0.931102016087978,-0.9339476919404154,-0.9173145715255859,-0.9425582869274804,-0.952005467934728,0.9221312924336603,0.9371580708914096,0.9490648500644059,-0.9430347612704113,0.9296778896851875
88,0.9326475082793175,-0.8652306524322727,-0.9102799192646432,-0.9326836824447601,-0.925392005460393,-0.9450564371417371,-0.9427601163039404,0.9319267086751366,0.9302303228904357,0.9417340897910217,-0.9426167791306287,0.9242652092225907
89,0.9361657695093251,-0.8441366385048462,-0.9130937161326617,-0.9354434365102738,-0.9355825233781457,-0.9391153234911651,-0.9366943829588732,0.9612187707049383,0.9237273896253706,0.9374497748505463,-0.9338948851471652,0.9315083598052656
90,0.9269416102588569,-0.8960603650954382,-0.9109052074575359,-0.9307876682012771,-0.9315608474106052,-0.9277455372596123,-0.9234769543311545,0.9689420796645642,0.9184989005680322,0.9251273455752195,-0.9141382626734413,0.9287724958623531
91,0.9097900867625707,-0.8898944225628037,-0.9015571489737867,-0.9266375036905424,-0.938922559351189,-0.914678289985039,-0.9062678818247462,0.9715793071141927,0.9062119512832864,0.9050159835094219,-0.9085094365243693,0.9224347391025126
92,0.8986376497225792,-0.8433253302768674,-0.9017447354316548,-0.9174734348470424,-0.9444097613069019,-0.9067674809732261,-0.9012391932128678,0.948786127013831,0.9075354125759251,0.8988668260432608,-0.9086487639042968,0.9218639473446388
93,0.8969800074122872,-0.7909148187494881,-0.9048555441912972,-0.9145030125322525,-0.9273346794447138,-0.9060628745025383,-0.8999771293394588,0.9096044620479233,0.9027970943677123,0.8985211871268621,-0.9031313996591664,0.9240880669529058
94,0.9038022767845773,-0.7975675462189076,-0.9074973868062695,-0.9217921339571978,-0.9188482615132072,-0.9074560736604892,-0.9012098428902307,0.9061195543466305,0.9082870078779174,0.9014309845160783,-0.9112959841229198,0.9309769329962106
95,0.9087413742805492,-0.8786983690167074,-0.9091700327222585,-0.9361807753827395,-0.9279481554397622,-0.907808376895833,-0.9071190411812314,0.9131835564438486,0.9164238439734006,0.9081910386716882,-0.907116162725094,0.9405229330847901
96,0.9173227742678429,-0.9074186802871302,-0.9356509876912739,-0.9322834127711361,-0.9262099734537911,-0.9213240101062986,-0.927556649177756,0.8984904320816343,0.9372724440895385,0.9265259774694836,-0.9082029162885287,0.9432981619765215
97,0.9327151671491254,-0.8955735801586509,-0.9501733059712125,-0.9417424171636222,-0.9403540033396355,-0.9369054213785535,-0.9397663833949231,0.9330569490106901,0.9478601344306494,0.9409865451578807,-0.9210489007178471,0.9456797413800639
98,0.9343051505896096,-0.8741550429400305,-0.936119953835944,-0.9414896152644915,-0.9460797792934231,-0.9336866509101843,-0.932722305961942,0.9617838908727139,0.9405565887786794,0.9365253917020383,-0.9197670888225137,0.9362715186123505
99,0.940665084351546,-0.866366483951443,-0.9511268704653739,-0.9387930616737605,-0.9352417033808971,-0.9468019395350319,-0.9437580272736127,0.9469965798158697,0.9473209464966112,0.9480440095438799,-0.9245320852160352,0.9460537083938434
100,0.9441495161466495,-0.8665287455970389,-0.9669466617455654,-0.9443336366297156,-0.9314926834111552,-0.9577233398306925,-0.9612899533290327,0.9593350368123448,0.9557028680166575,0.9632119312937439,-0.9376845898811942,0.9550485991989585
101,0.9459875821097623,-0.8931396554747167,-0.9628197596724722,-0.9670647407265819,-0.9517714732474858,-0.9527590669690286,-0.9621215458037591,1.0295041243113885,0.9474026416381323,0.9645060677016549,-0.9426167791306287,0.9560327229194305
102,0.9508251913010225,-0.9134223611741666,-0.9571452693219689,-0.9671911416761475,-0.9530325072373084,-0.9511897161934058,-0.9607616475215586,1.0616217871800753,0.9421414745241854,0.9616043084267737,-0.9423659898467591,0.9537495558879351
103,0.9490773371643201,-0.931595665480874,-0.9619756206120669,-0.9483574001908847,-0.9236538234744219,-0.948755621112848,-0.9675220051690452,1.0088772381875069,0.9460465022888851,0.9629627497493636,-0.9381025720209767,0.9436524465158913
104,0.9408680609609695,-0.9690781056134566,-0.9544565300925292,-0.9494739419120467,-0.9239605614719466,-0.9385228135044504,-0.9582277363338616,1.0303518045630529,0.9430891381658281,0.9544584247830911,-0.9342571363349768,0.9390861124529007
105,0.9446907871051121,-0.9908211661232684,-0.9649770039379525,-0.9528657007253881,-0.9255624154590179,-0.932950016872647,-0.9594017492393581,1.0269610835563896,0.9543630676957144,0.957159231199601,-0.9342571363349768,0.9429438774371515
106,0.9391314833025685,-0.9570707438393815,-0.9664464311912515,-0.9313143388244668,-0.910021023584451,-0.9279377026607091,-0.9531892642811038,0.9655513586578984,0.952908894176642,0.9534536604912347,-0.921661941189528,0.9359565990217996
107,0.9220250657194875,-0.908067726869511,-0.9497512364410099,-0.9297764606047532,-0.9264826294515908,-0.9264163932353603,-0.9405979758696501,0.9636676247653074,0.9376645807688393,0.9417501660196914,-0.9184852769271804,0.9312918525867617
108,0.905268218963747,-0.8942754869938848,-0.9234422357250397,-0.9204017235119769,-0.9365709013701686,-0.913925642164077,-0.9226355784155481,0.9559443158056815,0.9217503672005647,0.9227400256177685,-0.9147513031451225,0.9220804545631426
109,0.8992691325074523,-0.9249429380114544,-0.9232859136768163,-0.8953322018481485,-0.9191890815104569,-0.9097940860404986,-0.9177829917394944,0.9153498504203287,0.9193812080964581,0.9163095341498876,-0.9149184960010356,0.9186163390670808
110,0.9014003869063992,-0.9710252453606035,-0.9268187919666614,-0.8937100563287245,-0.9215066574917513,-0.9103385546769391,-0.9180373612023524,0.9044241938432962,0.9237437286536748,0.9151681219143387,-0.9190425864468905,0.9169433287422782
111,0.88137336144328,-0.9955267538455388,-0.9089980784692123,-0.8947633975751037,-0.9097824495863772,-0.8867022103420491,-0.8967290269675842,0.9411570047488348,0.9069472075569744,0.8990838551303019,-0.9126892579221951,0.902240520358425
112,0.8733106794578464,-0.9786515427035976,-0.9046992221430739,-0.8859574647553723,-0.8904238737426187,-0.8770779265037909,-0.8895871151258115,0.9458663394803162,0.9024703138016282,0.8965036204288145,-0.9004563139645579,0.894544672864333
113,0.8901690145182987,-0.950418016369962,-0.917204986000932,-0.8870108060017515,-0.8892310037522461,-0.888896098671236,-0.901464212353088,0.9354116163764322,0.9081072785665717,0.9111249504039088,-0.9002333901566738,0.904070990478503
114,0.8931685577464459,-0.9786515427035976,-0.9186118844349417,-0.9000722374568556,-0.8926392037247393,-0.8932678615461852,-0.9048101491337541,0.9734630410067837,0.90813995662318,0.9146295682539038,-0.8990073092133117,0.9052716214174791
115,0.9027648407808572,-0.991632474351245,-0.9264123546412806,-0.9164411604255907,-0.9174508995244858,-0.9058226677511675,-0.9122749145245385,1.000117875586957,0.914299770293857,0.9207948019487345,-0.9060015436856735,0.9132627060277126
116,0.9130151595567442,-0.9702139371326269,-0.9389181184991398,-0.9101843134220969,-0.9205182794997284,-0.91403773864805,-0.9176851573307029,0.9848596310569645,0.9217340281722605,0.9245405632287752,-0.9176493126476152,0.9181833246300732
117,0.9247539734684036,-0.9705384604238185,-0.9481254871394883,-0.9198961197137149,-0.9303338954205075,-0.9258879383823445,-0.92853499326567,1.0021899828688074,0.9335798236927935,0.9353598651234849,-0.925507376875528,0.9237928298367641
118,0.9250922678174426,-0.9762176180196634,-0.9405282355958384,-0.9274591098627186,-0.9323447334042783,-0.9240623670719261,-0.9235356549764294,1.0002120622815867,0.9308512059659948,0.9361797527856396,-0.923807582840412,0.9253280628407006
119,0.9206944412799335,-0.9849797468818255,-0.940575132210306,-0.915408886004139,-0.9065787416122338,-0.9145982210679153,-0.9207278074441156,0.956509435973457,0.9256063778803517,0.9328921640226856,-0.9235846590325281,0.9195807803131437
120,0.9085609506277283,-1.0128887499242696,-0.9344316757151332,-0.9023263877241073,-0.8898103977475704,-0.9039650688738997,-0.9148283925939943,0.9452070326179084,0.917959712633994,0.9249022783738435,-0.9235567935565426,0.9123769946792877
121,0.9048960951798038,-1.0310620542309767,-0.9261935037737679,-0.914313411107904,-0.9071581356075572,-0.9004420365204608,-0.908420238818157,0.987873605285109,0.9135154969352562,0.9188576163940355,-0.9273743637665569,0.9155261905847983
122,0.906925861274039,-1.0273300363822766,-0.9304610956902626,-0.9137867404847144,-0.9042270836312144,-0.9049098820959584,-0.914906660121027,0.9772305087919683,0.9192014787851118,0.9228043305324474,-0.9229994840368325,0.9212734731123555
123,0.9232429253760285,-1.0192169541024976,-0.9468592785488802,-0.9187585111676252,-0.9014664416534945,-0.9217083409084921,-0.9312547898300712,0.9741223478691915,0.9328609064474092,0.9375462322225643,-0.9344800601428609,0.9313312175355803
124,0.9155974730877432,-1.0351185953708664,-0.9334781112209709,-0.9265743032157596,-0.9112479755745486,-0.9157031721242211,-0.9207571577667534,0.9846712576677051,0.9234169480875912,0.9291705170856496,-0.9294642744654698,0.9263121865611728
125,0.9068356494476285,-1.0320356241045492,-0.9253649969181852,-0.9243201529485079,-0.9184051955167837,-0.9099221963078964,-0.9124412330194838,0.9418163116112426,0.913580853048473,0.9200633335442631,-0.9320836292081075,0.9236156875670792
126,0.923626325638273,-1.001854958023769,-0.9373392658120848,-0.9279857804859082,-0.9279481554397622,-0.9264804483690593,-0.9269696427250076,0.9180812645645867,0.9293806934186182,0.931517646471426,-0.9417250838990926,0.9314493123820372
127,0.9320273019727457,-0.9833571304258701,-0.9406845576440619,-0.9361386417328843,-0.9471363212848959,-0.9338307749610069,-0.9309319362810594,0.940686071275689,0.9321583282303294,0.9352634077514665,-0.9381304374969621,0.9338308917855797
128,0.9304937009237682,-0.9882249797937386,-0.941356742451422,-0.9385613265995569,-0.9612803511707403,-0.9397078334778799,-0.9313526242388626,0.95858154325531,0.9355405070892951,0.9351508741507788,-0.936848625601629,0.9370785000631375
129,0.9436082451881868,-0.986602363337781,-0.953377907959789,-0.940394140368257,-0.9554182472180528,-0.950485109722718,-0.9438852120050414,0.944453539060871,0.9438080554112119,0.9464363866769097,-0.9433412815062518,0.9447349826084106
130,0.9441833455815534,-0.9758930947284719,-0.9490790516336497,-0.9420373527126087,-0.9486359292727933,-0.948691565979149,-0.9431808042617431,0.9348464962086541,0.9416839817316682,0.9474652653117707,-0.9402482136718606,0.9421172135119549
131,0.9402591311326989,-0.9758930947284719,-0.9388243252702057,-0.9470512570453742,-0.9508171772551879,-0.9426863971948782,-0.934473541879308,0.9561326891949409,0.9360306779384207,0.9414849082466413,-0.9369043565536,0.9398340464804594
132,0.9464386412418145,-0.9995832949854306,-0.9451866326328912,-0.9461453835734882,-0.9439326133107534,-0.9469780911527038,-0.942613364690753,0.9516117278527189,0.9419780842411434,0.9502143004142897,-0.9380189755930203,0.9442429207481746
133,0.9434390980136672,-0.9789760659947891,-0.9467967497295908,-0.9350010331867946,-0.9296863374257343,-0.9439034447351571,-0.9387782558661298,0.9459605261749459,0.9390370591463907,0.9497802422402077,-0.9334769030073826,0.9421565784607738
134,0.9372370349479491,-0.9818967756155084,-0.9393089236196978,-0.9397621356204293,-0.9377978533602662,-0.9373538073144457,-0.9323211848858971,0.9684711461914158,0.9361613901648542,0.943775770832074,-0.9361519887019913,0.9377673866674682
135,0.9346434449386486,-0.9895230729585024,-0.938808693065383,-0.9355909042847671,-0.9354461953792469,-0.9338788163112809,-0.9298753246661122,0.9702606933893771,0.9350503362401696,0.9409061640145321,-0.9399695589120056,0.9359565990217996
136,0.935579392637657,-0.9689158439678609,-0.941356742451422,-0.9239620169247391,-0.9216770674903761,-0.9327578514715503,-0.9324092358538097,0.9395558309401328,0.9350503362401696,0.9415974418473293,-0.9315541851643827,0.9327483556930602
137,0.9421986854005235,-0.9681045357398843,-0.9409972017405086,-0.9402256057688362,-0.9420581033258825,-0.9418536804567926,-0.9355105866124969,0.9785491225167812,0.9377462759103598,0.9471115882810371,-0.9315263196883972,0.9399521413269163
138,0.940845508004367,-0.9810854673875318,-0.9422946747407615,-0.9447339063033396,-0.9512261612518874,-0.9408127845341857,-0.933358229619086,1.0054865171808436,0.9379913613349228,0.9472562743390646,-0.9313312613564987,0.9381610361556568
139,0.9300764712266198,-0.9713497686517951,-0.9429981239577663,-0.9253945610198148,-0.9244036274683701,-0.9310924179953792,-0.926441336917534,0.9783607491275218,0.9283840126920629,0.9387037206867829,-0.925284453067644,0.9293826525690458
140,0.9254192856881804,-0.96826679738548,-0.9388555896798504,-0.9231193439276354,-0.9193254095093567,-0.9256637454143984,-0.9248759863768716,0.9697897599162287,0.9255410217671349,0.9342666815739451,-0.9187639316870354,0.9256232999568422
141,0.9199050877988421,-0.985304270173017,-0.9277098276415334,-0.9298185942546083,-0.9353439493800719,-0.9228132919647979,-0.9171862018458671,0.9875910452012227,0.919822361860671,0.927144912273267,-0.9173706578877602,0.9227299762186543
142,0.9348802509829761,-1.0052624525812754,-0.9470156005971035,-0.9307666013763495,-0.9440689413096524,-0.9389231580900685,-0.9357747395162337,0.9446419124501304,0.9388083127501319,0.9398210185793272,-0.9282939244740785,0.936074693868256
143,0.9229271839835919,-0.983519392071466,-0.9396371999209665,-0.9135339385855837,-0.9341510793896993,-0.9272811375402953,-0.9283491078889664,0.9176103310914383,0.933007957702147,0.9289454498842737,-0.9235010626045715,0.9274144051281016
144,0.8917026155672761,-0.9870891482745682,-0.9166734910369734,-0.906476552234842,-0.9193254095093567,-0.8962624390466083,-0.9076375635478257,0.9423814317790207,0.9176656101245189,0.9086411730744398,-0.9179836983594414,0.9103103348662961
145,0.8667364926081851,-0.9815722523243191,-0.9058247408902805,-0.8855571950817483,-0.899251111671375,-0.8719695295913045,-0.891719905237464,0.9277824941114333,0.9021271942072405,0.8929507738928103,-0.9147791686211081,0.8965326027796867
146,0.877685953038753,-0.9434407656093533,-0.9161732604826593,-0.8851358585831962,-0.897308437687054,-0.8847965701145071,-0.9052406205324363,0.9006567260581142,0.9105908108688072,0.9028858832106862,-0.9162281733723545,0.9089128791832259
147,0.8782272239972158,-0.9513915862435366,-0.9129686584940829,-0.8938996577530723,-0.9008529656584462,-0.8822183509831268,-0.9038415884867191,0.9260871336081017,0.9044963533113471,0.9035208942431396,-0.9147791686211081,0.9123769946792877
148,0.8911726210871147,-0.9452256437109045,-0.9255838477856979,-0.9076352276058594,-0.9129861575605197,-0.8989847822288111,-0.9190744059355412,0.942287245084391,0.9165382171715301,0.9193399032541266,-0.9162281733723545,0.9177109452442465
149,0.9068694788825324,-0.9380861313046976,-0.9392776592100531,-0.9202542557374837,-0.8980923236807272,-0.90711978420857,-0.9330255926291954,0.9696955732215992,0.9270115343145116,0.9336477467701616,-0.9128285853021226,0.9205452215592063
150,0.9160485322197953,-0.9272146010497929,-0.9463121513800987,-0.9298185942546083,-0.9121681895671216,-0.9134452286613353,-0.9389543578019545,0.9620664509566028,0.9369293244951508,0.9380365571969903,-0.9154479400447603,0.9252296504686535
151,0.9257124741240144,-0.9392219628238657,-0.9505484788869478,-0.9386455938992673,-0.9218815594887259,-0.9124043327387283,-0.9402164216753636,0.9638559981545668,0.9471575562135697,0.9405042582977896,-0.9196834923945573,0.928595353592668
152,0.936537893293268,-0.9976361552382814,-0.962053781636178,-0.9326415487949049,-0.9114183855731735,-0.9160394615761404,-0.9488160662081283,0.9664932256041953,0.9518305183085658,0.945552194100076,-0.921160362621789,0.9297566195828251
153,0.9302794478360433,-0.983519392071466,-0.9617255053349094,-0.93687598060535,-0.9167010955305366,-0.9148224140358615,-0.9490508687892278,0.9802444830201128,0.945392941156718,0.9449171830676228,-0.9226372328490208,0.9287921783367625
154,0.9031933469563067,-0.9655083494103543,-0.9323682246785862,-0.9303031312279427,-0.9295840914265593,-0.8953656671748239,-0.9179395267935608,1.0073702510734346,0.9204432449362301,0.9125959253271865,-0.905360637738007,0.9063147925611794
155,0.9258590683419313,-0.9937418757439876,-0.94195076623467,-0.9401834721189809,-0.9293795994282096,-0.9218044236090404,-0.9382890838221728,1.0163179870632462,0.9373378002027553,0.9354965130671773,-0.9202408019142673,0.9208404586753479
156,0.9443750457126756,-1.00623602245485,-0.9568482574303449,-0.9491158058882779,-0.9265507934510407,-0.9454247541605058,-0.9642836862380494,1.0142458797813934,0.9499678690818889,0.9594420556706988,-0.9320836292081075,0.9402670609174674
157,0.9430895271863267,-0.9901721195408855,-0.9560510149844059,-0.961081762447147,-0.943455465314604,-0.9486435246288749,-0.9659957883918988,1.0341192723482375,0.9506541082706648,0.9658805852529145,-0.9314984542124118,0.9531590816556521
158,0.9522009216537818,-0.9171543790228647,-0.965602292130846,-0.9691924900442686,-0.9569519372056751,-0.9548889001645166,-0.9681187950626725,1.046646102733972,0.9518141792802616,0.9717644849460256,-0.935037369662571,0.9605203270847834
159,0.9677060793180773,-0.8946000102850763,-0.9731213826503828,-0.968897554495282,-0.9474771412821456,-0.9608300138150886,-0.9723354580815823,1.0203680149323173,0.9555721557902239,0.9735167938710231,-0.9332261137235132,0.9608352466753343
160,0.9709537050688534,-0.9009282144633043,-0.9665558566250074,-0.9658639317057094,-0.9377978533602662,-0.9611663032670078,-0.9660838393598115,0.9806212297986315,0.9547552043750148,0.9685894297837594,-0.9362355851299478,0.9575679559233669
161,0.9456041818475179,-0.9345163751015955,-0.9542376792250163,-0.9607236264233783,-0.9567133632076004,-0.9465777465670857,-0.946790893946146,0.9842945108891864,0.9503763447894938,0.9528829543734602,-0.9281267316181655,0.946132438291481
162,0.9316100722755974,-0.9427917190269702,-0.950923651802684,-0.9410261451160846,-0.9457730412958995,-0.9338628025278563,-0.9381912494133818,0.9687537062753049,0.943530291930041,0.9412518029309308,-0.9148070340970936,0.9370194526399094
163,0.933403032325505,-0.8864869280052973,-0.9432169748252782,-0.9275223103375014,-0.9296522554260093,-0.9296191499203048,-0.9329081913386456,0.9316441485912476,0.9390043810897822,0.93697552610479,-0.9158937876605283,0.9359959639706182
164,0.9314973074925843,-0.85062710432867,-0.9203626913750419,-0.920127854787918,-0.9223587074848744,-0.9231015400664428,-0.925560827238411,0.932115082064396,0.9328445674191049,0.9285596203962007,-0.9195441650146295,0.9332010526044776
165,0.9233105842458363,-0.8159031121712107,-0.9030734728415523,-0.8974599511658345,-0.8972402736876042,-0.9110271473642022,-0.9131358573219026,0.9029172067292239,0.9145775337750284,0.9134479654466807,-0.9135530876777458,0.9241667968505437
166,0.916623632613162,-0.8269369040717112,-0.8931313905745542,-0.8844195865356587,-0.8829939978025849,-0.9060308469356889,-0.9047123147249626,0.8881298956723799,0.9017350575279401,0.9029341118966954,-0.9125777960182531,0.9155655555336173
167,0.9090909451078898,-0.844785685087227,-0.894335070345873,-0.9033165284957038,-0.920859099496978,-0.9036127656385559,-0.8991651037464902,0.9590524767284584,0.9009998012542516,0.897612880207024,-0.9152807471888473,0.9216277576517256
168,0.9100381692851994,-0.8722079031928837,-0.908935549649923,-0.9181475732447252,-0.946147943292873,-0.9125164292227014,-0.9081071687100243,0.9682827728021565,0.9113750842274084,0.9032395602414198,-0.9176493126476152,0.9286150360670774
169,0.9156538554792497,-0.8715588566105007,-0.9243801680143792,-0.9213286638087905,-0.9432509733162543,-0.9203791968842401,-0.9167165966836684,0.9414395648327238,0.9224529454176444,0.9124512392691593,-0.9232224078447163,0.9341458113761307
170,0.9087413742805492,-0.8967094116778189,-0.9106394599755566,-0.9242990861235802,-0.9465910092892975,-0.9174166469506664,-0.9091050796796971,0.9557559424164221,0.9113260671424958,0.9081830005573532,-0.9160331150404559,0.9268436133702277
171,0.9198938113205407,-0.9212109201627542,-0.915329121422254,-0.9438701664813088,-0.9598148251825689,-0.9294750258694824,-0.9244650818599474,0.9596175968962338,0.9244299678424507,0.9259633094660439,-0.9362634506059333,0.9375902443977833
172,0.9358951340300936,-0.889732160917208,-0.9250054562072718,-0.9252681600702497,-0.9268575314485653,-0.9401562194137721,-0.941204549204157,0.9230731593799546,0.9316354793245955,0.9411633836732474,-0.9380189755930203,0.932512166000147
173,0.9519528391311531,-0.8933019171203125,-0.9358229419443191,-0.937887188201874,-0.9297545014251841,-0.9526789980519049,-0.9588049593457306,0.9373895369636529,0.9445759897415085,0.9580434237764347,-0.9512829421621211,0.9346772381851857
174,0.9571400191497539,-0.8799964621814735,-0.9451241038136018,-0.9586169439306198,-0.9386839853531143,-0.9538800318087591,-0.9617693419321103,0.9445477257555007,0.9470268439871361,0.9618695661998238,-0.9493323588431356,0.9411134073170734
175,0.9616055045570708,-0.86571743736906,-0.9658524074080026,-0.9689607549700648,-0.9429783173184555,-0.9567785266086338,-0.9647826417228859,0.915538223809588,0.9526474697237753,0.9667406634867436,-0.9350095041865855,0.9478841785139215
176,0.9488518075982941,-0.8558194769877275,-0.953284114730855,-0.9590382804291714,-0.9389907233506389,-0.9412291429032285,-0.9417915556569054,0.8794647197664571,0.9331386699285805,0.9457531469584473,-0.9206030531020789,0.9338112093111701
177,0.9424129384882485,-0.8858378814229142,-0.9417944441864475,-0.9644103207857062,-0.9586219551921962,-0.9434390450158402,-0.9290437321913853,0.8712704773336828,0.9188910372473325,0.934330986488624,-0.9222749816612091,0.9300715391733763
178,0.9401576428279872,-0.9040111857296215,-0.9326965009798549,-0.9568894642865577,-0.9654042731374567,-0.9361047322073174,-0.9215300495962054,0.8749437584242378,0.913940311671165,0.9265902823841622,-0.9198785507264557,0.9214506153820406
179,0.9367521463809929,-0.8882718061068484,-0.9275691377981329,-0.9273327089131529,-0.9518737192466606,-0.9260801037834412,-0.9199940493781802,0.8595913271996156,0.9137279043032104,0.9191791409674295,-0.9161724424203834,0.9151719060454285
180,0.9274039458692104,-0.9424671957357788,-0.9136564755062649,-0.9158302225026906,-0.9423648413234063,-0.9126445394900992,-0.910856315597063,0.8733425846155332,0.9062773073965031,0.9072907698661848,-0.9108501365071516,0.9047598770828336
181,0.9244833379891721,-0.9796251125771699,-0.9115148634456067,-0.9148822153809488,-0.9439326133107534,-0.907231880692543,-0.9082147865596952,0.8934985372662664,0.9073230052079709,0.9051928220247886,-0.9111566567429923,0.905842413175353
182,0.9310575248388334,-0.9757308330828761,-0.924896030773515,-0.903463996270197,-0.9242332174697453,-0.9158953375253178,-0.9221855401351077,0.8590262070318375,0.9161624195205339,0.9156182563170904,-0.9092896698519632,0.9134004833485786
183,0.9383985122129834,-0.980274159159553,-0.9324932823171649,-0.9105424494458663,-0.9259713994557174,-0.923501884652061,-0.929170916922814,0.8677855696323873,0.9180087297189067,0.9227078731604292,-0.9080914543845867,0.9213128380611744
184,0.9399208367836599,-0.9827080838434872,-0.9313677635699573,-0.9240462842244496,-0.9403540033396355,-0.9275213442916662,-0.9328788410160084,0.8902961896488599,0.9238744408801084,0.9258668520940255,-0.9159495186124993,0.9257807597521179
185,0.9430556977514228,-0.9635612096632075,-0.9411222593790873,-0.916104091226749,-0.9293795994282096,-0.9328539341720987,-0.9404805745791004,0.8842682411925656,0.9312596816735994,0.9325867156779611,-0.9128843162540937,0.9286150360670774
186,0.9468333179823601,-0.9617763315616541,-0.9456087021630939,-0.9148400817310937,-0.929004697431235,-0.9373698210978705,-0.947045263409004,0.868162316410906,0.9397232983351661,0.9361074097566261,-0.9177607745515574,0.9305242360847933
187,0.9447471694966187,-0.950418016369962,-0.9359323673780761,-0.9256894965688013,-0.9486018472730683,-0.938026386218284,-0.9419383072700924,0.894911337685709,0.9402951643258127,0.931461379671082,-0.9244484887880787,0.931665819600541
188,0.9318581547982261,-0.9447388587741171,-0.9274284479547322,-0.9074245593565833,-0.92453995546727,-0.9250872492111084,-0.929806840579958,0.8691983700518325,0.928547402975105,0.9206099253190331,-0.9103206924634271,0.9184195143229865
189,0.932331766886881,-0.9345163751015955,-0.9364013335227453,-0.9064976190597697,-0.9227336094818489,-0.9268167378209785,-0.9360486758608498,0.8560122328036903,0.9331223309002763,0.9242753054557252,-0.9201850709622963,0.919954747326923
190,0.9276181989569351,-0.9375993463679104,-0.9298514397021918,-0.9095944423241246,-0.9270620234469141,-0.9246869046254904,-0.9294839870309468,0.8663727692129447,0.9266520756918196,0.9174589844997714,-0.9199342816784266,0.9152900008918851
191,0.9321626197123614,-0.9547990808010454,-0.9336344332691944,-0.9224241387050255,-0.9375251973624665,-0.9307721423268848,-0.9320081147777649,0.8811600802697888,0.9305897815131277,0.9212610125801559,-0.928433251854006,0.9218639473446388
192,0.9331549498028764,-0.9340295901648081,-0.9369640928963495,-0.9086253683774558,-0.9248807754645195,-0.9300355082893477,-0.9334560640278775,0.8531866319648026,0.929086590909143,0.9198704188002267,-0.927764480430354,0.9175338029745616
193,0.9283624465248215,-0.938572916241485,-0.9301171871841711,-0.915198217754863,-0.9277095814416885,-0.9269448480883763,-0.9266663560577543,0.8667495159914634,0.9255573607954392,0.9149269784842934,-0.9257024352074266,0.912219534884012
194,0.9302343419228382,-0.9457124286476918,-0.9274909767740216,-0.9247625562719877,-0.9422285133245064,-0.9285141988639989,-0.9245922665913765,0.8824786939946043,0.9241031872763672,0.9143723485951886,-0.9292134851816002,0.9124163596281066
195,0.9355117337678492,-0.9330560202912336,-0.9381834048724902,-0.9230772102777802,-0.9326855534015269,-0.9344072711642968,-0.9341115545667803,0.8805007734073836,0.9315701232113787,0.9229168641331353,-0.9302166423170785,0.9188328462855847
196,0.942694850445781,-0.9640479945999926,-0.9409190407163974,-0.9228033415537219,-0.9295159274271094,-0.9370655592128007,-0.9393261285553617,0.8704227970820158,0.9349686410986491,0.9279889142784263,-0.9326130732518321,0.9204468091871589
197,0.9391765892157735,-0.985304270173017,-0.9292261515092991,-0.9240462842244496,-0.9447505813041516,-0.9295390810031812,-0.926441336917534,0.8929334170984883,0.9217503672005647,0.9197016183991948,-0.9251729911637018,0.9117865204470044
198,0.9476452244200543,-1.0172698143553507,-0.9356978843057413,-0.92413055152416,-0.9429783173184555,-0.9369054213785535,-0.9345518094063412,0.8877531488938611,0.9291682860506636,0.927305674559964,-0.9319443018281798,0.9150734936733813
199,0.9495960551661802,-1.0352808570164622,-0.9381834048724902,-0.9168624969241422,-0.9385476573542144,-0.9337186784770338,-0.9356182044621678,0.8690099966625732,0.9291029299374468,0.9291222883996404,-0.9290462923256871,0.9129477864371616
200,0.9450741873673566,-1.0406354913211155,-0.9214725779174266,-0.9162726258261699,-0.9449550733025004,-0.9276974959093381,-0.9242498461606066,0.8926508570145993,0.9174041856716517,0.9194685130834841,-0.9239747756963252,0.9038938482088181
201,0.9457507760654349,-1.053129638031978,-0.9178146419890029,-0.9145662130070353,-0.9518396372469358,-0.9236620224863081,-0.9246118334731348,0.8902961896488599,0.9157866218695377,0.9197257327421994,-0.9232781387966874,0.899662116210788
202,0.9499456259935207,-1.0510202366392354,-0.9243801680143792,-0.9094680413745595,-0.9421603493250564,-0.9264003794519355,-0.9316656943469949,0.861663434481466,0.9220117916534315,0.9261401479814105,-0.9237239864124556,0.9020240131399212
203,0.9433714391438595,-1.0203527856216656,-0.9149383163016951,-0.9139974087339905,-0.9493516512670165,-0.9182333499053272,-0.9240150435795069,0.8835147476355282,0.9163911659167927,0.9179895000458717,-0.9244206233120932,0.8990913244529143
204,0.9337977090660508,-1.0138623197978418,-0.9000095606963764,-0.9155774206035594,-0.9527598512395087,-0.912484401655852,-0.9143881377544328,0.9000916058903362,0.9111626768594538,0.9088662402758156,-0.9253959149715859,0.8912773821123656
205,0.9293773295719389,-1.0002323415678114,-0.9012601370821627,-0.8987871611362728,-0.9378319353599912,-0.9090414382195368,-0.9112672201139869,0.8713646640283125,0.9088588738685639,0.9059484047722647,-0.920491591198137,0.8856088294824463
206,0.9277422402182495,-0.9830326071346787,-0.8993842725034837,-0.9013994474272932,-0.9423307593236813,-0.9088813003852895,-0.908713742044531,0.8647715954042428,0.9059668658587238,0.9031270266407317,-0.9214390173816441,0.8829123304883527
207,0.9311251837086413,-0.9685913206766694,-0.8930844939600876,-0.919116647191394,-0.957872151198248,-0.9160554753595651,-0.9029904291302339,0.9022578998668161,0.8995456277351797,0.9042443245332761,-0.920881707861934,0.8856285119568558
208,0.948366919031338,-0.9497689697875813,-0.9106238277707338,-0.9340319592401258,-0.9594399231855943,-0.9351599189852587,-0.920512571744775,0.9029172067292239,0.9187276469642905,0.9236161800802675,-0.9276808840023973,0.899484973941103
209,0.9451192932805618,-0.9484708766228152,-0.9252868358940739,-0.9390879972227465,-0.9510216692535376,-0.9407807569673362,-0.9307558343452347,0.8744728249510894,0.92364569448385,0.932064238246196,-0.9317771089722668,0.9069839966911006
210,0.9482428777700235,-0.9758930947284719,-0.9270532750389961,-0.9532659703990126,-0.9558272312147523,-0.9440315550025549,-0.937741211132941,0.890861309816638,0.9292173031355763,0.9372005933061658,-0.9356504101342522,0.9170023761655066
211,0.9466077884163342,-0.9502557547243685,-0.9322275348351855,-0.9576900036338056,-0.9523167852430852,-0.9429586315130984,-0.9465267410424093,0.9289127344469895,0.9379423442500102,0.9448609162672787,-0.9366257017937448,0.9240290195296774
212,0.9445216399305926,-0.9134223611741666,-0.9369328284867048,-0.9425640233357983,-0.9276414174422385,-0.9443358168876246,-0.957210258482431,0.9246743331886591,0.9442001920905123,0.9546031108411185,-0.9342292708589914,0.9287921783367625
213,0.939154036259171,-0.900603691172115,-0.9252868358940739,-0.9442915029798604,-0.9346623093855727,-0.9463215260322901,-0.9531109967540712,0.9568861827519757,0.9393638397124742,0.9517254659092418,-0.942031604134933,0.9295991597875497
214,0.9259605566466432,-0.8816190786374288,-0.9078881919268275,-0.9398253360952122,-0.9383431653558647,-0.9411971153363791,-0.9395120139320658,0.9871201117280742,0.9266030586069071,0.9383500436560496,-0.9318607054002234,0.9197579225828285
215,0.926727357171132,-0.8806455087638543,-0.9103111836742879,-0.9307876682012771,-0.9383090833561397,-0.9378982759508863,-0.9328397072524918,0.9814689100502987,0.9221425038798651,0.9340496524869042,-0.923361735224644,0.9238912422088115
216,0.9248892912080192,-0.914395931047739,-0.9117337143131194,-0.9356119711096946,-0.9327196354012519,-0.9265284897193334,-0.9223812089526907,0.9842003241945567,0.9173715076150433,0.9254006414626044,-0.9131908364899342,0.9294023350434554
217,0.9248441852948139,-0.8639325592675089,-0.9011819760580506,-0.9386666607241949,-0.939910937343212,-0.9173205642501181,-0.9080484680647499,1.0011539292278808,0.9074537174344042,0.9114062844056284,-0.9012644127681376,0.9272766278072353
218,0.9312153955350517,-0.8181747752095491,-0.9127185432169255,-0.9324098137207012,-0.9350372113825474,-0.9212119136223256,-0.9105432454889303,0.9823165903019657,0.9138912945862524,0.9146376063682387,-0.9031871306111375,0.9350118402501463
219,0.9331662262811776,-0.7959449297629523,-0.9143130281088023,-0.9281543150853291,-0.9195639835074305,-0.9208596103869817,-0.9098486211865114,0.9480326334567962,0.9101496571045944,0.914460767852872,-0.9076734722448041,0.9353858072639257
220,0.9418265616165804,-0.8060051517898804,-0.9037612898537344,-0.9329575511688184,-0.9045679036284631,-0.9164077785949089,-0.9055243403179313,0.9254278267456939,0.903712079952746,0.9100156906256994,-0.9133301638698619,0.9332404175532963
221,0.9596095678977398,-0.8881095444612526,-0.9081852038184515,-0.9288073866580843,-0.879279059832568,-0.9202190590499928,-0.9183895650740012,0.8686332498840544,0.913041665114435,0.9190746454810765,-0.9171198686038906,0.9371178650119565
222,0.9760393967827423,-0.9272146010497929,-0.9335875366547269,-0.9201489216128456,-0.8688840499164655,-0.929378943168934,-0.9367922173676647,0.8418842286092514,0.9313903939000325,0.9365736203880473,-0.9179558328834558,0.944656252710773
223,0.9790840459240948,-0.9361389915575508,-0.9452491614521805,-0.9453448442262397,-0.9142471915503423,-0.9398519575287023,-0.9441591483496576,0.921660358960512,0.9421904916090981,0.9473688079397524,-0.9227486947529628,0.9475298939745515
224,0.9595419090279319,-0.9447388587741171,-0.9448114597171559,-0.9574582685596026,-0.940694823336885,-0.9414533358711746,-0.9434743074881177,0.9833526439428897,0.9414715743637136,0.947392922282757,-0.9244763542640643,0.9425699104233719
225,0.9538923933989777,-0.9364635148487424,-0.9612096425757727,-0.9506958177578468,-0.9384454113550396,-0.9458090849626991,-0.9533947165395663,0.9728037341443759,0.9480888808269081,0.9537671469502939,-0.9274022292425425,0.94652608777967
226,0.9495509492529749,-0.9114752214270198,-0.9619912528168887,-0.9596281515271439,-0.9464546812903977,-0.9501007789205246,-0.9580907681615535,1.0052039570969544,0.9476967441476074,0.95801930943343,-0.9282381935221075,0.9485337001694328
227,0.9530015516131746,-0.9053092788943853,-0.960865734069682,-0.9737218574036995,-0.9584856271932963,-0.9531113702043724,-0.960918182575625,1.0399588474152723,0.9482849491665581,0.9655429844508508,-0.9286561756618901,0.9552454239430528
228,0.9672437437077238,-0.9255919845938353,-0.9687912619145997,-0.9683708838720924,-0.9456367132969996,-0.9626555851255069,-0.9768162740042282,1.0293157509221291,0.9553760874505739,0.9784120055009474,-0.9393843839163101,0.964063172478483
229,0.9566889600177014,-0.9179656872508435,-0.9628041274676495,-0.955541187491192,-0.9346282273858478,-0.9513978953779271,-0.9689601709782784,1.012738892667321,0.9501802764498435,0.9687341158417866,-0.9348144458546869,0.9525095600001404
230,0.9454012052380945,-0.9715120302973909,-0.9562854980567407,-0.9609132278477267,-0.9396723633451372,-0.9389711994403426,-0.9598420040789195,1.036191379630088,0.9509155327235316,0.9606156203635872,-0.93057889350489,0.9460143434450244
231,0.9410259316571878,-0.9898475962496939,-0.9605999865877018,-0.9504851495085713,-0.9305383874188573,-0.9272491099734459,-0.9559775449316592,1.0209331351000954,0.9530396064030756,0.9542333575817152,-0.9258138971113685,0.9419991186654981
232,0.9393570128685945,-0.9736214316901335,-0.9676970075770368,-0.9387509280239054,-0.9264485474518658,-0.9249271113768612,-0.9565743348252865,0.969318826443083,0.9575491782150303,0.9532446695185286,-0.9251451256877162,0.9427470526930571
233,0.9228933545486879,-0.9414936258622042,-0.9456243343679167,-0.9393197322969502,-0.9346963913852977,-0.9184415290898487,-0.9359312745703,0.9681885861075269,0.9372724440895385,0.9376989563949264,-0.914110397197456,0.929481064941093
234,0.9111883700719325,-0.942304934090183,-0.930805004196354,-0.9296921933050427,-0.9323788154040032,-0.9155750618568234,-0.926588088530721,0.9356941764603186,0.9267337708333406,0.9278522663347339,-0.9105157507953257,0.9250328257245591
235,0.9062492725759607,-0.949282184850794,-0.9316804076664041,-0.9048333398904904,-0.918984589512107,-0.9089133279521389,-0.9258054132603896,0.8821019472160856,0.9268481440314695,0.9220005190989623,-0.9184574114511949,0.9231826731300714
236,0.8915898507842631,-0.985304270173017,-0.9170799283623542,-0.8905921662394414,-0.911861451569597,-0.8951574879903025,-0.9123042648471756,0.884456614581825,0.9228450820969447,0.906631644490727,-0.9177607745515574,0.9167661864725933
237,0.8801780547433415,-1.0020172196693649,-0.905371406950433,-0.8893070899188584,-0.9123045175660215,-0.8880793957165751,-0.8978834729913228,0.8956648312427464,0.9115384745104499,0.8965116585431494,-0.9124384686383256,0.910428429712753
238,0.8868988358109198,-0.9645347795367798,-0.9134845212532197,-0.8830502429153654,-0.9062720036147092,-0.8972552936189411,-0.9053580218229861,0.8768274923168288,0.9141690580674233,0.9049999072807522,-0.9066981805853114,0.9117865204470044
239,0.8877332952052165,-0.9560971739658092,-0.9181116538806269,-0.8902761638655273,-0.9134973875563942,-0.9021234837800567,-0.908772442689806,0.8901078162596006,0.9164075049450965,0.9096298611376263,-0.90745054843692,0.9140500050040904
240,0.8961906539311959,-0.9664819192839267,-0.9180491250613375,-0.9118485925913768,-0.9311177814141807,-0.9066874120561025,-0.9079702005377167,0.9291011078362489,0.9152474339354997,0.912563772869847,-0.9148070340970936,0.9151522235710191
241,0.9103088047644308,-0.9661573959927352,-0.9323369602689415,-0.9242780192986527,-0.9336057673941,-0.9160875029264145,-0.9174699216313622,0.946337272953462,0.9194302251813706,0.9226033776740761,-0.9199900126303977,0.9231039432324338
242,0.9163191676990267,-0.9939041373895834,-0.9378394963663996,-0.9174313011971871,-0.9061356756158103,-0.9175927985683384,-0.920258202281917,0.9248627065779185,0.9225183015308612,0.9274825130753307,-0.9157823257565864,0.9203680792895214
243,0.9126881416860063,-1.0197037390392847,-0.9327590297991443,-0.9282175155601119,-0.9153378155415401,-0.9105787614283101,-0.9140163670010256,0.9471849532051291,0.9199694131154088,0.9248942402595087,-0.9210210352418615,0.9171204710119634
244,0.9007350746866221,-1.0146736280258206,-0.925974652906256,-0.9176209026215356,-0.9056926096193858,-0.9047497442617111,-0.9090072452709056,0.9489745004030904,0.9133521066522143,0.9208189162917392,-0.9227486947529628,0.914128734901728
245,0.9058771487920175,-1.028465867901447,-0.930898797425288,-0.9143766115826869,-0.8976492576843027,-0.9049739372296571,-0.9134489274300355,0.9745932813423398,0.9182374761151649,0.9250067738601966,-0.9231666768927455,0.9178093576162938
246,0.9171874565282273,-1.0164585061273719,-0.9369171962818821,-0.9229718761531427,-0.9099187775852771,-0.9175767847849137,-0.9223225083074158,1.002284169563437,0.9260311926162604,0.9339290807718813,-0.927653018526412,0.9256823473800706
247,0.9232203724194258,-0.9966625853647091,-0.9454523801148705,-0.9158934229774734,-0.9027274756433171,-0.9252473870453557,-0.9311276050986425,0.9870259250334446,0.9355731851459035,0.9424735963098281,-0.9269563816267743,0.9334766072462098
248,0.9187774399687114,-0.9885495030849301,-0.9383240947158917,-0.9052968100388972,-0.9022844096468936,-0.9183774739561498,-0.9245042156234639,0.9571687428358647,0.9289232006261011,0.9346364348333482,-0.9264269375830497,0.926686153574952
249,0.9130940949048533,-0.9818967756155084,-0.930523624509552,-0.9209494609600941,-0.920893181496703,-0.9150626207872322,-0.9168046476515805,0.9854247512247399,0.9220608087383441,0.9277558089627157,-0.9299379875572235,0.9223363267304653
250,0.919758493580925,-0.9836816537170617,-0.9397153609450777,-0.9126701987635524,-0.9115206315723483,-0.9154949929396998,-0.9237998078801661,0.9654571719632687,0.928465707833584,0.9339612332292208,-0.918513142403166,0.9183801493741676
251,0.9270430985635686,-0.9724856001709654,-0.9517521586582675,-0.9161251580516766,-0.9135314695561191,-0.9240783808553509,-0.9329962423065582,0.9647036784062313,0.9387756346935234,0.9414607939036369,-0.9224700399931077,0.9241864793249531
252,0.9267160806928307,-1.0076963772652097,-0.9472500836694382,-0.9281964487351843,-0.93623008137292,-0.9291707639844126,-0.9310689044533675,1.0011539292278808,0.9383508199576147,0.9398210185793272,-0.9297150637493394,0.9253083803662914
253,0.9236376021165743,-1.0028285278973412,-0.9423572035600508,-0.9261740335421357,-0.9452277293003001,-0.9266085586364571,-0.9267935407891829,0.9909817662078859,0.935001319155257,0.9357215802685531,-0.9330310553916147,0.9230055308603865
254,0.9233556901590415,-0.9880627181481427,-0.9439516884519277,-0.913407537636018,-0.928050401438937,-0.9217563822587661,-0.927556649177756,0.9558501291110518,0.9308021888810822,0.9351187216934393,-0.9286840411378756,0.9208207762009384
255,0.9117409175086966,-0.9896853346040981,-0.9306330499433079,-0.9148822153809488,-0.9231766754782724,-0.9083848730991231,-0.9159632717359741,0.95858154325531,0.922338572219515,0.9272895983312943,-0.9196277614425862,0.9142665122225941
256,0.8917026155672761,-0.9841684386538467,-0.915626133313878,-0.9051493422644039,-0.8978196676829275,-0.8890242089386338,-0.9021099194511114,0.9632908779867887,0.9077314809155755,0.9138659473920929,-0.9041345567946447,0.9011776667403151
257,0.892582180874778,-0.9856287934642086,-0.9224105102067661,-0.8927620492069827,-0.8782225178410952,-0.8885437954358921,-0.9051036523601281,0.9428523652521691,0.9083523639911342,0.9176760135868124,-0.9000940627767463,0.899662116210788
258,0.8875979774656009,-0.9728101234621569,-0.9186431488445863,-0.8924460468330692,-0.8814262258152387,-0.8865580862912266,-0.9015424798801213,0.9580164230875319,0.9069472075569744,0.913110364644617,-0.9025183591874855,0.8960208584450413
259,0.8977468079367761,-0.9814099906787233,-0.9173300436395108,-0.9138499409594972,-0.9143153555497923,-0.8983922722420963,-0.9063754996744166,0.9785491225167812,0.9162114366054465,0.9168078972386484,-0.9171477340798762,0.9050747966733848
260,0.9137368541680277,-0.9896853346040981,-0.9309613262445774,-0.91269126558848,-0.918132539518984,-0.9146462624181895,-0.9209528265843359,0.9510466076849434,0.9261128877577814,0.9271851028449414,-0.9232781387966874,0.9159985699706251
261,0.9221603834591031,-1.0104548252403354,-0.9404969711861947,-0.9159987571021109,-0.9296522554260093,-0.9241584497724745,-0.9280164708990754,0.9312674018127288,0.9330733138153637,0.9321044288178703,-0.9299379875572235,0.9232023556044808
262,0.9288811645266813,-1.0070473306828267,-0.9391369693666525,-0.9310194032754808,-0.9541231312285062,-0.9354641808703285,-0.9323505352085348,0.9387081506884658,0.9354751509760784,0.9338567377428678,-0.9334211720554118,0.9312918525867617
263,0.9283962759597252,-1.0096435170123566,-0.9388399574750276,-0.9284703174592426,-0.9496583892645402,-0.9346314641322429,-0.9324385861764469,0.9376720970475418,0.9363901365611126,0.933406603340116,-0.9320278982561364,0.9327286732186508
264,0.9220363421977888,-0.9880627181481427,-0.9386054744026929,-0.9112376546684767,-0.927232433445539,-0.9257278005480972,-0.9294546367083091,0.9297604146986566,0.9339719603720937,0.9293473556010162,-0.9289069649457596,0.9301502690710141
265,0.9147742901717478,-1.0041266210621074,-0.9316491432567594,-0.916925697398925,-0.9271642694460891,-0.9186977496246442,-0.9260010820779725,0.9329627623160631,0.9340209774570064,0.925151459918224,-0.9286561756618901,0.929835349480463
266,0.8998442329008189,-0.9898475962496939,-0.9152978570126092,-0.908267232353687,-0.9246081194667198,-0.9061589572030867,-0.9107486977473926,0.9263696936919907,0.9200184302003214,0.9119528761803984,-0.9231666768927455,0.9216277576517256
267,0.904456312526053,-0.9554481273834262,-0.929132358280365,-0.9061184162110727,-0.9175190635239348,-0.9092976587543322,-0.9237215403531329,0.9043300071486665,0.9282206224090209,0.9214941178958667,-0.9318885708762089,0.9289102731832191
268,0.9072528791447768,-0.9255919845938353,-0.9296325888346799,-0.908667502027311,-0.9172804895258609,-0.9127406221906474,-0.9252379736893994,0.9123358761921815,0.9256553949652644,0.9260919192954014,-0.9207145150060209,0.9267452009981805
269,0.9110304993757142,-0.9265655544674098,-0.9279599429186909,-0.9288705871328665,-0.937184377365218,-0.9201069625660198,-0.9280066874581965,0.9633850646814184,0.9271095684843368,0.9304646534935606,-0.9197392233465281,0.928949638132038
270,0.9195555169715015,-0.9163430707948881,-0.9435452511265477,-0.9252049595954669,-0.9184051955167837,-0.9264003794519355,-0.938132548768107,0.9522710347151266,0.932403413654892,0.9396039894922863,-0.9159773840884848,0.9258398071753463
271,0.93491408041788,-0.9591801452321265,-0.9581613626354196,-0.9318410094476564,-0.910941237577024,-0.9285462264308484,-0.9507238371795607,0.9785491225167812,0.9446576848830295,0.9506563967027064,-0.9223028471371947,0.9310950278426672
272,0.9356696044640676,-0.963236686372016,-0.9517834230679122,-0.9430696271340603,-0.91547414354044,-0.9277295234761875,-0.9492465376068103,1.0131156394458398,0.9427950356563525,0.9502384147572942,-0.9288233685178031,0.9310950278426672
273,0.9390299949978566,-0.959991453460103,-0.9528151485861849,-0.9499163452355259,-0.924574037466995,-0.9318610795997659,-0.9537469204112151,1.018295907650467,0.9420434403543602,0.9514039413358477,-0.9329753244396436,0.935267712417469
274,0.9576023547601074,-0.9711875070061993,-0.968165973721707,-0.9547406481439434,-0.9208250174972531,-0.9519103364475183,-0.9733431524921333,1.0152819334223198,0.9555721557902239,0.9690877928725202,-0.9457655779169909,0.950127980596598
275,0.9494269079916606,-0.932244712063257,-0.9583489490932876,-0.9600284212007678,-0.9397064453448621,-0.9488356900299715,-0.9627281191382658,1.028750630754351,0.9482032540250371,0.9635816845531471,-0.937238742265426,0.9466048176773078
276,0.9631278291277471,-0.8856756197773185,-0.9681347093120624,-0.9626196406668612,-0.9486359292727933,-0.9638726326657858,-0.9693319417316861,1.0085004914089906,0.9562093778940872,0.9754379031970525,-0.9433691469822373,0.9593787435690357
277,0.9753740845629653,-0.8637702976219132,-0.9868777228940282,-0.9592700155033745,-0.9394337893470625,-0.9692372501130678,-0.9790175482020351,0.9590524767284584,0.9655553020840799,0.9850354117128647,-0.9498339374108749,0.9671926859095842
278,0.9684390504076621,-0.8967094116778189,-0.9747158675422606,-0.9631673781149784,-0.9387180673528392,-0.9637605361818128,-0.9685394830204758,0.9738397877853024,0.9592157591020568,0.9758880375998041,-0.9389385363005419,0.9570562115887215
279,0.9648756832644495,-0.9293240024425355,-0.9612409069854173,-0.9720365114094927,-0.9555886572166776,-0.9619349648713944,-0.9614073546195819,0.9826933370804819,0.9583007735170225,0.9657921659952313,-0.9392450565363826,0.9570562115887215
280,0.9663867313568246,-0.8812945553462374,-0.9594901000453171,-0.9589750799543886,-0.9298567474243581,-0.9572108987611013,-0.956192780631,0.9398383910240219,0.9530559454313798,0.958999959382282,-0.9331146518195711,0.9483762403741575
281,0.9600719035080933,-0.9079054652239152,-0.9524087112608048,-0.950737951407702,-0.9261077274546162,-0.9493161035327132,-0.9473485500762573,0.9421930583897613,0.9465203341097064,0.9487835160626863,-0.9255352423515134,0.9391057949273102
282,0.9658341839200606,-0.9401955326974404,-0.9385585777882264,-0.9527392997758231,-0.920927263496428,-0.9428785625959749,-0.9380542812410738,0.9229789726853249,0.9405892668352878,0.9419109283063886,-0.9182066221673253,0.9393026196714045
283,0.9814295534107664,-0.9358144682663593,-0.9394183490534537,-0.9419109517630431,-0.8994896856694496,-0.9409248810181587,-0.9406371096331667,0.8722123442799796,0.9396579422219493,0.9441374859771423,-0.9218848649974121,0.9473133867560476
284,0.9876316164764848,-0.9434407656093533,-0.9322587992448302,-0.9351695677862155,-0.8774386318474221,-0.9363289251752634,-0.941635020602839,0.827191104247037,0.9344948092778277,0.9416617467620082,-0.9296314673213828,0.9513089290611643
285,0.9713822112443031,-0.9012527377544958,-0.9157511909524567,-0.948715536214654,-0.9023866556460675,-0.9287864331822193,-0.9246118334731348,0.8868112819475643,0.9194629032379791,0.9279889142784263,-0.9280710006661944,0.9455813290080166
286,0.9538360110074712,-0.8334273698955349,-0.9122026804577887,-0.954045442921333,-0.9269938594474643,-0.92499116651056,-0.9136152459249808,0.9235440928531029,0.9151330607373702,0.9187611590220172,-0.9221913852332527,0.9415267392796716
287,0.9559221594932127,-0.8256388109069474,-0.9205815422425538,-0.9402677394186914,-0.9236879054741469,-0.9258238832486457,-0.9189080874405959,0.8954764578534871,0.9215706378892186,0.9226274920170807,-0.9207145150060209,0.9393813495690424
288,0.9444201516258809,-0.8533855523037956,-0.9201594727123511,-0.9306191336018562,-0.9277436634414133,-0.9214841479405459,-0.9181449790520227,0.9063079277358899,0.9217667062288689,0.9201115622302722,-0.9155594019487022,0.9344016835434534
289,0.9286556349606554,-0.8871359745876802,-0.9124684279397681,-0.9338423578157774,-0.9367413113687935,-0.9193222871782084,-0.9134000102256394,0.9308906550342102,0.9176656101245189,0.9167516304383044,-0.9100699031795575,0.9297369371084157
290,0.928790952700271,-0.9117997447182113,-0.9165953300128621,-0.9252049595954669,-0.9249489394639695,-0.9293309018186598,-0.9227138459425813,0.886905468642194,0.9227633869554237,0.923905552196322,-0.9201850709622963,0.9322169288840053
291,0.930121577139825,-0.9153695009213135,-0.9231608560382376,-0.9309351359757704,-0.9276414174422385,-0.9366492008437579,-0.9295426876762212,0.8911438699005271,0.9300669326073937,0.9343551008316283,-0.9298822566052524,0.9353464423151068
292,0.9229046310269893,-0.9132600995285709,-0.9135783144821538,-0.9368970474302776,-0.9281867294378369,-0.9355922911377262,-0.9310102038080926,0.9333395090945792,0.9264723463804734,0.9344113676319724,-0.9293806780375133,0.9286347185414868
293,0.9185970163158905,-0.9023885692736662,-0.9080601461798729,-0.9271852411386596,-0.918166621518709,-0.932549672287029,-0.9333973633826026,0.9264638803866204,0.9191197836435913,0.9318793616164944,-0.9346751184747595,0.9237534648879452
294,0.9285766996125462,-0.889732160917208,-0.9166734910369734,-0.9267007041653252,-0.9202797055016546,-0.9369534627288276,-0.9421828932920708,0.91497310364181,0.9210804670400929,0.9381732051406827,-0.9421709315148605,0.9230252133347959
295,0.9318243253633222,-0.9169921173772689,-0.9171893537961101,-0.9463771186476918,-0.9353780313797969,-0.9370975867796502,-0.9411556319997615,0.9279708675006927,0.9284166907486714,0.937940099824972,-0.9412513708073389,0.9209585535218043
296,0.9370227818602241,-0.8996301212985405,-0.9276941954367116,-0.9493475409624811,-0.924574037466995,-0.9391953924082888,-0.946507174160651,0.8982078719977452,0.9333020602116221,0.9440812191767983,-0.9311362030246003,0.926587741202905
297,0.9552004648819292,-0.8860001430685099,-0.9540344605623264,-0.9560889249393092,-0.9289024514320602,-0.9550810655656132,-0.9659566546283822,0.8777693592631255,0.9509482107801399,0.963798713640188,-0.9382697648768898,0.9384956382206174
298,0.9551440824904226,-0.9216977050995415,-0.9497199720313652,-0.9623036382929471,-0.944375679307177,-0.9491719794818907,-0.9557818761140762,0.9107347023834795,0.9494450201761554,0.9582524147491408,-0.9361241232260058,0.9359565990217996
299,0.942582085662768,-0.899954644589732,-0.934462940124777,-0.959164681378737,-0.9476816332804953,-0.930531935575514,-0.9380151474775572,0.8912380565951541,0.9352954216647326,0.9394914558915982,-0.9238354483163975,0.9203680792895214
300,0.9465063001116225,-0.8971961966146063,-0.9320712127869621,-0.9430274934842051,-0.9301975674216076,-0.9286903504816709,-0.9321940001544684,0.8361388402368488,0.9284166907486714,0.9332458410534189,-0.9171477340798762,0.9112157286891306
301,0.9470701240266877,-0.9168298557316732,-0.9249116629783378,-0.9427325579352192,-0.9450573193016752,-0.9255036075801512,-0.9255021265931361,0.8429202822501779,0.9250018338330973,0.9269841499865699,-0.9201014745343399,0.9076925657698405
302,0.94501780497585,-0.9158562858581009,-0.9110771617105812,-0.9447339063033396,-0.9610758591723905,-0.9238221603205554,-0.9120401119434389,0.8683506898001654,0.9147082460014615,0.920023142972589,-0.9175099852676877,0.9062360626635416
303,0.9506673206048043,-0.9291617407969398,-0.9215507389415379,-0.9394250664215876,-0.9603601371781673,-0.9319251347334648,-0.9200821003460923,0.8485714839279535,0.9180087297189067,0.9252639935189118,-0.9256188387794699,0.9109401740473984
304,0.9448824872362344,-0.9629121630808245,-0.9221134983151421,-0.9308298018511323,-0.9523849492425351,-0.9316368866318198,-0.9175873229219115,0.8312411321161081,0.9133521066522143,0.9215744990392153,-0.9225815018970499,0.9084995472206275
305,0.9412740141798165,-1.0252206349895339,-0.920941082953468,-0.9370445152047708,-0.9582470531952216,-0.9303717977412668,-0.9122064304383842,0.8480063637601754,0.9099535887649444,0.9180779193035549,-0.9226372328490208,0.9059801904962189
306,0.9471490593747968,-1.0760085300609579,-0.9277254598463562,-0.9379293218517292,-0.9626095491600127,-0.9351919465521081,-0.9178710427074065,0.8549761791627639,0.9134828188786479,0.9223863485870352,-0.9257024352074266,0.9047401946084241
307,0.9569708719752342,-1.0745481752505959,-0.9419195018250254,-0.9355487706349118,-0.9685057351124252,-0.9429746452965232,-0.9292100506863306,0.8350085999012926,0.9222241990213861,0.9313729604133988,-0.9332261137235132,0.9067478069981871
308,0.9534526107452268,-1.0763330533521493,-0.9273815513402648,-0.9377607872523084,-0.9649612071410322,-0.935496208437178,-0.9187124186230129,0.851491271461471,0.9132867505389974,0.9248620878021693,-0.9274300947185279,0.9002525904430713
309,0.953463887223528,-1.0318733624589533,-0.923317178086461,-0.9417213503386952,-0.9640409931484593,-0.9341350368460766,-0.9168926986194925,0.8543168723003587,0.9120123063312713,0.9246530968294632,-0.9280152697142235,0.9010005244706302
310,0.9505658323000925,-0.9874136715657598,-0.9248647663638713,-0.9320938113467877,-0.9489767492700419,-0.9336386095599101,-0.9210604444340068,0.8285097179718499,0.9143487873787696,0.9259472332373742,-0.9216340757135427,0.9009217945729924
311,0.9582789434581857,-0.9867646249833767,-0.931492821208536,-0.9421426868372468,-0.9556568212161275,-0.940796770750761,-0.9269109420797327,0.8361388402368488,0.9201818204833629,0.9329082402513553,-0.9306346244568611,0.9087947843367692
312,0.9579293726308452,-0.9780024961212146,-0.9306330499433079,-0.9584694761561265,-0.9690169651082987,-0.9455528644279035,-0.9293470188586387,0.8670320760753525,0.9271912636258578,0.9361154478709609,-0.9384090922568173,0.9202893493918834
313,0.9560462007545272,-0.9145581926933347,-0.9348537452453359,-0.9533291708737954,-0.9504081932584892,-0.9440635825694043,-0.9324385861764469,0.8490424174011019,0.929086590909143,0.9395236083489377,-0.935037369662571,0.9241077494273152
314,0.9540953700084012,-0.9129355762373794,-0.9382303014869576,-0.9543193116453919,-0.9483291912752686,-0.9435831690666627,-0.938367351349206,0.8432970290286966,0.9348379288722154,0.9431487979139556,-0.9370994148854985,0.9338505742599891
315,0.9457958819786401,-0.9074186802871302,-0.9296951176539684,-0.9670858075515094,-0.9582470531952216,-0.9397718886115788,-0.9318222294010613,0.8735309580047925,0.9322073453152421,0.9362038671286442,-0.9325852077758465,0.9340473990040837
316,0.9410033787005853,-0.9020640459824746,-0.933868916341529,-0.9587854785300401,-0.9411038073335846,-0.9383947032370525,-0.9318809300463362,0.8839856811086766,0.9316028012679871,0.9360993716422913,-0.9227208292769773,0.9318626443446356
317,0.9502275379510533,-0.9294862640881313,-0.95042342124837,-0.9545089130697404,-0.9342533253888742,-0.9470901876366769,-0.9458027664173532,0.8675030095485009,0.9406219448918962,0.9493944127521349,-0.9305510280289047,0.9350512051989651
318,0.9527534690905459,-0.977677972830023,-0.9511268704653739,-0.963378046364254,-0.9430464813179045,-0.9508374129580618,-0.9524750730969267,0.8778635459577552,0.9425009331468773,0.955278312445246,-0.9318885708762089,0.9375705619233738
319,0.9515130564774023,-0.9987719867574518,-0.9532997469356769,-0.9703300985903581,-0.9477838792796692,-0.9512057299768305,-0.9569852393422104,0.8896368827864521,0.9467490805059652,0.9596912372150792,-0.9340342125270927,0.9365667557284921
320,0.9496186081227829,-0.95934240687772,-0.9594744678404952,-0.9588697458297505,-0.9278459094405882,-0.9499886824365515,-0.9616519406415605,0.860156447367391,0.9480235247136913,0.9641684668995913,-0.9298822566052524,0.9378657990395155
321,0.9609176393806912,-0.897358458260202,-0.9603029746960778,-0.9652108601329541,-0.931731257409229,-0.9625114610746843,-0.9644010875285992,0.884174054497936,0.9478437954023452,0.9688868400141489,-0.9374616660733102,0.9494194115178578
322,0.95158071534721,-0.8751286128136052,-0.9419976628491374,-0.9661799340796234,-0.9312200274133555,-0.9570667747102788,-0.9549405001984703,0.906967234598295,0.9366025439290672,0.9585739393225349,-0.9307739518367886,0.9416054691773094
323,0.9536217579197463,-0.9152072392757178,-0.9452491614521805,-0.9547195813190158,-0.9359574253751203,-0.9567304852583596,-0.9590691122494674,0.8895426960918225,0.9408016742032425,0.9606718871639309,-0.9455426541091069,0.9338112093111701
324,0.9569595954969329,-0.9314334038352782,-0.9328997196425448,-0.9449867082024709,-0.9306747154177571,-0.9556095204186291,-0.959362615475842,0.9042358204540368,0.9441348359772955,0.9616605752271177,-0.9504748433585414,0.9295204298899118
325,0.9361770459876263,-0.946685998521264,-0.9153760180367205,-0.9449024409027604,-0.9392974613481626,-0.9463535535991396,-0.9441787152314159,0.9373895369636529,0.9297564910696143,0.9461711289038595,-0.9417808148510635,0.9241471143761342
326,0.9257575800372196,-0.8968716733234148,-0.916907974109308,-0.9342004938395461,-0.931697175409504,-0.9363929803089623,-0.9372618225298635,0.9253336400510642,0.9255083437105266,0.9348615020347241,-0.9301051804131365,0.9236944174647168
327,0.9256109858193027,-0.9129355762373794,-0.9264436190509253,-0.9261951003670632,-0.931629011410055,-0.9214040790234223,-0.9316265605834783,0.9355058030710619,0.923024811408291,0.9295643846880572,-0.9204637257221514,0.9281820216300698
328,0.9269416102588569,-0.9547990808010454,-0.911686817698652,-0.9238145491502459,-0.9328559634001518,-0.9162156131938123,-0.9191820237852115,0.9634792513760481,0.9143651264070738,0.9198945331432312,-0.919404837634702,0.9246391762363702
329,0.9326813377142215,-0.9744327399181123,-0.8974302469006935,-0.9173891675473319,-0.9298226654246331,-0.9194984387958803,-0.9110813347372833,0.9713909337249333,0.9042676069150883,0.9101121479977174,-0.9149742269530066,0.9132627060277126
330,0.926467998170202,-0.963236686372016,-0.8971801316235362,-0.9057602801873039,-0.9200411315035799,-0.9201870314831434,-0.9126466852779457,0.9375779103529122,0.9065714099059783,0.9071541219224922,-0.9082865127164852,0.9131839761300748
331,0.8938113170096202,-0.9882249797937386,-0.887425635814406,-0.9101632465971694,-0.9301634854218828,-0.9083528455322736,-0.9030002125711133,0.9290069211416192,0.9059832048870275,0.897395851119983,-0.8977254973179782,0.9105071596103907
332,0.8800991193952324,-0.9061205871223641,-0.8861594272237979,-0.911279788318332,-0.9408652333355099,-0.8995132370818268,-0.8913774848066941,0.9090393418801479,0.8999704424710884,0.8918817046862751,-0.8872759438234135,0.9091097039273204
333,0.9016822988639318,-0.8298576136924327,-0.9067939375892646,-0.9204438571618321,-0.9360255893745703,-0.9123242638216047,-0.9044090280577093,0.8894485093971928,0.9084830762175677,0.9056911851135494,-0.9070325662971374,0.9215490277540876
334,0.9174017096159521,-0.78977898723032,-0.9097640565055065,-0.9256052292690908,-0.9184392775165087,-0.9145181521507917,-0.904927550424304,0.8867170952529346,0.9075844296608377,0.9089144689618246,-0.9259810899672816,0.9252690154174724
335,0.9379474530809312,-0.8353745096426841,-0.9026357711065268,-0.9364757109317254,-0.9039885096331397,-0.9205073071516378,-0.9028436775170469,0.8934985372662664,0.9058361536322902,0.9120412954380817,-0.9246714125959627,0.930189634019833
336,0.9768625796987377,-0.9372748230767188,-0.9152196959884972,-0.9383085247004256,-0.882005619810562,-0.9305479493589387,-0.9310493375716092,0.8291690248342577,0.9225999966723822,0.9333181840824326,-0.9295478708934264,0.941408644433215
337,0.9701417986311595,-0.8931396554747167,-0.9294450023768118,-0.9279225800111254,-0.8911736777365669,-0.9316368866318198,-0.9345420259654623,0.8116502996331555,0.9311943255603826,0.9373372412498582,-0.9309968756446726,0.9422549908328208
338,0.9456267348041205,-0.9057960638311726,-0.9296482210395017,-0.9432802953833364,-0.9329582093993266,-0.931460735014148,-0.9321548663909518,0.880689146796643,0.9375338685424056,0.9361154478709609,-0.9290462923256871,0.939715951634003
339,0.9294111590068428,-0.9207241352259692,-0.9332123637389916,-0.9478728632175503,-0.9518396372469358,-0.9344873400814204,-0.9335734653184273,0.9096044620479233,0.9406546229485047,0.9381732051406827,-0.9292413506575857,0.9359369165473901
340,0.930268171357742,-0.974595001563708,-0.9468749107537021,-0.9461875172233434,-0.9458752872950733,-0.9413892807374757,-0.9439145623276791,0.9291011078362489,0.948971188355334,0.9473205792537432,-0.9220799233293107,0.9334962897206193
341,0.9277422402182495,-1.0060737608092543,-0.9462965191752759,-0.9558150562152503,-0.9549751812216293,-0.9404604812988419,-0.945235326846363,0.9627257578190106,0.9499025129686726,0.9460666334175065,-0.9202965328662384,0.9356023144824296
342,0.9217769831968589,-0.9440898121917342,-0.9490321550191831,-0.958048139657575,-0.9608372851743168,-0.9421099009915882,-0.9437580272736127,0.9828817104697413,0.9477947783174325,0.9487594017196816,-0.930133045889122,0.9377673866674682
343,0.9439352630589247,-0.9114752214270198,-0.9681816059265289,-0.9558993235149608,-0.9531006712367583,-0.9567304852583596,-0.9587853924639723,0.9631025045975293,0.957810602667897,0.9638469423261972,-0.9491930314632081,0.9477857661418742
344,0.9504305145604768,-0.9590178835865307,-0.9704795400354106,-0.9623036382929471,-0.9537482292315316,-0.9581717257665846,-0.9655163997888213,0.9814689100502987,0.9577942636395927,0.9681875240670169,-0.9426725100825998,0.9536117785670691
345,0.9392780775204854,-0.991632474351245,-0.9570045794785673,-0.9671279412013647,-0.9666312251275543,-0.9444158858047482,-0.9498531109413171,1.0152819334223198,0.947467997751349,0.951500398707866,-0.9315541851643827,0.9415661042284905
346,0.9340345151103782,-0.9973116319470922,-0.9499231906940552,-0.9485470016152331,-0.9484314372744435,-0.9354481670869037,-0.9446581038344934,0.9784549358221515,0.9415369304769304,0.9418144709343703,-0.9315820506403683,0.9258791721241649
347,0.9334255852821076,-0.9799496358683615,-0.9489852584047157,-0.9470723238703017,-0.938956641350914,-0.9293949569523586,-0.9452451102872419,0.9594292235069745,0.9392984835992574,0.9412196504735914,-0.9288512339937887,0.9214112504332217
348,0.9290164822662971,-0.998609725111856,-0.9502202025856792,-0.9599020202512022,-0.9435917933135038,-0.9257758418983715,-0.947818155238456,0.9970097146641802,0.9433178845620864,0.9462354338185384,-0.927262901862615,0.9269813906910936
349,0.9391314833025685,-1.0235980185335785,-0.9618349307686653,-0.9543403784703195,-0.9394337893470625,-0.9219485476598628,-0.9498628943821965,0.983541017332149,0.9530559454313798,0.9512431790491507,-0.9277366149543684,0.9283985288485735
350,0.9417476262684713,-1.0231112335967913,-0.9648988429138412,-0.9427325579352192,-0.9268575314485653,-0.9268807929546773,-0.9494715567470305,0.9300429747825456,0.955212697167532,0.9501339192709413,-0.9214668828576297,0.9257610772777084
351,0.9265920394315164,-0.9794628509315764,-0.9462965191752759,-0.9445653717039193,-0.9382068373569658,-0.9268647791712525,-0.9379564468322823,0.9513291677688298,0.9405892668352878,0.9405605250981336,-0.920993169765876,0.9229858483859771
352,0.9111094347238234,-0.9356522066207635,-0.9314302923892467,-0.9288073866580843,-0.9284253034359117,-0.9175767847849137,-0.9312743567118295,0.91497310364181,0.9283513346354546,0.9320963907035353,-0.9158659221845428,0.9191871308249547
353,0.907737767711733,-0.9424671957357788,-0.930820636401176,-0.9111744541936939,-0.9072603816067321,-0.9121160846370834,-0.9308536687540262,0.8625111147331305,0.9285637420034092,0.9301109764628269,-0.914221859101398,0.9187147514391282
354,0.9067905435344232,-0.9833571304258701,-0.9284289090633602,-0.9122699290899284,-0.9085214155965546,-0.9060468607191137,-0.9222344573395032,0.8647715954042428,0.9292663202204888,0.9209796785784361,-0.913720280533659,0.917022058639916
355,0.9030016468251847,-1.0158094595449887,-0.9184399301818955,-0.9257526970435841,-0.921779313489551,-0.9006181881381327,-0.9134293605482772,0.911770756024406,0.9256880730218727,0.9158031329467922,-0.9155315364727167,0.9118258853958233
356,0.9076588323636239,-1.0109416101771227,-0.9244583290384905,-0.9226137401293734,-0.9103618435817007,-0.9074400598770644,-0.9165502781887226,0.9124300628868112,0.9233352529460702,0.922024633441967,-0.9233896007006296,0.9180061823603881
357,0.9085947800626323,-0.9843307002994425,-0.9246615477011804,-0.9269113724146013,-0.9128839115613449,-0.9110912024979011,-0.918223246579056,0.9371069768797639,0.9227143698705116,0.9259713475803787,-0.9222749816612091,0.9229071184883392
358,0.9047043950486818,-0.9875759332113555,-0.916610962217684,-0.9308930023259152,-0.9219838054879007,-0.9080165560803545,-0.9102790925851935,0.9568861827519757,0.9170283880206556,0.9216468420682288,-0.9190425864468905,0.9204468091871589
359,0.9037346179147695,-0.9921192592880324,-0.9168767096996634,-0.9244465538980735,-0.918132539518984,-0.9074400598770644,-0.905700442253756,0.9478442600675369,0.9119796282746628,0.9197819995425435,-0.9116303698347458,0.917553485448971
360,0.9143570604745995,-1.0224621870144082,-0.9337751231125949,-0.9278383127114149,-0.9156445535390638,-0.9190500528599882,-0.9235356549764294,0.9098870221318124,0.9270768904277283,0.9322250005328929,-0.9245042197400498,0.9248360009804645
361,0.914887054954761,-1.039824183093139,-0.9283507480392489,-0.9319463435722944,-0.9202456235019296,-0.9164878475120326,-0.916511144425206,0.9418163116112426,0.9191524617001993,0.9284310105668432,-0.9251451256877162,0.925209967994244
362,0.9087864801937545,-1.0382015666371813,-0.92606844613519,-0.9263004344917013,-0.9075671196042567,-0.9106107889951595,-0.9123825323742089,0.9543431419969769,0.9150513655958492,0.925255955404577,-0.9203801292941948,0.9210766483682611
363,0.9091924334126015,-1.0516692832216161,-0.9344316757151332,-0.9133443371612352,-0.8899808077461951,-0.9130929254259914,-0.9189765715267497,0.9384255906045768,0.920721008417401,0.9307620637239501,-0.921160362621789,0.9207026813544816
364,0.9030241997817872,-1.0425826310682647,-0.9266937343280828,-0.9097629769235454,-0.888378953759123,-0.9064151777378822,-0.9113161373183829,0.9671525324666004,0.9130253260861307,0.923632256308937,-0.9148070340970936,0.9191280834017264
365,0.8986940321140857,-1.0425826310682647,-0.9228794763514355,-0.9177262367461736,-0.9005462276609215,-0.9064472053047317,-0.9065613850511202,0.9988934485567712,0.9107215230952409,0.9219522904129531,-0.9148348995730792,0.9211356957914896
366,0.9023476110837089,-1.0137000581522462,-0.9288822430032077,-0.9027898578725142,-0.8876973137646247,-0.908096624997478,-0.9100345065632149,0.9582989831714209,0.9129272919163055,0.9228605973327914,-0.9154758055207457,0.9198366524804664
367,0.9003742273809803,-1.0106170868859312,-0.9260059173159007,-0.902452788673673,-0.8903557097431688,-0.9063511226041834,-0.9072364424717813,0.9489745004030904,0.9113750842274084,0.9204170105749966,-0.9155872674246878,0.9182620545277108
368,0.8984233966348545,-1.002990789542937,-0.9232390170623488,-0.911511523392535,-0.9093734655896777,-0.9071357979919947,-0.905074302037491,0.9717676805034521,0.9095614520856441,0.9183914057626141,-0.914611975765195,0.9200137947501513
369,0.8982768024169375,-0.9901721195408855,-0.9249272951831597,-0.9042645356174456,-0.897376601686504,-0.9054223231655494,-0.9056221747267228,0.9485035669299446,0.9084013810760468,0.9176840517011472,-0.9134416257738038,0.9159395225473967
370,0.9045465243524635,-0.9947154456175622,-0.9339783417752858,-0.8989556957356936,-0.8846299337893812,-0.9109630922305033,-0.9142805199047624,0.9318325219805069,0.915884656039363,0.9241547337407023,-0.9179558328834558,0.9178880875139316
371,0.9030693056949923,-1.0023417429605541,-0.9299608651359486,-0.9158512893276183,-0.9058971016177355,-0.9103225408935144,-0.9105530289298097,0.9668699723827139,0.915198416850587,0.922611415788411,-0.9186524697830935,0.9198563349548756
372,0.8954351298850084,-0.9969871086559007,-0.921644532170472,-0.9056128124128107,-0.890969185738218,-0.9032284348363625,-0.9029904291302339,0.9652687985740094,0.9056891023775524,0.9152324268290176,-0.9050819829781519,0.9123179472560593
373,0.9069822436655455,-0.9840061770082532,-0.9374955878603082,-0.9082040318789042,-0.8945137137096102,-0.9141178075651737,-0.9174797050722411,0.9387081506884658,0.9168813367659178,0.9272815602169594,-0.9182344876433108,0.9215883927029066
374,0.90106209255736,-0.998609725111856,-0.9257401698339214,-0.9074877598313661,-0.8903897917428938,-0.9075361425776127,-0.9094964173148625,0.9538722085238311,0.9113424061708,0.9198864950288964,-0.9123270067343836,0.915683650380074
375,0.8972393664132172,-1.0094812553667607,-0.9211599338209799,-0.9135128717606561,-0.9015005236532194,-0.9035006691545828,-0.9043698942941927,0.9701665066947475,0.9077151418872713,0.9168400496959879,-0.9077292031967751,0.9138728627344052
376,0.9020769756044774,-1.009318993721165,-0.9278192530752902,-0.9036325308696179,-0.8843913597913065,-0.9074560736604892,-0.9113454876410201,0.9344697494301354,0.9118162379916214,0.922016595327632,-0.9126056614942385,0.9143058771714131
377,0.8979385080678983,-1.0047756676444881,-0.9247553409301145,-0.9033375953206314,-0.8885493637577477,-0.903772903472803,-0.9076962641931005,0.9399325777186516,0.9102313522461153,0.9172982222130744,-0.9129957781580357,0.914443654492279
378,0.8928077104408042,-1.0300884843574023,-0.9159700418199686,-0.9120171271907971,-0.9066128236119588,-0.900313926253063,-0.9017185818159459,0.9597117835908635,0.9072739881230584,0.9114464749773027,-0.9131072400619777,0.9146011142875548
379,0.8909470915210888,-1.0386883515739687,-0.9179240674227597,-0.8976916862400383,-0.890185299744544,-0.8974955003703119,-0.9014055117078131,0.9264638803866204,0.9068328343588454,0.9103452533134282,-0.9098469793716736,0.9115503307540911
380,0.8959651243651698,-1.0401487063843304,-0.924302006990267,-0.9006410417299004,-0.8974447656859539,-0.9027800489004703,-0.9097507867777199,0.9097928354371827,0.915280111992108,0.9152163506003479,-0.9205751876260934,0.9171795184351915
381,0.8879813777278452,-1.0579974873998463,-0.9142192348798683,-0.9060130820864353,-0.9099528595850012,-0.8978317898222311,-0.9038220216049608,0.9289127344469895,0.9124534600954842,0.9098549283390022,-0.9274579601945134,0.9181833246300732
382,0.8751600218992605,-1.0549145161335292,-0.9065438223121081,-0.8904236316400206,-0.8985013076774268,-0.887054513577393,-0.8969442626669254,0.9046125672325556,0.9047741167925181,0.9011014218283493,-0.9157544602806008,0.9067281245237779
383,0.8813620849649787,-1.0333337172693153,-0.9180491250613375,-0.884187851461455,-0.8885834457574727,-0.8918266210379603,-0.9081952196779369,0.8826670673838637,0.9135154969352562,0.9098951189106765,-0.9200736090583543,0.9119046152934612
384,0.8799074192641102,-1.0039643594165117,-0.9125309567590575,-0.8891596221443652,-0.8907646937398683,-0.8916024280700141,-0.9064635506423286,0.9124300628868112,0.9081726346797885,0.9092520697638884,-0.914110397197456,0.9096017657875564
385,0.8897517848211502,-0.973296908398942,-0.9220509694958529,-0.9046016048162867,-0.9089644815929792,-0.8993691130310044,-0.9168535648559759,0.9355058030710619,0.9161460804922297,0.9192836364537826,-0.9161445769443979,0.9147585740828301
386,0.8941270584020569,-0.9436030272549468,-0.9295856922202124,-0.899440232709028,-0.8900830537453691,-0.9019953735126589,-0.9200723169052134,0.9234499061584733,0.9153944851902375,0.9237689042526296,-0.9042181532226014,0.9117471554981855
387,0.9068582024042312,-0.977677972830023,-0.9395590388968552,-0.9165254277253011,-0.8918553177310661,-0.903548710504857,-0.9269500758432493,0.9556617557217925,0.9278448247580248,0.9325706394492914,-0.9087044948562678,0.9155655555336173
388,0.9230512252449062,-0.9939041373895834,-0.9481880159587777,-0.9382242574007151,-0.90371585363534,-0.9092336036206333,-0.9369683193034889,1.00868886479825,0.938089395504748,0.942537901224507,-0.9202686673902528,0.9228677535395202
389,0.9320836843642523,-1.0098057786579524,-0.958223891454709,-0.9353381023856358,-0.8946841237082349,-0.9173045504666933,-0.9485323464226332,1.0002120622815867,0.9423538818921395,0.9517817327095857,-0.9248386054518758,0.9256626649056611
390,0.9370904407300321,-1.022137663723219,-0.956832625225522,-0.934369028438967,-0.8953316817030083,-0.9255356351470007,-0.9539328057879187,0.989663152483073,0.9411774718542385,0.9541770907813714,-0.9287119066138612,0.9258594896497557
391,0.93491408041788,-1.0041266210621074,-0.9473126124887276,-0.9483574001908847,-0.9236538234744219,-0.930067535856197,-0.9497748434142839,1.0005888090601054,0.9386449224670899,0.9497159373255291,-0.9322508220640204,0.9272175803840073
392,0.9382293650384639,-0.9786515427035976,-0.948641349898625,-0.9459557821491397,-0.9321402414059285,-0.937225697047048,-0.9535414681527532,0.9906992061239969,0.9385959053821777,0.9537992994076333,-0.9329753244396436,0.9335947020926664
393,0.9401801957845899,-0.9648593028279714,-0.9568482574303449,-0.9489894049387123,-0.9425011693223061,-0.9413412393872016,-0.9563786660077042,0.9858014980032587,0.9431218162224365,0.9576334799453573,-0.9267055923429046,0.9380035763603815
394,0.9468333179823601,-0.9387351778870807,-0.9626321732146043,-0.9647263231596197,-0.96155300716854,-0.948755621112848,-0.9569754559013315,0.9875910452012227,0.9508665156386189,0.9613310125393889,-0.9325294768238754,0.944794030031639
395,0.9369889524253202,-0.9278636476321737,-0.9611002171420168,-0.958553743455837,-0.962405057161663,-0.9435511414998132,-0.9487867158854911,0.9779840023490031,0.9458340949209308,0.9527704207727724,-0.9267334578188902,0.9460537083938434
396,0.9356019455942597,-0.9186147338332266,-0.9690413771917571,-0.9493054073126265,-0.9509875872538127,-0.9459051676632474,-0.9523185380428608,0.954625702080866,0.9517161451104369,0.9521193335116495,-0.927931673286267,0.950226392968645
397,0.9282496817418082,-0.9536632492818751,-0.9584583745270436,-0.9479149968674054,-0.9474771412821456,-0.937049545429376,-0.9450298745879007,0.9467140197319807,0.9484810175062085,0.9455441559857412,-0.9225257709450788,0.9449318073525051
398,0.9100043398502955,-0.9358144682663593,-0.9425135256082743,-0.9441861688552223,-0.9558613132144773,-0.9249751527271354,-0.9321059491865563,0.9833526439428897,0.9408343522598508,0.9344756725466512,-0.9153643436168037,0.9333585123997531
399,0.9134323892538925,-0.9586933602953391,-0.9480629583201989,-0.9404784076679674,-0.9445120073060769,-0.930708087193186,-0.937359656938655,0.9608420239264196,0.9429420869110903,0.9392422743472181,-0.9136924150576734,0.9328074031162886
400,0.9266258688664203,-0.96826679738548,-0.9421852493070055,-0.9392143981723121,-0.9339125053916246,-0.9349517398007373,-0.9385728036076679,0.9285359876684708,0.940768996146634,0.9405203345264593,-0.9105157507953257,0.9338112093111701
401,0.924145043640133,-0.8949245335762679,-0.9299296007263039,-0.9389194626233256,-0.9410697253338596,-0.9248150148928882,-0.9250031711083003,0.9372011635743935,0.9309492401358196,0.9297653375464284,-0.9155872674246878,0.9336340670414852
402,0.9446456811919068,-0.8775625374975393,-0.9310238550638659,-0.9308087350262048,-0.9191890815104569,-0.9246548770586409,-0.9273022797148982,0.8992439256386691,0.9293970324469224,0.9319597427598428,-0.9175657162196588,0.933889939208808
403,0.9864137568199437,-0.9351654216839762,-0.9424978934034515,-0.9333156871925877,-0.888378953759123,-0.9394035715928101,-0.9457929829764739,0.8442388959749908,0.9395762470804283,0.9477385611991554,-0.9291298887536438,0.9513482940099832
404,0.9480624541172027,-0.8503025810374784,-0.9186431488445863,-0.9276908449369222,-0.8888220197555474,-0.9237741189702812,-0.9208745590573026,0.8683506898001654,0.9232862358611577,0.9203446675459829,-0.9235010626045715,0.9401096011221917
405,0.9189691400998337,-0.7957826681173565,-0.9047148543478957,-0.9277119117618493,-0.911793287570148,-0.9107068716957079,-0.9069135889227695,0.889071762618674,0.9104600986423741,0.9073229223235242,-0.9176493126476152,0.9330632752836114
406,0.9027310113459532,-0.8389442658457863,-0.9085603767341877,-0.9164832940754459,-0.9061015936160853,-0.9087051487676175,-0.9084887229043108,0.8637355417633162,0.911260711029279,0.9068245592347635,-0.9090110150921084,0.9294220175178645
407,0.8885226486863079,-0.8444611617960377,-0.8969300163463787,-0.9056338792377383,-0.9072603816067321,-0.8986484927768918,-0.8978834729913228,0.8935927239608961,0.8999541034427843,0.8947432733894821,-0.9095125936598474,0.9225134690001505
408,0.9224761248515397,-0.8047070586251144,-0.8961484061052626,-0.9166307618499385,-0.9270961054466391,-0.9148224140358615,-0.9049666841878206,0.9651746118793797,0.9057217804341607,0.905168707681784,-0.9243091614081512,0.9305832835080217
409,0.9221491069808018,-0.8303443986292199,-0.8976959943826729,-0.9030847934215007,-0.9179280475206343,-0.9202350728334175,-0.908136519032662,0.936165109933467,0.9108522353216745,0.9075640657535697,-0.9155036709967311,0.9192658607225925
410,0.912936224208635,-0.8501403193918826,-0.9065438223121081,-0.8978391540145315,-0.9260395634551664,-0.9092015760537838,-0.9040274738634226,0.9506698609064247,0.9091202983214312,0.9007236304546113,-0.9047475972663259,0.9178290400907032
411,0.9093841335437237,-0.8754531361047967,-0.9109677362768253,-0.9205702581113978,-0.951635145248586,-0.9069116050240487,-0.9029904291302339,0.9884387254528871,0.9102150132178112,0.8995259514187186,-0.9123270067343836,0.9279458319371565
412,0.9099254045021863,-0.8946000102850763,-0.9131093483374836,-0.9213707974586457,-0.9378660173597162,-0.9158953375253178,-0.9071679583856269,0.9531187149667937,0.9120776624444881,0.9064226535180209,-0.9100420377035722,0.9271978979095977
413,0.9133083479925781,-0.9411691025710149,-0.9093888835897703,-0.912796599713118,-0.9354802773789709,-0.9155750618568234,-0.9111889525869536,0.9245801464940294,0.9084013810760468,0.9094128320505854,-0.9135530876777458,0.9202106194942457
414,0.9182925514017553,-0.9523651561171113,-0.9122964736867227,-0.932178078646498,-0.9473748952829707,-0.9237581051868564,-0.9168926986194925,0.9402151378025406,0.9108522353216745,0.9158674378614708,-0.9202965328662384,0.9280836092580225
415,0.9193750933186806,-0.9345163751015955,-0.9121401516384994,-0.9356541047595499,-0.9426715793209308,-0.9265925448530323,-0.9193679091619151,0.9192115049001429,0.9104274205857658,0.9194524368548145,-0.9238911792683686,0.9259579020218027
416,0.9271896927814856,-0.9364635148487424,-0.926381090231636,-0.9314196729491048,-0.9269256954480153,-0.934855657100189,-0.935207299945244,0.8835147476355282,0.9223058941629066,0.9334467939117904,-0.9351209660905276,0.9292645577225891
417,0.929896047573799,-0.9401955326974404,-0.9244583290384905,-0.9423322882615947,-0.9296181734262843,-0.9406526466999384,-0.9411360651180032,0.9255220134403236,0.9257207510784812,0.9388001780588012,-0.9377124553571795,0.9294220175178645
418,0.9334594147170115,-0.9450633820653087,-0.9253181003037186,-0.9469037892708815,-0.9346282273858478,-0.9463535535991396,-0.9425448806045992,0.9355999897656889,0.9237110505970664,0.9426665110538645,-0.9420037386589475,0.926627106151724
419,0.9426046386193705,-0.950418016369962,-0.9354946656430505,-0.9444389707543537,-0.9292432714293097,-0.9506772751238146,-0.94776923803406,0.9165742774505145,0.928629098116626,0.9484539533749573,-0.9443723041177156,0.920801093726529
420,0.9498666906454115,-0.942304934090183,-0.9400123728367026,-0.945323777401312,-0.9304020594199575,-0.9503409856718955,-0.9507238371795607,0.9173277710075493,0.9316191402962913,0.9497159373255291,-0.9452361338732663,0.9206042689824346
421,0.9504305145604768,-0.9473350451036471,-0.9391682337762971,-0.9668540724773064,-0.9536459832323567,-0.9513338402442283,-0.9506553530934069,0.9415337515273535,0.9362430853063752,0.9504956344160095,-0.9485242600395561,0.9248360009804645
422,0.9584255376761026,-0.9372748230767188,-0.9486100854889804,-0.9576900036338056,-0.9408311513357849,-0.9560258787876719,-0.9575428954723216,0.9121475028029221,0.9430401210809155,0.9572637266859542,-0.9451525374453098,0.9288315432855815
423,0.9668039610539729,-0.9455501670020959,-0.9577705575148615,-0.9580902733074302,-0.9479542892782941,-0.9596449938416591,-0.9621998133307923,0.9066846745144085,0.9466837243927484,0.9620705190581951,-0.9447624207815127,0.9317248670237693
424,0.9629812349098301,-0.96826679738548,-0.9491884770674056,-0.9564891946129331,-0.9559635592136522,-0.9520384467149161,-0.9523283214837397,0.9129009963599596,0.9387919737218277,0.955005016557861,-0.9381304374969621,0.9249737783013308
425,0.9677737381878853,-0.977191187893238,-0.9534404367790784,-0.9564681277880056,-0.9644158951454338,-0.95412023856013,-0.9529642451408836,0.9074381680714434,0.9423212038355312,0.9555033796466218,-0.94130710175931,0.9271388504863693
426,0.9644584535673013,-0.9651838261191629,-0.9542064148153717,-0.9411736128905773,-0.9505786032571141,-0.9500046962199763,-0.9498139771778005,0.8758856253705319,0.9393148226275616,0.9508412733324082,-0.9326688042038032,0.9245210813899134
427,0.9623835815598609,-0.9973116319470922,-0.9451553682232465,-0.948230999241319,-0.9626095491600127,-0.9449603544411888,-0.9408229950098703,0.8958532046320058,0.9340046384287022,0.9440410286051241,-0.9342292708589914,0.9213522030099933
428,0.955414717969654,-1.0104548252403354,-0.9370422539204608,-0.9423533550865222,-0.9577358231993481,-0.9387149789055471,-0.9340235035988677,0.8779577326523849,0.9273056368239867,0.9363485531866714,-0.9275972875744409,0.9129871513859805
429,0.9594291442449189,-0.983519392071466,-0.9472500836694382,-0.9355487706349118,-0.9556909032158525,-0.9425743007109052,-0.9385434532850307,0.8630762349009086,0.929723813013006,0.939724561207309,-0.9304117006489769,0.9156442854312551
430,0.9573881016723825,-0.9939041373895834,-0.9450928394039572,-0.9362229090325948,-0.9574631672015486,-0.9412771842535027,-0.9369291855399723,0.8610983143136879,0.9311779865320784,0.937562308451234,-0.9300215839851799,0.9131839761300748
431,0.9494720139048659,-1.00363983612532,-0.9339783417752858,-0.9410261451160846,-0.9631548611556112,-0.9359926357233442,-0.9294155029447925,0.8821961339107153,0.924658714238709,0.9306656063519319,-0.9303559696970061,0.9127903266418859
432,0.9496411610793855,-0.994228660680775,-0.9407470864633513,-0.9306402004267839,-0.9484314372744435,-0.938202537835956,-0.933260395210295,0.8574250332231329,0.9275834003051581,0.9327474779646583,-0.925953224491296,0.9130265163347994
433,0.9496749905142893,-0.9919569976424365,-0.9423415713552281,-0.9303031312279427,-0.9518396372469358,-0.9382185516193807,-0.9325168537034801,0.8615692477868363,0.9278775028146332,0.9324741820772733,-0.9267334578188902,0.9142665122225941
434,0.9413416730496244,-0.9893608113129067,-0.9314615567988914,-0.9329996848186737,-0.9538504752307065,-0.9319411485168896,-0.9252477571302787,0.8859636016958973,0.9220771477666483,0.9260517287237273,-0.9273464982905714,0.9112157286891306
435,0.939965942696865,-0.9716742919429866,-0.9337282264981284,-0.9332314198928773,-0.952555359241159,-0.9319891898671637,-0.9274490313280852,0.8864345351690457,0.9242175604744961,0.9284229724525084,-0.9238633137923831,0.9145814318131452
436,0.941623585007157,-0.9445765971285214,-0.9387461642460945,-0.9259633652928596,-0.9383090833561397,-0.932661768771002,-0.9344637584384291,0.8797472798503462,0.9268971611163821,0.933784394713854,-0.9182623531192964,0.9150144462501529
437,0.9401012604364806,-0.9367880381399338,-0.929726382063613,-0.9327468829195429,-0.9490789952692168,-0.931108431778804,-0.929806840579958,0.9088509684908885,0.9224856234742528,0.9320160095601868,-0.9218848649974121,0.9155852380080267
438,0.9434278215353659,-0.9372748230767188,-0.9295700600153906,-0.933357820842443,-0.946216107292323,-0.9332863063245662,-0.9356769051074427,0.9113940092458873,0.9264233292955608,0.9366138109597215,-0.92369612093647,0.9169236462678688
439,0.9486037250756653,-0.9147204543389305,-0.938793060860561,-0.9314196729491048,-0.9373547873638427,-0.9399320264458261,-0.950890155674506,0.8879415222831205,0.9376809197971434,0.9467659493646386,-0.9297986601772958,0.9218048999214105
440,0.9475099066804386,-0.8997923829441362,-0.9302109804131051,-0.9338212909908498,-0.9385476573542144,-0.9401402056303474,-0.9509586397606603,0.9098870221318124,0.9395599080521242,0.9478028661138344,-0.9270121125787453,0.9226512463210165
441,0.9396163718695246,-0.8954113185130551,-0.91651716898875,-0.9400992048192706,-0.9416150373294581,-0.9376580691995154,-0.946937645559333,0.9332453223999495,0.9353934558345578,0.9432211409429693,-0.9317492434962813,0.9194823679410964
442,0.9380714943422456,-0.875290874459201,-0.9180647572661602,-0.9311879378749017,-0.9309132894158308,-0.9412771842535027,-0.9518000156762662,0.9108288890781092,0.935769253485554,0.9458656805591353,-0.9295478708934264,0.9176125328721993
443,0.9348238685914695,-0.8744795662312221,-0.9170330317478868,-0.9287020525334463,-0.9222564614856995,-0.9419337493739163,-0.9517804487945078,0.9113940092458873,0.9342170457966563,0.9446680015232424,-0.9313869923084697,0.9187737988623563
444,0.935060674635797,-0.8642570825587004,-0.9152196959884972,-0.9479781973421884,-0.9368094753682433,-0.942061859641314,-0.9488258496490072,0.9430407386414285,0.9352137265232116,0.9430764548849419,-0.9373223386933827,0.9312328051635334
445,0.9336736678047365,-0.8676645771162069,-0.9238955696648871,-0.9459557821491397,-0.9233130034771723,-0.9414052945209004,-0.9475442188938398,0.9209068654034746,0.9342007067683521,0.9442419814634954,-0.9375452625012666,0.9367635804725867
446,0.9315311369274882,-0.8923283472467379,-0.9293824735575225,-0.9412157465404326,-0.9239946434716715,-0.9386509237718482,-0.944501568780427,0.9116765693297764,0.9366025439290672,0.9400219714376985,-0.937350204169368,0.9383972258485704
447,0.919758493580925,-0.8911925157275699,-0.9124996923494127,-0.9417845508134773,-0.9427397433203808,-0.9284181161634506,-0.918996138408508,0.9634792513760481,0.9217503672005647,0.9203446675459829,-0.9245042197400498,0.9284772587462115
448,0.9202095527129773,-0.8978452431969893,-0.9155479722897658,-0.9361386417328843,-0.9416832013289079,-0.9243185876067217,-0.9161687239944365,0.961030397315679,0.9215379598326101,0.9174670226141062,-0.9201572054863107,0.9312328051635334
449,0.9237503668995872,-0.861985419520362,-0.9288040819790964,-0.9191798476661768,-0.9324469794034532,-0.9239342568045285,-0.9227823300287351,0.9105463289942202,0.9266193976352112,0.919532817998163,-0.9223028471371947,0.9353070773662879
450,0.9140187661255603,-0.8368348644530437,-0.9155167078801212,-0.9179158381705215,-0.9304020594199575,-0.9138936145972275,-0.9130380229131111,0.9082858483231104,0.9139076336145566,0.9085366775880866,-0.9196834923945573,0.9286937659647152
451,0.9135789834718094,-0.827099165717307,-0.905574625613124,-0.927037773364167,-0.9290728614306849,-0.9109310646636539,-0.9080289011829916,0.9032939535077427,0.9093327056893853,0.9045095823063262,-0.9244484887880787,0.9337127969391231
452,0.921675494892147,-0.8128201409048957,-0.9106238277707338,-0.9133654039861628,-0.9043634116301132,-0.913349145960787,-0.9116683411900317,0.8626994881223898,0.9123881039822674,0.9093404890215718,-0.9263712066310786,0.9344607309666818
453,0.9278437285229613,-0.8428385453400801,-0.9142817636991577,-0.9125648646389143,-0.8983649796785269,-0.9160875029264145,-0.9177732082986155,0.8625111147331305,0.9173551685867392,0.9161085812915164,-0.9274022292425425,0.9362715186123505
454,0.9283060641333148,-0.8279104739452858,-0.914547511181137,-0.9248468235716976,-0.9104300075811506,-0.9170323161484731,-0.9158947876498204,0.8932159771823773,0.9188910372473325,0.9166632111806212,-0.9207145150060209,0.9376689742954208
455,0.9341134504584874,-0.8613363729379789,-0.93091442963011,-0.9250785586459012,-0.9163943575330129,-0.9266565999867312,-0.9292981016542426,0.8858694150012701,0.932485108796413,0.9310755501830091,-0.92121609357376,0.9404638856615617
456,0.9416799673986634,-0.8962226267410339,-0.9480316939105543,-0.9352117014360707,-0.9298567474243581,-0.939755874828154,-0.9425742309272364,0.9057428075681118,0.9455236533831511,0.9451985170693427,-0.9280152697142235,0.9454829166359696
457,0.931339436796366,-0.9262410311762184,-0.9450615749943124,-0.9463349849978366,-0.9501014552609647,-0.9356563462714251,-0.9374672747883253,0.9695071998323423,0.9417983549297972,0.9414206033319626,-0.9230273495128178,0.9395388093643178
458,0.9369325700338138,-0.9424671957357788,-0.9532684825260322,-0.9517491590042261,-0.9517033092480359,-0.9426703834114535,-0.94811165846483,1.0005888090601054,0.949984208110193,0.9505117106446792,-0.927653018526412,0.9433572093997497
459,0.9508815736925291,-0.9401955326974404,-0.9726524165057135,-0.9559625239897436,-0.9452277293003001,-0.9572589401113756,-0.96962544495806,1.0072760643788048,0.9608986790173875,0.9684206293827275,-0.9371830113134549,0.9537298734135257
460,0.9537006932678556,-0.9278636476321737,-0.9694478145171371,-0.9655268625068683,-0.9508853412546378,-0.9607659586813897,-0.9708679419497108,1.0288448174489806,0.959068707847319,0.9718689804323786,-0.9411956398553678,0.9568593868446271
461,0.9648193008729431,-0.9035244007928342,-0.978326906856217,-0.9732162536054375,-0.95241903124226,-0.967091403134155,-0.9781272550820332,1.041371647834715,0.9614378669514256,0.9817960516359198,-0.9439543219779329,0.963354603399743
462,0.9708747697207443,-0.880320985472665,-0.987800022978545,-0.9667698051775959,-0.938036427358341,-0.9706304492710186,-0.9880965813378774,1.0255482831369445,0.9653919118010379,0.9903405671738664,-0.9466294076725416,0.9649488838269077
463,0.9658680133549645,-0.9207241352259692,-0.978811505205709,-0.9681812824477439,-0.9428760713192806,-0.964785418320995,-0.9822656505739098,1.0385460469958272,0.9615522401495551,0.9825596724977306,-0.9451246719693243,0.9594968384154923
464,0.9492013784256345,-0.9179656872508435,-0.955644577659026,-0.965884998530637,-0.9480224532777439,-0.9503409856718955,-0.9624052655892542,1.0455158623984158,0.9473209464966112,0.9630190165497076,-0.9355389482303103,0.9492225867737635
465,0.9461341763276793,-0.9470105218124556,-0.9577861897196843,-0.9521283618529229,-0.9277095814416885,-0.943214852047894,-0.9593821823576003,1.008123744630472,0.948971188355334,0.9587427397235667,-0.9350652351385565,0.9411134073170734
466,0.9475775655502465,-0.966968704220714,-0.9632105647930304,-0.9475989944934914,-0.9189164255126572,-0.9418376666733679,-0.9628748707514534,1.0008713691439943,0.9538892358748932,0.9594661700137034,-0.9375731279772521,0.9413692794843961
467,0.9432586743608463,-0.9703761987782228,-0.9602873424912559,-0.9540033092714778,-0.9348327193841975,-0.9358485116725217,-0.9579537999892455,1.021592441962503,0.9535461162805055,0.9551497026158883,-0.9361519887019913,0.9421959434095927
468,0.9375189469054817,-0.955610389029022,-0.961178378166128,-0.9414685484395638,-0.928084483438662,-0.9298113153214015,-0.9545198122406672,0.9803386697147425,0.9568956170828626,0.9496194799535107,-0.9345079256188464,0.9373737371792792
469,0.9320273019727457,-0.9418181491533957,-0.9643829801547045,-0.9251417591206841,-0.9247785294653447,-0.9265765310696076,-0.9494422064243934,0.9526477814936454,0.9525657745822543,0.9456808039294338,-0.9297986601772958,0.9326696257954227
470,0.9125189945114868,-0.9101771282622537,-0.941856973005736,-0.9185689097432768,-0.9310155354150058,-0.9160394615761404,-0.9304427642371025,0.9416279382219832,0.9365698658724588,0.9283024007374857,-0.9177050435995863,0.9216277576517256
471,0.9057418310524019,-0.9041734473752172,-0.9350569639080258,-0.9194747832151633,-0.9411038073335846,-0.9153828964557268,-0.9263532859496214,0.9457721527856865,0.9314720890415535,0.9238251710529736,-0.9195998959666006,0.9235369576694414
472,0.8939691877058386,-0.8821058635742162,-0.9259590207014332,-0.8987660943113451,-0.9165988495313617,-0.9046056202108886,-0.9182623803425726,0.9026346466453349,0.9194792422662832,0.9161889624348649,-0.9131072400619777,0.9142271472737752
473,0.8857373585458854,-0.8905434691451868,-0.9174238368684448,-0.893520454904376,-0.909986941584726,-0.8960382460786622,-0.9108954493605796,0.9098870221318124,0.9116201696519709,0.9098388521103324,-0.9128007198261371,0.9097395431084225
474,0.873186638196532,-0.9077432035783195,-0.9072941681435794,-0.8978602208394592,-0.9125090095643712,-0.8832112055554596,-0.8988422501974784,0.9370127901851342,0.9048721509623433,0.8992606936456685,-0.9139432043415429,0.9063738399844079
475,0.8746525803757018,-0.9333805435824251,-0.9102642870598204,-0.8833451784643512,-0.8930141057217128,-0.8797682421191443,-0.8985487469711044,0.9091335285747776,0.9029604846507537,0.8990275883299579,-0.9127171233981807,0.9031655966556689
476,0.8752727866822736,-0.9827080838434872,-0.9110771617105812,-0.8851147917582686,-0.8845276877902063,-0.8776864502739304,-0.8964550906229679,0.915255663725699,0.9021435332355447,0.8984568822121833,-0.9119368900705865,0.9066297121517306
477,0.8699615654023586,-0.9997455566310264,-0.9033235881187088,-0.8964908772191658,-0.8984672256777018,-0.8741313903536421,-0.8888240067372383,0.9542489553023473,0.8987613543765786,0.8931195742938421,-0.9119647555465721,0.9069249492678723
478,0.8774604234727269,-1.0083454238475926,-0.9074973868062695,-0.8927409823820551,-0.8869475097706765,-0.8784390980948924,-0.8922775613675754,0.9504814875171653,0.898679659235058,0.8960776003690675,-0.9111566567429923,0.9087554193879502
479,0.8803697548744638,-1.0197037390392847,-0.9161419960730147,-0.8879588131234928,-0.879279059832568,-0.8823304474670999,-0.8991064031012153,0.9366360434066154,0.9032872652168373,0.9020097287481874,-0.9133022983938763,0.9093458936202335
480,0.8791970011311281,-1.0184056458745188,-0.9097640565055065,-0.8955639369223516,-0.8932867617195125,-0.8878391889652043,-0.8966898932040676,0.9437942321984633,0.9038264531508754,0.8997269042770899,-0.9154758055207457,0.9104481121871624
481,0.8844969459327418,-1.0292771761294235,-0.9148914196872284,-0.900451440305552,-0.9026933936435921,-0.897431445236613,-0.903812238164082,0.9360709232388373,0.91044375961407,0.9072666555231802,-0.918903259066963,0.9147782565572397
482,0.8936985522266073,-1.0078586389108055,-0.9229576373755476,-0.8932887198301723,-0.8958769936986067,-0.9063351088207586,-0.9122259973201425,0.9107347023834795,0.9164075049450965,0.9153690747727102,-0.9200457435823688,0.9227496586930638
483,0.8907892208248704,-1.0164585061273719,-0.9183617691577842,-0.8962802089698897,-0.8998986696661482,-0.9050059647965066,-0.9094572835513459,0.9214719855712526,0.9160970634073171,0.9136971469910611,-0.9191540483508325,0.923969972106449
484,0.8925596279181753,-1.0292771761294235,-0.9175488945070235,-0.9069189555583212,-0.9065446596125089,-0.9046696753445875,-0.9074027609667266,0.964797865100861,0.9163748268884885,0.9149510928272978,-0.9113795805508764,0.9232810855021187
485,0.8978144668065839,-1.0179188609377314,-0.9274128157499094,-0.9003671730058416,-0.8939684017140108,-0.9067995085400755,-0.9133804433438811,0.9405918845810594,0.921897418455302,0.9200070667439193,-0.9148627650490647,0.9251902855198346
486,0.9023588875620102,-1.0122397033418864,-0.9296951176539684,-0.9070242896829592,-0.8994896856694496,-0.9076642528450105,-0.9137130803337723,0.9387081506884658,0.9214889427476975,0.920127638458942,-0.9146677067171661,0.9239109246832209
487,0.9001825272498581,-0.9836816537170617,-0.9188619997120983,-0.9217078666574874,-0.9232789214774474,-0.9032124210529378,-0.9056710919311183,0.960465277147901,0.9159009950676672,0.9140990527078036,-0.9126892579221951,0.9201909370198361
488,0.9007125217300195,-0.9685913206766694,-0.9193622302664131,-0.9137446068348593,-0.9087259075949045,-0.9047657580451358,-0.9076277801069468,0.9457721527856865,0.9132704115106933,0.9150073596276418,-0.9104321543673692,0.9187541163879471
489,0.902392716996914,-0.9604782383968903,-0.9234266035202169,-0.9136603395351488,-0.9021821636477186,-0.9082887903985747,-0.9134195771073977,0.9511407943795731,0.9193975471247623,0.9199507999435752,-0.9105714817472967,0.922001724665505
490,0.901174857340373,-0.9442520738373299,-0.9159700418199686,-0.9203806566870493,-0.9084191695973798,-0.9054543507323989,-0.9083419712911239,0.956791996057346,0.9155578754732789,0.9163256103785573,-0.9090388805680939,0.9198169700060569
491,0.9087752037154532,-0.9646970411823755,-0.920941082953468,-0.9233721458267667,-0.9136677975550189,-0.9072959358262419,-0.9129304050634408,0.9518942879366079,0.9233025748894619,0.9184155201056187,-0.9091503424720359,0.9198366524804664
492,0.9153606670434158,-0.9926060442248196,-0.9331342027148795,-0.9130704684371769,-0.8980241596812772,-0.9094738103720041,-0.9221953235759871,0.9083800350177401,0.9335144675795767,0.9250630406605406,-0.9128007198261371,0.9193249081458207
493,0.9021559109525866,-1.0039643594165117,-0.9192684370374791,-0.9083514996533975,-0.9014323596537696,-0.8955418187924957,-0.9114726723724488,0.8966066981890406,0.9230084723799867,0.9126763064705351,-0.9097355174677314,0.9108023967265324
494,0.8853877877185449,-0.9947154456175622,-0.9054026713600778,-0.9008727768041036,-0.9093053015902278,-0.8875669546469841,-0.8988520336383573,0.9082858483231104,0.9083850420477426,0.8992205030739943,-0.9048033282182969,0.903441151297401
495,0.899111261811234,-0.973945954981325,-0.9236454543877296,-0.9018629175757006,-0.9192231635101819,-0.9014348910927935,-0.9120401119434389,0.9006567260581142,0.9204922620211422,0.9107712733731752,-0.9194327031106876,0.917061423588735
496,0.8978482962414879,-0.9312711421896824,-0.9214725779174266,-0.9044752038667211,-0.9269256954480153,-0.9026519386330725,-0.9105530289298097,0.9062137410412602,0.9183191712566859,0.9097504328526492,-0.9185410078791515,0.9174353906025142
497,0.8882520132070766,-0.8965471500322232,-0.91079578202378,-0.9102685807218074,-0.9375251973624665,-0.8997534438331977,-0.9046927478432043,0.9292894812255083,0.9106234889254157,0.905932328543595,-0.9116861007867169,0.9119833451910988
498,0.8867409651147015,-0.890381207499591,-0.9166422266273287,-0.8963644762696001,-0.9233130034771723,-0.9002979124696383,-0.9076962641931005,0.8953822711588574,0.9104110815574615,0.9080222382706561,-0.8943816401997177,0.9050551141989752
499,0.8851960875874226,-0.8614986345835747,-0.9279130463042243,-0.9011255787032348,-0.9254942514595679,-0.89904883736251,-0.911061767855525,0.8904845630381193,0.915721265756321,0.9098147377673279,-0.8973353806541812,0.900862747149764
500,0.8829858978403666,-0.858740186608449,-0.9269438496052401,-0.9146715471316734,-0.9362982453723699,-0.89155438671974,-0.9036557031100155,0.9374837236582825,0.9128455967747845,0.9031029122977274,-0.8956355866190654,0.9004494151871658
501,0.8942510996633712,-0.9367880381399338,-0.938496048968937,-0.9180211722951596,-0.9296181734262843,-0.8920828415727557,-0.9139576663557507,0.9368244167958748,0.9262272609559109,0.9099031570250113,-0.9040230948907028,0.9081058977324389
502,0.9106583755917713,-0.9754063097916846,-0.9532684825260322,-0.915703821553125,-0.9101573515833509,-0.9026038972827983,-0.9306579999364432,0.9539663952184583,0.9383018028727022,0.9224988821877231,-0.9112402531709487,0.9152900008918851
503,0.9260169390381496,-0.9900098578952896,-0.9581300982257749,-0.9346850308128811,-0.9192913275096317,-0.9216282719913683,-0.9442863330810862,0.9964445944964021,0.9467000634210526,0.9384223866850631,-0.9264269375830497,0.9249344133525118
504,0.9337187737179415,-0.9807609440963403,-0.9512362958991307,-0.9419952190627535,-0.9240628074711215,-0.93133262474675,-0.9462234543751559,1.0101016652176926,0.9448864312792882,0.9445876203798941,-0.9320000327801509,0.9273356752304638
505,0.9482203248134209,-0.9643725178911841,-0.9631636681785629,-0.9543193116453919,-0.9363323273720948,-0.9516861434795721,-0.96632842538179,1.0117970257210243,0.9564871413752581,0.9630350927783773,-0.9437313981700489,0.9439673661064424
506,0.9525955983943276,-0.9724856001709654,-0.9665245922153627,-0.9630199103404852,-0.9446483353049767,-0.9632961364624958,-0.9750161208824667,1.0214982552678735,0.9609150180456917,0.9724638008931576,-0.9463786183886721,0.9558162157009267
507,0.9440818572768417,-0.9690781056134566,-0.9612878035998847,-0.9773032176413894,-0.9574290852018236,-0.9594047870902882,-0.9703298527013583,1.0612450404015565,0.9565198194318666,0.9702372432224039,-0.9366814327457159,0.95640668993321
508,0.9391427597808698,-0.9135846228197624,-0.9650082683475971,-0.9656321966315062,-0.9514988172496871,-0.9563461544561663,-0.9694982602266313,1.0135865729189881,0.9582354174038057,0.9689672211574973,-0.9289626958977307,0.9598708054292717
509,0.9261071508645602,-0.9311088805440867,-0.9555351522252692,-0.9543825121201747,-0.9495220612656413,-0.9448002166069416,-0.9553416212745147,0.9844828842784458,0.9515690938556991,0.955535532103961,-0.9266777268669193,0.9492225867737635
510,0.9156538554792497,-0.9371125614311231,-0.9466247954765447,-0.955541187491192,-0.9605305471767921,-0.9338307749610069,-0.9418893900656969,1.0058632639593623,0.9465039950814021,0.9421520717364339,-0.9252008566396873,0.9404442031871523
511,0.9202546586261824,-0.9367880381399338,-0.9455461733438045,-0.9460189826239225,-0.9531006712367583,-0.9300835496396217,-0.9382597334995356,0.9862724314764071,0.9438734115244287,0.9391699313182044,-0.9233338697486585,0.9362912010867599
512,0.9322077256255666,-0.9244561530746672,-0.9498762940795885,-0.9406469422673878,-0.942535251322031,-0.9337987473941574,-0.9408719122142664,0.9553791956379034,0.9438407334678204,0.9420395381357461,-0.9242534304561801,0.9372359598584132
513,0.9363461931621457,-0.8772380142063478,-0.9313208669554908,-0.9396146678459361,-0.9358892613756704,-0.9248470424597375,-0.92318345110478,0.9440767922823523,0.9275180441919413,0.9313970747564033,-0.9162281733723545,0.9352480299430594
514,0.9476677773766569,-0.851762935847838,-0.9270063784245295,-0.9335684890917184,-0.9150992415434654,-0.9224129473791798,-0.9243183302467604,0.9004683526688548,0.9260311926162604,0.9301913576061756,-0.9209095733379193,0.9365273907796732
515,0.9770881092647637,-0.8879472828156568,-0.9317742008953381,-0.9297975274296807,-0.8846299337893812,-0.9305639631423634,-0.9374672747883253,0.8335016127872203,0.9304590692866945,0.9384625772567374,-0.9264548030590353,0.9489863970808502
516,0.9841922905945865,-0.9169921173772689,-0.9280068395331574,-0.9442493693300051,-0.8898103977475704,-0.9365531181432095,-0.9418600397430592,0.8637355417633162,0.9324360917115003,0.9384545391424025,-0.9400252898639767,0.9566231971517138
517,0.9553245061432435,-0.8183370368551448,-0.9076537088544928,-0.9427536247601468,-0.9047723956268128,-0.923902229237679,-0.9117368252761855,0.9145963568632938,0.9120449843878797,0.916888278381997,-0.9250893947357454,0.9403851557639239
518,0.9368423582074032,-0.7883186324199583,-0.9162514215067706,-0.9336316895665013,-0.9157808815379637,-0.9221727406278089,-0.9119129272120102,0.9424756184736504,0.9132377334540849,0.9142437387658311,-0.9251172602117309,0.9389089701832158
519,0.9210891180204791,-0.7967562379909311,-0.918096021675805,-0.9220028022064733,-0.9293114354287597,-0.9178169915362845,-0.9110324175328878,0.9378604704368012,0.9134011237371269,0.9109883024602162,-0.9219963269013542,0.929441699992274
520,0.901028263122456,-0.8215822697670578,-0.9011194472387613,-0.9212654633340077,-0.9451254833011251,-0.9068795774571992,-0.8992433712735234,0.9577338630036428,0.9067348001890202,0.8983443486114955,-0.9079242615286737,0.9232220380788903
521,0.8931008988766381,-0.893626440411504,-0.8991028928166817,-0.9171574324731288,-0.9436940393126787,-0.9075521563610375,-0.903753537518807,0.9517059145473485,0.9109666085198034,0.8995581038760578,-0.8992023675452102,0.9221788669351899
522,0.889334555124002,-0.9702139371326269,-0.9002127793590664,-0.9124173968644217,-0.9386158213536644,-0.9100342927918695,-0.9133413095803645,0.9461488995642027,0.9159826902091877,0.9046060396783445,-0.8964994163746162,0.9214309329076312
523,0.8853314053270382,-1.0007191265045987,-0.8878946019590762,-0.9192009144911044,-0.94529589329975,-0.909890168741047,-0.9096627358098078,0.9692246397484533,0.9068491733871497,0.9012461078863767,-0.8996760806369637,0.9186360215414903
524,0.8920521863946167,-0.973296908398942,-0.8832518371268454,-0.9143766115826869,-0.9299930754232579,-0.9137014491961309,-0.9104356276392599,0.9630083179028996,0.9020618380940237,0.9039710286458913,-0.9071718936770649,0.914345242120232
525,0.9217318772836536,-0.9457124286476918,-0.901025654009828,-0.9032954616707761,-0.9177235555222845,-0.931220528262777,-0.9314504586476535,0.9480326334567962,0.9142017361240318,0.9237769423669644,-0.9227208292769773,0.9173960256536956
526,0.9260394919947523,-0.9022263076280703,-0.8917401243453673,-0.9014837147270036,-0.9080442676004052,-0.9283220334629023,-0.9324679364990847,0.9670583457719707,0.9116038306236668,0.922884711675796,-0.9198228197744847,0.9078106606162972
527,0.93543279841974,-0.8902189458539953,-0.9032923237090642,-0.9152403514047182,-0.9201433775027548,-0.9333343476748404,-0.9369291855399723,0.9980457683051066,0.9182701541717734,0.9313809985277336,-0.9289905613737163,0.9113731884844063
528,0.9529902751348732,-0.9046602323120045,-0.9334155824016815,-0.9231193439276354,-0.9283912214361867,-0.949444213800111,-0.9611236348340868,0.9851421911408536,0.945311246015197,0.9535661940919226,-0.9477440267119619,0.9258791721241649
529,0.9459763056314611,-0.9215354434539458,-0.9379176573905109,-0.9249732245212632,-0.9383772473555897,-0.9433589760987166,-0.9612214692428783,0.9920178198488123,0.9494450201761554,0.9520148380252963,-0.948635721943498,0.9289693206064474
530,0.9406763608298473,-0.9002791678809234,-0.9356197232816292,-0.9427746915850744,-0.9493857332667415,-0.9358485116725217,-0.9570537234283647,0.995879474328624,0.9478601344306494,0.9475858370267933,-0.9448181517334837,0.9350315227245557
