t,s1,s2,s3,s4,s5,s6,s7,s8,s9,s10,s11,s12
0,0.832365786745805,-0.7607341526687079,-0.8543478904103696,-0.8879377462985651,-0.8650327839475488,-0.8767096094850224,-0.8652752645411471,0.7678534866303988,0.8740730826089579,0.8558307618944678,-0.8774115653245443,0.8953319718407107
1,0.8475100971044587,-0.7871828009007901,-0.8720435462692401,-0.8856203955565306,-0.869395279912339,-0.8914583040191916,-0.8769566929508412,0.7637092720666955,0.8841052459877264,0.8692463747193343,-0.8796686688793705,0.9033624213997632
2,0.8619327128518288,-0.9072564186415345,-0.8793281537164431,-0.8796374172770963,-0.8581823020028384,-0.8995452646486763,-0.878541610373262,0.7941315744320533,0.8911800452434376,0.8689328882602753,-0.8935456759201524,0.8939738811064591
3,0.8793999777405515,-0.9327314970000421,-0.8901769038631352,-0.8981130227385898,-0.8791768138333932,-0.9153828964557268,-0.8873662740462468,0.812403793190193,0.898238505470845,0.8812794318786065,-0.9019610496677752,0.9071217740119666
4,0.8870228770722343,-0.9134223611741666,-0.8909897785138959,-0.9122699290899284,-0.8967631256914547,-0.9191941769108106,-0.8893131787811958,0.8313353188107377,0.8990717959143584,0.8861585672798611,-0.9091782079480213,0.9184195143229865
5,0.8927626045275989,-0.8860001430685099,-0.9011194472387613,-0.9085832347276005,-0.8886516097569227,-0.9235499260023351,-0.8990770527785781,0.8086363254050084,0.9017677355845486,0.891946009600954,-0.9149463614770211,0.9187737988623563
6,0.8984572260697584,-0.9121242680094006,-0.9014008269255633,-0.9109848527693455,-0.8924687937261144,-0.9236940500531576,-0.9017087983750665,0.8264376106899995,0.9015226501599856,0.8942529484150562,-0.9172591959838181,0.9155458730592078
7,0.8882069072938713,-0.8949245335762679,-0.879844016475579,-0.9089413707513698,-0.8995237676691746,-0.9032284348363625,-0.8813005407011796,0.8603448207566504,0.885412368252061,0.8766494780217322,-0.9025740901394563,0.8935802316182705
8,0.8986038202876754,-0.9244561530746672,-0.8908959852849618,-0.9086043015525281,-0.9032727876389165,-0.915366882672302,-0.8910741981394407,0.8605331941459098,0.8932551018380692,0.8842374579538317,-0.9185967388311224,0.8941510233761443
9,0.9066439493165063,-0.9074186802871302,-0.8994468013227731,-0.8924460468330692,-0.8978878316823774,-0.9153188413220278,-0.8973160334203326,0.857990153390911,0.9033036042451416,0.8888915261537105,-0.9258974935393252,0.8906081779824447
10,0.906260549054262,-0.8975207199057977,-0.8938504719963809,-0.9002197052313483,-0.9069877256089334,-0.9120360157199597,-0.8949484407275804,0.8684448764947951,0.9127148845483514,0.889840023645223,-0.9277366149543684,0.89712307701197
11,0.9033737706091276,-0.8915170390187613,-0.8958670264184605,-0.8999247696823623,-0.9105322535803254,-0.9106748441288584,-0.8972181990115411,0.85610641949832,0.9114404403406248,0.8899605953602456,-0.924197699504209,0.9020043306655117
12,0.9202772115827851,-0.8989810747161574,-0.9181585504950943,-0.8944473952011895,-0.9011937856556957,-0.9273131651071448,-0.9211289285201606,0.8091072588781568,0.9219627745685188,0.9078534378696242,-0.9324180149199335,0.91123541116354
13,0.934102173980186,-0.9653460877647586,-0.9134376246387522,-0.8965119440440934,-0.9121341075673967,-0.9234538433017867,-0.9216572343276341,0.8208805957068537,0.9218157233137815,0.9093565652502413,-0.9313312613564987,0.9033821038741726
14,0.9389961655629528,-0.9509048013067494,-0.8968518553222674,-0.8968911468927898,-0.9330263733987766,-0.9160234477927156,-0.9124803667830004,0.8479121770655458,0.9152637729638038,0.9066637969480664,-0.9174821197917021,0.8967097450493716
15,0.9392216951289788,-0.9335428052280209,-0.8936785177433356,-0.8934572544295931,-0.9336398493938249,-0.9190820804268375,-0.912666252159704,0.8435795891125857,0.9148716362845035,0.9068084830060937,-0.9207145150060209,0.8902342109686652
16,0.9242014260316395,-0.9843307002994425,-0.8885667867664355,-0.8919825766846624,-0.9220860514870757,-0.906607343138979,-0.8983139443900049,0.8105200592975994,0.900918106112731,0.8923961440037057,-0.9291020232776582,0.8823218562560694
17,0.9230286722883038,-1.0089944704299736,-0.8792343604875091,-0.9034007957954142,-0.9360937533740201,-0.9046856891280122,-0.8854878533974516,0.8309585720322217,0.8883043762619013,0.8854753275613989,-0.9247550090239192,0.8778932995139449
18,0.9330196320632607,-0.9502557547243685,-0.8989309385636364,-0.9127123324134075,-0.9360596713742951,-0.920090948782595,-0.8971105811618707,0.8303934518644436,0.8981241322727157,0.9014792132020875,-0.9271793054346583,0.8894469119922875
19,0.9380827708205469,-0.9280259092777695,-0.9094357802042378,-0.9140816760337009,-0.9248807754645195,-0.9304358528749657,-0.9122357807610219,0.8231410763779661,0.9106071498971114,0.9125798490985167,-0.9296314673213828,0.9013744914844094
20,0.9316326252322001,-0.8984942897793724,-0.8991028928166817,-0.9185899765682044,-0.9220519694873507,-0.9238702016708294,-0.9141631186142126,0.8967008848836703,0.9152964510204122,0.9154092653443843,-0.9230830804647889,0.9045827348131484
21,0.9286105290474501,-0.8885963293980399,-0.9046210611189617,-0.9117643252916664,-0.9079761036009563,-0.9299234118053745,-0.9318222294010613,0.9122416894975518,0.9237764067102832,0.9261321098670757,-0.9313591268324841,0.9118652503446423
22,0.9329519731934528,-0.8554949536965383,-0.9011663438532287,-0.8907607008388623,-0.887526903766,-0.9314287074472984,-0.9288871971373189,0.9196824383732913,0.9148879753128076,0.9224345772730442,-0.9350931006145421,0.9072201863840139
23,0.929163076484214,-0.889245375980423,-0.8929125397070414,-0.8956271373971344,-0.8952294357038334,-0.9194824250124557,-0.9078919330106835,0.921660358960512,0.9051825925001227,0.9064949965470344,-0.9284053863780206,0.9133020709765314
24,0.9109177345927012,-0.8933019171203125,-0.8778430942583222,-0.8942577937768417,-0.9094075475894027,-0.9081766939146017,-0.8892153443724043,0.9374837236582825,0.895395514545917,0.8862952152235537,-0.9119647555465721,0.9060589203938567
25,0.9122821884671592,-0.840404620656146,-0.8834394235847135,-0.884398519710731,-0.9004098996620227,-0.914726331335313,-0.8926199817983448,0.9054602474842227,0.9055420511228146,0.889293431870453,-0.9139710698175284,0.9114716008564533
26,0.9033963235657303,-0.7753377007723108,-0.8662908948946254,-0.8778888708081066,-0.8830962438017598,-0.9010505602906003,-0.8796569226334839,0.8868112819475643,0.8906081792527911,0.8796798471259712,-0.9095125936598474,0.9045236873899204
27,0.9131730302529625,-0.7754999624179065,-0.8636490522796523,-0.8858731974556618,-0.8758026958606259,-0.90135482217567,-0.885155216407561,0.8584610868640594,0.8918826234605177,0.8859093857354808,-0.9221635197572672,0.9098576379548791
28,0.9152930081736079,-0.8011373024220121,-0.8855810356453718,-0.878268073656803,-0.865782587941497,-0.9070397152914464,-0.8960050523425276,0.8307701986429623,0.9043819801132178,0.8993732272463564,-0.9120483519745285,0.9116881080749571
29,0.9210778415421778,-0.8384574809089991,-0.8993842725034837,-0.8885276173965375,-0.8844254417910313,-0.9208916379538312,-0.9056808753719977,0.8449923895320283,0.915884656039363,0.9104738631427857,-0.9134137602978183,0.9123573122048783
30,0.9248780147297179,-0.8451102083784185,-0.9129686584940829,-0.9203174562122665,-0.9177576375220095,-0.9355282360040273,-0.9144077046361911,0.8846449879710844,0.9293806934186182,0.921743299440247,-0.9250893947357454,0.9255052051103857
31,0.9266484218230228,-0.8511138892654572,-0.9290698294610756,-0.924530821197784,-0.9216429854906512,-0.941485363438024,-0.924005260138628,0.8938752840447826,0.9376809197971434,0.9305128821795697,-0.9319721673041653,0.9366848505749489
32,0.9351508864622075,-0.8300198753380285,-0.9438578952229937,-0.9141870101583389,-0.8971721096881542,-0.9483873040940795,-0.9376042429606334,0.886905468642194,0.9365698658724588,0.9442419814634954,-0.9333933065794262,0.9379838938859719
33,0.9427625093155888,-0.8236916711598005,-0.9464528412234994,-0.93940399959666,-0.9195299015077055,-0.9535757699236894,-0.9438852120050414,0.9598059702854932,0.9391187542879113,0.9520148380252963,-0.9414742946152229,0.9448727599292768
34,0.9369325700338138,-0.8576043550892809,-0.9344473079199551,-0.9372341166291187,-0.9146561755470418,-0.9421579423418625,-0.9391598100604164,0.9825991503858548,0.9301159496923063,0.9436310847740467,-0.9365978363177594,0.936606120677311
35,0.9382631944733678,-0.8967094116778189,-0.9434983545120803,-0.9252049595954669,-0.8980923236807272,-0.9375299589321177,-0.9429264347988857,0.9591466634230854,0.9387756346935234,0.9432452552859739,-0.9336162303873103,0.9355235845847917
36,0.9402591311326989,-0.9030376158560469,-0.9556289454542033,-0.9428800257097124,-0.9261077274546162,-0.9370815729962254,-0.9480333909377968,0.9462430862588324,0.9560459876110452,0.9462515100472081,-0.9454033267291794,0.9406213454568372
37,0.9206944412799335,-0.8374839110354267,-0.9315240856181807,-0.9340319592401258,-0.9324810614031781,-0.9266565999867312,-0.9238780754071988,0.9536838351345718,0.933628840777706,0.9287364589115676,-0.9262318792511511,0.9297566195828251
38,0.8999344447272294,-0.8342386781235137,-0.9166734910369734,-0.9098893778731111,-0.921779313489551,-0.9137174629795556,-0.9081071687100243,0.8990555522494097,0.9176656101245189,0.9097343566239795,-0.921383286429673,0.9183801493741676
39,0.8872709595948629,-0.8882718061068484,-0.9064500290831741,-0.8932255193553895,-0.9101573515833509,-0.9008744086729282,-0.8982650271856094,0.8702344236927589,0.9118162379916214,0.8970341359749148,-0.9241419685522382,0.912613184372201
40,0.8815876145310048,-0.9137468844653582,-0.8922872515141488,-0.8916665743107483,-0.9087940715943543,-0.8948692398886574,-0.888706605446689,0.8698576769142402,0.9051989315284269,0.8910055502237765,-0.9203243983422237,0.911727473023776
41,0.8831212155799825,-0.9427917190269702,-0.8940067940446043,-0.8823761045176824,-0.8991488656722001,-0.8989847822288111,-0.8883446181341608,0.8485714839279535,0.9020128210091111,0.8918173997715964,-0.9126892579221951,0.9065116173052739
42,0.8817342087489217,-0.9299730490249186,-0.8981493283225203,-0.8736965726475168,-0.8836074737976333,-0.9015469875767667,-0.8874151912506423,0.8304876385590733,0.897372536970723,0.8940439574423501,-0.9075620103408619,0.90135480901
43,0.892401757221957,-0.9332182819368293,-0.9021199083473901,-0.9041592014928075,-0.9045338216287381,-0.906607343138979,-0.8907611280313085,0.8837031210247875,0.9014572940467688,0.9000645050791536,-0.9144169174332966,0.9084208173229897
44,0.8995848738998888,-0.9815722523243191,-0.9079194563364722,-0.9095523086742698,-0.8962518956955813,-0.9051500888473292,-0.8933733067460391,0.8813484536590481,0.9061139171134611,0.9055866896271962,-0.918513142403166,0.9048386069804711
45,0.8899885908654777,-0.956259435611405,-0.9066063511313974,-0.8827131737165236,-0.8673844419285682,-0.896919004167022,-0.8905654592137254,0.8731542112262738,0.9000031205276968,0.9031913315554106,-0.9206866495300354,0.904563052338739
46,0.9056967251391966,-0.9659951343471417,-0.9123902669156568,-0.8978180871896039,-0.8742690058730036,-0.9061909847699361,-0.8992238043917651,0.917987077869957,0.9104764376706783,0.9126200396701911,-0.9280152697142235,0.9119439802422799
47,0.908809033150357,-0.9664819192839267,-0.9118900363613419,-0.9087307025020938,-0.8957406656997078,-0.9109150508802292,-0.9027556265491348,0.9404035111918,0.9138586165296441,0.9165989062659423,-0.9312755304045278,0.9195217328899152
48,0.905042689397721,-0.9965003237191133,-0.9186275166397636,-0.8918772425600243,-0.8786996658372447,-0.9041892618418458,-0.900691320523636,0.9011276595312626,0.9095287740290356,0.9120332573237467,-0.9328081315837305,0.9069249492678723
49,0.9138947248642459,-0.986602363337781,-0.9240987883275771,-0.8975652852904726,-0.892877777722814,-0.9132690770436634,-0.9069429392454067,0.9094160886586666,0.9189073762756367,0.9171535361550471,-0.9355110827543247,0.913597308092673
50,0.9097337043710643,-0.9702139371326269,-0.905371406950433,-0.9038010654690382,-0.906476495613059,-0.9060788882859631,-0.8932754723372476,0.9125242495814408,0.9108358962933703,0.9102809483987493,-0.9400252898639767,0.9064525698820457
51,0.9016935753422332,-0.9716742919429866,-0.9049962340346979,-0.8962170084951069,-0.8741326778741038,-0.8989527546619616,-0.8960050523425276,0.8849275480549734,0.9094470788875146,0.9102166434840706,-0.9285447137579481,0.9044646399666919
52,0.9074558557542004,-0.9843307002994425,-0.9073723291676907,-0.8931412520556796,-0.8730761358826309,-0.9040931791412975,-0.9030686966572671,0.8939694707394122,0.9154108242185416,0.9136006896190427,-0.937350204169368,0.9084208173229897
53,0.9179091511395108,-0.9694026289046482,-0.9073098003484014,-0.923919883274884,-0.9202115415022047,-0.9198827695980737,-0.9094475001104665,0.9160091572827364,0.9273056368239867,0.9200713716585979,-0.9610637242330339,0.9166284091517272
54,0.9315875193189949,-0.9572330054849773,-0.9176895843504241,-0.9367917133056396,-0.9415468733300081,-0.9380744275685582,-0.9200233997008179,0.9061195543466305,0.9344621312212193,0.9296608420600753,-0.9589180825821498,0.9304848711359747
55,0.949144996034128,-0.974595001563708,-0.9409503051260412,-0.933083952118384,-0.931765339408954,-0.9630078883608508,-0.9423394283461373,0.8454633230051767,0.9447557190528546,0.9461148621035157,-0.9513108076381066,0.9519190857678571
56,0.9533172930056111,-0.9625876397896329,-0.9395277744872105,-0.948230999241319,-0.9472385672840709,-0.9653939420911344,-0.9428383838309731,0.8683506898001654,0.9461772145153187,0.9453512412417048,-0.9524254266775268,0.9542613002225808
57,0.9489532959030058,-0.9629121630808245,-0.9283351158344271,-0.948230999241319,-0.9474430592824206,-0.9569226506594564,-0.9308634521949056,0.8945345909071902,0.9366352219856756,0.9381008621116692,-0.9471588517162662,0.9457191063288829
58,0.946269494067295,-1.0023417429605541,-0.9332905247631029,-0.9276065776372118,-0.9210635914953278,-0.9513658678110777,-0.9323309683267765,0.8814426403536778,0.9325831429662381,0.9375944609085735,-0.9404432720037592,0.9398734114292784
59,0.9410935905269956,-1.0013681730869817,-0.9307893719915312,-0.927543377162429,-0.9225972814829491,-0.9433429623152918,-0.9261380502502806,0.8901078162596006,0.9289722177110137,0.9351830266081181,-0.9393565184403245,0.9367635804725867
60,0.9586285142855261,-0.9595046685233157,-0.9293668413526996,-0.9569105311114853,-0.9581107251963228,-0.9583478773842566,-0.932869057575129,0.9240150263262513,0.9381874296745727,0.9453432031273699,-0.9489143767033532,0.9478054486162836
61,0.9552794002300382,-0.9573952671305731,-0.933665697678839,-0.9473883262442159,-0.9493175692672915,-0.9621751716227652,-0.9385043195215141,0.8913322432897838,0.942386559948748,0.9459219473594793,-0.9441772457858171,0.9488683022343934
62,0.9524715571330131,-0.9637234713088033,-0.9374017946313742,-0.9420584195375363,-0.943421383314879,-0.9641608807674309,-0.9423883455505327,0.8713646640283125,0.9455236533831511,0.9470070927946842,-0.9478276231399183,0.950088615647779
63,0.9540502640951959,-0.9586933602953391,-0.9322900636544741,-0.955140917817568,-0.9632230251550611,-0.9659223969441503,-0.9387195552208555,0.8989613655547826,0.943530291930041,0.9458576424448004,-0.946322887436701,0.9535527311438408
64,0.9648531303078469,-0.9585310986497434,-0.9383866235351802,-0.9611238960970022,-0.9733453790733639,-0.9761231769856984,-0.9484051616912045,0.8882240823670096,0.9522063159595624,0.9528990306021299,-0.9545153373764399,0.958729221913524
65,0.9696343571076007,-0.9729723851077504,-0.9494073279349183,-0.9476832617932018,-0.9648248791421323,-0.9837137103290168,-0.9578657490213334,0.8535633787433213,0.9566668706866044,0.9582604528634756,-0.952982736197237,0.9596346157363584
66,0.960466580248639,-0.9664819192839267,-0.9400592694511691,-0.9460611162737778,-0.9704824910964701,-0.9730004892178775,-0.9459984352349357,0.8735309580047925,0.9487097639024669,0.9466534157639506,-0.9509485564502951,0.9526867022698252
67,0.9429316564901083,-0.9585310986497434,-0.9255682155808752,-0.945808314374647,-0.9648930431415823,-0.9537038801910872,-0.9293274519768804,0.8837031210247875,0.9359326437685954,0.9324661439629385,-0.952369695725556,0.939715951634003
68,0.9271445868682803,-0.9877381948569512,-0.9253493647133625,-0.9173259670725491,-0.9249489394639695,-0.9361848011244409,-0.9225768777702732,0.8718355975014609,0.9273546539088993,0.9255774799779711,-0.9434806088861795,0.9313902649588088
69,0.921641665457243,-0.9945531839719665,-0.922926372965903,-0.9149664826806593,-0.9070899716081082,-0.9269288343049515,-0.9168926986194925,0.9080032882392215,0.9261292267860857,0.9219040617269441,-0.9385205541607593,0.9221591844607805
70,0.8985136084612648,-1.0072095923284223,-0.903792554263379,-0.9107320508702148,-0.8988080456749504,-0.902908159167868,-0.8939505297579081,0.9185521980377351,0.90833602496283,0.9024920156082785,-0.935204562518484,0.9091490688761392
71,0.9098690221106799,-1.016296244481776,-0.9118118753372307,-0.9074877598313661,-0.8951612717043834,-0.9116036435674922,-0.9015033461166047,0.890578749732749,0.9108358962933703,0.9110526073748951,-0.9309132792167162,0.9109992214706267
72,0.9179655335310174,-0.9908211661232684,-0.9189557929410322,-0.9060130820864353,-0.89465004170851,-0.9194183698787567,-0.9082050031188158,0.9127126229707002,0.9188746982190283,0.9185441299349763,-0.9295757363694119,0.9179274524627505
73,0.9164657619169437,-0.9643725178911841,-0.9119213007709867,-0.9151771509299353,-0.9205523614994534,-0.9157992548247695,-0.9010533078361642,0.9267464404705095,0.9197733447757583,0.9167355542096347,-0.9399974243879912,0.9128887390139332
74,0.9130828184265519,-0.9805986824507444,-0.9106863565900232,-0.9064133517600592,-0.9112479755745486,-0.9113153954658472,-0.8985487469711044,0.9219429190444011,0.915802960897842,0.9152967317436965,-0.9367092982217015,0.9088735142344071
75,0.9140187661255603,-0.9474973067492428,-0.9154541790608318,-0.8907817676637899,-0.8930141057217128,-0.9073439771765162,-0.9027947603126514,0.8923682969307103,0.9150186875392413,0.9188978069657098,-0.9225815018970499,0.9064132049332267
76,0.901907828429958,-0.9384106545958892,-0.9075286512159142,-0.8988924952609108,-0.8876291497651748,-0.8978157760388064,-0.8966898932040676,0.9110172624673686,0.9074863954910125,0.9098870807963416,-0.9170641376519195,0.9023979801537003
77,0.8874401067693826,-0.932244712063257,-0.900744274323026,-0.8953743354980037,-0.8768251558523728,-0.886878361959721,-0.8881098155530611,0.9135603032223674,0.8981077932444115,0.8998394378777778,-0.9141939936254124,0.8967687924726
78,0.8923115453955467,-0.9273768626953887,-0.9077943986978935,-0.8861470661797208,-0.8743371698724535,-0.896278452830033,-0.8944788355653818,0.8965125114944109,0.9072739881230584,0.9045497728780005,-0.9184574114511949,0.8995833863131504
79,0.905414813181664,-0.9651838261191629,-0.914234867084691,-0.9003039725310588,-0.90364768963589,-0.9120840570702339,-0.904389461175951,0.8910496832058974,0.9187276469642905,0.911277674576271,-0.9275415566224698,0.9128887390139332
80,0.9171874565282273,-0.9590178835865307,-0.9185180912060077,-0.9104792489710835,-0.9303338954205075,-0.92499116651056,-0.9079310667742001,0.886905468642194,0.9202798546531881,0.9131344789876216,-0.9290462923256871,0.9205845865080251
81,0.9078279795381435,-0.9518783711803239,-0.9126247499879915,-0.8948476648748142,-0.9057948556185607,-0.9181532809882037,-0.9038905056911151,0.8754146918973862,0.9164238439734006,0.9085688300454261,-0.9240583721242817,0.9170417411143256
82,0.8944540762727947,-0.9439275505461383,-0.9050274984443425,-0.8870529396516068,-0.894615959708785,-0.9039650688738997,-0.8979128233139599,0.8688216232733138,0.9107542011518492,0.9004101439955523,-0.921494748333615,0.9114322359076343
83,0.8849254521081913,-0.8983320281337766,-0.8941474838880049,-0.8916665743107483,-0.9021139996482688,-0.8933639442467336,-0.8898708349113066,0.8661843958236853,0.9028461114526244,0.8928302021777876,-0.9239190447443542,0.9103103348662961
84,0.8995172150300811,-0.88340395673898,-0.9073879613725135,-0.8964487435693106,-0.9030682956405667,-0.906607343138979,-0.9048492828972707,0.886057788390527,0.9096104691705562,0.9087778210181322,-0.9202686673902528,0.915683650380074
85,0.9079407443211566,-0.8696117168633538,-0.923020166194837,-0.9017786502759901,-0.8961837316961313,-0.9180732120710801,-0.9193679091619151,0.8833263742462688,0.9180577468038192,0.9208992974350877,-0.9202129364382818,0.9183604668997581
86,0.9242127025099408,-0.8988188130705617,-0.9339470773656411,-0.9226137401293734,-0.903749935635065,-0.9233097192509642,-0.9304623311188608,0.9510466076849434,0.9317335134944207,0.9315578370431002,-0.9314427232604408,0.9267452009981805
87,0.9287458467870657,-0.8920038239555463,-0.9355102978478733,-0.927037773364167,-0.9017731796510191,-0.9235819535691845,-0.9343365737070004,0.9580164230875319,0.9349196240137364,0.9331734980244054,-0.9367650291736723,0.9288118608111721
88,0.9382519179950665,-0.9072564186415345,-0.9481723837539549,-0.9310194032754808,-0.9008529656584462,-0.9371136005630748,-0.9468495945914209,0.9519884746312376,0.942468255090269,0.9426745491681994,-0.9403039446238317,0.9367242155237677
89,0.9452320580635749,-0.8822681252198119,-0.9463434157897433,-0.9360543744331739,-0.9156104715393388,-0.9448962993074899,-0.9489236840577986,0.9734630410067837,0.9418963890996224,0.9498606233835563,-0.9432576850782954,0.9429832423859704
90,0.9482879836832286,-0.8772380142063478,-0.9418257085960913,-0.9438490996563812,-0.9184392775165087,-0.9460012503637957,-0.9482290597553797,0.9494454338762388,0.9368312903253255,0.9515888179655492,-0.9449853445893968,0.9430816547580174
91,0.9679541618407059,-0.8496535344550954,-0.9578799829486174,-0.9510328869566885,-0.9107026635789502,-0.9640968256337319,-0.959744169670128,0.9399325777186516,0.9449354483642008,0.9638630185548669,-0.9497503409829182,0.9523324177304555
92,0.9588202144166483,-0.8532232906581999,-0.9483443380070002,-0.9512014215561089,-0.9214384934923013,-0.9554493825843818,-0.9494128561017556,0.9413453781380942,0.9415369304769304,0.9526257347147452,-0.9348423113306724,0.9482975104765197
93,0.9360530047263118,-0.856144000278919,-0.9292574159189437,-0.9482099324163914,-0.9359233433753953,-0.9369214351619782,-0.9286328276744615,0.9618780775673436,0.929282659248793,0.9334307176831207,-0.9303559696970061,0.9378657990395155
94,0.9332677145858893,-0.8965471500322232,-0.930898797425288,-0.9319252767473668,-0.9276754994419635,-0.9299234118053745,-0.9256977954107192,0.9329627623160631,0.9291029299374468,0.9291464027426449,-0.9292970816095568,0.9314296299076277
95,0.9361544930310237,-0.8983320281337766,-0.9261153427496567,-0.9202753225624113,-0.911929615569047,-0.9288504883159181,-0.9210995781975234,0.8768274923168288,0.926684753748428,0.9250469644318708,-0.9274858256704989,0.9296188422619591
96,0.9323543198434836,-0.8282349972364773,-0.9052776137215,-0.9203806566870493,-0.9021139996482688,-0.9196425628467028,-0.9078430158062875,0.8484772972333238,0.9176329320679105,0.9119850286377379,-0.924197699504209,0.9317248670237693
97,0.9284864877861357,-0.7845866145712602,-0.8958982908281051,-0.9024949223235282,-0.8750869738664017,-0.9131089392094162,-0.8991455368647319,0.8025141902540844,0.9054440169529898,0.9001931149085113,-0.9270678435307164,0.9277096422442432
98,0.918360210271563,-0.7717679445692085,-0.8907240310319166,-0.9080776309293385,-0.896422305694206,-0.9113954643829708,-0.8920036250229592,0.8369865204885133,0.9014082769618567,0.8957801901386778,-0.9209095733379193,0.9242258442737717
99,0.9130038830784429,-0.7743641308987385,-0.8921778260803929,-0.9036746645194731,-0.9102595975825257,-0.914325986749695,-0.8921308097543879,0.8478179903709161,0.9054930340379025,0.895884685625031,-0.9221356542812817,0.9252690154174724
100,0.912902394773731,-0.8433253302768674,-0.9008224353471372,-0.9002197052313483,-0.9054540356213111,-0.9199948660820467,-0.8986954985842914,0.855541299330542,0.9115711525670583,0.9002413435945202,-0.9185967388311224,0.9246588587107797
101,0.907478408710803,-0.8761021826871775,-0.8920058718273467,-0.9097629769235454,-0.9017390976512942,-0.9181052396379294,-0.8986465813798954,0.8791821596825681,0.9030421797922747,0.8996786755910807,-0.9229437530848614,0.9241274319017247
102,0.9024152699535166,-0.8371593877442352,-0.8773584959088302,-0.9147347476064562,-0.902829721642492,-0.9092816449709075,-0.8948212559961517,0.8743786382564597,0.8932877798946771,0.8962705151131038,-0.9288790994697742,0.9186753864903092
103,0.9128798418171284,-0.8197973916655045,-0.884674367765677,-0.9140816760337009,-0.9018754256501941,-0.9232456641172654,-0.9099562390361823,0.8776751725684958,0.9048231338774307,0.9074756464958863,-0.9355110827543247,0.9110385864194457
104,0.9182361690102487,-0.8550081687597509,-0.8972113960331808,-0.914797948081239,-0.8932185977200626,-0.9333823890251146,-0.926049999282368,0.8571424731392465,0.9155251974166706,0.9222979293293517,-0.934925907758629,0.9087751018623598
105,0.928790952700271,-0.8709098100281198,-0.9105300345418006,-0.9327258160946154,-0.9062379216149842,-0.9359125668062207,-0.9362345612375534,0.8762623721490507,0.9275997393334623,0.9332217267104146,-0.9340342125270927,0.9193839555690491
106,0.9375753292969883,-0.8433253302768674,-0.9171737215912874,-0.9388983957983981,-0.9175872275233846,-0.9306920734097612,-0.93263425499403,0.8617576211760957,0.9310799523622532,0.9318713235021595,-0.9277366149543684,0.917100788537554
107,0.9413980554411309,-0.853061029012604,-0.9118744041565201,-0.9155142201287765,-0.9150310775440155,-0.9213400238897234,-0.9137130803337723,0.8319004389785158,0.9160317072941003,0.9179493094741973,-0.9145841102892095,0.9050157492501564
108,0.9344855742424304,-0.8950867952218636,-0.9021199083473901,-0.9168203632742871,-0.9250511854631444,-0.9212439411891751,-0.8999673458985794,0.8087305120996381,0.9013755989052482,0.9045015441919914,-0.919014720970905,0.8995637038387408
109,0.93741745860077,-0.9840061770082532,-0.9096858954813952,-0.925647362918946,-0.9377978533602662,-0.9315888452815457,-0.9026969259038599,0.8034560572003812,0.9034179774432709,0.9068888641494423,-0.9306624899328466,0.9035198811950386
110,0.9459875821097623,-1.0015304347325775,-0.9166265944225068,-0.9133443371612352,-0.9322765694048284,-0.9337987473941574,-0.9070603405359565,0.7984641623850134,0.9063426635097199,0.9103854438851025,-0.9270957090067017,0.8980284708348042
111,0.9495847786878789,-0.9505802780155578,-0.9087792276017004,-0.9080144304545557,-0.939842773343762,-0.9291067088507137,-0.9055928244040856,0.8073177116801955,0.9063263244814157,0.908199076786023,-0.9311640685005856,0.8960011759706318
112,0.9343164270679107,-0.9393842244694616,-0.8887231088146589,-0.8952690013733657,-0.9275391714430636,-0.9148864691695603,-0.8886087710378975,0.8121212331063039,0.8902813986867075,0.8918254378859312,-0.9259253590153105,0.881455827382054
113,0.9274603282607168,-0.9335428052280209,-0.8913180548151646,-0.8929937842811864,-0.9156104715393388,-0.905678543700345,-0.8936765934132925,0.8116502996331555,0.8985652860369286,0.8920183526299675,-0.9229994840368325,0.8869275552678789
114,0.9214499653261209,-0.9184524721876308,-0.8916306989116114,-0.8936047222040864,-0.9017050156515692,-0.8988886995282628,-0.8980302246045098,0.806564218123158,0.9082053127363968,0.8961820958554206,-0.9111287912670067,0.8991503718761424
115,0.9176497921385808,-0.9059583254767684,-0.8890513851159276,-0.9051072086145487,-0.9114865495726234,-0.8996093197823752,-0.9000456134256126,0.8224817695155583,0.9086301274723055,0.8983443486114955,-0.914723437669137,0.9168645988446403
116,0.9134549422104951,-0.8895698992716122,-0.887331842585472,-0.8938364572782895,-0.9018413436504691,-0.8965186595814038,-0.9007989383733064,0.8359504668475894,0.9041368946886552,0.894638777903129,-0.9112959841229198,0.917100788537554
117,0.9197359406243224,-0.9054715405399811,-0.9014008269255633,-0.897544218465545,-0.9056244456199359,-0.9051180612804797,-0.9110226340920083,0.8406598015790682,0.9146265508599405,0.9018650426901602,-0.9207981114339774,0.9188131638111752
118,0.9171085211801181,-0.9156940242125051,-0.8948665653098326,-0.9045384043415039,-0.9218474774890009,-0.9055824609997967,-0.9039883400999066,0.8676913829377576,0.9128946138596972,0.8984247297548439,-0.9127449888741662,0.9101528750710207
119,0.9174242625725546,-0.8712343333193114,-0.8947727720808984,-0.901673316151352,-0.9177917195217344,-0.9067034258395272,-0.9026577921403433,0.8560122328036903,0.9144141434919864,0.8976289564356937,-0.911407446026862,0.9088341492855881
120,0.9102749753295268,-0.82774821229969,-0.9001815149494218,-0.8812595627965204,-0.8889242657547224,-0.9087211625510423,-0.9051330026827659,0.8224817695155583,0.9159990292374919,0.8969055261455571,-0.9047475972663259,0.9087160544391314
121,0.9093503041088198,-0.8225558396406302,-0.901416459130386,-0.8945737961507552,-0.8960133216975066,-0.9130288702922925,-0.9078723661289252,0.8368923337938836,0.92294311626677,0.895772152024343,-0.917426388839731,0.9153884132639324
122,0.908290315148497,-0.859389233190832,-0.9015258845641421,-0.9096997764487625,-0.912645337563271,-0.9152547861883289,-0.9095551179601374,0.8526215117970245,0.9277304515598959,0.8972672412906255,-0.9297986601772958,0.9168055514214123
123,0.9068018200127246,-0.8733437347120541,-0.9067939375892646,-0.9029162588220798,-0.9047042316273629,-0.9183134188224509,-0.9151316792612477,0.8466877500353625,0.9280572321259795,0.9005548300535795,-0.9286283101859045,0.915368730789523
124,0.9096322160663524,-0.8770757525607521,-0.9102486548549985,-0.8991452971600414,-0.9003417356625727,-0.9208916379538312,-0.9184776160419132,0.8397179346327714,0.9324197526831962,0.9057072613422191,-0.9321393601600784,0.9212144256891274
125,0.9144021663878048,-0.8847020499037461,-0.9104675057225113,-0.9024106550238178,-0.9025229836449673,-0.9233097192509642,-0.9208256418529072,0.855258739246653,0.9334164334097514,0.9137373375627353,-0.9252287221156729,0.9322366113584148
126,0.9252726914702635,-0.8761021826871775,-0.9192528048326563,-0.9000511706319281,-0.8991147836724751,-0.9325656860704538,-0.9278892861676467,0.8365155870153649,0.937403156315972,0.9202321339452951,-0.925953224491296,0.9370391351143189
127,0.926907780823953,-0.9012527377544958,-0.9205659100377319,-0.8981551563884451,-0.9038862636339648,-0.932197369051685,-0.9259228145509394,0.8249306235759273,0.9340536555136147,0.9148305211122751,-0.925284453067644,0.925387110263929
128,0.9194089227535845,-0.9101771282622537,-0.9106238277707338,-0.9056970797125211,-0.9123726815654714,-0.9222047681946584,-0.9133413095803645,0.8273794776362964,0.9203942278513175,0.9019775762908483,-0.9256188387794699,0.9097395431084225
129,0.9313056073614622,-0.9098526049710621,-0.9185337234108295,-0.9149454158557317,-0.9207568534978031,-0.9307401147600354,-0.9168242145333387,0.8265317973846292,0.9214399256627849,0.9067682924344194,-0.932947458963658,0.9128296915907048
130,0.939300630477088,-0.9374370847223147,-0.92183211862834,-0.9008727768041036,-0.9062379216149842,-0.9315568177146962,-0.9198179474423556,0.8156061408075969,0.9216033159458269,0.9106185492008131,-0.9277923459063395,0.9098379554804696
131,0.9408229550477643,-1.0094812553667607,-0.9144224535425591,-0.9065186858846973,-0.9244377094680951,-0.9276334407756393,-0.9135174115161893,0.8241771300188899,0.9129272919163055,0.9079418571273077,-0.9289348304217452,0.8982252955788989
132,0.9399208367836599,-1.0002323415678114,-0.9025107134679481,-0.9060973493861451,-0.9377978533602662,-0.9230855262830181,-0.909887754950028,0.8362330269314785,0.9088588738685639,0.9060930908302919,-0.9291856197056149,0.8950957821477974
133,0.93871425360542,-0.9731346467533462,-0.9011976082628733,-0.896638344993659,-0.9243013814691953,-0.9232136365504159,-0.9157089022731167,0.8218224626531505,0.9133030895673017,0.9087938972468019,-0.9246156816439917,0.8966703801005527
134,0.9280805345672887,-0.9254297229482418,-0.8747791821131463,-0.8940049918777104,-0.943489547314329,-0.909890168741047,-0.8964061734185724,0.8516796448507303,0.9056237462643356,0.8922032292596691,-0.9213554209536875,0.8812196376891407
135,0.9215514536308327,-0.9160185475036966,-0.8802348215961371,-0.885809996980879,-0.9314586014114302,-0.9041892618418458,-0.8900175865244936,0.8301108917805545,0.8977973517066321,0.8879510667765329,-0.9160331150404559,0.8787986933367793
136,0.9303245537492486,-0.8783738457255159,-0.8903019615017138,-0.8964066099194553,-0.9203478695011036,-0.9145341659342164,-0.8967094600858259,0.8173956880055607,0.8994639325936586,0.8983041580398212,-0.9204358602461659,0.8861008913426823
137,0.9404508312638211,-0.8504648426830742,-0.8967736942981552,-0.9360965080830291,-0.9354121133795219,-0.9291067088507137,-0.9034013336471581,0.826908544163148,0.9062773073965031,0.9093726414789111,-0.9358176029901651,0.8972214893840171
138,0.9338089855443521,-0.8598760181276194,-0.8989153063588136,-0.9372551834540463,-0.9259373174559924,-0.9267046413370054,-0.9018261996656163,0.8099549391298239,0.8994312545370503,0.9076524850112531,-0.9298543911292669,0.8956468914312617
139,0.9286669114389566,-0.8149295422976384,-0.9061530171915501,-0.9196011841647284,-0.8916508257327164,-0.9224609887294539,-0.909946455595303,0.8011955765292715,0.9063099854531115,0.9121618671531045,-0.918791797163021,0.899977035801339
140,0.9283962759597252,-0.8006505174852249,-0.909216929336725,-0.9293972577560567,-0.8905261197417936,-0.929378943168934,-0.9245922665913765,0.8384935076025882,0.9174041856716517,0.9224265391587094,-0.9345915220468031,0.915860792649759
141,0.9223182541553214,-0.8280727355908816,-0.8986964554913017,-0.9281543150853291,-0.905590363620211,-0.9311244455622287,-0.9254042921843452,0.8690099966625732,0.9154598413034543,0.9203205532029783,-0.94378712912202,0.9189509411320415
142,0.9128798418171284,-0.8309934452116008,-0.8901456394534905,-0.9077405617304973,-0.8938320737151119,-0.9279377026607091,-0.9180569280841107,0.8549761791627639,0.9051662534718184,0.9131746695592957,-0.9434248779342084,0.9140893699529092
143,0.9071513908400651,-0.8311557068571965,-0.889895524176333,-0.9071085569826697,-0.892843695723089,-0.9172885366832686,-0.9072951431170556,0.848100550454805,0.9005423084617344,0.9029743024683696,-0.9337834232432233,0.9195217328899152
144,0.9073430909711874,-0.8670155305338239,-0.8897392021281105,-0.9228876088534324,-0.9255624154590179,-0.9169042058810754,-0.8997227598766009,0.8809717068805294,0.90423492885848,0.8968572974595481,-0.9337555577672377,0.9296188422619591
145,0.9060462959665371,-0.8738305196488391,-0.897195763828358,-0.911785392116594,-0.9174168175247608,-0.9175127296512147,-0.9017283652568248,0.8772984257899771,0.908058261481659,0.896752801973195,-0.9293249470855424,0.9271388504863693
146,0.9050652423543235,-0.840404620656146,-0.8953042670448571,-0.9010834450533797,-0.9013301136545956,-0.91461423485134,-0.9007598046097898,0.8639239151525756,0.9074373784061,0.89647950608581,-0.9281824625701366,0.9268632958446372
147,0.9071288378834624,-0.7962694530541438,-0.8850808050910578,-0.9104160484963006,-0.9026933936435921,-0.9064792328715812,-0.8905948095363632,0.8590262070318375,0.8974215540556355,0.8906277588500383,-0.9313869923084697,0.924009337055268
148,0.9177738333998952,-0.7769603172282661,-0.8896454088991765,-0.9056338792377383,-0.8849366717869058,-0.9132690770436634,-0.8971497149253873,0.8344434797335145,0.9015226501599856,0.8982720055824818,-0.9357618720381943,0.9292055102993607
149,0.9277422402182495,-0.7896167255847243,-0.9011819760580506,-0.8992295644597519,-0.8665664739351702,-0.9193062733947837,-0.9093203153790378,0.8082595786264897,0.9087118226138261,0.9091475742775352,-0.9270957090067017,0.9301305865966046
150,0.9317679429718158,-0.8235294095142047,-0.9182367115192055,-0.9197486519392216,-0.9033750336380904,-0.9328859617389481,-0.91942660980719,0.8478179903709161,0.926962517229599,0.9216146896108895,-0.9337555577672377,0.9386334155414837
151,0.9240548318137225,-0.8491667495183081,-0.9238330408455977,-0.9347903649375185,-0.931629011410055,-0.9340709817123776,-0.9177829917394944,0.8939694707394122,0.9304427302583903,0.9224828059590534,-0.9284053863780206,0.9348937454036894
152,0.9230512252449062,-0.8842152649669588,-0.9404031779572606,-0.936370376807088,-0.9320379954067537,-0.9361687873410162,-0.9296405220850127,0.9185521980377351,0.9399357057031207,0.9313408079560593,-0.9334211720554118,0.9343623185946345
153,0.9214725182827236,-0.8705852867369284,-0.9374330590410188,-0.9390879972227465,-0.9303338954205075,-0.9398519575287023,-0.9304134139144647,0.9357883631549483,0.9374358343725805,0.9340657287155739,-0.9354553518023536,0.9378854815139247
154,0.9245961027721853,-0.8733437347120541,-0.9341190316186864,-0.9475147271937815,-0.9400131833423868,-0.936697242194032,-0.9301296941289696,0.9690362663591939,0.9315047670981619,0.9365253917020383,-0.9386041505887158,0.9389680176064442
155,0.9373385232526608,-0.90368666243843,-0.9492197414770503,-0.9399096033949226,-0.9236879054741469,-0.9477467527570904,-0.9448537726520765,0.9373895369636529,0.9397886544483829,0.9487031349193377,-0.9426167791306287,0.9412511846379393
156,0.9380827708205469,-0.9361389915575508,-0.944123642704973,-0.9383085247004256,-0.9200411315035799,-0.9448642717406405,-0.946937645559333,0.9517059145473485,0.936308441419592,0.9478350185711738,-0.9408891196195274,0.9408378526753413
157,0.9299975358785106,-0.9116374830726155,-0.9271001716534627,-0.9393197322969502,-0.9228358554810239,-0.931460735014148,-0.9350214145685399,0.9594292235069745,0.9312923597302077,0.9354643606098378,-0.9393007874883534,0.929481064941093
158,0.9304373185322615,-0.9358144682663593,-0.9348068486308685,-0.9320095440470773,-0.9050450516246125,-0.9250392078608343,-0.9369194020990934,0.9424756184736504,0.937762614938664,0.9355527798675213,-0.935037369662571,0.9267255185237709
159,0.9326136788444136,-0.9366257764943381,-0.9495323855734971,-0.9197486519392216,-0.8887879377558225,-0.919690604196977,-0.9408816956551452,0.8816310137429372,0.9493306469780259,0.9368790687327717,-0.9340063470511074,0.9276112298721959
160,0.911605599769081,-0.8971961966146063,-0.9286321277260511,-0.9179790386453043,-0.9017050156515692,-0.9103865960272134,-0.9204832214221372,0.8926508570145993,0.9309492401358196,0.9197016183991948,-0.91817875669134,0.917061423588735
161,0.9031820704780054,-0.8655551757234642,-0.9139691196027118,-0.9118064589415216,-0.9043634116301132,-0.9122922362547553,-0.9161198067900405,0.8786170395147901,0.9180250687472108,0.9152565411720222,-0.919349106682731,0.9170811060631444
162,0.8963936305406194,-0.8955735801586509,-0.9080914105895175,-0.8884433500968277,-0.8871179197693013,-0.9031323521358141,-0.9054852065544147,0.8369865204885133,0.9131887163691728,0.9028135401816727,-0.9202129364382818,0.9105858895080283
163,0.8919281451333022,-0.9551236040922346,-0.9034173813476428,-0.8863156007791411,-0.892877777722814,-0.8964866320145545,-0.8963474727732975,0.8418842286092514,0.9099045716800318,0.8938028140123045,-0.9238633137923831,0.9097395431084225
164,0.8925596279181753,-0.9418181491533957,-0.8960858772859732,-0.9012519796528006,-0.9069877256089334,-0.900025678151418,-0.8903306566326263,0.8893543227025631,0.9082870078779174,0.8929186214354708,-0.9202965328662384,0.9147388916084207
165,0.899956997683832,-0.9598291918145072,-0.9073254325532242,-0.8960484738956866,-0.8978537496826525,-0.906943632590898,-0.8984802628849502,0.8650541554881291,0.9113424061708,0.9024357488079348,-0.9163396352762965,0.91582142770094
166,0.8916011272625644,-0.9382483929502935,-0.9051369238780984,-0.8927199155571275,-0.8993192756708248,-0.9052141439810281,-0.8934613577139512,0.8629820482062789,0.905378660839773,0.8984488440978484,-0.9135530876777458,0.9105071596103907
167,0.8853652347619423,-0.9200750886435861,-0.8934752990806456,-0.9014205142522208,-0.9125771735638212,-0.9010825878574497,-0.8825821714563469,0.882290320605345,0.895477209687438,0.8921710768023299,-0.9114910424548184,0.9044252750178731
168,0.890146461561696,-0.8980075048425851,-0.9006973777085585,-0.8892860230939309,-0.8986376356763256,-0.9076162114947364,-0.8878065288858078,0.8653367155720182,0.8981404713010199,0.8970100216319102,-0.9156151329006733,0.9073185987560609
169,0.8983106318518415,-0.9199128269979904,-0.9119056685661647,-0.883682247663193,-0.8983990616782519,-0.915366882672302,-0.8967779441719796,0.847252870203138,0.9085484323307846,0.9051445933387794,-0.9167576174160791,0.9095820833131468
170,0.9036331296100578,-0.9009282144633043,-0.9137346365303762,-0.8981762232133726,-0.9152014875426403,-0.9199948660820467,-0.8995564413816556,0.8835147476355282,0.9146592289165489,0.9089144689618246,-0.9214390173816441,0.914975081301334
171,0.9258477918636302,-0.9546368191554496,-0.928538334497117,-0.9031269270713559,-0.899182947671925,-0.9342631471134744,-0.9167459470063056,0.884456614581825,0.925426648569006,0.9290499453706267,-0.9308854137407306,0.9249934607757402
172,0.9297043474426767,-0.9564216972570008,-0.9252086748699618,-0.9170099646986355,-0.9070558896083832,-0.9350638362847103,-0.9180960618476273,0.9004683526688548,0.9271095684843368,0.9299984428621392,-0.9374616660733102,0.923969972106449
173,0.9324445316698939,-0.9539877725730666,-0.9228482119417908,-0.9236670813757526,-0.9186096875151325,-0.9329179893057976,-0.9167557304471851,0.9121475028029221,0.9274036709938119,0.929033869141957,-0.9427839719865417,0.9276899597698338
174,0.9351508864622075,-0.9496067081419856,-0.9254900545567639,-0.9165886282000834,-0.9078738576017814,-0.9352239741189576,-0.919964699055543,0.8849275480549734,0.9277958076731122,0.9320883525892005,-0.9356504101342522,0.930721060828888
175,0.9329858026283567,-0.9538255109274708,-0.9237705120263083,-0.917831570870811,-0.9070558896083832,-0.9353360706029307,-0.9184384822783966,0.884456614581825,0.9264560073521693,0.930593263322918,-0.9335604994353393,0.9312721701123523
176,0.9294111590068428,-0.9489576615596025,-0.9124684279397681,-0.9306402004267839,-0.9258350714568175,-0.9342631471134744,-0.910425844198381,0.9175161443968086,0.9221098258232566,0.925899004551365,-0.9351209660905276,0.9311934402147144
177,0.9350381216791944,-0.9697271521958397,-0.921535106736716,-0.9297343269548979,-0.9177576375220095,-0.9377701656834885,-0.9185558835689465,0.893310163877007,0.9259331584464353,0.9307620637239501,-0.9428675684144983,0.9337718443623515
178,0.9370791642517308,-0.9577197904217646,-0.9203783235798638,-0.9282807160348941,-0.9125771735638212,-0.9414213083043251,-0.9203756035724668,0.8886008291455256,0.9267991269465574,0.9320963907035353,-0.9432576850782954,0.934382001069044
179,0.9458522643701467,-0.9604782383968903,-0.9220197050862081,-0.9530553021497365,-0.9484314372744435,-0.9513178264608035,-0.9234476040085168,0.9210010520981042,0.9326158210228466,0.9370719834768081,-0.9500847266947444,0.9454829166359696
180,0.944871210757933,-0.9536632492818751,-0.9190495861699663,-0.9446496390036292,-0.9406266593374352,-0.9475706011394185,-0.9221953235759871,0.9220371057390306,0.9302630009470441,0.9369674879904552,-0.9424774517507012,0.9424911805257343
181,0.9553921650130515,-0.9638857329543968,-0.9343378824861992,-0.939172264522457,-0.9282889754370118,-0.9539280731590333,-0.9332799620920533,0.9066846745144085,0.9380730564764438,0.9477948279994994,-0.9469359279083822,0.9446168877619541
182,0.9481301129870104,-0.9870891482745682,-0.9273971835450876,-0.9383085247004256,-0.931629011410055,-0.9447521752566673,-0.9248564194951133,0.9148789169471803,0.9327628722775839,0.9401264669240517,-0.9410841779514258,0.9377083392442398
183,0.9460777939361728,-0.9891985496673108,-0.9263498258219913,-0.9362229090325948,-0.9296522554260093,-0.9405245364325406,-0.9207669412076323,0.9202475585410668,0.9288578445128843,0.9363646294153412,-0.9430068957944258,0.9368226278958148
184,0.9452433345418763,-0.9862778400465917,-0.9300546583648825,-0.926553236390832,-0.9204841975000034,-0.9421579423418625,-0.9250716551944541,0.9008450994473736,0.9310472743056448,0.9371202121628173,-0.9444280350696866,0.9369800876910905
185,0.9452207815852736,-0.997960678529473,-0.9312270737265568,-0.9263847017914117,-0.9195299015077055,-0.9420458458578894,-0.9266761394986331,0.893310163877007,0.9322236843435462,0.9374738891935506,-0.9462392910087445,0.9372162773840038
186,0.9381391532120534,-0.9903343811864812,-0.9196592421580371,-0.9294815250557666,-0.9268575314485653,-0.9369054213785535,-0.9148577429166315,0.9231673460745843,0.9231228455781161,0.9289615261129435,-0.9368764910776145,0.9325515309489659
187,0.9492464843388397,-0.9914702127056493,-0.9338376519318843,-0.9273537757380805,-0.9268234494488404,-0.9461934157648924,-0.9276251332639098,0.8935927239608961,0.9356058632025119,0.9392342362328832,-0.9474375064761212,0.9371769124351849
188,0.9509492325623369,-0.9716742919429866,-0.9362293792697,-0.924636155322422,-0.92453995546727,-0.9504690959392933,-0.9296894392894087,0.8958532046320058,0.9368149512970213,0.9412678791596003,-0.9441493803098315,0.937846116565106
189,0.9528662338735588,-0.9491199232051982,-0.9316491432567594,-0.9365389114065082,-0.9447164993044266,-0.9526469704850554,-0.9296013883214961,0.9131835564438486,0.9367332561555007,0.9410830025298987,-0.9391614601084259,0.9415070568052621
190,0.9573881016723825,-0.9583688370041477,-0.9368546674625927,-0.9381399901010053,-0.9430123993181805,-0.9596930351919333,-0.9372716059707423,0.9061195543466305,0.9414225572788011,0.9474813415404404,-0.9399695589120056,0.944301968171403
191,0.9529338927433666,-0.9559349123202134,-0.9476721531996409,-0.9198539860638597,-0.9264826294515908,-0.9579475327986385,-0.9400892369439349,0.8751321318134971,0.9416839817316682,0.947280388682069,-0.9348980422826435,0.9408181702009317
192,0.9347336567650592,-0.9582065753585519,-0.9330404094859464,-0.9282807160348941,-0.9342533253888742,-0.9490598829979177,-0.9261869674546761,0.8896368827864521,0.9318478866925496,0.9327233636216538,-0.9341456744310349,0.934775650557233
193,0.9178302157914018,-0.9684290590310736,-0.9174082046636228,-0.9171995661229834,-0.9191890815104569,-0.930355783957842,-0.9090268121526639,0.8958532046320058,0.9159173340959713,0.9183271008479352,-0.9262318792511511,0.9209585535218043
194,0.9151351374773896,-0.9582065753585519,-0.9222541881585428,-0.9045594711664314,-0.9051132156240624,-0.9268167378209785,-0.9120009781799223,0.8918973634575619,0.9203288717381007,0.9194042081688053,-0.9277923459063395,0.9166480916261366
195,0.9098464691540772,-0.9535009876362793,-0.9171893537961101,-0.9035271967449798,-0.8995237676691746,-0.9184255153064239,-0.9078430158062875,0.8981136853031155,0.919577276436108,0.9157790186037876,-0.9308296827887597,0.9131642936556654
196,0.8841022691921959,-0.9367880381399338,-0.8910679395380072,-0.8937732568035073,-0.8893673317511459,-0.889360498390553,-0.882865891241842,0.9129009963599596,0.8988920666030121,0.8929025452068012,-0.9147791686211081,0.8972214893840171
197,0.8802344371348482,-0.9328937586456378,-0.8973520858765814,-0.8799323528260823,-0.8751551378658516,-0.8867342379088985,-0.8845779933956914,0.8803124000181243,0.9015716672448981,0.892267534174348,-0.9155872674246878,0.8970049821655133
198,0.8854667230666541,-0.9189392571244158,-0.8981180639128756,-0.8803536893246339,-0.8825509318061604,-0.8905295045805577,-0.8871706052286638,0.8740018914779409,0.9020781771223279,0.8944137107017531,-0.9157265948046153,0.9022602028328344
199,0.8762538402944873,-0.9265655544674098,-0.8849557474524791,-0.8887804192956689,-0.8881062977613242,-0.8837556741919002,-0.8792362346756808,0.8998090458064472,0.893075372526723,0.8859254619641506,-0.9109058674591227,0.9004297327127564
200,0.8607374061518904,-0.9596669301689115,-0.8825952845243081,-0.8733384366237474,-0.8688499679167406,-0.8697756412621176,-0.8725345776734696,0.8693867434410919,0.8861966416106618,0.8758938952742562,-0.9118254281666444,0.8944068955434671
201,0.8684054113967784,-0.9621008548528457,-0.896711165478866,-0.8683877327657648,-0.8632605199618527,-0.8769498162363931,-0.8844508086642627,0.8508319645990632,0.8934675092060234,0.8849528501296335,-0.9193769721587165,0.9002525904430713
202,0.874325562504964,-0.9207241352259692,-0.8954293246834358,-0.8833030448144961,-0.8832325718006596,-0.8882555473342472,-0.8898512680295483,0.8842682411925656,0.8962941611026471,0.8938188902409743,-0.9136924150576734,0.9042678152225976
203,0.8939240817926335,-0.8958981034498424,-0.9088104920113451,-0.9106477835705044,-0.8920598097294149,-0.8987285616940155,-0.9053384549412278,0.9282534275845817,0.9085647713590888,0.9103050627417538,-0.914723437669137,0.912121122511965
204,0.9085609506277283,-0.9002791678809234,-0.9260215495207226,-0.9141238096835561,-0.8890605937536222,-0.9092336036206333,-0.9204440876586206,0.9098870221318124,0.9236293554555458,0.9231258551058416,-0.918791797163021,0.9133020709765314
205,0.9199050877988421,-0.897358458260202,-0.9357760453298526,-0.9153246187044286,-0.9002054076636729,-0.9117637814017394,-0.9247096678819258,0.8982078719977452,0.9355078290326867,0.9253845652339346,-0.9220799233293107,0.9232614030277092
206,0.9223295306336228,-0.9306220956072994,-0.9355571944623399,-0.9202542557374837,-0.8961496496964064,-0.9098100998239234,-0.9259423814326977,0.9004683526688548,0.9387429566369151,0.9259552713517091,-0.923361735224644,0.9213522030099933
207,0.9323543198434836,-0.9638857329543968,-0.9426073188372083,-0.9272905752632977,-0.8984331436779768,-0.920203045266568,-0.93627369500107,0.9319267086751366,0.9390043810897822,0.9348132733487149,-0.930133045889122,0.9240683844784964
208,0.9148193960849531,-0.9325692353544462,-0.9297732786780805,-0.9212443965090806,-0.9030342136408417,-0.9144060556668187,-0.9263826362722591,0.9327743889268038,0.9239561360216294,0.9213655080665091,-0.9220241923773398,0.9164119019332233
209,0.9084143564098114,-0.9231580599099034,-0.9158137197717452,-0.9280911146105463,-0.9252556774614932,-0.9084169006659725,-0.9095844682827746,0.9388023373830955,0.915116721709066,0.9047828781937112,-0.9196277614425862,0.9097395431084225
210,0.9196231758413093,-0.9535009876362793,-0.9248335019542265,-0.9276908449369222,-0.9130202395602447,-0.9290106261501654,-0.9264902541219295,0.9593350368123448,0.925018172861401,0.9237367517952901,-0.9288790994697742,0.9227693411674732
211,0.9382293650384639,-0.9228335366187118,-0.9424822611986295,-0.9407733432169534,-0.9184733595162327,-0.9517662123966958,-0.949716142769009,0.9744049079530805,0.9415859475618431,0.9519907236822918,-0.9444837660216575,0.941014994945026
212,0.9331549498028764,-0.8924906088923337,-0.9412942136321326,-0.9551198509926404,-0.9311177814141807,-0.950773357824363,-0.9479551234107642,0.9754409615940044,0.9434976138734327,0.9529311830594693,-0.9333654411034407,0.9506397249312434
213,0.9264003393003941,-0.8713965949649072,-0.936338804703456,-0.9455344456505881,-0.9350372113825474,-0.9405085226491159,-0.9378488289826119,0.9718618671980818,0.9363901365611126,0.9441294478628075,-0.9332261137235132,0.946132438291481
214,0.9311590131435452,-0.8707475483825241,-0.9414974322948226,-0.9327047492696877,-0.9242332174697453,-0.9379783448680098,-0.9367041663997521,0.9414395648327238,0.9352137265232116,0.9379642141679766,-0.9331703827715422,0.9369997701655
215,0.949517119818071,-0.8860001430685099,-0.9371985759686842,-0.9425640233357983,-0.9251875134620432,-0.94259031449433,-0.9349431470415073,0.9405918845810594,0.9364554926743294,0.9378677567959585,-0.9314705887364263,0.9397553165828219
216,0.944983975540946,-0.8812945553462374,-0.9247240765204697,-0.9380346559763673,-0.9184733595162327,-0.9377701656834885,-0.9244357315373101,0.903199766813113,0.9294460495318351,0.9278603044490689,-0.9292970816095568,0.9285559886438493
217,0.9401576428279872,-0.9033621391472384,-0.9303985668709732,-0.9352117014360707,-0.9133610595574944,-0.9407647431839116,-0.9303057960647944,0.8476296169816567,0.93954356902382,0.9343068721456195,-0.930077314937151,0.9362715186123505
218,0.9172212859631312,-0.9181279488964392,-0.9172675148202214,-0.9276697781119947,-0.9122363535665715,-0.9245267667912431,-0.9172155521685043,0.8390586277703637,0.932403413654892,0.9203446675459829,-0.914444782909282,0.9334962897206193
219,0.9083015916267984,-0.8298576136924327,-0.8977585232019623,-0.9111112537189111,-0.9037840176347899,-0.90711978420857,-0.8938037781447212,0.8675030095485009,0.9094797569441231,0.8994294940467004,-0.9140546662454849,0.9297763020572346
220,0.9107485874181817,-0.7962694530541438,-0.8840021829583178,-0.8860627988800104,-0.8745416618708033,-0.9010825878574497,-0.8902719559873514,0.8443330826696205,0.8932224237814608,0.8898721761025624,-0.9205751876260934,0.9207420463033006
221,0.9213372005431077,-0.7868582776095986,-0.879844016475579,-0.8873900088504479,-0.881187651817164,-0.9110912024979011,-0.8947527719099979,0.8565773529714684,0.8978300297632401,0.8933607177238877,-0.9264548030590353,0.9194823679410964
222,0.9100268928068982,-0.8245029793877771,-0.8689171053047757,-0.896322342619745,-0.9023184916466185,-0.909313672537757,-0.8865444650123987,0.9042358204540368,0.8972418247442898,0.8867453496263054,-0.9194884340626587,0.9115700132285006
223,0.9094405159352301,-0.8605250647100001,-0.8836426422474044,-0.8953322018481485,-0.9161217015352132,-0.9068795774571992,-0.8896360323302069,0.9382372172153174,0.9026337040846703,0.8863916725955717,-0.9161167114684123,0.9151522235710191
224,0.9059899135750306,-0.8780493224343267,-0.9027764609499274,-0.8918351089101691,-0.9078397756020564,-0.9039170275236256,-0.8962300714827478,0.9174219577021789,0.9062609683681989,0.8906920637647171,-0.9086766293802823,0.9186950689647188
225,0.8970589427603964,-0.8801587238270693,-0.8930688617552648,-0.9049176071902002,-0.9191209175110069,-0.9004100089536113,-0.8918373065280139,0.9227905992960656,0.8959673805365636,0.8866408541399522,-0.9079799924806445,0.9150144462501529
226,0.9030805821732937,-0.8890831143348271,-0.893647253333691,-0.9118275257664492,-0.912679419562996,-0.9132210356933892,-0.902931728484959,0.8966066981890406,0.9027317382544954,0.8998715903351172,-0.9208259769099629,0.9170417411143256
227,0.9143796134312021,-0.859389233190832,-0.9007286421182031,-0.9036957313444007,-0.8956043377008079,-0.9319571623003142,-0.9213050304559853,0.8649599687935021,0.9126658674634388,0.9186807778786689,-0.9317492434962813,0.9172779308072389
228,0.930820718794506,-0.8993055980073489,-0.9106550921803784,-0.917599835796608,-0.9053177076224113,-0.9459211814466721,-0.9401675044709681,0.8772042390953475,0.9271585855692493,0.9365334298163732,-0.9474375064761212,0.9193445906202301
229,0.9479271363775869,-0.8872982362332738,-0.9198155642062605,-0.9389194626233256,-0.910021023584451,-0.9460332779306452,-0.9456364479224074,0.886622908558305,0.9342333848249605,0.94453135357955,-0.9481898743277298,0.9284969412206209
230,0.9595870149411372,-0.8550081687597509,-0.9443581257773085,-0.9442704361549328,-0.9085554975962796,-0.9509975507923091,-0.948933467498678,0.8503610311259148,0.9392494665143448,0.9537992994076333,-0.9370436839335275,0.9347559680828235
231,0.9525843219160263,-0.8430008069856759,-0.941356742451422,-0.9432592285584088,-0.9132247315585945,-0.942702410978303,-0.9351681661817274,0.8410365483575869,0.930785849852778,0.9403113435537532,-0.9257581661593974,0.928949638132038
232,0.9373272467743594,-0.8598760181276194,-0.9238017764359531,-0.952233695977561,-0.9275050894433386,-0.9376740829829402,-0.9163154756076235,0.818337554951855,0.9140873629259029,0.9229329403618051,-0.9214390173816441,0.9196398277363718
233,0.9275956460003325,-0.8907057307907825,-0.9153134892174312,-0.942016285887681,-0.9375592793621915,-0.9334624579422381,-0.9045264293482591,0.8030793104218625,0.9039244873207006,0.9110606454892299,-0.9224979054690933,0.9099166853781074
234,0.9266145923881189,-0.8634457743307216,-0.9090918716981463,-0.9205491912864702,-0.9293795994282096,-0.9253754973127535,-0.9033426330018832,0.7944141345159423,0.9027970943677123,0.9047828781937112,-0.9135530876777458,0.9059408255474
235,0.9250020559910322,-0.8514384125566464,-0.8988996741539916,-0.9164832940754459,-0.9351735393814472,-0.9230534987161687,-0.8983530781535215,0.8184317416464847,0.8999541034427843,0.8980710527241105,-0.914723437669137,0.9047401946084241
236,0.9214837947610247,-0.8793474155990905,-0.8927718498636408,-0.9028741251722245,-0.9213703294928515,-0.9147423451187378,-0.8943125170704365,0.8240829433242602,0.8965065684706013,0.8933285652665482,-0.9123548722103691,0.9009808419962207
237,0.9244946144674734,-0.9311088805440867,-0.9005566878651579,-0.8880852140730584,-0.9053177076224113,-0.9139736835143512,-0.9026577921403433,0.8057165378714909,0.9072739881230584,0.8979263666660833,-0.9124663341143111,0.9077909781418877
238,0.9208523119761516,-0.9512293245979409,-0.8973364536717595,-0.8885065505716105,-0.9038862636339648,-0.908561024716795,-0.9029708622484756,0.8140991536935246,0.9078295150854002,0.8982157387821378,-0.9103485579394126,0.9071217740119666
239,0.9236601550731769,-0.959991453460103,-0.8975084079248048,-0.9016311825014969,-0.9155082255401649,-0.9135413113618837,-0.9064342003196915,0.8339725462603662,0.911914272161446,0.9033440557277728,-0.9152528817128618,0.914345242120232
240,0.9360078988131068,-0.990983427768862,-0.9194716557001691,-0.9027477242226589,-0.9098846955855522,-0.9274092478076931,-0.926646789175996,0.8108026193814885,0.9237437286536748,0.9220407096706367,-0.9214390173816441,0.9293629700946364
241,0.939413395260101,-0.9890362880217151,-0.9247709731349372,-0.900451440305552,-0.9119636975687718,-0.930067535856197,-0.9317048281105115,0.812780539968709,0.9293153373054014,0.9255855180923059,-0.9260925518712236,0.9307013783544784
242,0.9351508864622075,-0.9763798796652592,-0.9156105011090552,-0.9102053802470246,-0.9231085114788234,-0.9273932340242683,-0.9256782285289609,0.8384935076025882,0.9266193976352112,0.9222818531006822,-0.9244206233120932,0.9271978979095977
243,0.9345306801556356,-0.970700722069412,-0.9171893537961101,-0.9006621085548281,-0.911861451569597,-0.9270249170054998,-0.9253455915390703,0.8296399583074061,0.925181563144443,0.9224667297303837,-0.9216898066655136,0.9246391762363702
244,0.945051634410754,-0.9797873742227656,-0.9287259209549851,-0.899440232709028,-0.9113161395739986,-0.9366331870603332,-0.9372031218845885,0.812403793190193,0.9355568461175994,0.9325224107632825,-0.9274858256704989,0.9316461371261315
245,0.93413600341509,-0.956908482193788,-0.9181898149047389,-0.9043488029171554,-0.91540597954099,-0.9285942677811226,-0.9270381268111614,0.8372690805724023,0.9279265198995458,0.9224104629300397,-0.9227765602289484,0.9251509205710157
246,0.9371693760781411,-0.9468482601668599,-0.9186118844349417,-0.9077826953803526,-0.9212340014939526,-0.9308361974605837,-0.9283197575663287,0.8382109475186992,0.9304590692866945,0.9236563706519415,-0.9246714125959627,0.9273750401792826
247,0.9420971970958119,-0.9522028944715154,-0.9285852311115836,-0.8961748748452517,-0.9087259075949045,-0.933526513075937,-0.9356573382256844,0.8166421944485234,0.936422814617721,0.9291705170856496,-0.9254795113995425,0.9293826525690458
248,0.9434503744919686,-0.9526896794083005,-0.9246459154963584,-0.9023263877241073,-0.9161557835349382,-0.9343432160305979,-0.9324777199399635,0.8278504111094448,0.9355568461175994,0.9281336003364536,-0.9296593327973683,0.9296188422619591
249,0.935387692506535,-0.9382483929502935,-0.9128904974699708,-0.9056760128875935,-0.9192572455099067,-0.929266846684961,-0.9233008523953298,0.8393411878542527,0.9276977735032875,0.9218236805835957,-0.92369612093647,0.9255052051103857
250,0.9384774475610926,-0.9630744247264202,-0.922926372965903,-0.8953111350232209,-0.9051813796235123,-0.9334624579422381,-0.9329277582204039,0.8159828875861156,0.930704154711257,0.9282622101658113,-0.9230830804647889,0.9278671020395186
251,0.9393231834336905,-0.9703761987782228,-0.9240206273034658,-0.8975231516406175,-0.9057607736188357,-0.9321813552682603,-0.9322624842406222,0.8130631000525981,0.929560422729964,0.9279165712494126,-0.9226093673730353,0.9278080546162902
252,0.9376880940800013,-0.9736214316901335,-0.9144224535425591,-0.9066661536591899,-0.917246407526136,-0.9296992188374285,-0.924836852613355,0.8383051342133289,0.9247567484085343,0.9223220436723563,-0.9226093673730353,0.9250721906733778
253,0.9379136236460273,-0.9883872414393343,-0.9168610774948415,-0.9005989080800453,-0.9072262996070071,-0.9293469156020846,-0.9261967508955555,0.8245538767974087,0.9214072476061765,0.9218156424692608,-0.9206030531020789,0.9249147308781024
254,0.9392104186506776,-0.9862778400465917,-0.9188307353024535,-0.8987871611362728,-0.9017390976512942,-0.9284181161634506,-0.9259815151962142,0.8177724347840795,0.9214235866344808,0.9197016183991948,-0.9215226138096005,0.9265090113052672
255,0.9359853458565041,-0.9758930947284719,-0.9092481937463697,-0.9072981584070176,-0.9173827355250358,-0.926896806738102,-0.918506966364551,0.841319108441476,0.9181884590302528,0.9135363847043642,-0.9238633137923831,0.9241274319017247
256,0.9234910078986573,-0.9608027616880818,-0.896507946816176,-0.8956692710469897,-0.9083169235982049,-0.913749490546405,-0.90394920633639,0.8350085999012926,0.9050028631887769,0.9001127337651628,-0.9128843162540937,0.9092081162993674
257,0.9200967879299642,-0.9526896794083005,-0.8963359925631307,-0.8821233026185512,-0.9011256216562459,-0.9087692039013163,-0.8996934095539637,0.8015723233077903,0.8996273228767002,0.8940921861283593,-0.9072833555810069,0.902594804897795
258,0.9188338223602178,-0.9267278161130056,-0.8956169111413039,-0.8938785909281447,-0.9142812735500673,-0.9095058379388535,-0.8958583007293406,0.8177724347840795,0.8968823661215979,0.8914235321691887,-0.9107386746032097,0.899878623429292
259,0.920311041017689,-0.8911925157275699,-0.896101509490796,-0.910289647546735,-0.9299930754232579,-0.9155750618568234,-0.8952517273948338,0.8220108360424099,0.8983855567255824,0.8952014459065687,-0.9149742269530066,0.9020043306655117
260,0.9261297038211628,-0.8520874591390295,-0.901416459130386,-0.9132179362116696,-0.9188823435129322,-0.9167600818302528,-0.8964844409456056,0.81033168590834,0.8977973517066321,0.9003538771952082,-0.9095404591358329,0.8997802110572447
261,0.9359176869866962,-0.8668532688882303,-0.9148914196872284,-0.9301556634534495,-0.9162580295341131,-0.9280337853612574,-0.9044677287029842,0.8088246987942678,0.9039244873207006,0.9108918450881981,-0.9191261828748472,0.9065903472029117
262,0.9403042370459042,-0.8486799645815231,-0.9165484333983946,-0.9427746915850744,-0.9194276555085307,-0.9311404593456535,-0.9102106084990397,0.8156061408075969,0.9091039592931269,0.9165667538086029,-0.9253959149715859,0.9129477864371616
263,0.951693480130223,-0.85062710432867,-0.9318054653049829,-0.9376765199525979,-0.909168973591328,-0.9373217797475962,-0.9257564960559941,0.804397924146678,0.9245116629839717,0.9318954378451639,-0.9309968756446726,0.9229268009627486
264,0.958256390501583,-0.8597137564820235,-0.943342032463857,-0.9389826630981084,-0.9078056936023314,-0.9483392627438052,-0.9436014922195463,0.8319946256731455,0.9391350933162154,0.948622753775989,-0.939328652964339,0.9354842196359727
265,0.939447224695005,-0.8801587238270693,-0.9256307444001646,-0.9371077156795531,-0.9137018795547439,-0.9432308658313188,-0.9394826636094281,0.857707593307022,0.9316681573812039,0.9417983947057006,-0.9363749125098753,0.9288709082344001
266,0.9243367437712552,-0.8814568169918331,-0.910889575252714,-0.9286809857085186,-0.9099187775852771,-0.939355530242536,-0.9328299238116124,0.868162316410906,0.9249691557764889,0.9316382181864489,-0.9386598815406869,0.9168842813190499
267,0.9157666202622627,-0.8486799645815231,-0.9056058900227686,-0.9099104446980386,-0.9026252296441422,-0.9344553125145709,-0.929170916922814,0.8794647197664571,0.9189073762756367,0.9221452051569896,-0.9340899434790638,0.9178880875139316
268,0.9075235146240083,-0.8535478139493892,-0.8972739248524702,-0.9078037622052801,-0.9084191695973798,-0.9118278365354384,-0.9090659459161805,0.9115823826351467,0.9054113388963815,0.9046221159070142,-0.9186524697830935,0.9182423720533014
269,0.9024603758667219,-0.8994678596529446,-0.8900518462245565,-0.9057813470122316,-0.9148265855456658,-0.8986004514266178,-0.8932167716919727,0.9339046292623573,0.89583666831013,0.8911421981674689,-0.9075620103408619,0.9160969823426722
270,0.8975551078056538,-0.8971961966146063,-0.886050001790042,-0.8837454481379758,-0.8999327516658732,-0.896566700931678,-0.8864564140444866,0.917704517786068,0.8941210703381909,0.8828066736022283,-0.9002612556326594,0.9066100296773211
271,0.9053471543118562,-0.8804832471182608,-0.8753888381012171,-0.8826078395918862,-0.8987057996757756,-0.9070557290748712,-0.8857911400647049,0.9103579556049608,0.8972745028008982,0.8833452272626633,-0.903493650846978,0.9035592461438575
272,0.9154959847830314,-0.8102239545753658,-0.8641492828339671,-0.8977338198898935,-0.9087940715943543,-0.9149985656535333,-0.8824549867249183,0.9195882516786617,0.8938759849136279,0.8852824128173623,-0.9142497245773835,0.9078893905139348
273,0.9085722271060297,-0.7806923350769664,-0.8723405581608641,-0.884187851461455,-0.8846299337893812,-0.9035967518551311,-0.8836485665121729,0.8849275480549734,0.88763447610143,0.8832487698906452,-0.918903259066963,0.9139712751064525
274,0.8974423430226408,-0.7892922022935328,-0.8829391930303996,-0.8818073002446376,-0.8745416618708033,-0.8981520654907256,-0.8862998789904203,0.8473470568977677,0.892013335686951,0.8834095321773421,-0.9203243983422237,0.9193839555690491
275,0.8912966623484291,-0.8430008069856759,-0.8813290759336999,-0.9061184162110727,-0.8945477957093352,-0.8950614052897541,-0.8827680568330505,0.8484772972333238,0.8972254857159856,0.8858129283634626,-0.9107386746032097,0.9246785411851891
276,0.9206606118450296,-0.858740186608449,-0.9090449750836798,-0.9343058279641842,-0.9161217015352132,-0.9214040790234223,-0.908420238818157,0.8429202822501779,0.9256390559369602,0.912893335557576,-0.9147513031451225,0.9370194526399094
277,0.9427399563589863,-0.8670155305338239,-0.9254587901471193,-0.9272063079635873,-0.8987739636752254,-0.9371776556967737,-0.9255803941201693,0.8200329154551892,0.9341680287117438,0.9276673897050323,-0.9264826685350207,0.9353267598406974
278,0.9522573040452884,-0.8856756197773185,-0.9281631615813809,-0.9395514673711532,-0.910941237577024,-0.9415013772214488,-0.9273903306828103,0.8775809858738661,0.9356548802874245,0.9303681961215422,-0.9369043565536,0.9333388299253436
279,0.9558770535800076,-0.9061205871223641,-0.932977880666657,-0.9528867675503156,-0.9309814534152808,-0.9452966438931079,-0.9329668919839205,0.936165109933467,0.9389553640048697,0.9361074097566261,-0.9335326339593537,0.9398734114292784
280,0.9390863773893632,-0.8937887020570998,-0.9423884679696956,-0.9386455938992673,-0.921711149490101,-0.9406046053496644,-0.9372618225298635,0.9322092687590257,0.9372234270046264,0.9387117588011178,-0.9309132792167162,0.9362715186123505
281,0.9294900943549519,-0.9046602323120045,-0.9408096152826406,-0.9475147271937815,-0.9332990293965763,-0.9423981490932332,-0.9401381541483304,0.9615013307888274,0.9412428279674554,0.9416054799616642,-0.9359569303700929,0.9421368959863643
282,0.9244156791193644,-0.8814568169918331,-0.934947538474269,-0.9531606362743746,-0.9386499033533894,-0.9404124399485676,-0.9400990203848143,0.9889096589260356,0.939184110401128,0.9440490667194589,-0.9330867863435856,0.94652608777967
283,0.9415672026156504,-0.9135846228197624,-0.9497043398265423,-0.9562785263636576,-0.9278799914403132,-0.9580276017157622,-0.9585016726784773,0.9811863499664096,0.9498044787988473,0.958726663494897,-0.9422545279428172,0.9531393991812426
284,0.9445441928871952,-0.9324069737088505,-0.9480942227298437,-0.943301362208264,-0.925426087460118,-0.9561059477047955,-0.9542850096595675,0.979490989463078,0.9470431830154403,0.9533411268905467,-0.9561872659355702,0.944301968171403
285,0.9151915198688962,-0.9518783711803239,-0.9148288908679391,-0.931061536925336,-0.9189164255126572,-0.9225250438631528,-0.9196614123882897,0.9767595753188199,0.9201001253418419,0.9155941419740861,-0.9253680494956004,0.9198169700060569
286,0.9094292394569288,-0.9405200559886319,-0.9197842997966158,-0.9190323798916835,-0.9132247315585945,-0.9088973141687142,-0.910856315597063,0.9435116721145742,0.9168649977376135,0.9060609383729524,-0.9165068281322094,0.9039725781064559
287,0.9166010796565595,-0.9523651561171113,-0.9347912164260466,-0.9160619575768938,-0.8960474036972315,-0.9144060556668187,-0.9288578468146818,0.9165742774505145,0.9263743122106487,0.9230454739624929,-0.9223864435651513,0.91617571224031
288,0.9320160254944444,-0.9427917190269702,-0.9425291578130961,-0.9358226393589708,-0.9107708275784001,-0.9194503974456062,-0.9343854909113959,0.9365418567119858,0.9404095375239421,0.9331011549953917,-0.9315263196883972,0.9243833040690475
289,0.9208410354978505,-0.9262410311762184,-0.9377457031374656,-0.9214971984082113,-0.9007507196592713,-0.9112673541155731,-0.928828496492044,0.8901078162596006,0.9405402497503752,0.9260356524950576,-0.9266498613909337,0.9213522030099933
290,0.9183827632281657,-0.8842152649669588,-0.9367452420288368,-0.9080776309293385,-0.8843231957918575,-0.9132690770436634,-0.9271163943381946,0.8723065309746093,0.93524640457982,0.9263973676401258,-0.9172034650318472,0.9199744298013324
291,0.9040954652204113,-0.8746418278768179,-0.9182054471095609,-0.9128387333629733,-0.9012960316548706,-0.9104986925111864,-0.913781564419926,0.8912380565951541,0.9196753106059332,0.9161568099775256,-0.9150020924289921,0.9142271472737752
292,0.8959989538000737,-0.8853510964861269,-0.9059029019143926,-0.9219606685566182,-0.9051813796235123,-0.9047337304782863,-0.9073440603214517,0.9083800350177401,0.9121593575860091,0.9115107798919816,-0.9170084066999487,0.911727473023776
293,0.892356651308752,-0.9254297229482418,-0.9094514124090597,-0.9000511706319281,-0.8851752457849805,-0.9006502157049822,-0.9074712450528803,0.895193897769598,0.9105254547555904,0.9091395361632004,-0.9189868554949194,0.9120620750887366
294,0.875250233725671,-0.9621008548528457,-0.8995249623468844,-0.8770883314608581,-0.8779498618432955,-0.8917625659042613,-0.8960539695469236,0.8663727692129447,0.9054276779246856,0.8966402683725069,-0.9187360662110501,0.9092868461970052
295,0.863488866857409,-0.9823835605522956,-0.8847212643801444,-0.8745813792944751,-0.883846047795708,-0.8791757321324295,-0.8780720052110632,0.8618518078707254,0.8922094040266013,0.8807971450185156,-0.9189589900189339,0.8995046564155125
296,0.8712470839287075,-1.0070473306828267,-0.8933658736468888,-0.8814280973959413,-0.8741667598738287,-0.8794960078009241,-0.8789818652128234,0.8879415222831205,0.892095030828472,0.8838596665800937,-0.9179279674074703,0.9018665533446455
297,0.8799412486990142,-0.9596669301689115,-0.8986182944671895,-0.8794688826776755,-0.8699405919079384,-0.8829229574538147,-0.8851258660849233,0.8923682969307103,0.8954935487157423,0.8882886675785967,-0.9139989352935138,0.907495741025746
298,0.886718412158099,-0.9387351778870807,-0.8946477144423198,-0.8965540776939486,-0.8926392037247393,-0.8880793957165751,-0.8837464009209645,0.919494064984032,0.897013078348031,0.8924282964610449,-0.9108780019831372,0.9084995472206275
299,0.8899660379088751,-0.9280259092777695,-0.8957107043702379,-0.8921089776342275,-0.8933208437192375,-0.8917625659042613,-0.8853998024295395,0.9138428633062564,0.8976339614235901,0.8956515803093203,-0.9082307817645141,0.9069643142166912
300,0.8916575096540709,-0.9356522066207635,-0.9050431306491644,-0.8805854243988376,-0.8710312158991361,-0.8928354893937177,-0.8925025805077955,0.8814426403536778,0.9018494307260696,0.9024357488079348,-0.9113238495989053,0.9035001987206291
301,0.8876543598571074,-0.9278636476321737,-0.8999001352626205,-0.890107629266107,-0.8797562078287166,-0.888319602467946,-0.8893033953403164,0.9087567817962589,0.9012612257071189,0.898858787928926,-0.9124941995902967,0.9003313203407091
302,0.8793548718273463,-0.9165053324404839,-0.8910679395380072,-0.8863788012539239,-0.8728034798848322,-0.8821703096328526,-0.8803124131723862,0.9165742774505145,0.8938106288004111,0.8928302021777876,-0.9102928269874415,0.8930094398603966
303,0.8863913942873611,-0.925267461302646,-0.9002909403831786,-0.8802272883750688,-0.8699065099082134,-0.8882395335508224,-0.8867205669482234,0.8985846187762639,0.8987450153482743,0.8983604248401652,-0.9111566567429923,0.8933834068741758
304,0.8926611162228872,-0.9238071064922841,-0.9033704847331763,-0.8843142524110207,-0.884766261788281,-0.8951735017737271,-0.8889414080277881,0.9064021144305195,0.9018984478109817,0.9016319373744496,-0.9174542543157166,0.8960995883426789
305,0.8961117185830868,-0.9418181491533957,-0.9006973777085585,-0.9014205142522208,-0.9143835195492421,-0.8991769476299077,-0.8898121342660317,0.9267464404705095,0.9067511392173244,0.9026768922379801,-0.9267613232948757,0.8999573533269296
306,0.906779267056122,-0.9486331382684109,-0.9125934855783467,-0.9021157194748313,-0.9080442676004052,-0.91346124244476,-0.9008674224594606,0.9038590736755208,0.9142507532089443,0.9118966093800545,-0.9326966696797885,0.9069446317422817
307,0.9240886612486264,-0.9633989480176117,-0.9275222411836654,-0.9105213826209387,-0.9203137875013796,-0.9308041698937343,-0.9170883674370756,0.9021637131721865,0.9275017051636371,0.9258427377510212,-0.9406104648596721,0.9226512463210165
308,0.9255207739928923,-0.9703761987782228,-0.9218477508331628,-0.9216867998325599,-0.9310155354150058,-0.9330460995731954,-0.9134000102256394,0.9164800907558848,0.9240378311631504,0.9239377046536614,-0.9334211720554118,0.9242848916970001
309,0.9384210651695861,-0.9822212989066998,-0.935729148715386,-0.9249100240464804,-0.9349349653833724,-0.947026132502978,-0.9278012351997346,0.8969834449675593,0.9322073453152421,0.9347409303197014,-0.9376288589292231,0.9368619928446338
310,0.9478482010294778,-0.9703761987782228,-0.946781117524768,-0.920001453838353,-0.9225972814829491,-0.9566183887743865,-0.9395120139320658,0.8718355975014609,0.9403115033541168,0.9446358490659029,-0.9359569303700929,0.9431013372324268
311,0.9503741321689703,-0.9789760659947891,-0.9440767460905064,-0.9355698374598395,-0.9442393513082772,-0.9588282908869984,-0.9394826636094281,0.8985846187762639,0.9425989673167026,0.9448689543816137,-0.9426446446066142,0.9448137125060484
312,0.9502275379510533,-0.949931231433177,-0.9421227204877162,-0.9395725341960809,-0.9495220612656413,-0.9593727595234389,-0.9379760137140406,0.9112998225512576,0.9435466309583452,0.9456566895864292,-0.9477997576639328,0.9468213248958116
313,0.9528098514820523,-0.9661573959927352,-0.95062663991106,-0.9275855108122842,-0.9349008833836475,-0.9620630751387922,-0.9441884986722948,0.9001857925849659,0.94754969289287,0.9507207016173853,-0.9470752552883097,0.9489863970808502
314,0.9498328612105076,-0.9651838261191629,-0.9472500836694382,-0.9333367540175154,-0.9379000993594412,-0.957403064162198,-0.9383869182309643,0.9138428633062564,0.9445596507132042,0.9471276645097069,-0.9473817755241501,0.9458765661241583
315,0.9402929605676028,-0.9731346467533462,-0.9324776501123421,-0.9371077156795531,-0.9396723633451372,-0.9470581600698273,-0.9239172091707154,0.9263696936919907,0.9335961627210977,0.9371282502771521,-0.9411120434274114,0.9348346979804614
316,0.9327489965840292,-0.9719988152341781,-0.9342440892572651,-0.9213918642835733,-0.9184051955167837,-0.9418056391065185,-0.9228899478784061,0.913371929833108,0.9303610351168693,0.9331333074527312,-0.9376288589292231,0.9317051845493599
317,0.9293209471804322,-0.9676177508030971,-0.9301328193889938,-0.9184214419687835,-0.9113843035734485,-0.9365371043597849,-0.9182721637834514,0.9145021701686641,0.9265703805502986,0.9296608420600753,-0.9360683922740348,0.9288905907088096
318,0.9193638168403793,-0.9486331382684109,-0.9178771708082922,-0.9203595898621217,-0.9155423075398899,-0.9243346013901464,-0.9068451048366153,0.9332453223999495,0.9161297414639255,0.9205858109760284,-0.930133045889122,0.9199941122757418
319,0.9222393188072123,-0.9453879053565002,-0.9218477508331628,-0.9194115827403805,-0.9140086175522676,-0.9281939231955045,-0.9108856659197002,0.9347523095140244,0.9169957099640472,0.9229007879044656,-0.9290741578016727,0.9218836298190483
320,0.9238969611175042,-0.9424671957357788,-0.92606844613519,-0.9119117930661591,-0.9042952476306634,-0.9303878115246915,-0.9156208513052047,0.9083800350177401,0.920884398700443,0.9265259774694836,-0.9271514399586728,0.925387110263929
321,0.9134662186887964,-0.9319201887720655,-0.9112334837588046,-0.916988897873708,-0.912713501562721,-0.9203151417505412,-0.9047416650476003,0.925992946913472,0.9114894574255373,0.9155780657454163,-0.9177886400275428,0.9201122071221985
322,0.9072867085796807,-0.9382483929502935,-0.9082946292522083,-0.9096155091490521,-0.9067832336105836,-0.9156391169905223,-0.8997912439627552,0.9188347581216242,0.9070942588117122,0.911703694636018,-0.9113517150748909,0.9182226895788919
323,0.9127332475992115,-0.9333805435824251,-0.9180491250613375,-0.896259142144962,-0.8927755317236391,-0.9221567268443843,-0.9083811050546405,0.8858694150012701,0.9134338017937352,0.9171133455833729,-0.9138596079135864,0.9233204504509376
324,0.9093051981956145,-0.9380861313046976,-0.9125465889638802,-0.9005778412551176,-0.9003758176622977,-0.9155270205065492,-0.9054069390273815,0.9031055801184833,0.9115711525670583,0.9129817548152592,-0.9132465674419052,0.9226709287954259
325,0.8989533911150157,-0.9178034256052477,-0.9019010574798773,-0.9024738554986006,-0.9032387056391915,-0.9054543507323989,-0.8966605428814304,0.9135603032223674,0.9073883613211873,0.9034646274427957,-0.9143333210053399,0.9177699926674748
326,0.8942059937501661,-0.9340295901648081,-0.9065438223121081,-0.8869686723518964,-0.8896740697486706,-0.9017391529778632,-0.8992531547144023,0.8744728249510894,0.9078131760570961,0.9022749865212376,-0.9176214471716296,0.9125541369489726
327,0.8944089703595894,-0.904984755603196,-0.9119056685661647,-0.8869897391768239,-0.8934571717181373,-0.9022355802640297,-0.9054460727908981,0.8672204494646119,0.9124534600954842,0.9045417347636656,-0.9199621471544122,0.9130068338603899
328,0.9088879684984662,-0.8741550429400305,-0.9154698112656545,-0.9098893778731111,-0.914588011547592,-0.9147423451187378,-0.9153958321649844,0.925992946913472,0.9150350265675454,0.9189540737660536,-0.9202129364382818,0.9200531596989702
329,0.9195780699281042,-0.8697739785089496,-0.9301797160034604,-0.9162726258261699,-0.9120659435679468,-0.9270569445723493,-0.930971070044576,0.9388023373830955,0.9249528167481846,0.9336236324271571,-0.9240862376002671,0.9296975721595967
330,0.9164319324820398,-0.8709098100281198,-0.9278036208704675,-0.905865614311942,-0.8922302197280397,-0.9222528095449326,-0.9273022797148982,0.9375779103529122,0.9209824328702678,0.9283667056521643,-0.9191540483508325,0.9226709287954259
331,0.9233218607241377,-0.8850265731949354,-0.9311489127024446,-0.9253945610198148,-0.9045338216287381,-0.9213240101062986,-0.9302373119786406,0.9564152492788299,0.927861163786329,0.9303119293211984,-0.9282103280461221,0.9281820216300698
332,0.933222608672684,-0.9043357090208131,-0.9428105374998983,-0.9376975867775256,-0.9131224855594195,-0.9276814821259134,-0.9402555554388802,0.9680943994128972,0.9398049934766871,0.9391458169751997,-0.9347865803787015,0.9360353289194372
333,0.9366732110328837,-0.9041734473752172,-0.9505953755014153,-0.9296289928302599,-0.9058971016177355,-0.9319411485168896,-0.9451961930828464,0.9696955732215992,0.9409487254579797,0.9443143244925091,-0.9258696280633396,0.9374524670769171
334,0.9410484846137903,-0.8725324264840753,-0.9427167442709642,-0.9371919829792635,-0.9206205254989033,-0.9373858348812952,-0.9428286003900942,1.0012481159225106,0.9354914900043825,0.9468945591939961,-0.9308296827887597,0.9416251516517189
335,0.9443412162777716,-0.8511138892654572,-0.9399967406318798,-0.9416792166888399,-0.9270279414471893,-0.9410690050689812,-0.9414980524305309,0.9881561653689981,0.9308838840226032,0.949547136924497,-0.9342014053830059,0.9424124506280965
336,0.9603312625090233,-0.8710720716737156,-0.957817454129329,-0.939382932771733,-0.9147584215462158,-0.9535757699236894,-0.9612508195655161,0.9494454338762388,0.9425826282883983,0.9641122000992473,-0.9431183576983679,0.9525882898977782
337,0.9730060241196911,-0.8460837782519931,-0.9703857468064766,-0.960470824524247,-0.9281867294378369,-0.9694294155141644,-0.9692438907637735,0.9603710904532713,0.9558499192713953,0.9750199212516403,-0.9511993457341646,0.9633939683485618
338,0.9636803765645112,-0.8597137564820235,-0.9481411193443102,-0.9608078937230887,-0.931697175409504,-0.9581717257665846,-0.9489432509395569,0.9690362663591939,0.9401971301559875,0.9582122241774664,-0.9315263196883972,0.9511908342147077
339,0.9617633752532891,-0.8516006742022423,-0.9436546765603037,-0.9562995931885853,-0.9234493314760721,-0.9570507609268541,-0.944755938243285,0.9490686870977201,0.9392004494294323,0.9495310606958273,-0.9340620780030783,0.9505216300847866
340,0.950441791038778,-0.8640948209131046,-0.9366670810047246,-0.939677868320719,-0.9125430915640962,-0.9422860526092601,-0.9354910197307391,0.9176103310914383,0.9331386699285805,0.9375301559938946,-0.9210767661938326,0.9361731062403034
341,0.9549862117942043,-0.9116374830726155,-0.9258183308580327,-0.9464824527723293,-0.9186096875151325,-0.9380904413519829,-0.9281240887487463,0.934281376040876,0.9303937131734777,0.9336155943128223,-0.9209374388139049,0.9361927887147129
342,0.969645633585902,-0.9244561530746672,-0.9260997105448348,-0.941194679715505,-0.9061015936160853,-0.9357684427553982,-0.9284371588568785,0.8916148033736728,0.9299035423243521,0.9345399774613301,-0.9256188387794699,0.9395978567875461
343,0.9774827860053096,-0.9012527377544958,-0.9235047645443291,-0.9178105040458835,-0.8653054399453485,-0.9307561285434601,-0.9302275285377611,0.8019490700863089,0.9246260361821007,0.9333985652257812,-0.9240026411723106,0.9419991186654981
344,0.9731751712942106,-0.893626440411504,-0.9060279595529713,-0.9261318998922804,-0.8679638359238926,-0.9252153594785062,-0.9212561132515893,0.810896806076118,0.9137115652749063,0.9219120998412789,-0.9260925518712236,0.9415267392796716
345,0.9497313729057959,-0.8206086998934833,-0.8949290941291219,-0.9327890165693982,-0.893729827715937,-0.9156070894236729,-0.9041644420357308,0.8652425288773885,0.9020945161506321,0.9064949965470344,-0.9241141030762526,0.9351889825198311
346,0.941623585007157,-0.79237517355985,-0.8987120876961235,-0.9246150884974944,-0.9005121456611965,-0.9150305932203828,-0.9005837026739656,0.8709879172497939,0.9015063111316813,0.9037298852158457,-0.9156151329006733,0.93028804639188
347,0.9420746441392093,-0.8060051517898804,-0.9040426695405365,-0.9220028022064733,-0.9098506135858272,-0.9172565091164192,-0.9047318816067209,0.888789202534785,0.9073066661796668,0.9076765993542576,-0.9160609805164412,0.9297763020572346
348,0.9306515716199865,-0.8064919367266655,-0.8977585232019623,-0.9239620169247391,-0.9213021654934016,-0.9148224140358615,-0.8986661482616537,0.913371929833108,0.9063916805946325,0.9047828781937112,-0.9114631769788328,0.9305045536103841
349,0.9195216875365976,-0.837321649389831,-0.8977116265874948,-0.9044541370417934,-0.9045679036284631,-0.9131729943431149,-0.9007500211689109,0.8828554407731231,0.9003299010937803,0.9027251209239893,-0.9045804044104129,0.921293155586765
350,0.918360210271563,-0.8413781905297205,-0.8999626640819098,-0.906160549860928,-0.906408331613609,-0.9247189321923398,-0.9088409267759603,0.861663434481466,0.9070452417267996,0.9102487959414098,-0.9167297519400935,0.9270601205887316
351,0.9175708567904716,-0.8238539328053962,-0.898368179190033,-0.9222345372806771,-0.9208250174972531,-0.9289785985833159,-0.911257436673108,0.8893543227025631,0.9100679619630734,0.9169606214110105,-0.9219405959493832,0.9277686896674716
352,0.9175595803121704,-0.8183370368551448,-0.8972739248524702,-0.9182318405444356,-0.9107708275784001,-0.9345353814316946,-0.9230073491689558,0.9068730479036653,0.9136298701333857,0.9231580075631809,-0.9297986601772958,0.9246785411851891
353,0.9206718883233308,-0.8627967277483385,-0.9083102614570302,-0.9150928836302249,-0.8980241596812772,-0.9409729223684329,-0.9370465868305221,0.8909554965112677,0.921243857323135,0.9344997868896558,-0.9430626267463968,0.9231826731300714
354,0.9155749201311405,-0.8808077704094501,-0.8997281810095743,-0.9263215013166289,-0.9107026635789502,-0.932085272567712,-0.9310493375716092,0.9017869663936678,0.9138586165296441,0.9267349684421897,-0.9417808148510635,0.9180652297836165
355,0.9197472171026237,-0.8478686563535442,-0.9062311782156613,-0.9324940810204116,-0.9128839115613449,-0.9290906950672889,-0.9354714528489808,0.9012218462258923,0.9162767927186632,0.9273539032459732,-0.9404432720037592,0.9238125123111736
356,0.9301892360096329,-0.8232048862230132,-0.9207534964956,-0.9288705871328665,-0.8963541416947561,-0.9341030092792271,-0.9379075296278868,0.8605331941459098,0.921979113596823,0.9331252693383962,-0.9299937185091943,0.9245604463387324
357,0.9358613045951898,-0.8089258614105996,-0.925677641014632,-0.9455976461253709,-0.9155763895396148,-0.9373698210978705,-0.9355105866124969,0.8672204494646119,0.9256390559369602,0.9340175000295647,-0.9287676375658322,0.9240290195296774
358,0.9384323416478874,-0.8154163272344234,-0.9227231543032121,-0.9554990538413367,-0.934423735387499,-0.9360406770736185,-0.9281143053078669,0.8808775201858997,0.9204432449362301,0.9333262221967675,-0.925674569731441,0.9231629906556619
359,0.9400561545232755,-0.8371593877442352,-0.9238799374600644,-0.9384770592998465,-0.9251534314623183,-0.9342471333300496,-0.925766279496873,0.8520563916292464,0.9161134024356213,0.9297492613177587,-0.9163396352762965,0.9171401534863726
360,0.936718316946089,-0.8647438674954877,-0.9211755660258026,-0.932241279121281,-0.9230062654796486,-0.929266846684961,-0.918800469590925,0.8301108917805545,0.9095124350007314,0.9241306193976978,-0.9182066221673253,0.9136563555159014
361,0.9353764160282336,-0.8931396554747167,-0.9135314178676862,-0.9456397797752262,-0.9413764633313834,-0.9285141988639989,-0.9125097171056376,0.8498900976527664,0.9070615807551038,0.9190907217097463,-0.9243648923601223,0.9125738194233821
362,0.9336398383698326,-0.9010904761089,-0.913171877156773,-0.9445232380540641,-0.9451936473005751,-0.9279537164441336,-0.9104649779618976,0.8572366598338735,0.9062282903115905,0.9163738390645665,-0.9200736090583543,0.9093065286714147
363,0.9395261600431141,-0.8910302540819741,-0.9171268249768207,-0.9313143388244668,-0.9353439493800719,-0.9256317178475489,-0.9158165201227871,0.8348202265120332,0.9115057964538416,0.9178850045595185,-0.9228044257049339,0.9078893905139348
364,0.9356808809423689,-0.870098501800141,-0.9061217527819053,-0.9350221000117223,-0.9478179612793942,-0.9198987833814984,-0.9072462259126601,0.860156447367391,0.9068001563022371,0.9103291770847585,-0.9200178781063832,0.9023389327304723
365,0.9347900391565656,-0.868962670280973,-0.9026201389017049,-0.928659918883591,-0.9476134692810454,-0.916808123180527,-0.9037144037552904,0.8650541554881291,0.9044963533113471,0.907121969465153,-0.9168412138440355,0.8995046564155125
366,0.9384661710827914,-0.8652306524322727,-0.9077162376737822,-0.9122488622650008,-0.9352417033808971,-0.9165679164291561,-0.9067668373095821,0.8449923895320283,0.9067348001890202,0.9073791891238681,-0.9150020924289921,0.8979891058859856
367,0.9379700060375339,-0.868962670280973,-0.9047930153720078,-0.9180211722951596,-0.9463865172909478,-0.9162956821109358,-0.9066983532234283,0.8576134066123923,0.9077968370287919,0.9071862743798317,-0.9170641376519195,0.9025357574745666
368,0.9288811645266813,-0.8710720716737156,-0.8912086293814087,-0.9165043609003736,-0.9495902252650912,-0.9074881012273387,-0.8971986321297828,0.8759798120651616,0.8968987051499021,0.8982398531251423,-0.9118254281666444,0.8972411718584266
369,0.9303132772709473,-0.8569553085068978,-0.8975709367440942,-0.9107741845200694,-0.9370480493663181,-0.911907905452562,-0.9018946837517701,0.8567657263607278,0.9001828498390425,0.90214637669188,-0.909428997231891,0.8992684667225992
370,0.936278534292338,-0.8569553085068978,-0.9027451965402836,-0.9139763419090629,-0.9408993153352349,-0.9173365780335428,-0.9055341237588107,0.8532808186594323,0.9039408263490049,0.9071139313508181,-0.9136088186297168,0.9047795595572431
371,0.9297720063124845,-0.8647438674954877,-0.8916306989116114,-0.9203806566870493,-0.9519759652458356,-0.9127406221906474,-0.8953495618036253,0.8705169837766454,0.8963105001309514,0.8987060637565637,-0.9115746388827749,0.9019846481911022
372,0.9307981658379034,-0.8889208526892314,-0.8981493283225203,-0.9181475732447252,-0.9450914013014002,-0.9154949929396998,-0.9003293332111076,0.864394848625724,0.8960980927629968,0.9030627217260532,-0.9123548722103691,0.9023979801537003
373,0.9386240417790096,-0.9043357090208131,-0.9106863565900232,-0.9186321102180596,-0.9424670873225811,-0.924590821924942,-0.911981411298164,0.8422609753877701,0.9065387318493698,0.9117358470933574,-0.9193769721587165,0.9102316049686585
374,0.9299186005304017,-0.9056338021855769,-0.8993217436841944,-0.9256262960940185,-0.9446824173047016,-0.9182013223384778,-0.8985193966484667,0.8548819924681342,0.8949380217534,0.9022267578352284,-0.912243410306427,0.9020830605631496
375,0.9327264436274267,-0.9109884364902325,-0.9023074948052581,-0.9271852411386596,-0.9440348593099274,-0.9200108798654715,-0.9009554734273727,0.8504552178205445,0.8956896170553922,0.9047909163080461,-0.914556244813224,0.9042284502737787
376,0.9330196320632607,-0.9129355762373794,-0.9106550921803784,-0.9145240793571802,-0.9297204194254591,-0.9222528095449326,-0.9071679583856269,0.8178666214787091,0.8994639325936586,0.910023728740034,-0.9113517150748909,0.9057833657521246
377,0.9326136788444136,-0.9022263076280703,-0.9099203785537299,-0.9202121220876285,-0.9353780313797969,-0.9212599549725998,-0.9071777418265063,0.8427319088609185,0.9020618380940237,0.9094690988509294,-0.914611975765195,0.9048976544036996
378,0.933143673324575,-0.9163430707948881,-0.9091700327222585,-0.9230982771027078,-0.9430123993181805,-0.9224289611626045,-0.9087333089262893,0.8694809301357216,0.9044636752547388,0.9130460597299381,-0.9158380567085574,0.9078303430907066
379,0.9367972522941982,-0.9163430707948881,-0.9221447627247868,-0.9181265064197975,-0.9306065514183072,-0.9283380472463271,-0.9219311706722498,0.8665611426022041,0.9117998989633171,0.9242994197987299,-0.9160609805164412,0.912475407051335
380,0.9374061821224686,-0.9207241352259692,-0.9240206273034658,-0.9208230600105285,-0.9268575314485653,-0.9339108438781304,-0.9322037835953478,0.8775809858738661,0.9204595839645343,0.9307218731522758,-0.9248664709278613,0.9168252338958217
381,0.9245622733372814,-0.8950867952218636,-0.9057778442758139,-0.9265743032157596,-0.9301294034221578,-0.9274893167248168,-0.9246705341184092,0.8946287776018199,0.9099372497366401,0.9225471108737321,-0.9184852769271804,0.9105268420848002
382,0.9199050877988421,-0.9048224939576003,-0.9013070336966292,-0.9127755328881904,-0.9200411315035799,-0.9268487653878278,-0.9261869674546761,0.884174054497936,0.9092346715195601,0.9220889383566455,-0.9197392233465281,0.9028309945907083
383,0.9197359406243224,-0.8960603650954382,-0.8965704756354653,-0.9015890488516417,-0.9150310775440155,-0.9256957729812478,-0.9255412603566527,0.8772984257899771,0.9060975780851569,0.9188174258223613,-0.9223307126131802,0.9016697286005511
384,0.912676865207705,-0.8702607634457368,-0.8813759725481674,-0.9046437384661419,-0.9177917195217344,-0.9170002885816236,-0.9152882143153136,0.8955706445481167,0.8976666394801985,0.9087938972468019,-0.9069211043931954,0.897654503821025
385,0.9154508788698262,-0.8894076376260187,-0.8864877035250666,-0.907761628555425,-0.9227336094818489,-0.9173365780335428,-0.9127249528049789,0.8879415222831205,0.9005259694334308,0.9072586174088454,-0.9096797865157604,0.9065706647285022
386,0.9084594623230167,-0.8876227595244653,-0.8829235608255768,-0.8922985790585759,-0.9095097935885775,-0.9101303754924178,-0.9009359065456144,0.888789202534785,0.8891866837903276,0.897339584319639,-0.9020167806197462,0.8995046564155125
387,0.9059109782269215,-0.875290874459201,-0.8786247044994383,-0.9025370559733834,-0.9277095814416885,-0.9118918916691372,-0.8963376893324186,0.9237324662423623,0.8903467547999244,0.8940761098996896,-0.9066981805853114,0.9020043306655117
388,0.9077603206683356,-0.8822681252198119,-0.8844867813078098,-0.9108795186447074,-0.9395701173459623,-0.9165519026457314,-0.893187421369335,0.9334336957892089,0.8899382790923198,0.8946227016744595,-0.9130793745859922,0.9090900214529108
389,0.9077715971466369,-0.8553326920509425,-0.8951166805869891,-0.8985343592371414,-0.923585659474972,-0.91461423485134,-0.8927373830888946,0.9067788612090382,0.8896768546394527,0.8943976344730836,-0.9136088186297168,0.9095230358899185
390,0.9075460675806108,-0.8629589893939343,-0.8990403639973923,-0.9076352276058594,-0.9169055875288864,-0.9146302486347647,-0.8974530015926407,0.8995264857225581,0.8948073095269663,0.8998072854204383,-0.9196834923945573,0.9202893493918834
391,0.9092713687607107,-0.8477063947079485,-0.8884417291278577,-0.9206334585861806,-0.9240968894708464,-0.9144701108005175,-0.8975997532058277,0.8996206724171878,0.8956079219138712,0.9012541460007116,-0.9303281042210205,0.9287528133879436
392,0.9068356494476285,-0.8595514948364278,-0.8808444775842078,-0.8956060705722069,-0.896456387693931,-0.9072639082593925,-0.8942538164251616,0.88078333349127,0.8930263554418104,0.8943494057870744,-0.9239747756963252,0.9189706236064509
393,0.9148757784764596,-0.8551704304053468,-0.8868003476215134,-0.8794478158527479,-0.8810172418185391,-0.903260462403212,-0.9020610022467159,0.8657134623505369,0.8988593885464038,0.8992848079886732,-0.9197392233465281,0.9172976132816483
394,0.9199050877988421,-0.817525728627166,-0.8911929971765858,-0.8972282160916315,-0.8960474036972315,-0.9106588303454336,-0.9030686966572671,0.884174054497936,0.907159614924929,0.9043809724769687,-0.9169805412239631,0.9209585535218043
395,0.9258477918636302,-0.8183370368551448,-0.9031516338656636,-0.9055917455878831,-0.9081805955993051,-0.914902482952985,-0.910807398392667,0.8895426960918225,0.916979370935743,0.9141794338511522,-0.9139432043415429,0.9260366319194406
396,0.9144359958227087,-0.8775625374975393,-0.9237705120263083,-0.9190955803664663,-0.9168374235294364,-0.918825859892042,-0.9178123420621321,0.8798414665449759,0.9268318050031653,0.9195247798838282,-0.912243410306427,0.9320594690887299
397,0.9175031979206638,-0.9325692353544462,-0.9198937252303717,-0.9443757702795709,-0.9287320414334362,-0.9243826427404207,-0.9209234762616987,0.8957590179373761,0.9308185279093865,0.9242511911127207,-0.9061130055896157,0.9298550319548724
398,0.9439578160155273,-0.892977393829121,-0.9293512091478777,-0.9462928513479815,-0.9219156414884508,-0.9364250078758117,-0.9281827893940207,0.905366060789593,0.9301649667772189,0.9318230948161504,-0.9229158876088759,0.9297763020572346
399,0.9565649187563872,-0.9197505653523946,-0.943029388367411,-0.9454291115259501,-0.9219156414884508,-0.9448322441737911,-0.9426427150133907,0.9249568932725482,0.9385142102406567,0.9423449864804706,-0.9233338697486585,0.940562298033609
400,0.9284752113078344,-0.9103393899078495,-0.935541562257518,-0.9389615962731809,-0.9395360353462373,-0.9294590120860576,-0.9302666623012777,0.9561326891949409,0.9291029299374468,0.932763554193328,-0.9236125245085135,0.9324531185769186
401,0.9109966699408103,-0.925267461302646,-0.9287728175694516,-0.9437858991815984,-0.9534755732337319,-0.9244627116575442,-0.9246705341184092,0.9718618671980818,0.9311616475037742,0.9277799233057202,-0.9197949542984991,0.9311934402147144
402,0.912902394773731,-0.9426294573813745,-0.933462479016149,-0.942922159359567,-0.9367072293690685,-0.9337827336107326,-0.9364106631733782,0.9500105540440169,0.9382201077311811,0.9349659975210772,-0.9148348995730792,0.9353070773662879
403,0.9188112694036153,-0.8837284800301716,-0.9435452511265477,-0.9417634839885498,-0.9379000993594412,-0.9405085226491159,-0.9412436829676735,0.9601827170640119,0.9419617452128393,0.9417983947057006,-0.9314705887364263,0.9391254774017197
404,0.92152890067423,-0.897358458260202,-0.941559961114112,-0.9505272831584259,-0.9492153232681166,-0.9370015040791018,-0.9383086507039311,0.9699781333054881,0.939102415259607,0.9385108059427465,-0.9299101220812379,0.9417826114469943
405,0.9255997093410014,-0.8889208526892314,-0.9487351431275591,-0.9408154768668086,-0.946216107292323,-0.9367132559774568,-0.9349431470415073,0.9526477814936454,0.9322073453152421,0.9379481379393069,-0.9221913852332527,0.934775650557233
406,0.9289262704398866,-0.8688004086353772,-0.9510799738509074,-0.9357173052343327,-0.934423735387499,-0.9387950478226708,-0.9391500266195375,0.9508582342956841,0.9307204937395612,0.9431166454566161,-0.9192097793028036,0.9347166031340046
407,0.9302456184011394,-0.8975207199057977,-0.941653754343046,-0.9493264741375534,-0.9474089772826956,-0.9372096832636232,-0.9394337464050326,0.9799619229362264,0.9319132428057665,0.9432131028286345,-0.9232781387966874,0.932374388679281
408,0.9374851174705777,-0.9135846228197624,-0.9433576646686797,-0.9496424765114676,-0.9372866233643928,-0.9418536804567926,-0.9468104608279043,1.0069935042949159,0.9322727014284589,0.9501258811566065,-0.932557342299861,0.9377673866674682
409,0.9433263332306542,-0.9293240024425355,-0.9496105465976092,-0.9388773289734704,-0.9131906495588695,-0.9431347831307705,-0.9563395322441876,0.9788316826006702,0.9327465332492797,0.9544584247830911,-0.9408333886675563,0.9383972258485704
410,0.930008812356812,-0.9114752214270198,-0.9355571944623399,-0.933968758765343,-0.9170759975275112,-0.9312045144793523,-0.9446385369527351,0.9932422468789955,0.9286781152015381,0.9421681479651036,-0.9382140339249188,0.9332404175532963
411,0.9190255224913401,-0.9238071064922841,-0.9355884588719845,-0.920612391761253,-0.9065446596125089,-0.9180251707208059,-0.93695853586261,0.9434174854199472,0.9293806934186182,0.9324661439629385,-0.9312755304045278,0.9247572710828269
412,0.9148645019981583,-0.9156940242125051,-0.9390119117280737,-0.9124173968644217,-0.9048064776265378,-0.9112673541155731,-0.9325168537034801,0.9351290562925432,0.9316354793245955,0.9273780175889778,-0.9240026411723106,0.9215883927029066
413,0.9096773219795576,-0.8858378814229142,-0.9309613262445774,-0.9172838334226938,-0.9207227714980781,-0.907231880692543,-0.9217942024999423,0.9534954617453124,0.9258351242766105,0.9209394880067621,-0.9176214471716296,0.9196398277363718
414,0.9031595175214029,-0.8845397882581504,-0.9277098276415334,-0.9035903972197626,-0.9177235555222845,-0.90942576902173,-0.9173329534590541,0.9075323547660731,0.920802703558922,0.9164622583222499,-0.9103206924634271,0.9109598565218078
415,0.9063394844023711,-0.8688004086353772,-0.9248335019542265,-0.8980076886139519,-0.915371897541265,-0.9156231032070975,-0.9206104061535659,0.8870938420314534,0.9201818204833629,0.9194685130834841,-0.9142497245773835,0.9131052462324369
416,0.896788307281165,-0.8613363729379789,-0.9102799192646432,-0.9050018744899107,-0.9264485474518658,-0.9102744995432404,-0.9110911181781621,0.9045183805379259,0.9129436309446097,0.9113017889192755,-0.914556244813224,0.9127706441674764
417,0.896968730933986,-0.8910302540819741,-0.9089668140595676,-0.8971650156168487,-0.9237901514733218,-0.9099862514415953,-0.9096920861324456,0.8918031767629322,0.911914272161446,0.9091797267348747,-0.9191540483508325,0.917159835960782
418,0.8930106870502276,-0.9066073720591514,-0.9106394599755566,-0.8830291760904377,-0.9018413436504691,-0.9039970964407491,-0.909114863120576,0.8720239708907203,0.9097085033403814,0.9071943124941665,-0.9137760114856298,0.9127115967442483
419,0.8961004421047855,-0.9366257764943381,-0.9112647481684493,-0.8949319321745246,-0.9176553915228346,-0.9053422542484258,-0.9066592194599117,0.8885066424508986,0.9132213944257811,0.9060207478012782,-0.9189589900189339,0.9165299967796801
420,0.897667872588667,-0.946036951938881,-0.9125153245542356,-0.9112376546684767,-0.9315267654108802,-0.9073760047433655,-0.9092224809702463,0.9315499618966179,0.9157539438129294,0.9100317668543688,-0.9219684614253687,0.9213128380611744
421,0.906373313837275,-0.9486331382684109,-0.9193153336519456,-0.8966804786435143,-0.9110775655759239,-0.9096980033399503,-0.9129695388269574,0.909321901964037,0.9149533314260245,0.9145572252248901,-0.9158380567085574,0.9194036380434585
422,0.9059222547052228,-0.9371125614311231,-0.9177364809648916,-0.9009781109287416,-0.9129179935610698,-0.9113954643829708,-0.9123238317289339,0.9169510242290332,0.9137115652749063,0.914621530139569,-0.91241060316234,0.9197972875316475
423,0.9087413742805492,-0.9285126942145567,-0.9144693501570258,-0.9138920746093525,-0.9321061594062036,-0.9147743726855873,-0.9091442134432137,0.9529303415775343,0.9153291290770206,0.9145331108818855,-0.9131351055379633,0.9241471143761342
424,0.9134098362972898,-0.9533387259906835,-0.9231452238334157,-0.9108163181699246,-0.9235515774752471,-0.9208596103869817,-0.9164524437799316,0.9338104425677276,0.9176656101245189,0.9206501158907073,-0.914221859101398,0.9243045741714097
425,0.9138270659944381,-0.9494444464963897,-0.9223948780019434,-0.9081829650539766,-0.9187800975137573,-0.9216282719913683,-0.9152392971109181,0.926275506997361,0.91544350227515,0.9211645552081379,-0.9106829436512386,0.9227299762186543
426,0.9102749753295268,-0.9444143354829256,-0.9142192348798683,-0.9190534467166112,-0.9278799914403132,-0.9174326607340911,-0.9095355510783791,0.9467140197319807,0.9101169790479859,0.9171776504980516,-0.9116025043587604,0.92111601331708
427,0.9137368541680277,-0.9437652889005426,-0.9192371726278343,-0.9214339979334285,-0.9275050894433386,-0.9212119136223256,-0.9143587874317951,0.9477500733729072,0.914103701954207,0.9213815842951788,-0.9127728543501515,0.9249737783013308
428,0.9156538554792497,-0.9604782383968903,-0.9267875275570168,-0.9113851224429694,-0.910021023584451,-0.9235178984354856,-0.9187026351821335,0.927876680806063,0.9160643853507087,0.9267992733568683,-0.9131351055379633,0.9275324999745581
429,0.9116958115954914,-0.9450633820653087,-0.918283608133673,-0.9196643846395112,-0.9185415235156826,-0.9194343836621814,-0.911404188286295,0.948786127013831,0.9104764376706783,0.9214056986381832,-0.90993057579963,0.9249737783013308
430,0.911718364552094,-0.9479840916860302,-0.9171737215912874,-0.9208441268354561,-0.9192572455099067,-0.919578507713004,-0.9104551945210182,0.9543431419969769,0.9104600986423741,0.921043983493115,-0.9078685305767026,0.9240487020040868
431,0.9175708567904716,-0.9473350451036471,-0.9256151121953426,-0.9103739148464455,-0.9062038396152593,-0.9238702016708294,-0.9154838831328965,0.9210952387927339,0.9137442433315146,0.9261481860957455,-0.9093732662799199,0.9276702772954243
432,0.9203561469308943,-0.93905970117827,-0.9302891414372172,-0.9169678310487803,-0.9199388855044051,-0.9285302126474236,-0.9202973360454336,0.9332453223999495,0.9191524617001993,0.928286324508816,-0.916869079320021,0.9326893082698322
433,0.9132406891227702,-0.938572916241485,-0.9176426877359576,-0.9226558737792286,-0.9277436634414133,-0.9200749349991703,-0.9118835768893725,0.9504814875171653,0.9124207820388758,0.922289891215017,-0.910264961511456,0.9246982236595985
434,0.913973660212355,-0.9408445792798233,-0.924114420532399,-0.9111955210186216,-0.9152696515420902,-0.9209236655206806,-0.9159437048542164,0.9246743331886591,0.9168649977376135,0.9235920657372629,-0.9104600198433546,0.9273947226536922
435,0.9197021111894185,-0.9372748230767188,-0.9264123546412806,-0.9105424494458663,-0.9130543215599697,-0.9235819535691845,-0.9206691067988407,0.92222547912829,0.9198060228323668,0.9274583987323262,-0.9115746388827749,0.9299928092757384
436,0.9148081196066518,-0.9074186802871302,-0.918674413254231,-0.9176630362713908,-0.9267212034496655,-0.9159433788755921,-0.911257436673108,0.9494454338762388,0.9134501408220395,0.920400934346327,-0.9106829436512386,0.9246982236595985
437,0.9187097810989036,-0.9259165078850268,-0.9249585595928044,-0.9172416997728386,-0.9210635914953278,-0.9192422182610848,-0.9177242910942195,0.9485035669299446,0.9176002540113021,0.9249906976315269,-0.9120762174505139,0.9251902855198346
438,0.919318710927174,-0.9367880381399338,-0.9336344332691944,-0.9039063995936762,-0.9006825556598214,-0.9194183698787567,-0.9249933876674209,0.923261532769214,0.9207863645306178,0.9292428601146631,-0.911407446026862,0.9234188628229847
439,0.9178865981829082,-0.9526896794083005,-0.9271939648823967,-0.9156195542534146,-0.9132247315585945,-0.919626549063278,-0.9220877057263163,0.942287245084391,0.9205086010494464,0.9276030847903536,-0.9183180840712674,0.9255642525336141
440,0.9105343343304568,-0.9497689697875813,-0.9206128066521985,-0.911785392116594,-0.9103277615819757,-0.9138455732469533,-0.9169416158238886,0.9398383910240219,0.9162114366054465,0.9217352613259122,-0.9180951602633833,0.9225921988977881
441,0.8974648959792434,-0.9442520738373299,-0.9144068213377364,-0.8918140420852415,-0.8957065836999828,-0.9068635636737744,-0.9127445196867372,0.8976427518299671,0.9107868792084577,0.9123869343544804,-0.918513142403166,0.9177896751418843
442,0.8932136636596512,-0.8926528705379294,-0.9084196868907861,-0.8961116743704695,-0.9088622355938043,-0.9039650688738997,-0.9072070921491435,0.9048009406218149,0.9079602273118339,0.9052088982534583,-0.9194327031106876,0.9200531596989702
443,0.891398150653141,-0.8514384125566464,-0.9024794490583034,-0.9066661536591899,-0.924505873467545,-0.9007943397558047,-0.902491473645398,0.9309848417288399,0.9040225214905259,0.9021624529205498,-0.914611975765195,0.9163725369844044
444,0.9046367361788739,-0.8692871935721622,-0.9231452238334157,-0.9132390030365972,-0.9240968894708464,-0.9153508688888773,-0.9188298199135627,0.9180812645645867,0.9190871055869829,0.9187048922216734,-0.916423231704253,0.9232614030277092
445,0.90762500292872,-0.8504648426830742,-0.9303829346661513,-0.9214339979334285,-0.927198351445814,-0.9196425628467028,-0.9218235528225794,0.9453954060071678,0.9212275182948307,0.9241145431690281,-0.9091782079480213,0.9231826731300714
446,0.9132970715142769,-0.8592269715452363,-0.9320086839676728,-0.9409418778163743,-0.9431487273170793,-0.9204912933682131,-0.9235845721808249,0.9895689657884433,0.92474040938023,0.9288489925122554,-0.9115467734067895,0.9251312380966061
447,0.922600166112854,-0.9015772610456874,-0.9401217982704585,-0.9404994744928951,-0.9258350714568175,-0.9172565091164192,-0.9319787644551272,0.9717676805034521,0.93294260158893,0.9330368500807128,-0.9149742269530066,0.9273159927560543
448,0.9382857474299704,-0.9510670629523451,-0.9588960762620691,-0.9396568014957913,-0.9164966035321879,-0.9242545324730229,-0.950831455029231,0.9578280496982725,0.9494776982327637,0.9486468681189937,-0.9223028471371947,0.939853728954869
449,0.9338202620226534,-0.9817345139699148,-0.9447958275123332,-0.9428589588847848,-0.9194617375082555,-0.921596244424519,-0.9457636326538367,0.9949376073823298,0.9430401210809155,0.9450859834686546,-0.9248664709278613,0.9387908753367591
450,0.9355230102461506,-0.994877707263158,-0.9434045612831463,-0.9460189826239225,-0.9194617375082555,-0.9312845833964759,-0.9508021047065939,0.9968213412749208,0.9416022865901473,0.9502705672146337,-0.9287119066138612,0.9429045124883325
451,0.9357598162904779,-0.9793005892859806,-0.9465622666572562,-0.9400781379943429,-0.9095779575880275,-0.9404764950822666,-0.9558307933184722,0.9741223478691915,0.9396089251370368,0.9544825391260956,-0.9251172602117309,0.9425305454745531
452,0.9339217503273651,-0.9630744247264202,-0.9430450205722329,-0.9443125698047881,-0.9213703294928515,-0.9442237204036515,-0.9556840417052848,0.9828817104697413,0.9396579422219493,0.9542172813530455,-0.9282939244740785,0.9462898980867567
453,0.9288022291785724,-0.9064451104135557,-0.9382459336917796,-0.9542771779955367,-0.933503521394926,-0.9439354723020066,-0.9492758879294481,1.0089714248821364,0.936226746278071,0.9536867658069454,-0.9249222018798324,0.946486722830851
454,0.9291292470493102,-0.9040111857296215,-0.9491415804529391,-0.9469248560958091,-0.930811043416656,-0.9478748630244882,-0.9554492391241857,0.973368854312154,0.9436446651281699,0.9559937046210476,-0.9244484887880787,0.9484352877973858
455,0.9163417206556292,-0.9203996119347777,-0.938699267631627,-0.943806966006526,-0.9339806693910745,-0.9413572531706262,-0.944217848994932,0.9587699166445693,0.9403768594673336,0.9420636524787507,-0.9223028471371947,0.9410346774194356
456,0.9103426341993347,-0.9405200559886319,-0.928241322605493,-0.9502534144343676,-0.9485336832736183,-0.9323895344527818,-0.9318417962828196,0.9720502405873411,0.9357529144572497,0.9325545632206219,-0.9133580293458472,0.9326696257954227
457,0.9153381140868132,-0.9567462205481922,-0.9309300618349328,-0.9424376223862326,-0.9423989233231311,-0.9309643077279814,-0.9329766754247999,0.9600885303693822,0.9357529144572497,0.9308022542956241,-0.9156429983766589,0.930248681443061
458,0.9255997093410014,-0.95934240687772,-0.9324932823171649,-0.9276908449369222,-0.9255964974587427,-0.9337346922604584,-0.9322135670362267,0.909698648742553,0.9353117606930368,0.932490258305943,-0.9166740209881225,0.9361337412914844
459,0.9154734318264288,-0.9116374830726155,-0.9164390079646387,-0.9261951003670632,-0.9213021654934016,-0.9196105352798535,-0.9172057687276254,0.8857752283066405,0.9219464355402147,0.9200954860016025,-0.9131629710139486,0.9321972464095959
460,0.9113800702030548,-0.8692871935721622,-0.9104518735176885,-0.9163358263009527,-0.9134973875563942,-0.9134932700116095,-0.9093398822607961,0.8711762906390531,0.9165545561998343,0.9119930667520727,-0.9174542543157166,0.9317248670237693
461,0.9222731482421161,-0.8566307852157063,-0.9147663620486498,-0.9012309128278729,-0.8920938917291399,-0.9150626207872322,-0.9121575132339887,0.8264376106899995,0.9151820778222828,0.9129897929295941,-0.9230830804647889,0.9380035763603815
462,0.9201418938431694,-0.8154163272344234,-0.9023387592149028,-0.9063501512852764,-0.8907987757395933,-0.9129167738083195,-0.90394920633639,0.8257783038275944,0.9073720222928832,0.9068888641494423,-0.9260925518712236,0.9367045330493583
463,0.9202433821478812,-0.7688472349484871,-0.8977741554067841,-0.9142502106331212,-0.9072603816067321,-0.9131890081265397,-0.8996738426722054,0.8438621491964747,0.9037774360659628,0.9037700757875201,-0.9292692161335713,0.9380035763603815
464,0.915112584520787,-0.7553795183640524,-0.9012757692869846,-0.8970807483171382,-0.8944796317098852,-0.9117157400514654,-0.8991357534238524,0.8197503553713001,0.9020291600374153,0.9013827558300691,-0.9167576174160791,0.9279458319371565
465,0.9103764636342385,-0.7699830664676574,-0.8974302469006935,-0.8946791302753933,-0.9044315756295632,-0.9116516849177664,-0.8973649506247281,0.851491271461471,0.9044473362264346,0.8982077006678029,-0.9164789626562239,0.9239109246832209
466,0.9107485874181817,-0.8086013381194082,-0.896101509490796,-0.9040328005432419,-0.9234493314760721,-0.9113153954658472,-0.8948897400823055,0.8679739430216467,0.9063099854531115,0.8980228240381013,-0.9140825317214705,0.9226315638466069
467,0.909688598457859,-0.8673400538250153,-0.8996812843951077,-0.9035482635699075,-0.9180302935198091,-0.9141498351320231,-0.8991846706282485,0.8694809301357216,0.9077641589721839,0.900096657536493,-0.9108222710311663,0.9208207762009384
468,0.9092939217173132,-0.9028753542104534,-0.8992435826600831,-0.905486411463245,-0.90364768963589,-0.9173365780335428,-0.9015424798801213,0.8699518636088699,0.9077804980004881,0.9050802884241007,-0.910264961511456,0.918537609169443
469,0.9041067416987126,-0.9017395226912831,-0.8890513851159276,-0.9138288741345696,-0.9058971016177355,-0.9116837124846159,-0.8976878041737398,0.8824786939946043,0.9000521376126094,0.9040272954462351,-0.9104042888913837,0.9128296915907048
470,0.9038135532628785,-0.8949245335762679,-0.8898486275618664,-0.911680057991956,-0.8968312896909046,-0.9150466070038076,-0.9061700474159546,0.8782402927362714,0.9000521376126094,0.9103613295420979,-0.9153086126648327,0.9131052462324369
471,0.9119213411615176,-0.8639325592675089,-0.896117141695618,-0.9038010654690382,-0.8881403797610492,-0.9238381741039801,-0.919827730883235,0.8674088228538712,0.9078131760570961,0.9188415401653658,-0.9247550090239192,0.9139712751064525
472,0.9082452092352917,-0.8616608962291704,-0.8897079377184658,-0.9138288741345696,-0.8985353896771517,-0.925919965949194,-0.9193092085166402,0.8916148033736728,0.9049211680472559,0.9185923586209854,-0.9279595387622525,0.9125344544745632
473,0.9117409175086966,-0.8782115840799224,-0.8939911618397824,-0.9197697187641493,-0.9065105776127839,-0.9274572891579673,-0.9223029414256575,0.9045183805379259,0.9061465951700696,0.9229168641331353,-0.9334211720554118,0.9139122276832241
474,0.914853225519857,-0.8733437347120541,-0.90104128621465,-0.9115536570423903,-0.890151217744819,-0.9252954283956297,-0.9274294644463269,0.8682565031055357,0.9087608396987388,0.9240663144830191,-0.927987404238238,0.913597308092673
475,0.9207959295846452,-0.8825926485110035,-0.9097015276862171,-0.9185899765682044,-0.8935253357175873,-0.926320310534812,-0.9334462805869986,0.874567011645719,0.9158192999261462,0.9295000797733783,-0.9270678435307164,0.9192264957737736
476,0.9238631316826003,-0.8631212510395301,-0.908935549649923,-0.938498126124774,-0.9130884035596947,-0.9279056750938596,-0.9321744332727101,0.8909554965112677,0.9179923906906025,0.9286400015395493,-0.9312755304045278,0.9218442648702293
477,0.9298283887039911,-0.875939921041584,-0.916907974109308,-0.9271220406638768,-0.8998986696661482,-0.9281618956286551,-0.9315091592929284,0.8723065309746093,0.9197896838040626,0.9303038912068636,-0.9232502733207019,0.9148963514036964
478,0.9301892360096329,-0.8723701648384795,-0.9162983181212372,-0.926553236390832,-0.9026593116438671,-0.926384365668511,-0.9273120631557776,0.8669378893807228,0.9195609374078042,0.9272413696452851,-0.9224421745171222,0.9099954152757452
479,0.9280467051323849,-0.8676645771162069,-0.9052932459263219,-0.9384770592998465,-0.9237560694735968,-0.921307996322874,-0.9138696153878381,0.8738135180886816,0.9097085033403814,0.9183833676482793,-0.9224700399931077,0.9038151183111802
480,0.9391653127374723,-0.8778870607887309,-0.9152040637836752,-0.9420373527126087,-0.9300953214224328,-0.9304358528749657,-0.9216083171232387,0.8685390631894248,0.9179106955490814,0.925199688604233,-0.9228601566569048,0.9072201863840139
481,0.942728679880685,-0.9066073720591514,-0.9179553318324034,-0.9428800257097124,-0.9393997073473375,-0.9353841119532049,-0.9212561132515893,0.8645832220149834,0.9186622908510742,0.9254890607202876,-0.930133045889122,0.9048976544036996
482,0.943100803664628,-0.9145581926933347,-0.9169705029285974,-0.9417424171636222,-0.9422285133245064,-0.9365531181432095,-0.9191428900216949,0.8642064752364647,0.9172571344169144,0.92454860134311,-0.9314148577844552,0.9016500461261416
483,0.9418491145731831,-0.9249429380114544,-0.913171877156773,-0.9313775392992496,-0.9357870153764954,-0.9350478225012857,-0.9141826854959709,0.8463110032568438,0.9115711525670583,0.9224586916160489,-0.9274858256704989,0.8941116584273254
484,0.9358951340300936,-0.9160185475036966,-0.9053870391552559,-0.9325994151450496,-0.93623008137292,-0.931797024466067,-0.910915016242338,0.854222685605729,0.9068164953305412,0.9192434458821083,-0.9243648923601223,0.8929503924371682
485,0.9382406415167652,-0.9129355762373794,-0.9153916502415425,-0.9296079260053323,-0.928084483438662,-0.9349837673675868,-0.920747374325874,0.8335016127872203,0.9139893287560776,0.9243878390564131,-0.9271514399586728,0.897615138872206
486,0.9361432165527224,-0.9142336694021455,-0.9136721077110869,-0.9272273747885149,-0.9218474774890009,-0.931460735014148,-0.920512571744775,0.8299225183912952,0.9124697991237884,0.9228204067611171,-0.9236403899844989,0.8992291017737802
487,0.9331662262811776,-0.9265655544674098,-0.905965430733682,-0.9358015725340432,-0.9310155354150058,-0.9291707639844126,-0.9165502781887226,0.8516796448507303,0.9114404403406248,0.9212610125801559,-0.9237797173644267,0.9016894110749606
488,0.9301328536181264,-0.9203996119347777,-0.9045585322996723,-0.926152966717208,-0.9188141795134823,-0.9252473870453557,-0.9161100233491616,0.8560122328036903,0.9096921643120772,0.9186807778786689,-0.9174542543157166,0.8990125945552765
489,0.9335609030217232,-0.9413313642166085,-0.9098578497344405,-0.9223188045803875,-0.9171782435266861,-0.9270089032220751,-0.9256390947654443,0.8562947928875794,0.9191688007285035,0.924878164030839,-0.9235010626045715,0.9047401946084241
490,0.9311702896218466,-0.9646970411823755,-0.9027920931547502,-0.9320516776969324,-0.9300271574229829,-0.9294269845192081,-0.9266663560577543,0.9017869663936678,0.921979113596823,0.9256417848926497,-0.9241141030762526,0.9040119430552749
491,0.9300426417917159,-0.9719988152341781,-0.9051056594684538,-0.9306402004267839,-0.933503521394926,-0.933302320107991,-0.9345126756428246,0.9147847302525506,0.9272239416824661,0.9307379493809456,-0.9290741578016727,0.9074366936025177
492,0.9262650215607785,-0.9846552235906341,-0.9105144023369779,-0.9096787096238349,-0.9077716116026064,-0.9339428714449799,-0.9430340526485561,0.8832321875516418,0.9284983858901924,0.9338406615141981,-0.9265662649629771,0.9083420874253522
493,0.9151802433905949,-0.9885495030849301,-0.900931860780894,-0.908667502027311,-0.9075671196042567,-0.9303397701744174,-0.9379075296278868,0.8879415222831205,0.9237437286536748,0.9277799233057202,-0.9237797173644267,0.9050747966733848
494,0.8966755424981521,-0.9851420085274213,-0.8877539121156748,-0.90055677443019,-0.9048064776265378,-0.9249110975934365,-0.9322918345632599,0.9036707002862614,0.9166852684262679,0.919476551197819,-0.9233338697486585,0.9009414770474018
