t,s1,s2,s3,s4,s5,s6,s7,s8,s9,s10,s11,s12
0,-1.0110903329950665,1.0866146824371932,1.0307865857280782,1.0125847977187619,1.0373903586981092,0.9961023620362501,1.035109209027504,-1.0950651464481809,-1.0399787271128949,-1.015458331487542,1.0330733337177418,-1.0216032583180943
1,-1.010109279382853,1.0806110015501555,1.0350072810301056,1.0060540819912105,1.0198381288397718,1.004285405366283,1.0370952475259696,-1.0705766058444874,-1.0402238125374574,-1.0185128149347857,1.0305933063550317,-1.0165842273436865
2,-1.0255467781773406,1.0866146824371932,1.0428390156460896,1.0234342125564702,1.041309788666476,1.0190340999004524,1.0411064582864171,-1.1019407751561396,-1.0460078285571381,-1.0305941007800667,1.0357484194123503,-1.028846408900769
3,-1.037917074873873,1.0676300699025083,1.0508739689247641,1.0410250113710047,1.0534088985688246,1.0334625187661275,1.0455774907681845,-1.1146559789311332,-1.0547655477281805,-1.041919803877872,1.0407642050897414,-1.0414628749972215
4,-1.0307565111525439,1.1007314456040098,1.049560863719689,1.034641763417946,1.0459449406290657,1.0304198999154301,1.043033796139608,-1.0728370865155972,-1.0520369300013819,-1.0384875290568907,1.041349380085437,-1.0367981285621837
5,-1.0327411713335737,1.097486212692098,1.0495452315148666,1.0454279777808706,1.0497280425985327,1.0372577854377865,1.0440708408727968,-1.061440496465419,-1.0524780837655947,-1.0422734809086054,1.045417739579321,-1.0434114399637562
6,-1.0278584562291082,1.0919693167418476,1.041010047681878,1.0457650469797124,1.061895316500331,1.0314768096214617,1.0352755275224494,-1.0740615135457832,-1.0432138547171228,-1.038527719628565,1.0343551456130748,-1.0433327100661185
7,-1.038864299051183,1.0793129083853907,1.0471066075625843,1.046902655525802,1.0664282224637462,1.0435191747568529,1.0428479107629043,-1.0410019837307967,-1.0514814030390396,-1.0454485360708716,1.0456406633872048,-1.0525834730385561
8,-1.0341056252080316,1.0711998261056104,1.043776947935429,1.045701846504929,1.0793793823592177,1.0396278253846454,1.0361169034380557,-1.0188681104928454,-1.0474620020762104,-1.0374827647650344,1.0447489681556685,-1.0567364751389485
9,-1.0301588578025747,1.0942409797801862,1.0364454438737594,1.0486090683449365,1.0843212723193323,1.027377281064733,1.0227527231971496,-1.0226355782780274,-1.036776277565275,-1.0298787086042651,1.0337699706173793,-1.0493949121842268
10,-1.0486410057384148,1.131561158267174,1.0648491600359213,1.0488618702440666,1.0504437645927558,1.0443358777115137,1.0473287266855504,-0.9778027116343468,-1.0562197212472528,-1.0479564277433453,1.0504056597807265,-1.0493752297098171
11,-1.0609887494783448,1.1456779214339907,1.0683507739161218,1.0653361273374398,1.0529317505726752,1.0528391967100412,1.0557033520780947,-1.0183971770196971,-1.0651408307013368,-1.0583899001499821,1.0599356525677694,-1.055870446264933
12,-1.070438438294839,1.0832071878796856,1.0565640914800898,1.0533069703037878,1.0262455447880585,1.0566985185153996,1.0585992505783206,-1.0628532968848616,-1.053311374209108,-1.0627787105768107,1.0536659204710306,-1.0544729905818628
13,-1.0829214997743846,1.0650338835729782,1.0684914637595224,1.0877301622354654,1.0569193445404916,1.0739293494804008,1.071709061356369,-1.1346235581926072,-1.0639970987200442,-1.0788147486748387,1.0660939227605664,-1.0713408711507546
14,-1.072682457476799,1.0369626188849397,1.060003176541001,1.0799775706621126,1.055624228550944,1.0652498788642009,1.0653987419893232,-1.1590179121016682,-1.0600430538704317,-1.0718939322325318,1.0626386037383635,-1.06903802164485
15,-1.0799670624594424,1.0040235048290327,1.0704298571574906,1.0708556354684684,1.0508527485894554,1.0732407567931375,1.0739299024359337,-1.1312328371859413,-1.0624285520028425,-1.0754789312258755,1.0784383286221455,-1.0782297371940595
16,-1.0791664325000498,0.956967627606309,1.0769015899539325,1.0841277351728473,1.0750850503938776,1.0778687402028824,1.0730298258750528,-1.1558155644842616,-1.0612684809932456,-1.0786218339308022,1.0769614583949139,-1.0734272134381555
17,-1.099678346530125,1.016517651539894,1.0817163090392081,1.1034038799815895,1.0857186343080547,1.0861318524500387,1.086824477514641,-1.1745587167155496,-1.074339703636592,-1.097149687472634,1.0969410046765216,-1.0801586196861848
18,-1.0916607704578967,1.0825581412973024,1.07977791564124,1.086634687339231,1.0744034103993794,1.0743296940660187,1.0838698783691405,-1.143382920793157,-1.0723953592683941,-1.0899555751429422,1.0789677726658702,-1.084272256837758
19,-1.1009525885781726,1.0572453245843896,1.088672640185142,1.0916485916719958,1.0694956024389897,1.0840020192545508,1.0916770641906945,-1.1514829765313015,-1.0797479220052768,-1.0962253043241261,1.0827296119239136,-1.0892716053377567
20,-1.0798542976764294,1.0913202701594658,1.0767609001105314,1.0771335492968885,1.0678937484519184,1.0681163460972265,1.0722569340456007,-1.1417817469844551,-1.0698464708529418,-1.0803259141697905,1.0714440941497834,-1.0785840217334295
21,-1.0501633303090911,1.0846675426900452,1.0689604299041922,1.0483984000956605,1.049250894602383,1.0517983007874345,1.0622484740262397,-1.0679393783948592,-1.0634088937010935,-1.0632047306365577,1.0527184942875236,-1.065475493776741
22,-1.03702623308807,0.9834162758383912,1.0542974217808527,1.0320084103019977,1.0266886107844821,1.0407487902243757,1.0496082684103902,-1.0394008099220948,-1.0485240389159827,-1.049805194040361,1.0403183574739734,-1.0523276008712334
23,-1.0524524554042562,1.0436153463543592,1.0607691545772946,1.0433844957628944,1.0465584166241142,1.0598692476334943,1.059900448215246,-1.1046721893003977,-1.0560399919359067,-1.066701310372218,1.0555329073620594,-1.0656920009952446
24,-1.0442882851141109,1.052539736862117,1.0588620255889711,1.03626390893737,1.0455018746326412,1.0631680870189872,1.0581198619752428,-1.110135017588914,-1.056595518898249,-1.065616164937013,1.0530528799993495,-1.0700024628909126
25,-1.055316680892788,1.0744450590175234,1.0611130630833858,1.043468763062605,1.068200486449442,1.0663708437039316,1.0583937983198586,-1.1176699531592804,-1.0559909748509941,-1.0658010415667147,1.0601585763756534,-1.0723249948712268
26,-1.0672359184572682,1.1106294059853412,1.0720243420493676,1.0453858441310155,1.0840145343218077,1.0685327044662691,1.0615832000464585,-1.0786766615826322,-1.0608436662573368,-1.0675292361487076,1.0614125227950013,-1.0690970690680783
27,-1.0782079318444386,1.100082399021628,1.085139761895297,1.047513593448702,1.0780161023702213,1.0756588380902707,1.0736950998548342,-1.0476892390494987,-1.0698137927963334,-1.0748439201934221,1.0601307108996683,-1.0685656422590235
28,-1.094479890033223,1.0561094930652204,1.0936436813186408,1.0596270177820644,1.0788681523633443,1.0892385264344349,1.0836155089062829,-1.0349740352745052,-1.0783427655711169,-1.0873351498697807,1.0603536347075522,-1.0823236918712236
29,-1.0962954030397334,1.0087290925513053,1.0927526456437684,1.0695284254980297,1.0917170662596412,1.0983183416362527,1.0898475607462954,-1.0462764386300536,-1.0869534334874216,-1.0929618299041768,1.062610738262378,-1.0831503557964202
30,-1.091446517370172,1.0285250133139678,1.0880786164018936,1.0839170669235714,1.0925691162527642,1.0977898867832367,1.0897301594557456,-1.0860232237637393,-1.0869370944591172,-1.092246437728375,1.0663447120444358,-1.0850792382885452
31,-1.0920892766333463,0.9983443472331867,1.0782928561831193,1.09668356282969,1.0985675482043515,1.0941067165955505,1.0847699549300212,-1.1077803502231744,-1.0801073806279686,-1.087487874042143,1.0620255632666826,-1.0885433537846072
32,-1.0892588805797185,0.9813068744456485,1.075525955929568,1.1000542548181038,1.0942391342392863,1.0944590198308948,1.0870201463322235,-1.0701998590659687,-1.0815452151187368,-1.0828659582996036,1.0631401823061029,-1.0879725620267333
33,-1.0924275709823854,0.9856879388767296,1.075822967821192,1.1062900349966687,1.093591576244512,1.0936583306596583,1.0931250134408075,-1.060592816213752,-1.0851724794022655,-1.0827212722415764,1.0659545953806386,-1.087637959961773
34,-1.1049444618968347,1.0332306010362404,1.0814192971475838,1.1274200603990392,1.1074970321322826,1.1024338839764065,1.1009419827032407,-1.104295442521879,-1.0921982615730643,-1.0931788589912177,1.0728930989010301,-1.0995458569794854
35,-1.0910292876730234,1.0637357904082132,1.0736344591460667,1.1086073857387033,1.0844235183185071,1.087044638105248,1.0911096246197045,-1.090732558495218,-1.0801073806279686,-1.0821505661238018,1.0499040812129874,-1.0865160589204346
36,-1.0934199010729002,1.0874259906651709,1.0819195277018983,1.1145060967184277,1.0822763523358365,1.0944590198308948,1.1005212947454375,-1.0797127152235586,-1.0937341302336576,-1.0880425039312478,1.0683510263153924,-1.096140788906652
37,-1.095179031687904,1.1218254595314374,1.0810753886414928,1.1297163443161455,1.095295676230759,1.097549680031866,1.0994548996896112,-1.1293491032933503,-1.094747149988517,-1.0904539382317031,1.073171753660885,-1.1077731312826322
38,-1.0952692435143143,1.1388629323189756,1.0825604480996136,1.1249552418825108,1.0916489022601912,1.0957881638551468,1.1019105433502754,-1.1350003049711233,-1.0962503405925017,-1.0908236914911063,1.0770171893468847,-1.1097807436723954
39,-1.082459164164031,1.1510325557386454,1.0782928561831193,1.0988534457972308,1.0610773485069331,1.085651438947297,1.0954339054882845,-1.1096640841157654,-1.088162521581931,-1.07982755108103,1.0711654393899286,-1.0972233249991712
40,-1.0912999231522549,1.1331837747231295,1.0848114855940283,1.1145060967184277,1.0722562444167087,1.0880695202444304,1.0991711799041162,-1.1579818584607442,-1.0930805691014902,-1.085325621286068,1.0810019524128123,-1.10820614571964
41,-1.0944686135549218,1.134806391179086,1.0890321808960555,1.1190986645526415,1.075562198390026,1.0944269922640453,1.1020279446408252,-1.163727246833147,-1.0966751553284104,-1.0886453625063615,1.0925939904227828,-1.1157838983672752
42,-1.0804406745480972,1.1047879867439006,1.0825917125092583,1.0958198230076588,1.053886046564973,1.0837938400700298,1.0916868476315738,-1.124639768561869,-1.08397973033606,-1.0787263294171554,1.0810298178887978,-1.1005693456487764
43,-1.0751069003115796,1.0812600481325376,1.0734312404833768,1.0912272551734448,1.0519433725806522,1.0748101075687604,1.0812870499770473,-1.1197420604411308,-1.0724280373250026,-1.0725691338366592,1.0664283084723924,-1.0952944425070459
44,-1.0859774253940386,1.0514039053429478,1.0737751489894678,1.110545533632042,1.0679959944510924,1.0831212611661911,1.0835763751427663,-1.1397096397026047,-1.0752546892216264,-1.0792970355349296,1.072837367949059,-1.1007661703928708
45,-1.0788168616727092,1.077203506992648,1.0760261864838825,1.1063953691213073,1.0563399505451683,1.0827209165805731,1.089544274079042,-1.1093815240318765,-1.0802707709110106,-1.078525376558784,1.0758468393554936,-1.0970265002550768
46,-1.0773170900586355,1.078501600157413,1.0744785982064722,1.1025401401595591,1.0499325345968824,1.080014587181795,1.0875484521396972,-1.10617917641447,-1.0792904292127596,-1.0774080786662399,1.069800031066639,-1.0963966610739746
47,-1.0802602508952763,1.0880750372475527,1.0711489385793174,1.1076804454418898,1.0581803785303143,1.0809273728370041,1.0846134198759552,-1.1272769960114974,-1.076823235938828,-1.0785494909017885,1.0670413489440738,-1.1016518817412957
48,-1.0768434779699807,1.0695772096496552,1.0704298571574906,1.0912693888233,1.0483306806098103,1.0752745072880774,1.082020808042983,-1.1100408308942842,-1.0736698034761203,-1.0748680345364268,1.0588210335283492,-1.0997623641979892
49,-1.067529106893102,1.0869392057283835,1.0644583549153632,1.0806938427096513,1.0333005187311177,1.069685696872849,1.0764833805053893,-1.0961012000891046,-1.0673465995224014,-1.067561388606047,1.048622269317654,-1.0903344589558663
50,-1.074046911351257,1.0819090947149206,1.068178819663076,1.0956302215833096,1.0543631945611225,1.0764915548283562,1.0778824125511064,-1.1314212105752006,-1.0701732514190252,-1.0737909272155568,1.0510187002524074,-1.099841094095627
51,-1.0730771342173446,1.0836939728164716,1.069913994398354,1.0911219210488061,1.0546017685591973,1.0758830310582166,1.079594514704956,-1.1156920325720598,-1.0718725103626603,-1.074586700534707,1.0509072383484654,-1.0991522074912967
52,-1.069558872987337,1.0794751700309864,1.0672565195785588,1.0810098450835648,1.0487055826067848,1.0769719683310979,1.0785281196491296,-1.0830092495355923,-1.07097386380593,-1.0716688650311559,1.053582324043074,-1.095392854879093
53,-1.075445194660619,1.078988385094199,1.0656776668915044,1.0918171262714167,1.0661896484656714,1.0769719683310979,1.0789292407251745,-1.109475710726506,-1.0713333224286223,-1.0751895591098206,1.050935103824451,-1.0962392012786992
54,-1.0766517778388585,1.0694149480040593,1.0662247940602858,1.0955248874586723,1.0736876884051552,1.0781409745211024,1.0786455209396795,-1.120872300776687,-1.074241669466767,-1.0760255230006455,1.054083902610813,-1.0949795229164947
55,-1.076076677445492,1.0499435505325871,1.0683664061209441,1.0912272551734448,1.0659169924678726,1.081007441754128,1.0828817508403472,-1.0952535198374402,-1.0786041900239838,-1.076797181976791,1.0623042180265376,-1.0889960506960243
56,-1.0805083334179053,1.0218722858445484,1.0683038773016547,1.1012129301891205,1.079992858354267,1.0816319793076918,1.0810326805141897,-1.1175757664646508,-1.078865614476851,-1.0778501749546567,1.0648957072931895,-1.0901573166861813
57,-1.0828087349913715,1.0220345474901442,1.0672408873737365,1.1036566818807207,1.0842531083198823,1.0824166546955036,1.079574947823198,-1.1215316076390947,-1.0775748312408204,-1.0800847707397452,1.066846290612175,-1.0878741496546862
58,-1.0759075302709724,1.0205741926797836,1.0630983530958211,1.0821895872795098,1.060123052514635,1.0786694293741184,1.073959252758571,-1.074344073629672,-1.068800773041474,-1.0724726764646413,1.0584309168645523,-1.074470384581856
59,-1.0807338629839311,1.0439398696455506,1.0678974399762744,1.088256832858655,1.0666667964618208,1.0840660743882498,1.0784205017994593,-1.0766987409954114,-1.0716437639664018,-1.0758808369426178,1.0611617335111319,-1.0822843269224045
60,-1.0989002695273349,1.066494238383339,1.0769328543635772,1.109766061109721,1.090012966273395,1.0986226035213222,1.089818210423658,-1.1092873373372467,-1.0825092177886837,-1.087487874042143,1.0756239155476093,-1.1012385497786974
61,-1.1059818979005551,1.10884452788379,1.0898606877516386,1.1078279132163835,1.0868433402989766,1.1076063360225916,1.102360581630716,-1.0957244533105859,-1.0938321644034827,-1.094014822882042,1.0849867154787394,-1.1048601250700347
62,-1.1026666132799712,1.1086822662381943,1.0896105724744816,1.1040148179044895,1.091751148259366,1.1036189039498356,1.1036422123858836,-1.089790691548924,-1.0957111526584637,-1.0920374467556688,1.0855161595224643,-1.1029115601035
63,-1.0965322090840608,1.0833694495252812,1.0798248122557068,1.1054262951746385,1.1028959621694177,1.0966849357269313,1.095042567853119,-1.0933697859448466,-1.089044829110357,-1.0876486363288402,1.0765156107791456,-1.1004512508023196
64,-1.0909165228900104,1.0413436833160208,1.0775425103516476,1.0950192836604096,1.1017030921790452,1.0903594912741656,1.090385649994648,-1.06549052433449,-1.0860874649872998,-1.0852613163713891,1.0664561739483778,-1.0894093826586226
65,-1.0920216177635385,1.0189515762238281,1.0763700949899735,1.0973787680522993,1.0996240901958243,1.0948273368496633,1.0921368859120142,-1.025272805727656,-1.087247535996897,-1.087262806840767,1.0702458786824067,-1.0884252589381505
66,-1.101042800404583,0.9954236376124663,1.0755728525440351,1.106121500397248,1.117039992055262,1.0959643154728185,1.0906498028983849,-1.0290402735128406,-1.0856953283079995,-1.0928975249894979,1.062555007310407,-1.0895865249283077
67,-1.1138528797548664,0.9889331717886415,1.0880473519922491,1.1077225790917449,1.1165969260588375,1.1069497709021778,1.0998364538838978,-1.0351624086637645,-1.0934236886958781,-1.1032425781384514,1.0660939227605664,-1.0946842858003532
68,-1.1093986708258508,0.9882841252062595,1.094800464475493,1.0960094244320067,1.0969656942172803,1.1071099087364251,1.1017050910918136,-1.0115215483117383,-1.0941099278846536,-1.0990707967986635,1.0720850000974502,-1.0875001826409068
69,-1.0991032461367585,0.98163139773684,1.0820289531356546,1.0957144888830201,1.1096441981149523,1.093674344443083,1.086413572997717,-1.0378938228080226,-1.079600870750539,-1.0887096674210404,1.0672085417999866,-1.0816151227924835
70,-1.0907360992371895,0.9670278496332361,1.0773392916889577,1.0951246177850482,1.1136658740824938,1.0912562631459501,1.081541419439905,-1.0477834257441285,-1.0770519823350866,-1.0835733123610705,1.068267429887436,-1.0825992465129557
71,-1.088909309752378,1.0092158774880915,1.0889696520767662,1.0822106541044367,1.0939664782414866,1.093802454710481,1.0892899046161844,-1.0592742024889363,-1.0891265242518777,-1.088404219076316,1.0764041488752034,-1.0838392424007506
72,-1.1043693615034682,1.0243062105284826,1.102257026175741,1.095503820633745,1.1165969260588375,1.1050761582414856,1.0996114347436776,-1.083951116481889,-1.1025081884330041,-1.1011205159540505,1.0879683214091889,-1.0949204754932664
73,-1.1154090337604465,1.0530265217989043,1.1096510590567,1.0971891666279514,1.1285937899620113,1.110504830822466,1.1023018809854412,-1.086965090710036,-1.1076059652639092,-1.1041669612869591,1.0892222678285364,-1.0992112549145248
74,-1.1127590613596396,1.0572453245843896,1.1110735896955315,1.076986081522396,1.1183351080448087,1.1073821430546458,1.0996016513027984,-1.0389298764489463,-1.098831907064563,-1.0966513243838731,1.0837327690593919,-1.0961211064322425
75,-1.098313892655667,1.0780148152206257,1.1001466785247274,1.063566514043523,1.1058610961454856,1.0981902313688547,1.0894953568746462,-1.0141587757613666,-1.0868553993175962,-1.0865876052366397,1.0808068940809137,-1.0851776506605926
76,-1.0797979152849229,1.073471489143949,1.0817006768343858,1.0533491039536431,1.0901492942722948,1.081872186059063,1.0754267688904422,-1.0506090265830164,-1.0690131804094283,-1.0763952762600484,1.0709982465340153,-1.078702116579886
77,-1.0767194367086665,1.0687659014216775,1.0827792989671259,1.0522957627072638,1.0762097563848003,1.0828009854976968,1.076581214914181,-1.0958186400052157,-1.0702549465605462,-1.0783404999290824,1.0773237095827253,-1.0784659268869727
78,-1.0747235000493351,1.031607984580285,1.078136534134896,1.0560877911942297,1.0698364224362384,1.081615965524267,1.0755539536218708,-1.1063675498037293,-1.0684249753904778,-1.0801571137687587,1.0710539774859864,-1.0782887846172877
79,-1.0722765042579518,1.0389097586320866,1.0700390520369327,1.0609752945774302,1.0645877944786002,1.0712870752153216,1.0725797875946121,-1.108251283696323,-1.0671668702110557,-1.0800365420537361,1.065898864428668,-1.074824669121226
80,-1.0681605896779751,1.0687659014216775,1.073056067567641,1.0662841344591816,1.067552928454669,1.0682284425811996,1.072971125229778,-1.0933697859448466,-1.0739802450139002,-1.0767168008334427,1.0701065513024794,-1.0739980051960294
81,-1.0741709526125713,1.0913202701594658,1.07823032736383,1.06272384104642,1.0508186665897303,1.0716393784506653,1.0766986162047303,-1.0900732516328129,-1.0766925237123945,-1.078043089698693,1.0726701750931458,-1.0750214938653204
82,-1.0947505255124543,1.0900221769947007,1.082044585340477,1.0845701384963267,1.066632714462096,1.0777086023686349,1.083429623529579,-1.1404631332596395,-1.0778035776370787,-1.0876084457571658,1.0822558988321598,-1.0852170156094114
83,-1.0865074198741997,1.07087530281442,1.0720087098445452,1.0861080167160413,1.0687117164453166,1.0728243984240946,1.076189877279015,-1.1641981803062953,-1.0723136641268731,-1.0809850395452485,1.0754567226916965,-1.0813002032019325
84,-1.0811172632461756,1.0306344147067106,1.0638643311321148,1.069802294222089,1.0479557786128366,1.068548718249694,1.0703882968376848,-1.151106229752783,-1.063457910786006,-1.074056184988607,1.0694377798788268,-1.0753757784046905
85,-1.0788394146293119,1.0200874077429973,1.0637080090838913,1.080040771136896,1.0624747104956545,1.0707426065788808,1.0706230994187842,-1.1617493262459262,-1.0629023838236638,-1.075068987394798,1.072781636997088,-1.079233543388941
86,-1.0778583610170982,1.0111630172352395,1.0649273210600325,1.0754271364777541,1.0577373125338898,1.0726962881566973,1.068725111888231,-1.1212490475552057,-1.0619057030971084,-1.0761943234016773,1.0772679786307542,-1.0799617949420903
87,-1.0647550932309808,1.031121199643498,1.063051456481354,1.0454701114307259,1.024916346798786,1.0656982648000932,1.0648802196227287,-1.0433566510965362,-1.0599286806723025,-1.0697156032477873,1.0711654393899286,-1.066459617497213
88,-1.0536703150607973,1.0856411125636198,1.0577677712514086,1.0307865344561977,1.0248141007996112,1.0479229651986515,1.0538542817519372,-1.0025738123219265,-1.0561380261057318,-1.0578191940322075,1.063864684681726,-1.0570120297806809
89,-1.0462954982517434,1.1412968570029098,1.060784786782117,1.03748578478317,1.0391285406840804,1.0414694104784885,1.0470547903409346,-0.986750447624156,-1.05898101703066,-1.0525461910285452,1.0638368192057404,-1.0538037864519418
90,-1.0425855368906136,1.171477523083691,1.0613006495412538,1.0376964530324462,1.041173460667576,1.0400601975371129,1.0442567262495006,-0.9599072396547234,-1.0591770853703097,-1.0461156995606644,1.0597963251878417,-1.0503593534302893
91,-1.0394845053577546,1.1359422226982552,1.0478100567795887,1.0354212359402668,1.0460471866282406,1.031973236907628,1.031831756332992,-0.9558572117856523,-1.045452301594796,-1.034806072691529,1.052579166907596,-1.0503199884814705
92,-1.031094805501583,1.113387853960467,1.031255551872748,1.04228902086666,1.0596799865182107,1.02380620736102,1.0188099965228559,-0.954067664587691,-1.032528130206187,-1.0229659302762932,1.0538888442789147,-1.0486469781566679
93,-1.0236636063010225,1.0927806249698253,1.02776957019737,1.0383284577802732,1.0593732485206868,1.0302437482977582,1.0207373343760466,-0.9469094757958405,-1.0341456940083011,-1.0194773886549677,1.060688020419378,-1.0483911059893452
94,-1.0196379035474565,1.1039766785159217,1.0200785254247868,1.0288694533877871,1.0446839066392433,1.0275214051155552,1.0155716775918604,-0.9400338470878817,-1.026907504469548,-1.014445529081351,1.0455013360072771,-1.0408724007649381
95,-1.020731721942683,1.1354554377614678,1.0267847412935633,1.0480613308968187,1.0570215905396665,1.0289306180569309,1.0243865578239661,-0.9823236729765662,-1.033786235385609,-1.0205464578615029,1.0460029145750165,-1.045635559572023
96,-1.0182170672814919,1.1159840402899968,1.0245649682087938,1.0424575554660809,1.0425026586568475,1.0229094354892356,1.0230266595417656,-0.9865620742348966,-1.031335381139982,-1.0156753605745832,1.039092276530611,-1.038234949194073
97,-1.0225472349491933,1.1325347281407476,1.0323029095958438,1.0310182695304009,1.0302672207555992,1.0256638062382875,1.029180443854745,-0.9402222204771411,-1.0362861067161493,-1.0208117156345529,1.0404019539019298,-1.0319759223318703
98,-1.0285914273186931,1.143081735104462,1.046434422755224,1.056740862766985,1.0617930705011562,1.0342471941539386,1.034688521069701,-0.9835481000067494,-1.050190619803009,-1.0295973746025453,1.052300512147741,-1.0392978028121829
99,-1.0231448882991625,1.1226367677594162,1.0476224703217205,1.0535808390278463,1.0682345684491672,1.0325977744611925,1.0340428139716777,-1.0013493852917432,-1.05117096150126,-1.0277807607628688,1.052634897859567,-1.0398292296212377
100,-1.0080569603320153,1.109493574466172,1.0331939452707164,1.0335041548718562,1.0559650485481937,1.0214521811975856,1.0294348133176026,-1.01538320279155,-1.037952687603176,-1.0172508309842139,1.0544182883226392,-1.037034318255097
101,-1.0068842065886796,1.103165370287944,1.0366173981268052,1.0359900402133115,1.0554879005520452,1.0209237263445698,1.0369387124719034,-1.0401543034791323,-1.0426093106698682,-1.02042588614648,1.059629132331929,-1.0381168543476162
102,-1.0080795132886178,1.0757431521822873,1.0427295902123337,1.0393817990266536,1.0542609485619476,1.02350194547595,1.0444230447444458,-1.0490078527743116,-1.0479848509819445,-1.0249834969743408,1.0641154739655954,-1.037309872896829
103,-1.0080344073754128,1.0452379628103146,1.0362891218255366,1.0373804506585327,1.0522841925779018,1.0148545024266002,1.0374963686020144,-1.0794301551396697,-1.041089781037579,-1.021414574209667,1.0541953645147553,-1.0340819470936806
104,-1.0076510071131684,1.0778525535750298,1.040087747597361,1.0287009187883662,1.0451610546353927,1.0125485176134401,1.043053363021366,-1.0655847110291197,-1.044471959896545,-1.0220174327847806,1.0558672930738857,-1.0353809904047038
105,-1.010887356385643,1.044264392936741,1.038696481368174,1.0321558780764906,1.0549766705561707,1.00851304419041,1.038288827313225,-1.0792417817504103,-1.041530934801792,-1.02042588614648,1.0512416240602918,-1.0394355801330488
106,-1.0094101377281721,1.0406946367336387,1.0406661391757865,1.031860942527504,1.0543291125613976,1.0102105052334305,1.0397269931224582,-1.0631358569687506,-1.0429687692925602,-1.0213583074093229,1.0558672930738857,-1.0390812955936788
107,-0.9977051532514166,1.051241643697352,1.0375396982113223,1.0164821603303664,1.0318349927429464,1.0028281510746337,1.039061719142677,-1.0256495525061746,-1.0412041542357084,-1.0149117397127723,1.053582324043074,-1.030460371802343
108,-0.994333486239326,1.0340419092642181,1.0324748638488892,1.0292697230614112,1.0415824446642747,1.0019473929862739,1.035304877845087,-1.050703213277646,-1.039913370999678,-1.0130790496444262,1.0515481442961323,-1.034770833698011
109,-0.9723669065083824,1.0174912214134673,1.020766342436969,1.015955489707177,1.0202471128364712,0.9910900478243122,1.028476036111447,-1.003986612741369,-1.028590424384879,-0.9985139864696759,1.0451390848194657,-1.0182375551940797
110,-0.9734720013819105,1.003212196601055,1.0173741539905248,1.0281110476903945,1.0362656527071865,0.9918747232121234,1.0252670675030888,-1.0296053936806184,-1.0280348974225366,-0.9989801971010973,1.042798384836683,-1.021681988215732
111,-0.9791891758806724,1.006295167867371,1.021641745907019,1.0319873434770697,1.0390603766846305,0.9991129533200981,1.0315773868701343,-1.0349740352745052,-1.0336228451025675,-1.0045264959921447,1.0465880895707123,-1.028629901682265
112,-0.9759415501298964,0.9936387595109141,1.0205005949549897,1.0217699333871908,1.0271657587806315,0.9963105412207716,1.02980658407101,-1.0086959474728505,-1.0300609369322553,-1.0009173826557964,1.0472847264703498,-1.0215245284204564
113,-0.9823353133267367,0.9877973402694722,1.022689103630115,1.0284059832393797,1.038617310688206,1.0011306900316133,1.0314893359022221,-1.0407194236469077,-1.0355181723858526,-1.0052177738249417,1.0487615966975816,-1.0252051511350222
114,-0.9927886087120472,1.0038612431834368,1.021547952678085,1.0333145534475083,1.041241624667026,1.0038049918635419,1.0277911952499068,-1.0824441293678142,-1.0337372183006968,-1.009461898193743,1.042018151509089,-1.0278819676547062
115,-0.9994079014749138,1.0270646585036083,1.0268785345224976,1.024424353328066,1.028665366768528,1.0089454163428775,1.0301881382652962,-1.0731196465994863,-1.0356325455839819,-1.014718824968736,1.0382563122510458,-1.02634673465077
116,-1.017292396060785,1.0530265217989043,1.037570962620967,1.034452161993598,1.039435278681605,1.0216763741655315,1.0386410311848737,-1.0791475950557805,-1.0432138547171228,-1.0279254468208963,1.0411543217535386,-1.0355778151487982
117,-1.0323239416364254,1.0947277647169733,1.0436049936823837,1.050526149413347,1.0536815545666243,1.0324056090600955,1.043102280225762,-1.0994919210957705,-1.05187353971834,-1.0383749954562027,1.0452505467234077,-1.0424863636665123
118,-1.036699215217332,1.1257197390257323,1.0503737383704497,1.0389183288782462,1.0479557786128366,1.0339909736191433,1.0463895163611532,-1.0871534640992955,-1.0545858184168344,-1.043101406685095,1.0414051110374078,-1.0422501739735992
119,-1.0473442107337647,1.1351309144702775,1.060784786782117,1.0394028658515806,1.0506141745913806,1.0428145682861654,1.05348251099853,-1.081784822505409,-1.061154107795116,-1.054668253212946,1.0442473895879296,-1.0490209451704473
120,-1.0555309339805128,1.1318856815583658,1.060143866384402,1.058363008286409,1.0697000944373396,1.052166617806203,1.0558305368095238,-1.0989268009279924,-1.0630004179934889,-1.0626259864044485,1.0458914526710743,-1.061243761778711
121,-1.0440176496348796,1.1552513585241317,1.05521972186537,1.055729655170461,1.070927046427436,1.0524708796912727,1.0510953514240196,-1.0556951080930137,-1.0558439235962567,-1.0581326804912667,1.0468110133785962,-1.0590196421704439
122,-1.0367443211305372,1.1104671443397465,1.0540316742988736,1.0540443091762535,1.0633267604887775,1.0541202993840189,1.0489527778714878,-1.015100642707661,-1.049618753812363,-1.052883791830609,1.0529692835713929,-1.0571498071015468
123,-1.046430815991359,1.1313988966215784,1.0581429441671444,1.0691281558244057,1.0826853363325362,1.058219827940748,1.0560066387453482,-1.0613463097707894,-1.061399193219679,-1.0589686443820912,1.0582915894846245,-1.0643929576842217
124,-1.0326171300722595,1.1302630651024093,1.042948441079846,1.0561088580191569,1.084730256316032,1.041901782630956,1.0386899483892695,-1.0433566510965362,-1.0494717025576252,-1.038511643399895,1.0456127979112193,-1.053370772014934
125,-1.0208783161606,1.128478187000858,1.0272849718478778,1.029648925910108,1.0776071183735219,1.0236780970936221,1.015620594796256,-0.9917423424395237,-1.0348646112536852,-1.0167926584671274,1.0256611171055972,-1.038727011054309
126,-1.0466225161224811,1.139187455610167,1.0498735078161352,1.0620707694736646,1.1010214521845458,1.046753959008647,1.035314661285966,-1.0194332306606235,-1.0546675135583552,-1.040617629355626,1.0485944038416684,-1.0603777329046955
127,-1.044739344246163,1.1257197390257323,1.0525778792503973,1.0662630676342546,1.0867751762995277,1.0460653663213835,1.0367528270951996,-1.0203750976069177,-1.05187353971834,-1.0419117657635373,1.0462815693348713,-1.057110442152728
128,-1.051854802054287,1.153141957131389,1.0618321445052128,1.0680537477530994,1.078186512368846,1.0485955441024901,1.0464188666837906,-1.0648312174720822,-1.0580006753324087,-1.0499900706700624,1.0541674990387697,-1.055457114302335
129,-1.039822799706794,1.1617418243479554,1.0558137456486185,1.0644723875154096,1.0729719664109318,1.0493802194903012,1.0504398608851173,-1.0707649792337468,-1.062118110465063,-1.0507376153032038,1.0546412121305235,-1.0525441080897375
130,-1.0433974433283077,1.1339950829511083,1.0604565104808483,1.0372329828840388,1.043013888652722,1.0446561533800083,1.0499213385185229,-0.9988063445367419,-1.0629023838236638,-1.0493550596376093,1.0649514382451606,-1.0571301246271374
131,-1.0517194843146713,1.1318856815583658,1.0633484683729781,1.031903076177359,1.0318349927429464,1.0507894324316769,1.0546663073449059,-0.9733759369867545,-1.066595004220409,-1.0565170195099616,1.0730881572329285,-1.0572679019480036
132,-1.0821772522064985,1.1318856815583658,1.0566266202993793,1.0601958220551093,1.0364701447055362,1.0613585294919936,1.0611233783251388,-1.0714242860961547,-1.058017014360713,-1.070270233136892,1.0533872657111756,-1.057641868961783
133,-1.0860901901770514,1.045562486101506,1.0593153595288185,1.062744907871347,1.0414461166653748,1.0658103612840664,1.062727862629318,-1.0980791206763278,-1.0559419577660818,-1.0746670816780555,1.054083902610813,-1.0545910854283194
134,-1.0851767954346458,1.0340419092642181,1.0711176741696726,1.0722881795635433,1.061179594506108,1.0739453632638254,1.0726580551216454,-1.0862115971529986,-1.0643238792861278,-1.082142528009467,1.0655366132408564,-1.0721872175503608
135,-1.085526366261986,0.9809823511544581,1.0686477858077457,1.0941976774882347,1.0812198103443638,1.0761872929432865,1.076581214914181,-1.1789854913631421,-1.059814307474173,-1.0871663494687491,1.05831945496061,-1.0833274980661052
136,-1.104955738375136,0.9321415958301822,1.0759167610501261,1.110545533632042,1.0817310403402383,1.090215367223343,1.0920781852667394,-1.2311649201879324,-1.0646669988805155,-1.1054771739235398,1.0824788226400441,-1.090314776481457
137,-1.0946039312945373,0.9681636811524054,1.0782772239782972,1.0960094244320067,1.0790385623619692,1.0887260853648437,1.0889572676262935,-1.224854411647749,-1.070418336843588,-1.092399161900737,1.0861013345181596,-1.0853154279814587
138,-1.0860901901770514,1.0574075862299854,1.0813880327379395,1.100707326390859,1.0974428422134288,1.0793099807111075,1.079164043306274,-1.211103154231829,-1.0716764420230103,-1.0833000164736857,1.0749551441239573,-1.0871655805759461
139,-1.0808240748103417,1.0906712235770828,1.0771517052310895,1.0860869498911132,1.0747783123963528,1.0728724397743687,1.0734505138328558,-1.168530768259258,-1.0713496614569264,-1.0769900967208275,1.0697443001146678,-1.0796862403003582
140,-1.065161046449828,1.056271754710816,1.0718836522059665,1.0630187765954051,1.0449224806373179,1.063376266203509,1.0678739525317458,-1.1116420047029862,-1.0648630672201658,-1.0678266463790973,1.065843133476697,-1.071124363932251
141,-1.0523171376646407,1.0541623533180735,1.0657714601204384,1.0540864428261087,1.0524546025765267,1.051702218086886,1.0600569832693123,-1.0767929276900412,-1.059716273304348,-1.0631725781792183,1.0584587823405378,-1.0648456545956388
142,-1.0593085542114502,1.0330683393906448,1.0621760530113038,1.0669582728568638,1.0654057624719984,1.0628317975670682,1.0602624355277743,-1.1188943801894664,-1.0601410880402566,-1.0690645159866643,1.0663725775204214,-1.0711637288810696
143,-1.0567713465936563,1.075905413827883,1.0659903109879507,1.0528435001553818,1.051125404587254,1.0639847899736479,1.0677663346820752,-1.092898852471698,-1.0629514009085763,-1.0703908048519146,1.069159125118972,-1.0683491350405194
144,-1.0564894346361238,1.0830449262340898,1.0653806549998799,1.0540232423513265,1.0582826245294892,1.0688369663513388,1.067815251886471,-1.1172932063807617,-1.0637846913520896,-1.073622126814525,1.0650629001491028,-1.0728564216802818
145,-1.0571772998125035,1.0896976537035092,1.065615138072215,1.0550344499478506,1.0726652284134073,1.076315403210684,1.0662303344640502,-1.1574167382929663,-1.0644055744276486,-1.0734854788708323,1.0651464965770594,-1.0809065537137437
146,-1.0683635662873987,1.139836502192549,1.0809034343884474,1.042689290540284,1.0678596664521935,1.0779007677697319,1.075348501363409,-1.0826325027570736,-1.0758428942405769,-1.077118706550185,1.0677379858437113,-1.0792925908121693
147,-1.0856842369582045,1.1662851504246323,1.087953558763315,1.0520640276330608,1.071165620425511,1.0827689579308473,1.082793699872435,-1.0508915866669053,-1.0826726080717255,-1.0822068329241459,1.0680166406035663,-1.0791351310168937
148,-1.107086992774083,1.1067351264910474,1.0941282796681329,1.0775759526203676,1.1069517201366832,1.0985425346041986,1.090923739243001,-1.061534683160046,-1.0930315520165779,-1.0944167285987847,1.082701746447928,-1.0966525332412975
149,-1.109669306305082,1.050754858760566,1.0991774818257436,1.081620783006465,1.113631792082769,1.102674090727777,1.0950914850575144,-1.053152067338015,-1.099469129168426,-1.097366716559675,1.0899189047281743,-1.0992506198633438
150,-1.102147895278111,1.0436153463543592,1.1002873683681282,1.0705396330945536,1.0989765322010512,1.0997115407942035,1.0920292680623438,-1.0500439064152383,-1.0974104116020988,-1.0960484658087595,1.087104491653638,-1.0895668424538982
151,-1.1034672432393637,1.0314457229346894,1.095628971331076,1.0907637850250376,1.1049408821529125,1.1052362960757325,1.0918140323630023,-1.0832918096194812,-1.099746892649597,-1.1002604377202214,1.0885256309288989,-1.097656339436179
152,-1.0946828666426465,0.9986688705243781,1.0841705651963127,1.090869119149676,1.1023847321735434,1.095772150071722,1.0850830250381538,-1.0804662087805934,-1.089829102468958,-1.0939103273956892,1.0803331809891599,-1.0883465290405128
153,-1.0799783389377438,0.9559940577327356,1.0755572203392127,1.0778498213444272,1.0841849443204326,1.0858275905649692,1.0761703103972569,-1.0475950523548692,-1.0753854014480597,-1.0808725059445605,1.072530847713218,-1.0711637288810696
154,-1.0863157197430775,0.9496658535545065,1.0800905597376866,1.096704629654617,1.101839420177945,1.0884058096963494,1.0800249861036382,-1.0675626316163405,-1.0782120533446833,-1.0854140405437516,1.08144780002858,-1.0774227557432723
155,-1.0900031281476046,0.9824427059648178,1.0848114855940283,1.101528932563034,1.0919897222574408,1.0912882907127996,1.0825295469686982,-1.0677510050055998,-1.0780323240333376,-1.085486383572765,1.0835655762034788,-1.0717345206389435
156,-1.084703183345991,0.992340666346149,1.0838266566902217,1.0868032219386508,1.0730401304103818,1.087509037824565,1.0802695721256168,-1.0373287026402445,-1.0729835642873449,-1.0811940305179546,1.072837367949059,-1.0641370855168988
157,-1.081387898725407,0.9955858992580621,1.0744785982064722,1.088657102532279,1.080129186353167,1.0836176884523576,1.0753387179225298,-1.0363868356939476,-1.0697647757114208,-1.078846901132178,1.066177519188523,-1.0626608999361908
158,-1.0862255079166672,1.006457429512967,1.0712270996034292,1.09668356282969,1.0930462642489136,1.0873168724234685,1.0769725525493463,-1.040531050257651,-1.0734083790232536,-1.0831071017296492,1.0696607036867112,-1.0694710360818578
159,-1.083383835384738,1.0364758339481523,1.0721650318927687,1.084254136122413,1.0851051583130056,1.0838899227705776,1.0801228205124298,-1.0291344602074701,-1.0770683213633907,-1.0806233244001802,1.0728652334250446,-1.0680342154499685
160,-1.084488930258266,1.0288495366051593,1.0706799724346476,1.0815365157067545,1.0934893302453372,1.0815358966071438,1.0790857757792407,-1.039306623227465,-1.0780159850050333,-1.0801651518830937,1.0747879512680445,-1.0720297577550852
161,-1.096464550214253,1.0471851025574626,1.074509862616117,1.1010233287647726,1.113563628083319,1.0904395601912895,1.0872158151498064,-1.086399970542258,-1.0885383192329272,-1.087544140842487,1.0898631737762032,-1.0873820877944502
162,-1.0864961433958984,1.0406946367336387,1.0724933081940373,1.086044816241258,1.0839804523220837,1.0882456718621025,1.08614942009398,-1.0814080757268902,-1.083620271713368,-1.0826408910982277,1.087104491653638,-1.0776983103850044
163,-1.0919990648069358,1.064547098636191,1.077057912002156,1.1044150875781134,1.0942391342392863,1.0941867855126741,1.0902095480588234,-1.118140886632429,-1.0886690314593606,-1.0885006764483343,1.097944161812,-1.0869490733574425
164,-1.0844325478667596,1.052539736862117,1.070930087711805,1.0976105031265035,1.086502520301728,1.0867083486533289,1.0848384390161754,-1.1115478180083564,-1.0809243320431776,-1.0817968890930685,1.0901975594880293,-1.0801783021605942
165,-1.084037871126214,1.0629244821802357,1.0767609001105314,1.0929547348175064,1.0761415923853503,1.0908399047769075,1.0899551785959658,-1.0952535198374402,-1.0878684190724557,-1.0822229091528155,1.0980556237159418,-1.0813592506251608
166,-1.0798994035896345,1.0527019985077128,1.0696482469163746,1.1047521567769552,1.0896721462761454,1.0865962521693557,1.083635075788041,-1.1188001934948366,-1.0825745739019006,-1.080840353487221,1.090754869007739,-1.0832684506428767
167,-1.0767081602303652,1.056271754710816,1.0655526092529257,1.1021609373108623,1.0874227342943008,1.0826568614468741,1.081335967181443,-1.1132431785116907,-1.078718563222113,-1.0783887286150915,1.0875224737934206,-1.078702116579886
168,-1.078771755759504,1.051241643697352,1.0710082487359163,1.0932918040163482,1.0805040883501407,1.0836977573694813,1.0839187955735363,-1.096007013394475,-1.081185756496045,-1.0782440425570643,1.088692823784812,-1.0798437000956338
169,-1.0805872687660143,1.0528642601533085,1.0726965268567277,1.1017396008123101,1.089160916280272,1.0876691756588124,1.0850536747155164,-1.1136199252902095,-1.0840777645058852,-1.0809287727449046,1.0900025011561305,-1.0837408300287033
170,-1.0836544708639695,1.0356645257201746,1.0688822688800803,1.1041412188540551,1.0914103282621175,1.0833614679175623,1.0802695721256168,-1.1355654251389014,-1.077280728731345,-1.0792889974205948,1.0854882940464787,-1.0828748011546878
171,-1.0802151449820712,1.0583811561035588,1.0718680200011446,1.094071276538669,1.0776071183735219,1.08491480490976,1.0844373179401308,-1.0970430670354014,-1.0820517249961665,-1.078854939246513,1.0891108059245946,-1.0772456134735875
172,-1.0776779373642775,1.0468605792662709,1.066537438156732,1.0893733745798164,1.0717790964205591,1.0808633177033053,1.0783226673906676,-1.1074977901392855,-1.0760879796651397,-1.075559312369224,1.085126042858667,-1.0740373701448485
173,-1.0881763386627932,1.0686036397760816,1.071180202988962,1.1064375027711626,1.0899788842736702,1.0896869123703272,1.0855819805229898,-1.1266176891490922,-1.083260813090676,-1.0852452401427195,1.0943216499338841,-1.08421320941453
174,-1.0839702122564059,1.0463737943294837,1.0717742267722106,1.090510983125906,1.077334462375723,1.0861478662334636,1.0847797383709004,-1.0971372537300312,-1.0815942322036494,-1.0807197817721985,1.0905319451998552,-1.0758875227393359
175,-1.083383835384738,1.0580566328123673,1.0704767537719577,1.0837485323241516,1.0787318243644446,1.0835856608855081,1.0840166299823275,-1.0728370865155972,-1.081104061354524,-1.0811940305179546,1.086714374989841,-1.07291546910351
176,-1.0904880167145607,1.0574075862299854,1.0744629660016503,1.091290455648227,1.0958750702260824,1.0850269013937333,1.0835078910566123,-1.076227807522263,-1.084600613411619,-1.0836295791614146,1.08529323571458,-1.079095766068075
177,-1.0910631171079275,1.0768789837014565,1.0759480254597706,1.0895629760041656,1.0923646242544154,1.0857635354312702,1.0857776493405729,-1.053152067338015,-1.0858750576193454,-1.083066911157975,1.0861570654701307,-1.0757103804696508
178,-1.093555218812516,1.0587056793947502,1.0779489476770279,1.1017606676372382,1.1005102221886724,1.0900232018222467,1.0853667448236488,-1.0719894062639301,-1.0858260405344329,-1.086137470833888,1.0818379166923773,-1.082264644447995
179,-1.0942881899021009,1.0423172531895941,1.0829512532201717,1.1058476316731896,1.095466086229383,1.0972774457136456,1.089055102035085,-1.0523985737809776,-1.0883095728366687,-1.090140451772644,1.0835655762034788,-1.0824024217688613
180,-1.0886161213165442,0.9981820855875908,1.0828418277864154,1.0950403504853379,1.0830602383295098,1.0947953092828138,1.0893192549388218,-1.021505337942474,-1.0862018381854293,-1.0872869211837717,1.0800545262293049,-1.075848157790517
181,-1.0964307207793489,0.9735183154570598,1.0876252824620463,1.1077436459166732,1.0940687242406615,1.099743568361053,1.091481395373112,-1.0522102003917182,-1.0885709972895357,-1.093532536021951,1.0798037369454354,-1.0815167104204364
182,-1.0996896230084263,0.956967627606309,1.0862027518232147,1.106922039744497,1.0948866922340597,1.0987987551389944,1.0873038661177188,-1.0471241188817206,-1.0853195306570034,-1.094513185970803,1.0816149928844934,-1.080473539276736
183,-1.092010341285237,0.9493413302633161,1.0811066530511375,1.0841909356476307,1.0818332863394131,1.0893346091349834,1.0833415725616669,-1.011615735006368,-1.0804341611940524,-1.0878817416445508,1.076209090543305,-1.0723643598200459
184,-1.0923937415474816,0.9598883372270294,1.0813411361234726,1.0933128708412752,1.1028618801696928,1.097181363013097,1.0847993052526588,-1.06549052433449,-1.0882278776951477,-1.090188680458653,1.0799987952773338,-1.0917712795877559
185,-1.097535815652877,0.9902312649534064,1.0935967847041737,1.0879197636598132,1.1042251601586892,1.1033947109818893,1.0952675869933393,-1.071895219569303,-1.1005638440648062,-1.0975515931893767,1.08777326307729,-1.0989750652216117
186,-1.1049670148534374,1.032906077745049,1.1015379447539142,1.0909323196244582,1.1158130400651645,1.1071259225198498,1.1013333203384061,-1.0898848782435535,-1.1061844698014454,-1.1050591919781276,1.091953084475116,-1.1000969662629496
187,-1.1139543680595783,1.0874259906651709,1.1041797873688868,1.0975473026517202,1.1297525779526592,1.104996089324362,1.1012844031340108,-1.1014698416829911,-1.1090274607263733,-1.1061282611846628,1.0900860975840871,-1.0969674528318485
188,-1.106579551250524,1.09813525927448,1.1062745028150782,1.0761644753502198,1.1041229141595144,1.098830782705844,1.0990635620544458,-1.046464812019313,-1.1051387719899775,-1.0978972321057754,1.080388911941131,-1.0897046197747644
189,-1.0929801184191494,1.124746169152159,1.0998340344282809,1.0599008865061228,1.0795157103581177,1.0919928971834874,1.0919314336535522,-1.0480659858280175,-1.0956948136301596,-1.087487874042143,1.0708310536781025,-1.0860633620090174
190,-1.0821659757281972,1.1482741077635208,1.085233555124231,1.0631030438951157,1.080231432352341,1.087364913773743,1.0825295469686982,-1.116633899518354,-1.0854502428834365,-1.0834688168747173,1.0657038060967692,-1.0854532053023247
191,-1.0692318551165994,1.1349686528246818,1.0797153868219505,1.057162199265536,1.0722903264164336,1.0784932777564467,1.0779411131963814,-1.1241688350887231,-1.0778035776370787,-1.080567057599836,1.070078685826494,-1.0810246485602002
192,-1.0598385486916118,1.0966749044641202,1.0724620437843926,1.0483984000956605,1.0488759926054096,1.0741055010980725,1.0744777751251655,-1.1098524575050248,-1.0685393485886072,-1.0759210275142923,1.0689919322630592,-1.0761237124322491
193,-1.0610451318698513,1.058867941040345,1.0673190483978483,1.060954227752502,1.066530468462921,1.0720557368197081,1.069018615114605,-1.1292549165987207,-1.06808185579609,-1.0739114989305794,1.0657038060967692,-1.0776392629617761
194,-1.0603910961283756,1.0441021312911452,1.068131923048609,1.0658838647855575,1.0723925724156085,1.0659865129017385,1.0677859015638334,-1.1140908587633553,-1.069519690286858,-1.0732925641267959,1.0667905596602039,-1.075356095930281
195,-1.0520803316203131,1.0648716219273826,1.0703673283382014,1.0508000181374055,1.0546358505589222,1.0534637342636055,1.0684120417800984,-1.0416612905932046,-1.0686863998433445,-1.0669344156879286,1.0636138953978564,-1.0639205782983951
196,-1.0574479352917348,1.0371248805305353,1.0652868617709463,1.0569093973664059,1.0495576325999079,1.055097140172927,1.061426664992392,-1.0841394898711483,-1.062477569087755,-1.0651178018482526,1.0600749799476972,-1.0657116834696543
197,-1.081128539724477,1.0883995605387442,1.080121824147331,1.0863608186151714,1.0732105404090067,1.0758349897079422,1.0774910749159408,-1.1385793993670486,-1.0783100875145084,-1.080840353487221,1.0782990012422182,-1.0834259104381523
198,-1.09842665743868,1.054324614963668,1.0889696520767662,1.1066060373705835,1.0988061222024263,1.0876531618753877,1.090923739243001,-1.203097285188314,-1.0827869812698547,-1.0944328048274543,1.088302707121015,-1.0940741290936604
199,-1.1093873943475494,0.9777371182425452,1.083576541413065,1.1215002825943865,1.0981244822079281,1.097037238962275,1.097478644632025,-1.247365031664219,-1.079862295203406,-1.1055575550668884,1.095631327305203,-1.0980499889243678
200,-1.1091618647815231,0.9094249654467981,1.0853117161483428,1.1170762493595936,1.0876953902921005,1.0976938040826882,1.1008637151762075,-1.2223113708927504,-1.077264389703041,-1.108282475826403,1.0923710666148987,-1.0999198239932648
201,-1.090386528409849,0.9756277168498024,1.07843354602652,1.0972313002778067,1.0839463703223586,1.082945109548519,1.084887356220571,-1.1578876717661146,-1.0705490490700214,-1.0910809111498214,1.0704130715383198,-1.0885236713101978
202,-1.091897576502224,1.0256043036932476,1.0712896284227185,1.0849914749948788,1.076516494382324,1.0756428243068459,1.0733624628649434,-1.1059908030252106,-1.0664316139373673,-1.0869091298100337,1.0663725775204214,-1.077088153678312
203,-1.0945024429898256,1.0518906902797351,1.0727590556760167,1.0788820957658782,1.0564762785440682,1.0775004231841139,1.0768258009361593,-1.0932755992502168,-1.07097386380593,-1.0861696232912275,1.0709703810580302,-1.0667154896645359
204,-1.0860225313072436,1.1396742405469544,1.0663185872892194,1.0591003471588747,1.0306762047522986,1.0677160015116085,1.0699480419981235,-1.0465589987139425,-1.0675263288337478,-1.0731237637257642,1.0627779311182912,-1.0578780586546963
205,-1.0561624167653858,1.1692058600453525,1.0615663970232332,1.0443325028846362,1.0373562766983844,1.049524343541124,1.055497899819633,-0.9959807436978567,-1.0660067992014584,-1.059193711583467,1.0659545953806386,-1.054394260684225
206,-1.0450550856385996,1.1659606271334408,1.0653650227950575,1.0438058322614465,1.0473082206180624,1.0429426785535632,1.0524161159427037,-0.9954156235300787,-1.0669871408997096,-1.0535589934347365,1.070858919154088,-1.0594526566074516
207,-1.0295386514960028,1.1630399175127204,1.0537659268168937,1.0317766752277946,1.0390603766846305,1.0366172341007978,1.0398933116174038,-1.0058703466339627,-1.0538995792280588,-1.040087113809526,1.0469224752825383,-1.0413054152019459
208,-1.0427546840651334,1.1669341970070142,1.0550633998171466,1.0699286951716536,1.082719418332261,1.0468820692760448,1.0429261782899375,-1.0834801830087406,-1.0547492086998762,-1.0483985240317621,1.0521890502437987,-1.0512450647787142
209,-1.0494754651327116,1.139349717255763,1.0568298389620692,1.0759116734510885,1.0922964602549654,1.0460013111876851,1.0397563434450958,-1.0807487688644826,-1.0532460180958916,-1.0465176052774068,1.0546969430824946,-1.0575828215385545
210,-1.047761440430913,1.1059238182630697,1.0536877657927821,1.0617758339246781,1.0859912903058535,1.0434551196231538,1.03560816451234,-0.9932493295535987,-1.048769124340545,-1.0368075631609068,1.0607158858953636,-1.0594329741330422
211,-1.0396762054888766,1.0937541948433989,1.04990477222578,1.063355845794247,1.0947162822354348,1.0437914090750735,1.0354418460173949,-0.9881632480436011,-1.0518081836051232,-1.0372898500209977,1.0556722347419871,-1.0578190112314678
212,-1.02718186753103,1.1041389401615174,1.034288199608279,1.044100767810433,1.0874908982937508,1.032229457442424,1.0234473474995684,-1.002102878848778,-1.0401584564242405,-1.0271939784164248,1.0343551456130748,-1.0472495224735976
213,-1.0268886790951959,1.1122520224412977,1.0347102691384815,1.0524853641316116,1.090899098266243,1.034231180370514,1.0271063543883672,-1.0200925375230288,-1.0429034131793433,-1.0294205360871787,1.0359156122682631,-1.052170141075958
214,-1.03348541890146,1.1276668787728792,1.0498891400209576,1.0670214733316472,1.0893654082786217,1.0484994614019416,1.0445502294758748,-1.0595567625728255,-1.0576248776814128,-1.0466542532210992,1.0484272109857555,-1.0635662937590251
215,-1.0265842141810608,1.123285814341798,1.0503268417559826,1.0469658560005843,1.0507164205905555,1.043359036922606,1.0468591215233518,-1.0491020394689414,-1.0515304201239521,-1.0472973023678875,1.0403740884259443,-1.047190475050369
216,-1.0305986404563257,1.139349717255763,1.0524840860214633,1.049915211490447,1.0467969906221888,1.045488870118094,1.0490603957211584,-1.050703213277646,-1.0532623571241955,-1.049917727641049,1.0474519193262626,-1.0475644420641486
217,-1.0347934903844114,1.139349717255763,1.0550633998171466,1.0652518600377294,1.070279488432663,1.0502449637952362,1.0491190963664334,-1.0557892947876435,-1.0524780837655947,-1.0525703053715498,1.0567311228294363,-1.0541187060424928
218,-1.0335530777712678,1.1477873228267335,1.0578146678658757,1.0627027742214916,1.0700068324348633,1.053095417244837,1.049872421314127,-1.0518334536131995,-1.0511873005295644,-1.0522970094841648,1.0630844513541318,-1.055063464814146
219,-1.0304745991950113,1.1492476776370941,1.053437650515625,1.0392132644272327,1.0404918206730769,1.0406847350906774,1.0432196815163115,-1.0243309387813617,-1.0421028007924384,-1.0478760465999968,1.044442447919828,-1.0442577863633622
220,-1.0504339657883226,1.144866613206013,1.0636611124694244,1.0640089173670022,1.071097456426061,1.0533836653464819,1.056965415951504,-1.0742498869350425,-1.0616116005876333,-1.0632931498942413,1.0566196609254945,-1.0621097906527264
221,-1.0621502267433793,1.1387006706733798,1.0717585945673882,1.0630187765954051,1.0761756743850754,1.0586522000932155,1.0652422069352567,-1.0973256271192906,-1.0725914276080446,-1.0707364437683131,1.0577621454409,-1.0647078772747727
222,-1.0616766146547245,1.1229612910506066,1.0744942304112945,1.0431316938637631,1.062849612492629,1.0561220223121095,1.0661227166143794,-1.0827266894517031,-1.0698464708529418,-1.0686143815839126,1.0532479383312479,-1.0612240793043013
223,-1.065905294017714,1.1276668787728792,1.0752914728572334,1.0441639682852153,1.0681323224499923,1.052166617806203,1.0630507161783294,-1.1185176334109477,-1.0701242343341126,-1.0679231037511154,1.0494303681212336,-1.0582323431940661
224,-1.0695701494656384,1.1492476776370941,1.0768390611346432,1.0498520110156637,1.0715746044222103,1.0554654571916957,1.0657411624200932,-1.1395212663133454,-1.0752710282499305,-1.0686384959269173,1.0539724407068711,-1.0597085287747743
225,-1.0560947578955782,1.1273423554816888,1.069663879121197,1.0321558780764906,1.04846700860871,1.0451525806661748,1.0597830469246963,-1.0997744811796595,-1.0680655167677857,-1.058108566148262,1.0469224752825383,-1.0472101575247785
226,-1.0532756383202517,1.0995956140848406,1.0641144464092718,1.0438479659113018,1.0590324285234374,1.043166871521509,1.0558403202504028,-1.0992093610118814,-1.062297839776409,-1.053703679492764,1.0505728526366394,-1.0478990441291092
227,-1.0423149014113824,1.1112784525677242,1.0549539743833902,1.0541075096510357,1.065576172470623,1.0409729831923222,1.0528661542231441,-1.1168222729076134,-1.0614972273895038,-1.047096349509516,1.0547526740344653,-1.049591736928321
228,-1.0253663545245197,1.0536755683812862,1.042260624067664,1.0342204269193938,1.041275706666751,1.0268488262117172,1.0405194518336687,-1.076227807522263,-1.04527257228345,-1.0330537637665311,1.041126456277553,-1.0354006728791132
229,-1.0174615432353042,1.0340419092642181,1.0376022270306111,1.0346838970678012,1.0380379166928826,1.0238702624947185,1.037408317634102,-1.0658672711130088,-1.0414492396602713,-1.0289543254557572,1.041349380085437,-1.0338457574007673
230,-1.019107909067295,1.0421549915439983,1.0376491236450782,1.0574150011646672,1.0580781325311395,1.027777625650351,1.0374768017202562,-1.0910151185791073,-1.0472005776233437,-1.0307307487237594,1.0528299561914654,-1.0445136585306851
231,-1.0046740168416235,1.0275514434403945,1.0288638245349329,1.0503365479889981,1.0469333186210887,1.0217404292992305,1.0324285462266194,-1.0481601725226473,-1.0405996101884534,-1.021679831982717,1.0490959824094075,-1.036502891446042
232,-0.9889997120028085,1.0038612431834368,1.0157953013034704,1.0329353505988115,1.0330619447330431,1.0067034866634164,1.0185849773826356,-1.0109564281439603,-1.0252736016391297,-1.0081677617858322,1.0328504099098574,-1.0212292913043148
233,-0.994547739327051,1.031607984580285,1.019859674557274,1.046312784427829,1.0405259026728018,1.0153028883624924,1.0224005193255006,-1.0150064560130312,-1.0313027030833735,-1.0125726484413307,1.042463999124857,-1.0286692666310842
234,-0.9972766470759669,1.062113173952257,1.022939218907272,1.0395292668011462,1.0360952427085617,1.0139417167713909,1.0231244939505568,-0.9944737565837819,-1.0328385717439665,-1.0128539824430505,1.0439130038761038,-1.0245359470051012
235,-0.9936005151497412,1.0731469658527584,1.0240647376544794,1.0269102386695212,1.0234849028103388,1.0097621192975383,1.0222439842714344,-0.958117692456762,-1.032234027696712,-1.0093895551647294,1.0471175336144367,-1.0185524747846308
236,-0.9969270762486265,1.0747695823087138,1.0268785345224976,1.039487133151291,1.0394011966818801,1.0141338821724875,1.0239365195435255,-0.9715863897887932,-1.0378546534333506,-1.0133201930744717,1.0515202788201468,-1.0261892748554944
237,-1.0025765918775809,1.0875882523107667,1.0296610669808712,1.0356108373646147,1.0425367406565726,1.016295742934825,1.0252475006213304,-0.9728108168189764,-1.0392107927825978,-1.0153940265728634,1.0481764217018859,-1.0262876872275415
238,-1.0012459674380265,1.0823958796517068,1.0288325601252881,1.0172826996776143,1.0342888967231407,1.01370151002002,1.0221950670670386,-0.9480397161313967,-1.0333614206497004,-1.010112985454866,1.041460841989379,-1.0208946892393542
239,-1.0022721269634454,1.0707130411688244,1.0237989901724998,1.0233499452567596,1.0478535326136618,1.0136214411028963,1.0166869898520825,-0.9552920916178742,-1.0253226187240423,-1.0090198019053265,1.0362778634560748,-1.026838796511006
240,-1.0145860412684713,1.0780148152206257,1.026816005703208,1.0383073909553462,1.0785954963655446,1.0218044844329295,1.0193578692120877,-0.9845841536476759,-1.0318255519891073,-1.016165685549009,1.0448604300596107,-1.040734623444072
241,-1.0204498099851504,1.0786638618030087,1.0336629114153861,1.0396346009257837,1.077334462375723,1.0289306180569309,1.0251985834169348,-0.9754480442686048,-1.0400440832261113,-1.0202972763171225,1.0492074443133497,-1.046383493599582
242,-1.0262797492669256,1.0934296715522085,1.0330219910176706,1.0415938156440494,1.080129186353167,1.0262563162250022,1.0215297930872569,-0.9763899112149016,-1.0358449529519365,-1.0220978139281292,1.0458357217191037,-1.047406982268873
243,-1.039822799706794,1.1244216458609675,1.0423231528869532,1.0590160798591643,1.090081130272845,1.0356564070953143,1.029591348371669,-1.002762185711186,-1.0472332556799522,-1.0326518580497888,1.0575670871090015,-1.0585669452590267
244,-1.0525088377957628,1.104950248389495,1.0604565104808483,1.061185962826705,1.0874908982937508,1.0488517646372855,1.0419087004385066,-0.9995598380937794,-1.060092070955344,-1.0458263274446096,1.0597127287598855,-1.064373275209812
245,-1.0619810795688598,1.1364290076350414,1.0727434234711943,1.0651886595629472,1.0771640523770982,1.0580596901065005,1.055155479388863,-1.0037040526574827,-1.0705490490700214,-1.0577548891175288,1.0626943346903346,-1.0660856504834337
246,-1.0634131923131256,1.1323724664951518,1.071524111495053,1.0608278268029363,1.0623724644964796,1.0522947280736006,1.054676090785785,-1.0288519001235812,-1.0674609727205309,-1.0611791258241752,1.0596012668559436,-1.0611847143554827
247,-1.0696039789005425,1.0982975209200756,1.0712427318082514,1.0572886002151016,1.0518411265814773,1.05781948335513,1.0615734166055792,-1.030170513848394,-1.0694053170887288,-1.065680469851692,1.0638089537297548,-1.0607910648672936
248,-1.0727162869117028,1.08856182218434,1.0664592771326205,1.0508210849623325,1.0390944586843553,1.0601574957351396,1.0634909710178908,-1.0444868914320924,-1.063735674267177,-1.0683008951248534,1.0564524680695813,-1.0624837576665058
249,-1.079470897414185,1.0600037725595142,1.0628013412041966,1.0759538071009436,1.0550448345556207,1.0703422619932628,1.0677663346820752,-1.1159745926559488,-1.0623468568613215,-1.076740915176447,1.0535544585670888,-1.0723446773456362
250,-1.0776779373642775,1.0234949023005049,1.0658808855541944,1.085054675469661,1.0712337844249609,1.0741055010980725,1.0700947936113105,-1.1438538542663053,-1.0627716715972304,-1.0781797376423854,1.0558951585498713,-1.0750608588141393
251,-1.0799670624594424,0.9947745910300833,1.0767765323153538,1.0763330099496407,1.0663941404640211,1.076555609962055,1.078126998573085,-1.1512004164474126,-1.0656473405787665,-1.0819094226937562,1.0686575465512331,-1.0757497454184697
252,-1.0989002695273349,1.0105139706528563,1.0793714783158594,1.1005598586163652,1.0930462642489136,1.0888061542819674,1.0835176744974913,-1.19989493757091,-1.0730162423439533,-1.0909844537778033,1.0801938536092326,-1.0914760424716141
253,-1.1006819530989413,1.078501600157413,1.0909862064988458,1.090089646627355,1.0870478322973263,1.0935622479591103,1.092684758601246,-1.1344351848033478,-1.0866593309779464,-1.094239890083418,1.0928726451826378,-1.0936411146566527
254,-1.085921043002532,1.0687659014216775,1.0788399833519005,1.0745212630058676,1.075528116390301,1.0791178153100105,1.0778041450240732,-1.1105117643674327,-1.0701732514190252,-1.0825926624122186,1.0758747048314792,-1.0831700382708294
255,-1.0859323194808332,1.101867277123179,1.082919988810527,1.0783975587925438,1.0699386684354133,1.0787815258580915,1.0807391772878154,-1.1374491590314924,-1.0750422818536718,-1.086957358496043,1.079664409565508,-1.0833865454893334
256,-1.074858817788951,1.11144071421332,1.0837172312564654,1.0606592922035154,1.0469674006208136,1.074377735416293,1.0809348461053985,-1.1172932063807617,-1.0742906865516795,-1.0848031438543027,1.0802495845612037,-1.0750805412885487
257,-1.0674050656317877,1.1205273663666737,1.0810597564366704,1.0578363376632194,1.0455018746326412,1.0690931868861346,1.0766496990003347,-1.1184234467163179,-1.071055558947451,-1.0809207346305698,1.0794972167095946,-1.0717345206389435
258,-1.06655932975919,1.0737960124351404,1.0745411270257614,1.061986502173954,1.071847260420009,1.070150096592166,1.069272984577463,-1.110417577672803,-1.065614662522158,-1.077279468836882,1.0755960500716242,-1.0794303681330355
259,-1.0569517702464772,1.0724979192703754,1.0692418095909941,1.0489461375437772,1.0695978484381645,1.069685696872849,1.063647506071957,-1.0972314404246608,-1.0596182391345228,-1.0698200987341404,1.0713326322458416,-1.0729745165267384
260,-1.057053258551189,1.0591924643315365,1.068178819663076,1.0353791022904115,1.0653035164728233,1.0687088560839413,1.060790741335248,-1.0952535198374402,-1.0561380261057318,-1.0650534969335737,1.0706081298702181,-1.0741751474657144
261,-1.0678674012421412,1.104950248389495,1.0693981316392172,1.0506525503629116,1.0812538923440886,1.072920481124643,1.0660444490873462,-1.0999628545689188,-1.0640134377483483,-1.071837665432188,1.0726701750931458,-1.0818709949598062
262,-1.0814781105518174,1.153791003713771,1.0811222852559597,1.0554557864464016,1.0835373863256592,1.0806391247353593,1.0773443233027538,-1.0740615135457832,-1.0766761846840904,-1.0798034367380254,1.0681281025075084,-1.0823630568200422
263,-1.0978290040887109,1.136104484343851,1.1011158752237113,1.0645355879901919,1.0852414863119053,1.0957241087214478,1.0948175487128986,-1.0482543592172768,-1.0970019358944942,-1.0902851378306713,1.082701746447928,-1.0867325661389384
264,-1.1036251139355822,1.096188119527333,1.1042266839833539,1.0776602199200782,1.1002034841911477,1.09817421758543,1.0935457013986103,-1.0693521788143017,-1.1025408664896126,-1.0933637356209192,1.0783825976701744,-1.0915744548436612
265,-1.1039746847629226,1.1296140185200272,1.1085724369239598,1.0889309712563373,1.110700740106425,1.106597467666834,1.101382237542802,-1.0891313846865163,-1.1151382573121378,-1.1007186102373079,1.0889993440206525,-1.096809993036573
266,-1.0936003247257213,1.152492910549006,1.098192652921937,1.0795562341635616,1.0902174582717448,1.1011527813024287,1.0943968607550956,-1.1188943801894664,-1.1058413502070574,-1.0957108650066958,1.0817264547884353,-1.0890157331704338
267,-1.0906909933239843,1.1312366349759826,1.091314482800115,1.0897315106035852,1.0907627702673433,1.1012168364361272,1.092264070643443,-1.1517655366151907,-1.1024755103763957,-1.0965548670118552,1.078466194098131,-1.0971445951015335
268,-1.0872742203986885,1.113225592314871,1.0809503310029145,1.0992958491207099,1.091103590264593,1.1006563540162622,1.0885463631093697,-1.1702261287625897,-1.0944203694224333,-1.0956144076346774,1.0732553500888415,-1.0995064920306665
269,-1.0811736456376821,1.1153349937076138,1.0785586036650987,1.0826741242528442,1.0685072244469669,1.0930498068895191,1.0885170127867323,-1.1111710712298377,-1.0864469236099918,-1.0905825480610607,1.0673200037039288,-1.0900785867885436
270,-1.0865525257874051,1.0736337507895446,1.0779020510625614,1.0937131405149003,1.0866388483006277,1.0894467056189565,1.0882626433238747,-1.0794301551396697,-1.0822151152792083,-1.0898028509705802,1.069159125118972,-1.0875789125385444
271,-1.092224594372962,1.031607984580285,1.078183430749363,1.1084177843143554,1.1015667641801452,1.087348899990318,1.0882822102056326,-1.050420653193757,-1.084388206043665,-1.0906388148614046,1.0703573405863487,-1.0833274980661052
272,-1.0965209326057594,0.9957481609036567,1.083498380388953,1.0994011832453485,1.0912740002632175,1.0881175615947045,1.0916672807498153,-1.0164192564324763,-1.0850581062041362,-1.092182132813696,1.071862076289566,-1.0784068794637445
273,-1.092224594372962,1.0238194255916953,1.0829356210153493,1.0975051690018651,1.084559846317407,1.0899911742553972,1.0898769110689328,-1.0403426768683917,-1.0843555279870565,-1.0913300926942018,1.0672921382279432,-1.074076735093667
274,-1.095472220123738,1.0577321095211758,1.0819195277018983,1.105299894225073,1.0957728242269076,1.0896228572366282,1.0872940826768396,-1.0767929276900412,-1.0813818248356948,-1.095156235117591,1.0607994823233202,-1.0769700588318551
275,-1.094299466380402,1.0845052810444504,1.0875314892331123,1.0956723552331649,1.0952275122313093,1.0914484285470467,1.091980350857948,-1.0533404407272744,-1.0862508552703416,-1.096723667412887,1.0652579584810011,-1.0755529206743752
276,-1.0928899065927389,1.0161931282487024,1.0823415972321009,1.0802514393861722,1.0896380642764214,1.092873655271847,1.088869216658381,-1.0051168530769252,-1.0782283923729876,-1.089915384571268,1.0593783430480597,-1.0726595969361874
277,-1.100084299748972,0.9553450111503525,1.0776363035805816,1.0946611476366408,1.119766552033256,1.0986226035213222,1.0858461334267266,-1.0024796256272968,-1.0828850154396799,-1.0899073464569333,1.0649793037211461,-1.0829141661035067
278,-1.0930928832021625,0.9405792014011528,1.073915838832869,1.079408766389068,1.1097123621144023,1.0925533796033526,1.0825197635278192,-0.9503001968025064,-1.0779669679201207,-1.0830106443576308,1.0587095716244073,-1.0721478526015418
279,-1.105914239030747,0.9603751221638166,1.0830919430635728,1.1073855098929033,1.1357850919039714,1.1061010403806675,1.0915498794592655,-0.997487730811929,-1.0918878200352848,-1.094014822882042,1.0744814310322035,-1.090098269262953
280,-1.1112029073540595,0.9472319288705734,1.0866091891485956,1.1191407982024968,1.1389206358786639,1.10970414165123,1.0943675104324582,-1.0253669924222855,-1.0938158253751784,-1.0974712120460282,1.0788284452859427,-1.093956034247204
281,-1.112138855053068,0.9491790686177204,1.0909393098843791,1.1055105624743478,1.1195961420346312,1.1078145152071133,1.0984961224834555,-1.0260262992846934,-1.0956784746018555,-1.0984840144522194,1.07593043578345,-1.0911020754578347
282,-1.1190287832951658,0.9506394234280799,1.0978956410303131,1.1195200010511936,1.131661169937255,1.114860579913991,1.1047575246461054,-1.0383647562811684,-1.1032761227633006,-1.1062407947853505,1.0842622131031163,-1.1001363312117687
283,-1.112871826142653,0.969624035962766,1.094362762740468,1.114569297193211,1.1249470159914443,1.1088714249131446,1.1007658807674163,-1.034408915106727,-1.0970672920077111,-1.103089853966089,1.075150202455856,-1.0940741290936604
284,-1.1026215073667658,0.9715711757099129,1.088875858847832,1.0906373840754717,1.096420382221681,1.095932287905969,1.0914031278460787,-1.0175494967680299,-1.0860547869306914,-1.0929537917898418,1.06464491800932,-1.0801389372117753
285,-1.1001745115753825,1.0058083829305837,1.0867967756064632,1.0944504793873648,1.0957046602274578,1.0966208805932323,1.091148758383221,-1.0209402177746958,-1.0858913966476496,-1.0914024357232155,1.071806345337595,-1.0793122732865787
286,-1.1007157825338452,0.9959104225492524,1.0801999851714426,1.102708674758979,1.1096101161152274,1.095467888186652,1.084887356220571,-1.0416612905932046,-1.0792577511561512,-1.089264297310145,1.0693820489268562,-1.080079889788547
287,-1.10498956781004,0.9778993798881409,1.0879222943536704,1.0952720855595408,1.112575250091296,1.1048519652735393,1.09400552311993,-1.0111448015332196,-1.0868063822326839,-1.0930100585901859,1.077741691722508,-1.0852760630326397
288,-1.1053616915939832,0.9764390250777812,1.0849678076422513,1.1020345363612967,1.1213684060203273,1.1046277723055933,1.0901801977361862,-1.04731249227098,-1.0856299721947826,-1.0930100585901859,1.0730045608049719,-1.0893897001842132
289,-1.106207427466581,0.9955858992580621,1.0905328725589982,1.101297197488831,1.1240949659983213,1.11088916162466,1.0957763259190545,-1.051079960056162,-1.092623076308973,-1.0969165821569233,1.0782711357662327,-1.092046834229488
290,-1.1056999859430223,0.9861747238135169,1.0947223034513813,1.0906163172505448,1.1137340380819438,1.1087433146457466,1.0968818547383974,-1.0435450244857956,-1.0937994863468743,-1.0981705279931602,1.0771565167268125,-1.0873624053200406
291,-1.1095678180003703,1.0171666981222758,1.0986772512714291,1.1048364240766655,1.1302638079485334,1.109367852199311,1.098026517321257,-1.077546421247076,-1.0990933315174296,-1.1024869953909753,1.0824509571640586,-1.0937198445542904
292,-1.111067589614444,0.9913670964725756,1.105102087453404,1.0849072076951682,1.1158471220648893,1.1096721140843806,1.0985939568922471,-1.062382363411713,-1.0990769924891253,-1.0985885099385726,1.0809740869368267,-1.089074780593662
293,-1.1154090337604465,1.05059259711497,1.110229450635126,1.0941976774882347,1.1233792440040982,1.1105528721727402,1.1032019575463223,-1.077546421247076,-1.1050570768484564,-1.1014581167561144,1.0862963928500584,-1.097518562115313
294,-1.1124433199672032,1.0931051482610168,1.107915884321422,1.086445085914882,1.1159152860643393,1.1020495531742132,1.0969894725880678,-1.068504498562637,-1.0970999700643194,-1.0979374226774494,1.0762369560192906,-1.095825869316101
295,-1.1019561951469887,1.0992710907936492,1.1037733500435065,1.0654625282870054,1.0955683322285579,1.0975817075987155,1.0940446568834465,-1.0202809109122881,-1.0908094441672087,-1.0898591177709243,1.069883627494595,-1.0828157537314596
296,-1.0879395326184658,1.08856182218434,1.0858901077267684,1.0498098773658084,1.0798224483556422,1.086820445137302,1.0804065402979246,-1.0257437392008042,-1.0728038349759987,-1.079763246166351,1.0573720287771031,-1.0746081619027221
297,-1.0746107352663221,1.092456101678635,1.0767452679057092,1.0395081999762181,1.0675188464549439,1.0757068794405449,1.0689501310284513,-1.0579555887641234,-1.0615135664178081,-1.0746108148777116,1.0544182883226392,-1.0699630979420938
298,-1.0703031205552234,1.1015427538319875,1.083217000702151,1.0436162308370975,1.0651331064741987,1.0803028352834398,1.0757202721168164,-1.0946883996696621,-1.066742055475147,-1.078846901132178,1.0657316715727547,-1.0763795845995718
299,-1.0627140506584445,1.075905413827883,1.0786523968940327,1.0473450588492812,1.0661555664659466,1.0771321061653452,1.0721493161959301,-1.1111710712298377,-1.0640951328898691,-1.0756718459699117,1.0709146501060591,-1.076694504190123
300,-1.0564443287229186,1.0419927298984026,1.0649116888552106,1.0494306745171116,1.0772322163765482,1.0653299477813247,1.0592156073537065,-1.1110768845352108,-1.054275376879055,-1.0685340004405641,1.064923572769175,-1.0733288010661084
301,-1.0604925844330872,1.0849920659812367,1.0699452588079985,1.0618601012243885,1.0687457984450415,1.0701661103755908,1.0705056981282346,-1.1084396570855823,-1.0713496614569264,-1.0760014086576408,1.0763484179232328,-1.0821071846527195
302,-1.0543469037588757,1.0762299371190747,1.0652399651564792,1.0580891395623508,1.0577713945336147,1.0606699368047308,1.0678543856499876,-1.1018465884615098,-1.070156912390721,-1.0743937857906705,1.063669626349827,-1.0708094443416998
303,-1.062364479831104,1.0374494038217257,1.0655995058673926,1.0683697501270129,1.0640765644827268,1.062495508115149,1.0658585637106428,-1.107026856666137,-1.0648467281918617,-1.0740079563025977,1.067570792987798,-1.072285629922408
304,-1.059116854080328,1.031607984580285,1.0675066348557163,1.0634822467438125,1.0623383824967547,1.0613745432754182,1.0655650604842686,-1.0918627988307743,-1.0667093774185386,-1.0710338539987028,1.066233250140494,-1.072954834052329
305,-1.0507948130939642,1.0290117982507552,1.0627700767945518,1.0421836867420224,1.0365383087049862,1.0504211154129084,1.058432932083375,-1.0501380931098678,-1.0578863021342795,-1.0599734086739476,1.0551706561742478,-1.059649481351546
306,-1.0653076406677449,1.0934296715522085,1.0695544536874406,1.0684540174267234,1.0612818405052828,1.0634883626874816,1.0675510989827341,-1.1081570970016932,-1.0700425391925916,-1.0694423073604022,1.0656759406207836,-1.076340219650753
307,-1.0770239016228016,1.1187424882651213,1.0795434325689053,1.0836010645496577,1.0832306483281346,1.0687088560839413,1.0717677620016435,-1.145266654685748,-1.0733757009666451,-1.0777617556969732,1.0701901477304359,-1.0820481372294912
308,-1.0843536125186504,1.0973239510465023,1.0827011379430147,1.075827406151378,1.0650649424747496,1.0725521641058746,1.076317062010444,-1.1450782812964913,-1.07097386380593,-1.0814994788626788,1.0721128655734358,-1.0785052918357918
309,-1.1046512734610008,1.0690904247128679,1.0903765505107754,1.1036777487056488,1.0788681523633443,1.0885659475305969,1.0933011153766319,-1.18388319948388,-1.0835875936567598,-1.0987412341109346,1.0891386714005802,-1.0946646033259437
310,-1.1000391938357668,1.0896976537035092,1.0831075752683952,1.1111986052047973,1.0986016302040764,1.0832493714335891,1.0881256751515664,-1.1954681629233177,-1.0812837906658699,-1.0962735330101354,1.086045603566189,-1.0983845909893284
311,-1.0936792600738303,1.0368003572393438,1.082138378569411,1.0855392124429966,1.078254676368296,1.0790697739597364,1.0857972162223313,-1.1576992983768553,-1.07327766679682,-1.0937013364229828,1.092287470186942,-1.0793319557609884
312,-1.0934311775512016,0.9533978714032056,1.0814192971475838,1.0937763409896826,1.0795497923578425,1.083921950337427,1.0831263368623256,-1.1676830880075908,-1.0695033512585537,-1.090357480859685,1.0908663309116813,-1.0755332381999658
313,-1.0909165228900104,0.9915293581181713,1.0832795295214404,1.1065007032459448,1.093659740243962,1.090871932343757,1.0835763751427663,-1.1900995213294312,-1.0751729940801054,-1.0895134788545255,1.0940708606500147,-1.091869691959803
314,-1.084928712912017,0.9762767634321855,1.0723213539409915,1.0820421195050172,1.066530468462921,1.0785733466735699,1.0799075848130884,-1.1453608413803775,-1.069339960975512,-1.0804947145708226,1.0862406618980873,-1.0880316094499618
315,-1.0813315163339003,1.0176534830590631,1.068663418012568,1.085454945143286,1.0635994164865772,1.0750983556704052,1.0764246798601145,-1.1672121545344425,-1.0715457297965767,-1.078356576157752,1.0762369560192906,-1.0807294114440587
316,-1.0883454858373127,1.0187893145782323,1.073056067567641,1.099085180871434,1.0706203084299124,1.0789096361254895,1.0763659792148395,-1.1737110364638852,-1.069715758626508,-1.081113649374606,1.0734782738967255,-1.0836227351822467
317,-1.083677023820572,1.0363135723025565,1.068038129819675,1.0829690598018307,1.0581122145308643,1.074249625148895,1.071161188667137,-1.1130548051224314,-1.0625265861726676,-1.0754387406542012,1.0686854120272182,-1.0773833907944534
318,-1.0775426196246616,1.0617886506610663,1.0644114583008961,1.0728780506615163,1.0482965986100852,1.0683085114983228,1.0675902327462508,-1.0850813568174424,-1.060320817351603,-1.0698602893058144,1.0647006489612911,-1.0686640546310706
319,-1.0732462813918642,1.09813525927448,1.0646615735780531,1.0680326809281713,1.0533748165690995,1.0601094543848653,1.0618864867137117,-1.0692579921196745,-1.0644055744276486,-1.067456893119694,1.0582358585326535,-1.0631529617964268
320,-1.0688935607675603,1.1229612910506066,1.066443644927798,1.0615862325003302,1.0527613405740512,1.0548088920712821,1.056133823476777,-1.0228239516672868,-1.0659251040599378,-1.0624089573174076,1.0561738133097263,-1.0544139431586343
321,-1.056568369984233,1.1450288748516089,1.0662716906747525,1.0386233933292597,1.034936454717914,1.0444479741954869,1.0495789180877528,-0.966971241751944,-1.0611704468234204,-1.049202335465247,1.051325220488248,-1.0448088956468267
322,-1.0508060895722655,1.1614173010567639,1.0640362853851606,1.05311736887944,1.058248542529764,1.0434070782728797,1.0451861531330187,-0.9757306043524938,-1.0651244916730327,-1.0454726504138763,1.054334691894683,-1.0470330152550935
323,-1.0398791820983002,1.1813754834650234,1.0552822506846593,1.05250643095654,1.0597481505176605,1.0353521452102448,1.03560816451234,-0.9792155120537894,-1.0565465018133364,-1.0361645140141185,1.048928789553495,-1.0452615925582438
324,-1.0323126651581243,1.142432688522079,1.0500141976595363,1.041488481519412,1.0574987385358159,1.027473363765281,1.0299826860068344,-0.9632037739667595,-1.0526087959920283,-1.028480076710001,1.0471732645664076,-1.0468361905109993
325,-1.0255355016990393,1.1240971225697758,1.0417291291037047,1.0424996891159362,1.0703135704323878,1.0215322501147093,1.0224396530890172,-0.9649933211647208,-1.0451745381136248,-1.021076973407603,1.0461143764789584,-1.0466984131901331
326,-1.0218931992077176,1.1166330868723786,1.0348353267770602,1.0534755049032087,1.0832988123275844,1.0198027615048395,1.0208840859892339,-0.9676305486143493,-1.0422661910754802,-1.018279709619075,1.0537773823749728,-1.0473872997944635
327,-1.0106054444281103,1.1138746388972542,1.0278789956311263,1.0334198875721459,1.0645196304791502,1.0111553184554891,1.014837919525925,-0.9390919801415849,-1.0313680591965901,-1.0084651720162219,1.046142241954944,-1.0360698770090342
328,-1.0136613700477644,1.1124142840868934,1.0294578483181809,1.0369591141599803,1.0711997024252358,1.0171444734563355,1.018888264049889,-0.9490757697723232,-1.0357469187821111,-1.0121546664959182,1.053080745475335,-1.0398685945700568
329,-1.0212053340313378,1.1023540620599663,1.0338036012587868,1.0528013665055265,1.0902174582717448,1.027425322415007,1.0255605707294628,-0.9812876193356398,-1.0438674158492902,-1.0207232963768698,1.0605486930394505,-1.049768879198006
330,-1.0233929708217913,1.098784305856863,1.0406661391757865,1.046523452677105,1.0840826983212577,1.0330141328302351,1.0310197307400233,-0.9698910292854616,-1.0486384121141117,-1.0241234187405115,1.0625828727863924,-1.0510482400346197
331,-1.0191755679371028,1.0978107359832894,1.0398845289346705,1.0403087393234671,1.074710148396903,1.0323095263595472,1.032868801066181,-0.9552920916178742,-1.048769124340545,-1.0226604819315688,1.059907787091784,-1.0450844502885588
332,-1.0210700162917221,1.0809355248413473,1.0365548693075157,1.0460599825286978,1.0776412003732467,1.0297473210115917,1.0306675268683743,-0.9782736451074926,-1.044831418519237,-1.0222826905578308,1.0589324954322914,-1.046914920408637
333,-1.0165368720145973,1.0909957468682743,1.03530429292173,1.0435530303623153,1.064758204477225,1.0286583837387109,1.0297380999848558,-0.9816643661141584,-1.042511276500043,-1.0197426464280177,1.0561180823577552,-1.0431949327452523
334,-1.0175855844966188,1.084180757753259,1.0397282068864475,1.0333145534475083,1.056714852542142,1.0308522720678976,1.033700393540908,-0.9636747074399079,-1.0460731846703548,-1.0220736995851247,1.0566753918774652,-1.040951130662576
335,-1.0190402501974871,1.0906712235770828,1.0386183203440624,1.0437847654365184,1.0652694344730984,1.032565746894343,1.034404801284206,-0.9911772222717457,-1.0477070875007732,-1.0248227346876437,1.0570933740172477,-1.0435688997590318
336,-1.019513862286142,1.0953768112993554,1.0359608455242673,1.0497677437159532,1.0650990244744736,1.032837981212563,1.0336123425729955,-0.9989005312313716,-1.047331289849777,-1.0268403013856913,1.0526627633355525,-1.0425847760385596
337,-1.0154317771410692,1.0846675426900452,1.0369456744280738,1.0369591141599803,1.0518070445817533,1.0306280790999514,1.0337688776270617,-0.974977110795459,-1.044651689207891,-1.0233115691926917,1.0506843145405815,-1.0382546316684822
338,-1.0246897658264413,1.0859656358548102,1.0405879781516754,1.0520850944579878,1.0673825184560441,1.0374979921891574,1.0379170565598175,-1.0013493852917432,-1.0482626144631155,-1.0309960064968096,1.0560902168817696,-1.0460095265858027
339,-1.0268661261385934,1.078501600157413,1.0384151016813723,1.0576256694139434,1.0678255844524687,1.0388111224299847,1.0379170565598175,-1.0175494967680299,-1.0484913608593742,-1.0338736514286861,1.0551149252222771,-1.0481352338220222
340,-1.0304520462384086,1.0939164564889945,1.0458716633816203,1.0563827267432162,1.062065726498956,1.045488870118094,1.0434642675382901,-1.0129343487311808,-1.0538669011714503,-1.0386482913435875,1.0607994823233202,-1.0516780792157219
341,-1.033045636247709,1.107059649782239,1.0481852296953242,1.0595216836574257,1.0679619124513675,1.0472503862948133,1.046037312489504,-1.0109564281439603,-1.0572654190587205,-1.0430772923420906,1.0615239846989435,-1.0534101369637527
342,-1.0392364228351259,1.0957013345905469,1.0484822415869484,1.0668318719072993,1.0779138563710464,1.0508374737819512,1.04471654797082,-1.0324309945195063,-1.0579679972758005,-1.0473937597399057,1.0564246025935957,-1.0612634442531204
343,-1.0413338477991687,1.0832071878796856,1.0532031674432905,1.064367053390771,1.0758348543878258,1.0559458706944373,1.0509388163699533,-1.0066238401909975,-1.0635886230124394,-1.0502392522144428,1.0658709989526824,-1.0591377370169004
344,-1.0363496443899916,1.0720111343335892,1.0444335005379668,1.0563405930933611,1.0787659063641695,1.0468340279257706,1.039629158713667,-1.0026679990165561,-1.0494063464444083,-1.0412446022737447,1.0523841085756975,-1.0545910854283194
345,-1.0436229728943338,1.0799619549677737,1.0477006313458324,1.0736153895339822,1.0959773162252575,1.053960161549772,1.0436697197967522,-1.0283809666504327,-1.058196743672059,-1.046839129850801,1.0590996882882042,-1.0658888257393393
346,-1.0415819303217975,1.0736337507895446,1.0469815499240056,1.0647251894145398,1.097204268215355,1.0493642057068766,1.0407151206512517,-1.010673868060071,-1.0559909748509941,-1.0423458239376193,1.0582915894846245,-1.0639205782983951
347,-1.0351994436032583,1.0957013345905469,1.0442615462849212,1.054908048998285,1.0886837682841235,1.0403644594221826,1.0324089793448612,-0.9916481557448941,-1.0498638392369255,-1.0340746042870574,1.0512973550122624,-1.0563821905995787
348,-1.0371841037842882,1.1154972553532094,1.0421355664290852,1.0639035832423647,1.0994536801971997,1.0382506400101192,1.030520775255187,-1.017266936684141,-1.0499782124350547,-1.0350874066932485,1.0538052478509583,-1.0626018525129624
349,-1.0390447227040036,1.1096558361117677,1.0425420037544655,1.0587000774852509,1.0926372802522142,1.036024724114083,1.0298457178345266,-1.0168901899056249,-1.048033868066857,-1.0347256915481804,1.0513530859642335,-1.0581536132964284
350,-1.040792576840706,1.1030031086423482,1.0445898225861898,1.051705891609292,1.0816969583405132,1.038538888111764,1.0309414632129903,-0.9997482114830387,-1.0455013186797086,-1.034468471889465,1.052857821667451,-1.0577009163850113
351,-1.0455963565970625,1.1026785853511567,1.0451369497549712,1.0611016955269947,1.0877294722918256,1.039387618633275,1.0329666354749723,-1.02480187225451,-1.0468574580289558,-1.038415186027877,1.0546969430824946,-1.0609485246625692
352,-1.0493514238713972,1.100569183958414,1.0498891400209576,1.0636297145183053,1.083741878324009,1.0443839190617878,1.0360875531154181,-1.0329019279926521,-1.050190619803009,-1.0427798821117011,1.0534151311871611,-1.0628380422058759
353,-1.057312617552119,1.1107916676309368,1.0647084701925202,1.0596270177820644,1.0703476524321127,1.0557056639430666,1.0485223064728058,-1.0077540805265537,-1.0615135664178081,-1.0506733103885249,1.0585981097204653,-1.0626412174617812
354,-1.0644731812734483,1.134806391179086,1.067741117928051,1.0616915666249676,1.068404978447792,1.0571789320181408,1.0504496443259965,-1.0327135546033954,-1.0638500474653063,-1.0560427707642055,1.051102296680364,-1.0602202731094197
355,-1.0715660861249696,1.119553796493099,1.0747287134836296,1.069591625972813,1.0665986324623709,1.061054267606924,1.059469976816564,-1.0447694515159813,-1.072640444692957,-1.0657367366520358,1.0578178763928712,-1.0640189906704423
356,-1.0793017502396653,1.1086822662381943,1.0813567683282947,1.0617337002748228,1.046592498623839,1.0677640428618826,1.0715623097431817,-1.038176382891909,-1.077280728731345,-1.0744580907053494,1.0690197977390448,-1.0681326278220156
357,-1.0851429659997418,1.087263729019575,1.078324120592764,1.0647673230643948,1.0396397706799538,1.073192715442863,1.0752311000728594,-1.0458055051569053,-1.0743560426648964,-1.0801731899974285,1.073283215564827,-1.0733681660149272
358,-1.09488584325207,1.06568293015536,1.075385266086167,1.0865293532145923,1.059441412520136,1.085555356246749,1.0816979544939713,-1.1102292042835435,-1.0750912989385843,-1.0925599241874342,1.0793300238536818,-1.0865554238692536
359,-1.0951000963397948,1.0170044364766813,1.0770735442069783,1.0875826944609717,1.0569193445404916,1.0911761942288265,1.0874799680535432,-1.1398980130918641,-1.0768068969105238,-1.0978088128480918,1.08089049050887,-1.0865947888180725
360,-1.0947279725558519,0.9864992471047084,1.0755572203392127,1.0915643243722855,1.0664623044634711,1.0896228572366282,1.0878419553660714,-1.1566632447359289,-1.0717744761928352,-1.0964182190681626,1.0802774500371888,-1.0833078155916955
361,-1.0988889930490335,0.9626467852021551,1.080700215725757,1.1114935407537827,1.0904219502700945,1.092809600138148,1.0901214970909112,-1.214117128459976,-1.0765944895425694,-1.1005417717219412,1.0855997559504207,-1.0918893744342124
362,-1.1035912845006781,0.9467451439337862,1.0830450464491057,1.1173290512587248,1.096352218222231,1.0947472679325396,1.0950230009713606,-1.2390766025368178,-1.0776565263823412,-1.1027844056213647,1.0928726451826378,-1.0963572961251558
363,-1.1001068527055746,0.9832540141927966,1.0815287225813401,1.102498006509704,1.0792771363600429,1.092473310686229,1.0941620581739964,-1.2193915833592328,-1.076578150514265,-1.0966272100408687,1.0918694880471593,-1.0914957249460235
364,-1.1001857880536838,1.0694149480040593,1.0849678076422513,1.1071748416436282,1.0938642322423118,1.0867403762201784,1.0901606308544278,-1.2167543559096046,-1.080744602731832,-1.095091930202912,1.0910892547195652,-1.0937788919775189
365,-1.0951564787313015,1.1138746388972542,1.0879848231729596,1.1001595889427414,1.0867410942998026,1.083009164682218,1.0864624902021127,-1.1772901308598078,-1.0825745739019006,-1.091169330407505,1.087717532125319,-1.0888779558495678
366,-1.094513719468127,1.0823958796517068,1.0909236776795568,1.089478708704455,1.0697682584367894,1.0851389978777064,1.089475789992888,-1.1424410538468628,-1.0842574938172314,-1.0925920766447736,1.0891386714005802,-1.0881693867708278
367,-1.0833500059498342,1.078988385094199,1.0826386091237252,1.081620783006465,1.065678418469798,1.07887760855864,1.0843786172948557,-1.1262409423705735,-1.0806955856469194,-1.0898430415422544,1.0818379166923773,-1.0888779558495678
368,-1.0818164049008565,1.0504303354693743,1.0802781461955544,1.0777444872197885,1.061145512506383,1.0757709345742439,1.083625292347162,-1.1216257943337218,-1.0806955856469194,-1.0899394989142726,1.0810019524128123,-1.0880512919243712
369,-1.0742273350040779,1.0582188944579631,1.079340213906215,1.057330733864957,1.0496939605988076,1.0756588380902707,1.0847797383709004,-1.0768871143846708,-1.0767578798256112,-1.085486383572765,1.0774351714866675,-1.0821465496015386
370,-1.0799783389377438,1.0478341491398444,1.0801843529666202,1.0587632779600331,1.0626792024940044,1.0846745981583894,1.0858363499858474,-1.0850813568174424,-1.0776728654106453,-1.0910809111498214,1.0851817738106382,-1.0850398733397264
371,-1.0816923636395424,1.053837830026882,1.0813880327379395,1.061333430601199,1.0715064404227606,1.0888702094156664,1.0844666682627682,-1.1110768845352108,-1.0780486630616417,-1.0903735570883546,1.0855161595224643,-1.0879331970779145
372,-1.085075307129934,1.0634112671170217,1.088000455377782,1.0524010968319013,1.0724266544153336,1.0918487731326647,1.0883213439691493,-1.08150226242152,-1.0774931360992994,-1.0897224698272316,1.0859620071382323,-1.0883465290405128
373,-1.0882891034458062,1.1060860799086643,1.0909705742940234,1.0558981897698807,1.0812198103443638,1.0931458895900676,1.0878028216025548,-1.0655847110291197,-1.0783917826560294,-1.0875843314141613,1.0830639976357395,-1.0853941578790964
374,-1.0974004979132612,1.116470825226783,1.0930809219450375,1.0703078980203506,1.1041569961592395,1.098974906756666,1.0871375476227734,-1.0709533526230062,-1.0817576224866912,-1.0884926383339995,1.0833983833475656,-1.090176999160591
375,-1.1033544784563507,1.1039766785159217,1.0995526547414793,1.0660523993849784,1.1013281901820706,1.1031545042305189,1.0910117902109129,-1.0410019837307967,-1.0886363534027523,-1.0880183895882432,1.08362130715545,-1.0914366775227953
376,-1.1097031357399858,1.0718488726879936,1.1103545082737047,1.0751111341038404,1.1070880481355831,1.1102165827208212,1.099503816894007,-1.0324309945195063,-1.097508445771924,-1.0923911237864021,1.0920924118550437,-1.0965147559204313
377,-1.1160968989368263,1.058867941040345,1.1117145100932468,1.0865082863896653,1.1201073720305048,1.1130510223869972,1.101303970015769,-1.0721777796531895,-1.1012337442252778,-1.0986287005102466,1.0941823225539564,-1.0993687147098004
378,-1.1142701094520149,1.0614641273698748,1.112933822069388,1.087056023837782,1.119698388033806,1.1150207177482379,1.102908454319948,-1.0834801830087406,-1.1033741569331257,-1.1034354928824877,1.0964394261087826,-1.1011598198810597
379,-1.1102331302201474,1.055622708128433,1.1150441697204017,1.0822738545792203,1.109132968119079,1.1148285523471415,1.1053249642170957,-1.0847987967335562,-1.1054328744994526,-1.1036685981981984,1.096968870152507,-1.0978925291290922
380,-1.1151045688463113,1.0340419092642181,1.1119958897800486,1.0969363647288202,1.123345162004373,1.1186238190188005,1.1075555887375397,-1.0963837601729938,-1.1076713213771257,-1.1084753905704392,1.0966623499166666,-1.1056080590975936
381,-1.1079665580815847,1.034853217492197,1.1025227736577206,1.0917960594464897,1.1150291540714914,1.1126506778013792,1.1003647596913713,-1.0788650349718916,-1.1020343566121829,-1.1031300445377632,1.088051917837145,-1.100156013686178
382,-1.1038731964582107,1.0264156119212253,1.1026009346818324,1.078818895291096,1.1055884401476868,1.1102966516379449,1.1023214478671994,-1.0396833700059838,-1.1011357100554526,-1.1002604377202214,1.0888042856887536,-1.095432219827912
383,-1.094254360467197,1.0306344147067106,1.092096093041231,1.0829479929769026,1.109882772113027,1.1026100355940782,1.093457650430698,-1.0361042756100587,-1.0928191446486233,-1.0928251819604842,1.081364203600624,-1.0896652548259453
384,-1.0956075378633536,1.0150572967295333,1.0841236685818458,1.0832007948760338,1.111723200098173,1.0986546310881717,1.0871277641818944,-1.0446752648213518,-1.0869697725157257,-1.0895697456548694,1.0773515750587108,-1.0881693867708278
385,-1.0994866463990027,1.0122988487544087,1.0917052879206728,1.0821263868047264,1.1114505441003732,1.1050441306746361,1.0967742368887268,-1.0097320011137743,-1.093505383837399,-1.0925438479587644,1.0838720964393191,-1.0882284341940562
386,-1.1013923712319236,0.98163139773684,1.0886257435706752,1.0865714868644476,1.1212661600211524,1.1052523098591573,1.0928412936553125,-1.0123692285634027,-1.0883422508932772,-1.0905905861753955,1.078912041713899,-1.087913514603505
387,-1.1052376503326686,0.9731937921658683,1.0866248213534175,1.0987270448476651,1.1355805999056217,1.1064213160491623,1.0916183635454197,-1.0284751533450625,-1.088946794940532,-1.0919007988119764,1.0782432702902471,-1.0919484218574407
388,-1.1099173888277107,0.9561563193783313,1.0932528761980826,1.1014235984383967,1.1344899759144238,1.1125706088842555,1.0991809633449952,-1.011992481784884,-1.0974430896587073,-1.0964584096398369,1.087327415461522,-1.0938576218751566
389,-1.1075154989495326,0.9634580934301328,1.0913770116194041,1.1006230590911485,1.1338764999193756,1.1108411202743855,1.0979384663533445,-1.0003133316508168,-1.0969855968661901,-1.094022860996377,1.0874667428414497,-1.0911808053554726
390,-1.1126350200983253,0.9540469179855876,1.0905328725589982,1.1119359440772618,1.1414086218585842,1.1103126654213697,1.0957078418329005,-1.0281925932611733,-1.0932602984128361,-1.0963860666108232,1.086993029749696,-1.095215712609408
391,-1.109297182521139,0.9626467852021551,1.0891728707394566,1.1020345363612967,1.1339787459185504,1.1080547219584838,1.0942305422601504,-1.019998350828399,-1.0914793443276802,-1.0936772220799784,1.0831197285877106,-1.0914760424716141
392,-1.1036927728053898,0.9486922836809331,1.089876319956461,1.0915643243722855,1.1258331479842925,1.106997812252452,1.0944066441959748,-0.9903295420200812,-1.0899924927519995,-1.0904378620030333,1.0819772440723048,-1.0854532053023247
393,-1.1041663848940446,0.9540469179855876,1.0839048177143336,1.100096388467959,1.1330585319259774,1.1029463250459972,1.0894366562293714,-1.0147238959291422,-1.085123462317353,-1.0895295550831952,1.0744535655562184,-1.0857484424184665
394,-1.1053391386373805,0.9579411974798825,1.0838891855095112,1.1011918633641935,1.1340809919177253,1.1045477033884696,1.0911878921467375,-1.00879013416748,-1.0869370944591172,-1.0905905861753955,1.0798873333733918,-1.0876182774873635
395,-1.0957766850378732,0.9597260755814336,1.0803406750148437,1.0790084967154439,1.1099509361124769,1.0971333216628234,1.086540757729146,-0.9781794584128629,-1.081839317628212,-1.0823675952108427,1.070524533442262,-1.076694504190123
396,-1.103027460585613,0.9469074055793819,1.0835296447985978,1.0961990258563545,1.1304001359474323,1.1040192485354539,1.0903073824676148,-0.9992772780098903,-1.088701709515969,-1.0895295550831952,1.0795529476615657,-1.088622083682245
397,-1.1044257438949747,0.9697862976083607,1.0855149348110327,1.0981371737496932,1.1290368559584358,1.1059729301132701,1.0923912553748718,-1.0023854389326672,-1.0913159540446384,-1.09195706561232,1.083426248823551,-1.090354141430276
398,-1.0953030729492184,0.9882841252062595,1.083357690545552,1.0772178165965989,1.10623599814246,1.0996314718770799,1.0899845289186032,-0.9792155120537894,-1.0867737041760754,-1.086402728606938,1.07648774530316,-1.0832684506428767
399,-1.0897437691466745,1.0084045692601138,1.0774174527130693,1.0751532677536957,1.0984653022051767,1.0944910473977443,1.0835078910566123,-0.9957923703085974,-1.0802380928544022,-1.0832919783593506,1.070078685826494,-1.0800208423653188
400,-1.097975598306628,1.000616010271525,1.082576080304436,1.090237114401848,1.116256106061588,1.1004161472648912,1.0893388218205802,-1.038741503059687,-1.0879337751856726,-1.092029408641334,1.0772679786307542,-1.090354141430276
401,-1.090454187279657,1.0084045692601138,1.0858119467026568,1.078839962116023,1.1002716481905976,1.0985905759544727,1.0881354585924456,-1.0313949408785799,-1.0846332914682275,-1.0879299703305598,1.0750666060278993,-1.0836424176566561
402,-1.0951113728180961,1.0142459885015556,1.0915489658724495,1.0833482626505264,1.1033049461661164,1.1019854980405142,1.0917357648359696,-1.0537171875057905,-1.0888977778556195,-1.0923187807573886,1.0762648214952761,-1.0881103393475995
403,-1.1057338153779261,1.0066196911585625,1.0975986291386886,1.0943662120876556,1.1132568900857953,1.1084710803275266,1.096020911941033,-1.087718584267071,-1.0937504692619617,-1.1010803253823762,1.0813084726486528,-1.0961604713810613
404,-1.10524892681097,1.0230081173637176,1.1042892128026431,1.0845069380215444,1.1068153921377835,1.1102325965042459,1.098183052375323,-1.0754743139652256,-1.0951392866678173,-1.1013214688124218,1.085404697618522,-1.0973217373712185
405,-1.0990581402235533,1.0437776079999548,1.1045393280798002,1.0766279454986272,1.0982267282071019,1.107302074137522,1.0976156128043328,-1.0681277517841183,-1.0926394153372774,-1.0987894627969437,1.0845687333389569,-1.0898817620444494
406,-1.107639540210847,1.0713620877512062,1.1063682960440122,1.0897104437786582,1.1184714360437085,1.1116578232290464,1.0973808102232334,-1.0989268009279924,-1.0970509529794068,-1.1029933965940708,1.0937364749381886,-1.0977350693338168
407,-1.107312522340109,1.0832071878796856,1.1084317470805587,1.0812837138076232,1.115335892069015,1.1098162381352032,1.098388504633785,-1.0647370307774526,-1.0978025482813991,-1.0994968168584107,1.0929005106586234,-1.095392854879093
408,-1.0991370755716623,1.074120535726332,1.1013347260912243,1.0635454472185948,1.097272432214804,1.1024979391101049,1.0964318164579567,-1.0253669924222855,-1.0913649711295508,-1.0894974026258557,1.0843736750070585,-1.0864963764460251
409,-1.1045948910694945,1.0929428866154212,1.1009908175851326,1.0748161985548539,1.1140748580791935,1.1055725855276521,1.0943381601098208,-1.047877612438758,-1.090564358742646,-1.0904780525747078,1.0855997559504207,-1.094408731158621
410,-1.1032417136733377,1.1141991621884446,1.0962073629095017,1.0706239003942641,1.1104280841086265,1.1008645332007834,1.091138974942342,-1.0557892947876435,-1.0869044164025088,-1.0888784678220722,1.0823952262120875,-1.0911808053554726
411,-1.089382921841033,1.1223122444682248,1.0892666639683901,1.048103464546674,1.083673714324559,1.0905036153249879,1.0861787704166175,-1.0260262992846934,-1.0761696748066607,-1.081812965321738,1.0756796464995804,-1.0763992670739813
412,-1.076110506880396,1.1185802266195255,1.0789025121711897,1.0466709204515978,1.0852755683116302,1.0799665458315209,1.074096220930879,-1.0535288141165338,-1.0663825968524547,-1.0749001869937662,1.0681838334594795,-1.0728564216802818
413,-1.0722652277796505,1.0838562344620675,1.077401820508247,1.045912514754205,1.0846961743163068,1.0785092915398709,1.0725504372719747,-1.0866825306261472,-1.0658107308618086,-1.076692686490438,1.0699672239225517,-1.0768125990365796
414,-1.0621163973084753,1.0275514434403945,1.070648708025003,1.0333145534475083,1.0574987385358159,1.0729685224749173,1.0687642456517474,-1.0629474835794912,-1.060320817351603,-1.0718055129748485,1.0634745680179287,-1.0708291268161092
415,-1.0570307055945865,1.0371248805305353,1.0685383603739893,1.0420362189675287,1.0571579185385664,1.0662107058696844,1.0692827680183419,-1.0786766615826322,-1.0630821131350099,-1.0715804457734728,1.0645613215813634,-1.0704748422767394
416,-1.0686567547232326,1.0544868766092639,1.0736031947364224,1.0678852131536785,1.0670416984587945,1.073673128945605,1.076180093838136,-1.0894139447704052,-1.0754180795046682,-1.080751934229538,1.0799430643253627,-1.0811230609322475
417,-1.0679576130685517,1.096837166109716,1.0776206713757592,1.0620075689988813,1.0527272585743264,1.0701340828087413,1.0789585910478119,-1.084516236649667,-1.0781957143163792,-1.0811216874889409,1.0778531536264502,-1.075356095930281
418,-1.0722652277796505,1.104463463452709,1.080794008954691,1.0692545567739713,1.0608728565085832,1.0710308546805256,1.079516247177923,-1.0917686121361445,-1.0794374804674973,-1.0816763173780455,1.0798037369454354,-1.0778754526546894
419,-1.086293166786475,1.1112784525677242,1.084530105907226,1.0916275248470688,1.0816969583405132,1.0763634445609582,1.0794673299735271,-1.146114334937415,-1.0798786342317104,-1.0851568208850362,1.081364203600624,-1.0829535310523255
420,-1.0895069631023473,1.09813525927448,1.0867811434016408,1.0960515580818617,1.0844576003182322,1.0777886712857587,1.0804163237388038,-1.1656109807257404,-1.0791270389297176,-1.086611719579644,1.0782711357662327,-1.0849808259164981
421,-1.0854925368270825,1.0976484743376937,1.0818101022681423,1.086255484490534,1.072085834418084,1.0749222040527335,1.0793597121238565,-1.1610900193835185,-1.0725750885797403,-1.0820219562944442,1.0764041488752034,-1.0773440258456346
422,-1.0964983796491568,1.0264156119212253,1.0850616008711853,1.114548230368283,1.1010214521845458,1.0889983196830644,1.0880669745062916,-1.2192973966646032,-1.0775748312408204,-1.0943765380271107,1.088051917837145,-1.094546508479487
423,-1.0996670700518236,0.9968839924228259,1.0892822961732125,1.1180874569561177,1.1082809181259559,1.094907405766787,1.0920194846214646,-1.22683233223497,-1.0799276513166227,-1.0989100345119664,1.0907827344837246,-1.0967903105621635
424,-1.088029744444876,0.9663788030508542,1.0810597564366704,1.0959040903073691,1.0760052643864506,1.0871086932389469,1.084045980304965,-1.1943379225877642,-1.071137254088972,-1.0904378620030333,1.0765992072071022,-1.081811947536578
425,-1.0955398789935458,0.9967217307772313,1.0807627445450463,1.1059740326227552,1.0832647303278595,1.09386650984418,1.089612758165196,-1.1847308797355447,-1.0786858851655046,-1.098339328394192,1.0835934416794644,-1.0891928754401188
426,-1.0983702750471735,1.0106762322984522,1.0772454984600235,1.1023716055601385,1.0761756743850754,1.09444300604747,1.0887615988087107,-1.170697062235738,-1.0778035776370787,-1.0998263795461396,1.0882469761690439,-1.0918893744342124
427,-1.0901158929306176,1.0431285614175718,1.0731342285917527,1.0746897976052883,1.0443090046422687,1.0850749427440074,1.0822653940649616,-1.1095698974211359,-1.0720849177306149,-1.091756112753949,1.0768499964909717,-1.081103378457838
428,-1.0860450842638463,1.0663319767377433,1.072477675989215,1.0713612392667298,1.043082052652172,1.078285098571925,1.0769725525493463,-1.0730254599048565,-1.0705490490700214,-1.0857677175744849,1.071471959625769,-1.077757357808233
429,-1.0837785121252839,1.0856411125636198,1.073493769302666,1.0705185662696266,1.0442408406428196,1.0721518195202564,1.073323329101427,-1.056354414955419,-1.0721502738438315,-1.0811538399462803,1.0722800584293486,-1.0733878484893367
430,-1.0825606524687428,1.1080332196558123,1.0828887244008822,1.0643038529159887,1.043934102645295,1.0726802743732724,1.074242972544066,-1.034126355022838,-1.0784081216843338,-1.0798034367380254,1.0757911084035225,-1.071084998983432
431,-1.0785575026717793,1.1226367677594162,1.0829356210153493,1.0662209339843993,1.0508186665897303,1.070918758196553,1.0705839656552676,-1.0308298207108018,-1.07878391933533,-1.0756879221985816,1.0703016096343776,-1.0685262773102044
432,-1.0795949386754993,1.128478187000858,1.0761512441224612,1.0835378640748756,1.0749487223949776,1.071319102782171,1.062727862629318,-1.0537171875057905,-1.0754344185329723,-1.071950199032876,1.0681281025075084,-1.0732107062196519
433,-1.0663338001931637,1.1193915348475043,1.069773304554953,1.0694862918481745,1.070995210426886,1.064321079425567,1.0550380780983133,-1.0160425096539576,-1.0700915562775042,-1.0595956173002095,1.065648075144798,-1.067561836064142
434,-1.0572224057257087,1.1103048826941508,1.060925476625518,1.0592478149333675,1.0736195244057052,1.0535438031807292,1.044012140227522,-1.0021970655434078,-1.0601247490119525,-1.0493630977519441,1.0584866478165234,-1.0629955020011512
435,-1.0573915529002282,1.119716058138695,1.0583305306250124,1.0727727165368777,1.0966930382194806,1.0544726026193632,1.0418402163523528,-1.0201867242176583,-1.0611050907102035,-1.0479323134003407,1.0652300930050156,-1.0688215144263462
436,-1.0476937815611052,1.11144071421332,1.0507645434910078,1.0640931846667125,1.096488546221131,1.0486435854527643,1.0364201901053087,-1.0077540805265537,-1.0548635818980057,-1.0409230777003504,1.06216489064661,-1.0639599432472138
437,-1.037466015741821,1.1010559688952013,1.0477318957554769,1.05250643095654,1.0840826983212577,1.0421580031657514,1.0335047247233249,-0.9732817502921248,-1.0530009326713288,-1.0332868690822419,1.0581801275806828,-1.0560672710090275
438,-1.03650751508621,1.1106294059853412,1.0399783221636045,1.0553925859716193,1.0942391342392863,1.037289813004636,1.0268911186890262,-1.0022912522380374,-1.044994808802279,-1.0311005019831625,1.0481764217018859,-1.0551815596606027
439,-1.0353685907777779,1.1077086963646208,1.04082246122401,1.0566565954672746,1.0941709702398363,1.038923218913958,1.028299934175622,-0.9971109840334103,-1.0472659337365604,-1.0318239322732992,1.0465602240947267,-1.0542958483121778
440,-1.0250393366537818,1.1085200045925985,1.0365079726930488,1.035484436415049,1.074812394396078,1.0333824498490036,1.0216667612595651,-0.9770492180773094,-1.0419067324527882,-1.0247423535442952,1.0387021598668138,-1.0433130275917089
441,-1.0242274302160879,1.097486212692098,1.033334635114117,1.0452383763565227,1.082719418332261,1.0317170163728326,1.021334124269674,-0.9914597823556347,-1.0421028007924384,-1.0250638781176893,1.0335191813335096,-1.0457536544184798
442,-1.0259414549178862,1.0982975209200756,1.033725440234675,1.0515162901849429,1.0853778143108053,1.034503414688734,1.0227233728745122,-0.9906121021039702,-1.0428543960944308,-1.0281263996792673,1.0375875408273936,-1.0486863431054867
443,-1.0249829542622753,1.117768918391548,1.037867974512591,1.0420362189675287,1.0681323224499923,1.0366492616676473,1.027928163422215,-0.9708328962317557,-1.0460568456420507,-1.0278531037918825,1.0439130038761038,-1.0481352338220222
444,-1.0283546212743657,1.1219877211770333,1.0415884392603039,1.049957345140301,1.0750509683941525,1.0391634256653284,1.0324089793448612,-0.9735643103760139,-1.0485240389159827,-1.0324428670770827,1.0448046991076396,-1.0521110936527296
445,-1.0290199334941428,1.122149982822629,1.0383682050669054,1.052337896357119,1.0748805583955279,1.037594074889706,1.0290826094459535,-0.9850550871208243,-1.045452301594796,-1.0311165782118321,1.0453062776753788,-1.0521898235503673
446,-1.0277682444026979,1.1141991621884446,1.0392748729466001,1.0462495839530468,1.062985940491529,1.036425068699701,1.0319393741826626,-0.9618851602419466,-1.0476090533309483,-1.0300796614626364,1.0482042871778712,-1.0499657039421004
447,-1.0283771742309684,1.1213386745946512,1.0372426863196977,1.0463338512527571,1.0597822325173856,1.0365051376168246,1.0326633488077188,-0.9526548641682457,-1.0470208483119976,-1.0301278901486453,1.0495696955011613,-1.0501034812629666
448,-1.0314894822421288,1.1028408469967526,1.0314744027402607,1.0547816480487193,1.072085834418084,1.0329500776965361,1.0279770806266106,-0.9723398833458307,-1.0422825301037844,-1.0290025541417664,1.0464487621907845,-1.0514222070483992
449,-1.0252761426981092,1.0994333524392448,1.0292077330410239,1.045280510006377,1.0604979545116087,1.0315248509717359,1.029033692241558,-0.9546327847554664,-1.0436876865379443,-1.0241957617695252,1.0485386728896977,-1.0484698358869828
450,-1.0145747647901702,1.0699017329408467,1.0194376050270715,1.032261212201129,1.04860333660761,1.0175608318253784,1.0147400851171333,-0.9519013706112084,-1.0289008659226584,-1.0132237357024534,1.0312063468267125,-1.0353219429814755
451,-1.0170555900164573,1.0919693167418476,1.0190155354968686,1.0441639682852153,1.0673825184560441,1.0202191198738821,1.0158553973773554,-0.9718689498726822,-1.0304203955549476,-1.0151207306854784,1.0335749122854807,-1.0404393863279304
452,-1.0136613700477644,1.0587056793947502,1.0150449554719985,1.0402034051988285,1.0677233384532936,1.0159114121326316,1.0086645683311872,-0.9859027673724888,-1.0244239721673123,-1.0100969092261964,1.0273330456647272,-1.0366209862924987
453,-1.0125224457393325,1.0760676754734788,1.0218605967745318,1.032830016474174,1.0632926784890526,1.0196746512374415,1.0148574864076831,-0.9615084134634279,-1.0289172049509625,-1.0105952723149572,1.035079647988698,-1.034987340916515
454,-1.0209798044653118,1.0666565000289336,1.0209382966900147,1.0466498536266708,1.0792430543603189,1.0208596712108708,1.0111789126371262,-0.9890109282952657,-1.0274140143469774,-1.0118572562655288,1.0379497920152052,-1.0398685945700568
455,-1.0257384783084629,1.089859915349105,1.022642207015648,1.0482298654962396,1.0743693283996543,1.0230535595400578,1.0132334352217458,-0.9893876750737843,-1.0288518488377458,-1.014550024567704,1.0409313979456543,-1.0382939966173013
456,-1.0274976089234664,1.0888863454755315,1.030614631475033,1.0347892311924385,1.0563058685454434,1.021900567133478,1.0177436014670296,-0.9529374242521348,-1.032691520489229,-1.0165836674944213,1.0454734705312916,-1.0343771842098222
457,-1.0350415729070401,1.1052747716806866,1.0406974035854313,1.0418044838933256,1.0622020544978559,1.0292348799420006,1.0225277040569294,-0.9557630250910226,-1.039913370999678,-1.0247905822303043,1.0508236419205093,-1.040281926532655
458,-1.0482914349110743,1.1270178321904973,1.0540160420940512,1.0575835357640881,1.0716086864219354,1.0426063891016437,1.0322133105272784,-0.9728108168189764,-1.0536381547751918,-1.0382061950551709,1.0626943346903346,-1.049591736928321
459,-1.0514601253137414,1.1596324229552128,1.060143866384402,1.0411935459704256,1.0415824446642747,1.0423181409999989,1.0400009294670742,-0.9429536346213993,-1.055549821086781,-1.0433425501151405,1.0594619394760159,-1.04504508533974
460,-1.0664691179327794,1.1743982327044125,1.0695544536874406,1.0483984000956605,1.0436273646477703,1.0510136253996227,1.0508116316385245,-0.9609432932956498,-1.0651408307013368,-1.0562196092795724,1.0588767644803203,-1.052485060666509
461,-1.0797753623283202,1.1752095409323902,1.0731654930013974,1.0656099960614993,1.052045618579827,1.0606058816710318,1.0613777477879964,-1.0068122135802569,-1.074339703636592,-1.0683250094678578,1.0624435454064651,-1.0582717081428852
462,-1.0861240196119555,1.1729378778940518,1.073743884579823,1.0567829964168403,1.0347660447192901,1.0639847899736479,1.067609799628009,-1.0053994131608144,-1.0720359006457023,-1.0720868469765683,1.0650907656250883,-1.0594920215562704
463,-1.088435697663723,1.1732624011852433,1.0685539925788117,1.0572675333901747,1.0287676127677028,1.0674117396265383,1.070603532537026,-1.0293228335967295,-1.0695523683434665,-1.0738230796728963,1.062610738262378,-1.0594526566074516
464,-1.098347722090571,1.1229612910506066,1.067115829735158,1.0811994465079129,1.0460812686279657,1.0773723129167159,1.0751723994275846,-1.094405839585773,-1.0704510149001965,-1.0836778078474234,1.0650629001491028,-1.0696678608259522
465,-1.1017644950158667,1.0853165892724281,1.0749631965559643,1.0900053793276447,1.051159486586979,1.086580238385931,1.0822653940649616,-1.12209672780687,-1.0748135354574133,-1.0881550375319355,1.0723915203332908,-1.0746672093259504
466,-1.0937694719002409,1.0231703790093134,1.0794027427255042,1.0847176062708204,1.059407330520411,1.0852831219285286,1.0818544895480375,-1.1156920325720598,-1.072656783721261,-1.0853577737434075,1.0718342108135805,-1.0738405454007538
467,-1.100896206186666,0.987959601915068,1.0855930958351443,1.1052366937502895,1.0810494003457398,1.0933700825580135,1.0868440443963991,-1.1646691137794438,-1.0783264265428127,-1.0937736794519965,1.082367360736102,-1.0843706692098054
468,-1.0952579670360132,0.9425263411483008,1.081044124231848,1.1098503284094317,1.0903197042709196,1.0932259585071908,1.0838503114873823,-1.1855785599872117,-1.0747155012875882,-1.0902369091446622,1.0857669488063335,-1.0824024217688613
469,-1.087883150226959,0.9438244343130658,1.0832951617262627,1.0939870092389585,1.0830261563297858,1.0895588021029297,1.0837231267559533,-1.1570399915144476,-1.0719705445324854,-1.0863866523782684,1.091451505907377,-1.0780525949243744
470,-1.088548462446736,0.9704353441907437,1.0860933263894588,1.1026244074592686,1.0917170662596412,1.0895748158863545,1.0843786172948557,-1.166741221061294,-1.0777218824955581,-1.0896260124552135,1.0955477308772463,-1.0832094032196484
471,-1.0916607704578967,1.0090536158424968,1.0853586127628092,1.101528932563034,1.0888882602824723,1.0886940577979947,1.0833807063251835,-1.1675889013129612,-1.077901611806904,-1.0899555751429422,1.0916465642392754,-1.0845084465306716
472,-1.0808579042452455,1.0155440816663204,1.0778551544480943,1.0777866208696438,1.0670076164590696,1.0761712791598619,1.0757789727620914,-1.1345293714979774,-1.0666440213053219,-1.0816441649207065,1.0751223369798704,-1.071084998983432
473,-1.0855376427402874,1.0210609776165707,1.0820289531356546,1.0874773603363341,1.080095104353442,1.0828169992811216,1.0831263368623256,-1.1445131611287132,-1.0739312279289877,-1.0890151157657646,1.0820329750242759,-1.0814379805227985
474,-1.0763924188379286,1.0092158774880915,1.0747756100980965,1.08707709066271,1.0805381703498655,1.0778527264194575,1.0778237119058316,-1.1381084658939,-1.0738658718157708,-1.0869412822673732,1.080388911941131,-1.081103378457838
475,-1.070765456165577,1.0114875405264299,1.0779489476770279,1.0787135611664573,1.0714723584230355,1.0798224217806986,1.0846134198759552,-1.1135257385955797,-1.0795355146373224,-1.0871824256974187,1.085794814282319,-1.0813986155739796
476,-1.068487607548713,0.9963972074860398,1.0727277912663724,1.0715508406910788,1.0678937484519184,1.0738492805632769,1.079584731264077,-1.1176699531592804,-1.0739965840422043,-1.0847870676256333,1.077128651250827,-1.0788005289519331
477,-1.0760428480105881,1.0119743254632172,1.0762763017610395,1.0787346279913856,1.0794475463586677,1.0857635354312702,1.0853569613827698,-1.1285956097363128,-1.0815778931753453,-1.0916596553819309,1.0874946083174353,-1.086043679534608
478,-1.0698520614231712,0.9890954334342372,1.0763544627851511,1.0620707694736646,1.0732446224087315,1.084578515457841,1.0847112542847466,-1.1053314961628053,-1.0773134067879533,-1.0866599482656534,1.0839835583432613,-1.0829141661035067
479,-1.0738777641767374,1.01002718571607,1.0797310190267728,1.0588475452597435,1.070279488432663,1.0879574237604572,1.0853667448236488,-1.09968029448503,-1.0751893331084095,-1.0867885580950112,1.0855440249984498,-1.084843048595632
480,-1.0841844653441308,1.0465360559750794,1.0838735533046888,1.065757463835992,1.0914444102618424,1.0935942755259598,1.0851515091243078,-1.1167280862129836,-1.0739475669572918,-1.0895777837692042,1.0825624190680008,-1.090629696072008
481,-1.0840717005611178,1.097486212692098,1.0855774636303221,1.0606171585536601,1.0910013442654178,1.091672621514993,1.0853667448236488,-1.0821615692839277,-1.0771500165049117,-1.085389926200747,1.0809740869368267,-1.0870474857294896
482,-1.0906346109324778,1.1107916676309368,1.0911581607518914,1.0539389750516162,1.085650470308605,1.0938825236276046,1.0879984904201379,-1.0392124365328355,-1.0798296171467978,-1.0852854307143938,1.0795250821855802,-1.0820284547550818
483,-1.0957766850378732,1.123285814341798,1.0873751671848892,1.0612702301264154,1.1002034841911477,1.0925213520365031,1.0831752540667214,-1.0612521230761596,-1.0784244607126379,-1.083766227105107,1.0702180132064212,-1.0802373495838227
484,-1.100851100273461,1.1010559688952013,1.0941595440777776,1.0691070889994787,1.1135977100830439,1.0992151135080372,1.0879202228931046,-1.0586148956265313,-1.0869044164025088,-1.0864670335216169,1.0810855488407685,-1.0878151022314577
485,-1.0937920248568433,1.0806110015501555,1.0960197764516342,1.0552451181971254,1.0947844462348848,1.0994873478262572,1.087597369344093,-1.023106511751176,-1.0859077356759537,-1.0823997476681821,1.0802774500371888,-1.0826386114617745
486,-1.0952241376011091,1.0648716219273826,1.1023664516094973,1.076986081522396,1.1236859820016227,1.106533412533135,1.0884289618188199,-1.061440496465419,-1.090825783195513,-1.0866921007229928,1.0865193166579423,-1.0917515971133462
487,-1.097242627217043,1.0530265217989043,1.1042266839833539,1.0883200333334373,1.1322746459323032,1.1089514938302683,1.0890355351533267,-1.0811255156430013,-1.095466067233901,-1.0887659342213845,1.0919809499511015,-1.0942512713633454
488,-1.092968841940848,1.0447511778735283,1.100412426006707,1.0829690598018307,1.1150291540714914,1.0979500246174843,1.0883409108509077,-1.0560718548715324,-1.0947961670734296,-1.0871824256974187,1.078466194098131,-1.0825008341409086
489,-1.1048542500704244,1.0901844386402966,1.1025540380673653,1.0945136798621482,1.1168014180571875,1.098414424336801,1.0977525809766409,-1.06115793638153,-1.105253145188107,-1.100501581150267,1.0857669488063335,-1.0893109702865755
490,-1.1053165856807778,1.0908334852226784,1.1056648468270078,1.090068579802427,1.1025210601724431,1.0981582038020052,1.1047673080869846,-1.077546421247076,-1.1074262359525633,-1.1057665460395945,1.0891665368765653,-1.0924798486664955
491,-1.0988100577009245,1.1529796954857934,1.1020225431034063,1.0852864105438653,1.0878658002907244,1.097645762732414,1.1037889639990703,-1.1020349618507692,-1.106364199112791,-1.1040865801436106,1.0816149928844934,-1.0937001620798812
492,-1.1053391386373805,1.1894885657448027,1.102257026175741,1.1025401401595591,1.1039184221611646,1.104403579337647,1.1035639448588503,-1.1582644185446307,-1.110007802424624,-1.1105090334971566,1.0842900785791019,-1.1038760013495628
493,-1.1043806379817696,1.2144768591665251,1.1049301332003583,1.096704629654617,1.1010214521845458,1.1124905399671319,1.1066261618540214,-1.168530768259258,-1.1139128301893237,-1.111465569103004,1.0921760082830003,-1.105982026111373
494,-1.0992047344414702,1.169530383336544,1.1013347260912243,1.0868453555885058,1.0958409882263576,1.10915967301479,1.1000810399058762,-1.1501643628064886,-1.1105796684152704,-1.1029612441367314,1.0862127964221018,-1.0995852219283042
495,-1.1022832130177267,1.165798365487845,1.1012878294767572,1.0883832338082207,1.0995559261963745,1.1010406848184555,1.0959915616183955,-1.1207781140820572,-1.1089784436414605,-1.1014822310991188,1.0792464274257252,-1.0935230198101962
496,-1.1111126955276491,1.1289649719376442,1.1108391066231968,1.0925965987937376,1.1122685120937723,1.10366694530011,1.1014898553924726,-1.0859290370691097,-1.1134063203118942,-1.108386971312756,1.0861291999941451,-1.0922239764991728
497,-1.105914239030747,1.1034898935791355,1.105399099345028,1.0819157185554515,1.1082127541265059,1.1013929880537994,1.1009224158214823,-1.059650949267455,-1.1078020336035592,-1.1030175109370755,1.0881912452170728,-1.0887795434775205
498,-1.1128379967077489,1.0776902919294353,1.1037264534290394,1.0960304912569347,1.1275031659708135,1.107846542773962,1.1011963521660983,-1.0958186400052157,-1.1083738995942058,-1.107036568104501,1.0933184927984059,-1.1041909209401137
499,-1.1152624395425297,1.0627622205346399,1.1065871469115245,1.0950614173102649,1.1267192799771404,1.1105208446058907,1.1016170401239012,-1.073213833294116,-1.111069839264396,-1.105782622268264,1.0990866463274056,-1.1055686941487746
500,-1.10498956781004,1.0452379628103146,1.1052271450919826,1.0747319312551435,1.10630416214191,1.1007844642836597,1.0962067973177365,-1.0383647562811684,-1.102263103008441,-1.0966593624982082,1.0923710666148987,-1.0911808053554726
501,-1.1073350752967117,1.0697394712952508,1.1069154232127936,1.0841698688227026,1.1141089400789184,1.1016492085885947,1.0965492177485066,-1.046182251935424,-1.1023611371782662,-1.0996897316024472,1.091395774955406,-1.0935230198101962
502,-1.1107518482220073,1.0648716219273826,1.1062901350199004,1.088867770781555,1.1232088340054733,1.1024498977598312,1.0935065676350937,-1.0911093052737368,-1.0978515653663117,-1.0975355169607068,1.0915908332873043,-1.0951566651861797
503,-1.1082146406042135,1.0945655030713777,1.1149972731059345,1.0814101147571888,1.1038843401614398,1.1040833036691526,1.1035345945362127,-1.0669033247539326,-1.1052368061598028,-1.100228285262882,1.0951576142134494,-1.0972036425247618
504,-1.1005804647942294,1.0858033742092144,1.1021788651516295,1.0750690004539853,1.0922964602549654,1.0963006049247375,1.0937609370979515,-1.0645486573881933,-1.09198585420511,-1.0939103273956892,1.0787169833820005,-1.093483654861377
505,-1.1071546516438908,1.0796374316765822,1.100709437898331,1.0810098450835648,1.0984993842049016,1.0997115407942035,1.092322771288718,-1.0693521788143017,-1.0901885610916497,-1.0954536453479806,1.075707511975566,-1.0939757167216133
506,-1.0970622035642221,1.0799619549677737,1.0969889731506182,1.0634190462690292,1.0786295783652697,1.0916886352984176,1.0885267962276115,-1.038741503059687,-1.0841104425624934,-1.0896340505695483,1.0635581644458854,-1.0847249537491754
507,-1.0899918516693035,1.0973239510465023,1.0876252824620463,1.0529067006301638,1.0688139624444914,1.0840500606048251,1.0830187190126552,-1.033184488076541,-1.077542153184212,-1.0833482451596947,1.0530528799993495,-1.075316730981462
508,-1.092190764938058,1.1017050154775834,1.0849209110277842,1.0598798196811956,1.0843212723193323,1.0868044313538774,1.0804456740614412,-1.0600276960459738,-1.0753690624197556,-1.0849719442553347,1.0584587823405378,-1.0810836959834287
509,-1.0864172080477894,1.109493574466172,1.0856087280399667,1.0556453878707506,1.0813561383432637,1.0857955629981197,1.0828524005177096,-1.0485369193011633,-1.0777545605521661,-1.0821746804668064,1.062220621598581,-1.0774030732688629
510,-1.0808804572018482,1.0840184961076633,1.0836859668468208,1.0375700520828806,1.0709611284271612,1.0811515658049506,1.0783618011541842,-1.0311123807946907,-1.0699608440510708,-1.0767248389477775,1.0566753918774652,-1.0706126195976053
511,-1.0822674640329089,1.0778525535750298,1.0833889549551967,1.047302925199426,1.0829579923303359,1.0811675795883748,1.0763659792148395,-1.058709082321161,-1.0699935221076793,-1.0788147486748387,1.0626386037383635,-1.0732500711684705
512,-1.072907987042825,1.057569847875581,1.0780271087011397,1.0393185985518703,1.0766528223812237,1.0747780800019109,1.0673847804877885,-1.064360283998934,-1.0600267148421276,-1.0721833043485864,1.054557615702567,-1.0677586608082363
513,-1.0729192635211264,1.0374494038217257,1.0805907902920007,1.03504203309157,1.0698023404365133,1.0788295672083656,1.0711416217853786,-1.0433566510965362,-1.060418851521428,-1.070865053597671,1.0613846573190158,-1.0655148587255598
514,-1.0748362648323484,0.9973707773596132,1.0778707866529167,1.0526538987310325,1.0973746782139788,1.084850749776061,1.0694001693088915,-1.055883481482273,-1.065696357663679,-1.0724967908076457,1.0660660572845808,-1.0772456134735875
515,-1.0793017502396653,0.989257695079833,1.0771986018455566,1.0663262681090366,1.1102235921102765,1.0883257407792257,1.0725210869493376,-1.0628532968848616,-1.0719215274475729,-1.0761219803726634,1.077908884578421,-1.0850792382885452
516,-1.0732801108267682,0.9864992471047084,1.0751507830138323,1.0499784119652293,1.079992858354267,1.0813597449894716,1.071307940280324,-1.0429799043180201,-1.067297582437489,-1.0733649071558098,1.06656763585232,-1.078780846477524
517,-1.0768096485350769,1.0041857664746283,1.078918144376012,1.0619022348742437,1.0830602383295098,1.0832333576501643,1.0778432787875898,-1.0551299879252356,-1.0739802450139002,-1.0789996253045402,1.0695771072587545,-1.0833865454893334
518,-1.0798430211981283,0.9926651896373406,1.079090098629058,1.0704974994446985,1.0861276183047532,1.0805750696016605,1.0780389476051726,-1.0901674383274427,-1.0747318403158925,-1.0836778078474234,1.0671528108480155,-1.085728759944057
519,-1.0827974585130702,1.025928826984439,1.087562753642757,1.0700129624713641,1.072937884411207,1.085971714615792,1.087108197300136,-1.0952535198374402,-1.0853195306570034,-1.0896903173698924,1.0745650274601601,-1.085020190865317
520,-1.0821321462932931,1.0437776079999548,1.0875471214379346,1.0736364563589091,1.0691207004420151,1.0832653852170138,1.0876365031076096,-1.1047663759950275,-1.0860384479023872,-1.0899636132572772,1.0782711357662327,-1.0854335228279153
521,-1.0848723305205106,1.0883995605387442,1.0851710263049417,1.0861290835409685,1.0793453003594928,1.0815679241739933,1.0850634581563954,-1.1331165710785323,-1.0852214964871782,-1.0903494427453502,1.085739083330348,-1.087913514603505
