t,s1,s2,s3,s4,s5,s6,s7,s8,s9,s10,s11,s12
0,-1.0107182092111235,1.1065728648454516,1.0329281977887366,1.014185876413259,1.0329596987338683,0.9959902655522772,1.0351972599954162,-1.0955360799213265,-1.043769381679465,-1.0149037015984375,1.036166401552133,-1.0203632624302994
1,-1.0217014990765954,1.1125765457324892,1.0431047631280694,1.034051892319974,1.0484329266089851,1.0135253584023483,1.0439338727004888,-1.0999628545689188,-1.0524617447372906,-1.0273868931604613,1.0472568609943642,-1.0307556089184848
2,-1.0264263434848424,1.088724083829936,1.0490293687557297,1.0265310358208255,1.043082052652172,1.0243987173477345,1.0444915288305998,-1.100527974736697,-1.0523637105674655,-1.0309477778108003,1.047953497894002,-1.0319562398574609
3,-1.0368796388701529,1.08044873990456,1.0541879963470964,1.0351684340411356,1.0508868305891794,1.032629802028042,1.0460666628121416,-1.1132431785116907,-1.054634835501747,-1.0387286724869362,1.0458357217191037,-1.0400260543653321
4,-1.0435327610679235,1.1078709580102166,1.0574863915646069,1.057351800689885,1.0668372064604457,1.040236349154785,1.050351809917205,-1.1197420604411308,-1.0615789225310248,-1.0466864056784386,1.0547805395104508,-1.0495326895050927
5,-1.0362819855201837,1.1179311800371436,1.054735123515878,1.0492832067426188,1.0515343885839536,1.0404765559061557,1.0467515036736812,-1.0742498869350425,-1.0562360602755572,-1.0431817878284437,1.0524955704796393,-1.044651435851551
6,-1.042890001804749,1.1023540620599663,1.053140638624001,1.0625342396220707,1.08084490834739,1.0493001505731776,1.046663452705769,-1.0747208204081882,-1.0558439235962567,-1.050504509987493,1.048343614557799,-1.0606336050720182
7,-1.0346130667315905,1.0828826645884941,1.0408537256336547,1.0511792209861013,1.0818332863394131,1.0396918805183444,1.0354711963400323,-1.0386473163650574,-1.0438020597360733,-1.037876632367442,1.04207388246106,-1.0530952173732018
8,-1.03452285490518,1.0762299371190747,1.0442615462849212,1.0476189275733396,1.084662092316582,1.0368574408521685,1.0305305586960662,-1.014347149150626,-1.0425602935849556,-1.0326197055924493,1.048928789553495,-1.055870446264933
9,-1.0425404309774084,1.1187424882651213,1.053140638624001,1.062155036773375,1.09454587223681,1.0412452175105422,1.0361462537606931,-1.022447204888768,-1.051857200690036,-1.0402157236388836,1.052690628811538,-1.0583701205149323
10,-1.0554407221541025,1.1412968570029098,1.0663654839036865,1.0730465852609372,1.082787582331711,1.0522627005067515,1.048532089913685,-1.0152890160969203,-1.0618076689272835,-1.0522568189124906,1.0607716168473347,-1.0599840834165064
11,-1.0601655665623495,1.1632021791583163,1.0705236503864246,1.0570568651408985,1.0476490406153118,1.0505171981134565,1.0557033520780947,-0.994756316667671,-1.062738993540622,-1.0554077597317522,1.0568983156853493,-1.0513434771507615
12,-1.052441178925955,1.1377271007998064,1.0508896011295863,1.05189549303364,1.035720340711588,1.0397879632188929,1.0440414905501592,-1.0180204302411784,-1.0453869454815794,-1.0463005761903659,1.0399282408101762,-1.0423879512944652
13,-1.0697505731184593,1.1111161909221285,1.0577052424321194,1.0700129624713641,1.0455018746326412,1.0580276625396516,1.0558207533686446,-1.0832918096194812,-1.0561543651340362,-1.0623366142883939,1.0549198668903783,-1.0577402813338301
14,-1.0742273350040779,1.0609773424330875,1.062707547975263,1.0715297738661507,1.0407303946711517,1.0630880181018636,1.0620919389721737,-1.1224734745853888,-1.0539159182563629,-1.0672961308329971,1.0502384669248133,-1.0602990030070576
15,-1.069885890858075,1.0710375644600159,1.064176975228561,1.07502686680413,1.0509209125889043,1.0667231469392755,1.067042360057019,-1.128218862957794,-1.060876344313945,-1.0691529352443476,1.0578457418688563,-1.0645700999539067
16,-1.0844776537799647,1.0277137050859901,1.0690698553379485,1.0877722958853207,1.0671780264576942,1.0759951275421897,1.0731961443699982,-1.1601481524372244,-1.0642421841446068,-1.0781797376423854,1.0799151988493774,-1.0832094032196484
17,-1.0793130267179667,0.9605373838094124,1.0775112459420029,1.0902792480517032,1.0812198103443638,1.0840500606048251,1.0761703103972569,-1.162126073024445,-1.0663662578241506,-1.0784932241014447,1.0849588500027538,-1.0788398939007522
18,-1.0975132626962742,0.9697862976083607,1.08374849566611,1.0976105031265035,1.0821400243369368,1.086436114335109,1.0870886304183778,-1.1695668219001818,-1.0718071542494436,-1.09278499138881,1.093931533270087,-1.0786233866822483
19,-1.0934650069861056,1.0879127756019582,1.0795434325689053,1.1010865292395549,1.0897062282758705,1.0775804921012375,1.0822653940649616,-1.1786087445846234,-1.0736371254195123,-1.0914104738375505,1.084847388098812,-1.0867719310877573
20,-1.106094662683568,1.0655206685097645,1.0907829878361557,1.1065217700708732,1.0813561383432637,1.0901352983062194,1.095120835380152,-1.173428476379996,-1.087525299478068,-1.1001479041195337,1.0908384654356957,-1.0966328507668879
21,-1.0833387294715329,1.1026785853511567,1.0813880327379395,1.080209305736317,1.0616908245019814,1.0728724397743687,1.076610565236818,-1.1422526804576034,-1.0719705445324854,-1.080044580168071,1.075763242927537,-1.0783084670916971
22,-1.0639319103149856,1.106897388136643,1.0728059522904836,1.0727727165368777,1.0735854424059803,1.0601414819517148,1.0649487037088825,-1.1192711269679825,-1.0672322263242724,-1.0678266463790973,1.0670413489440738,-1.0733288010661084
23,-1.0483252643459784,1.0622754355978525,1.0594873137818641,1.0552661850220537,1.050171108594956,1.0543444923519654,1.059548244343597,-1.073496393378005,-1.0616279396159376,-1.0592339021551413,1.059573401379958,-1.0642945453121744
24,-1.0453369975961322,1.0314457229346894,1.0647241023973426,1.0520429608081325,1.0572601645377413,1.0496524538085215,1.0582959639110672,-1.0488194793850523,-1.0608273272290327,-1.0588159202097291,1.0610502716071897,-1.061165031881073
25,-1.0586545184699745,1.0340419092642181,1.0643645616864292,1.0618179675745334,1.062951858491804,1.0640648588907717,1.0629333148877798,-1.126711875843722,-1.060337156379907,-1.0693136975310447,1.0630008549261751,-1.0721478526015418
26,-1.057639635422857,1.0647093602817868,1.0646146769635862,1.0635033135687395,1.0723244084161585,1.0694615039049031,1.063295302200308,-1.1477155087461197,-1.0644709305408655,-1.0710579683417074,1.0650629001491028,-1.0774424382176817
27,-1.0562187991568925,1.0762299371190747,1.0703047995189119,1.0455965123802915,1.0632245144896026,1.072792370857245,1.0682750736077904,-1.108910590558728,-1.0684086363621734,-1.0699165561061585,1.0723079239053341,-1.078603704207839
28,-1.0652061523630332,1.09813525927448,1.0724151471699255,1.0473871924991365,1.0831284023289596,1.0693173798540805,1.061994104563382,-1.0947825863642917,-1.0607292930592074,-1.066862072658915,1.068601815599262,-1.0745687969539033
29,-1.07519711213799,1.1041389401615174,1.0769953831828665,1.0530963020545119,1.087456816294026,1.0707105790120315,1.063715990158111,-1.0881895177402194,-1.063294520502964,-1.0696914889047826,1.0565081990215524,-1.0701402402117788
30,-1.0885935683599415,1.0629244821802357,1.0916896557158506,1.0576256694139434,1.0789363163627943,1.0832493714335891,1.0802597886847376,-1.057202095207086,-1.0749442476838469,-1.0795864076509845,1.0629172584982185,-1.0763599021251624
31,-1.1010879063177883,1.0406946367336387,1.0989273665485861,1.0651675927380189,1.0813561383432637,1.0973415008473446,1.0895736244016794,-1.0466531854085723,-1.0873128921101134,-1.091651617267596,1.0653972858609289,-1.0873033578968123
32,-1.1086318703013618,1.0252797804020561,1.0965981680300598,1.0877933627102476,1.1075992781314576,1.104003234752029,1.0932913319357527,-1.0622881767170835,-1.0924923640825397,-1.0992476353140304,1.0703852060623342,-1.0936017497078339
33,-1.0994753699207014,1.027226920149203,1.093127818559504,1.0845280048464714,1.0994877621969246,1.1031224766636694,1.0936044020438853,-1.0715184727907843,-1.0927701275637107,-1.095855551064723,1.0690197977390448,-1.088976368221615
34,-1.0919201294588268,1.027226920149203,1.085342980557987,1.0924280641943167,1.0928758542502888,1.0990549756737897,1.0887909491313483,-1.0875302108778142,-1.0886526924310564,-1.0894572120541817,1.0702180132064212,-1.0882874816172845
35,-1.0908263110636,0.9944500677388929,1.0771204408214448,1.1094711255607346,1.1014645181809704,1.097501638681592,1.0851906428878244,-1.104295442521879,-1.0823131494490332,-1.0852130876853803,1.0684903536953199,-1.0910823929834252
36,-1.0846919068676897,0.9503149001368896,1.0685070959643448,1.100496658141583,1.0934893302453372,1.0848987911263352,1.0788509731981413,-1.0692579921196745,-1.0727874959476944,-1.0746911960210601,1.0524677050036537,-1.080571951648783
37,-1.0961262558652138,1.0137592035647682,1.0821852751838779,1.1125047483503079,1.0970679402164552,1.0986065897378976,1.0968720712975182,-1.0647370307774526,-1.0904173074879084,-1.0871341970114097,1.0667069632322477,-1.0902163641094098
38,-1.0931041596804638,1.0441021312911452,1.073056067567641,1.1148852995671246,1.091853394258541,1.0885179061803225,1.088164808915083,-1.1053314961628053,-1.0777055434672538,-1.0816441649207065,1.0443031205399005,-1.0879725620267333
39,-1.091897576502224,1.085478850918024,1.0763700949899735,1.1206154759474283,1.0868433402989766,1.0914324147636218,1.0923912553748718,-1.1058966163305834,-1.082623590986813,-1.0836295791614146,1.0476469776581614,-1.0920665167038974
40,-1.0845114832148688,1.0692526863584635,1.0759949220742377,1.1079753809908763,1.075596280389751,1.089943132905123,1.0911096246197045,-1.0899790649381833,-1.080957010099786,-1.079658750679998,1.0534987276151178,-1.0886811311054734
41,-1.0904880167145607,1.106410603199856,1.0730873319772858,1.119372533276701,1.0924668702535902,1.089879077771424,1.0886148471955235,-1.1411224401220472,-1.0806302295337027,-1.0809207346305698,1.0539445752308858,-1.100687440495233
42,-1.0885822918816401,1.0916447934506561,1.072618365832616,1.1166127792111862,1.091751148259366,1.0853471770622276,1.0865016239656293,-1.161184206078148,-1.0770683213633907,-1.0777778319256428,1.0530528799993495,-1.0996049044027136
43,-1.0877365560090422,1.1120897607957019,1.084264358425247,1.1155805047897351,1.0807426623482153,1.09444300604747,1.0986233072148843,-1.1477155087461197,-1.0886200143744482,-1.081113649374606,1.0719735381935083,-1.103009972475547
44,-1.0872065615288808,1.0916447934506561,1.0827636667623035,1.1182770583804666,1.0787999883638943,1.089815022637725,1.0937120198935557,-1.1714505557927728,-1.0852541745437865,-1.0797391318233465,1.073283215564827,-1.1052144096094048
45,-1.08754485587792,1.0947277647169733,1.0823415972321009,1.1234384304877254,1.0840145343218077,1.0919608696166379,1.091295509996408,-1.1728633562122182,-1.0817903005432996,-1.0801008469684148,1.0746764893641023,-1.1052144096094048
46,-1.0786702674547923,1.0614641273698748,1.0798091800508847,1.1110090037804483,1.0715746044222103,1.0879894513273067,1.0872940826768396,-1.13160958396446,-1.077640187354037,-1.0746911960210601,1.0677937167956824,-1.0973611023200371
47,-1.0750279649634706,1.0509171204061605,1.0735250337123108,1.1083545838395732,1.0658829104681478,1.081615965524267,1.0804945912658368,-1.1339642513301995,-1.0706470832398467,-1.0708489773690013,1.058514513292509,-1.0915350898948424
48,-1.0862706138298726,1.0544868766092639,1.0772611306648459,1.1311910220610768,1.0840145343218077,1.0905196291084127,1.0875680190214556,-1.152801590256117,-1.0816105712319537,-1.0803419903984604,1.0686854120272182,-1.1023210858712167
49,-1.085515089783685,1.0415059449616164,1.0791213630387024,1.1223429555914908,1.0773003803759982,1.0901833396564937,1.0899453951550866,-1.1299142234611257,-1.0838163400530183,-1.0789755109615358,1.0704409370143053,-1.100549663174367
50,-1.0788055851944078,1.0496190272413966,1.0743066439534268,1.110945803305666,1.0645877944786002,1.0820002963264608,1.0845938529941967,-1.1242630217833502,-1.0771173384483033,-1.0745706243060373,1.0598241906638273,-1.0936804796054718
51,-1.0776553844076748,1.0655206685097645,1.067209622964092,1.111577808053493,1.0690866184422902,1.0750663281035557,1.0762094441607735,-1.1450782812964913,-1.0705653880983257,-1.0704631478809283,1.0524398395276682,-1.093483654861377
52,-1.0748362648323484,1.0747695823087138,1.0711176741696726,1.1060372330975385,1.0681664044497172,1.0766997340128777,1.0802402218029792,-1.1281246762631645,-1.074061940155421,-1.0710660064560422,1.0576506835369581,-1.0943103187865737
53,-1.0753549828342084,1.0817468330693247,1.074087793085914,1.0992537154708548,1.0542268665622225,1.0784612501895972,1.0835568082610079,-1.1066501098876182,-1.0757938771556645,-1.0715482933161333,1.0613289263670447,-1.0940150816704322
54,-1.0755015770521255,1.097486212692098,1.0720868708686568,1.1065639037207282,1.0623043004970296,1.0762833756438346,1.0800347695445174,-1.1283130496524238,-1.0740129230705082,-1.0729549633247322,1.0593226120960886,-1.0982468136684622
55,-1.0762796540549155,1.096837166109716,1.0710238809407386,1.1052366937502895,1.0616226605025314,1.0741695562317712,1.0801717377168252,-1.128218862957794,-1.0725750885797403,-1.0724646383503063,1.0583751859125812,-1.0969084054086202
56,-1.0774185783633474,1.0749318439543096,1.0783710172072312,1.097905438675489,1.0520797005795521,1.081744075791665,1.0875484521396972,-1.1038245090487306,-1.0797479220052768,-1.0760174848863104,1.0665119049003489,-1.0992506198633438
57,-1.0758285949228632,1.073471489143949,1.0690542231331261,1.1048153572517385,1.0595777405190356,1.0756268105234212,1.0789292407251745,-1.1285956097363128,-1.073359361938341,-1.0721833043485864,1.0608273477993058,-1.0971052301527144
58,-1.0776779373642775,1.0603282958507056,1.0692887062054608,1.1094711255607346,1.066700878461546,1.0774043404835654,1.0794086293282523,-1.1339642513301995,-1.0735390912496872,-1.0740722612172764,1.062666469214349,-1.0967903105621635
59,-1.0728854340862224,1.040532375088043,1.0698827299887093,1.099717185619262,1.0589642645239874,1.0767477753631516,1.0798293172860556,-1.1129606184278016,-1.073522752221383,-1.0716125982308122,1.0648121108652329,-1.0902950940070475
60,-1.077993678756714,1.0325815544538586,1.0711489385793174,1.109112989536966,1.0716427684216603,1.0832974127838633,1.0818740564297957,-1.128218862957794,-1.0761860138349648,-1.0766042672327545,1.0687411429791893,-1.097518562115313
61,-1.0841506359092268,1.0750941055999053,1.077839522243272,1.118171724255828,1.0855482243094299,1.0912562631459501,1.0901410639726696,-1.1333991311624214,-1.0859077356759537,-1.0842645901938677,1.0811412797927396,-1.1004315683279102
62,-1.0843874419535544,1.0749318439543096,1.080215617376265,1.1054052283497104,1.0778456923715964,1.0912242355791006,1.0919607839761896,-1.1182350733270585,-1.0867573651477713,-1.081917460808091,1.0852096392866237,-1.095747139418463
63,-1.0880071914882736,1.0849920659812367,1.0798560766653515,1.103108944432604,1.0767209863806737,1.0927615587878738,1.0939566059155343,-1.1165397128237242,-1.0879337751856726,-1.083171406644328,1.0878011285532756,-1.0946252383771249
64,-1.090127169408919,1.1213386745946512,1.0761199797128165,1.1139162256204558,1.0886837682841235,1.092473310686229,1.0899943123594824,-1.1272769960114974,-1.086561296808121,-1.0838385701341207,1.0861013345181596,-1.0974004672688562
65,-1.1018998127554822,1.120851889657864,1.0855930958351443,1.1176871872824936,1.0974428422134288,1.1020175256073637,1.1012746196931316,-1.110700137756692,-1.0971163090926237,-1.092085675441678,1.091451505907377,-1.1049782199164915
66,-1.1033995843695559,1.0919693167418476,1.0837953922805772,1.1122730132761036,1.1039865861606146,1.1031705180139435,1.1005506450680749,-1.0785824748880024,-1.094747149988517,-1.092085675441678,1.0793021583776963,-1.1033248920660983
67,-1.107233586992,1.063898052053809,1.0837797600757548,1.1231434949387389,1.1164946800596627,1.1053483925597056,1.100628912595108,-1.0700114856767093,-1.0946164377620833,-1.0966352481552035,1.077908884578421,-1.1054112343534992
68,-1.1024523601922462,1.0574075862299854,1.084092404172201,1.1211000129207627,1.124265375996946,1.1043875655542224,1.0991320461405998,-1.0557892947876435,-1.0929825349316653,-1.0957189031210304,1.0765713417311167,-1.0995655394538948
69,-1.099046863745252,1.0301476297699244,1.0875940180524015,1.1061847008720314,1.111552790099548,1.103474779899013,1.100472377541042,-1.0267797928417308,-1.0958745429415055,-1.0935486122506208,1.07977587146945,-1.0904722362767325
70,-1.0998587701829459,1.0054838596393934,1.0849052788229618,1.1099977961839242,1.1104962481080753,1.0994232926925582,1.0955219564561969,-1.0349740352745052,-1.0905316806860377,-1.0942157757404134,1.076153359591334,-1.088976368221615
71,-1.1017532185375654,0.9634580934301328,1.0853273483531647,1.1076172449671076,1.1085535741237555,1.098814768922419,1.0933500325810277,-1.027721659788025,-1.088162521581931,-1.0928975249894979,1.0767106691110444,-1.0839770197216168
72,-1.0982687867424619,0.9042325927877394,1.0864528671003721,1.0979686391502723,1.1029641261688667,1.0959643154728185,1.0936337523665227,-1.0111448015332196,-1.0858587185910413,-1.0889025821650768,1.0761254941153484,-1.079725605249177
73,-1.102068959930002,0.9418772945659178,1.0890009164864107,1.1074487103676867,1.1223908660120752,1.1048359514901145,1.0921368859120142,-1.0527753205594963,-1.089584017044395,-1.0919249131549809,1.0786891179060154,-1.0891535104913
74,-1.1130409733171724,0.986012462167921,1.0980206986688914,1.1150327673416174,1.1399090138706869,1.1132912291383679,1.0984863390425763,-1.080277835391334,-1.0998612658477263,-1.1022297757322599,1.087048760701667,-1.0978925291290922
75,-1.1145632978878488,1.0061329062217752,1.108619333538427,1.1013182643137591,1.1413063758594093,1.1185757776685261,1.10561846744347,-1.0494787862474602,-1.1078673897167761,-1.1050833063211323,1.097303255864333,-1.0976366569617695
76,-1.1155217985434598,1.0103517090072607,1.1064777214777686,1.0990219803966517,1.1429763938459303,1.1153570072001573,1.0991809633449952,-1.0538113742004203,-1.1014461515932321,-1.1010722872680414,1.091730160667232,-1.0960030115857857
77,-1.118363471075389,1.027226920149203,1.1007250701031535,1.0998646533937548,1.1403861618668363,1.1106969962235629,1.0922934209660804,-1.0582381488480126,-1.0941916230261746,-1.0931627827625479,1.0825902845439859,-1.094054446619251
78,-1.108090599342899,1.0431285614175718,1.0979269054399574,1.0747319312551435,1.1283211339642125,1.104131345019427,1.0892801211753051,-1.0049284796876659,-1.0854339038551326,-1.0837260365334327,1.0819493785963192,-1.0868703434598046
79,-1.0918750235456214,1.057569847875581,1.0886882723899645,1.05939528270786,1.1111778881025747,1.0950835573844586,1.0830187190126552,-1.0185855504089565,-1.0763167260613982,-1.078356576157752,1.0779367500544066,-1.0811821083554758
80,-1.112871826142653,1.0726601809159713,1.1026478312962993,1.0922173959450407,1.13155892393808,1.1038911382680558,1.098173268934444,-1.0906383718005885,-1.1045505669710267,-1.102181547046251,1.0891665368765653,-1.0962785662275178
81,-1.0856165780883966,1.0205741926797836,1.0884537893176294,1.0719511103647028,1.096352218222231,1.0950835573844586,1.0844373179401308,-1.0912976786629962,-1.0839143742228434,-1.0866599482656534,1.0782711357662327,-1.0892125579145282
82,-1.0815457694216253,1.0384229736953003,1.0895793080648368,1.0697390937473057,1.0760393463861755,1.08606779731634,1.0879691400975005,-1.0832918096194812,-1.0882605557517562,-1.0881550375319355,1.0782154048142616,-1.0864176465483875
83,-1.0864284845260908,1.077203506992648,1.0877034434861579,1.0883200333334373,1.0832647303278595,1.0830892335993416,1.0881745923559623,-1.1350003049711233,-1.089420626761353,-1.0903735570883546,1.0870208952256815,-1.0905509661743702
84,-1.091976511850333,1.0906712235770828,1.0881724096308276,1.0976526367763588,1.087320488295126,1.0836497160192071,1.0850438912746372,-1.1597714056587056,-1.0845679353550106,-1.0898751939995939,1.0856276214264062,-1.08844494141256
85,-1.088728886099557,1.0862901591460017,1.0872813739559553,1.0879829641345955,1.0740625904021297,1.0816640068745413,1.0851515091243078,-1.1533667104238925,-1.0806138905053984,-1.0865795671223049,1.0835098452515077,-1.081457662997208
86,-1.097355392000056,1.0306344147067106,1.0843268872445362,1.108923388112618,1.097272432214804,1.0890463610333385,1.0876854203120054,-1.2176962228559014,-1.076120657721748,-1.0919249131549809,1.0874667428414497,-1.0905116012255514
87,-1.0942092545539917,0.9947745910300833,1.0828418277864154,1.1101873976082721,1.0986016302040764,1.0906477393758105,1.0857678658996939,-1.2088426735607192,-1.0745521110045464,-1.0922383996140401,1.0852375047626093,-1.0893897001842132
88,-1.0781628259312337,1.0142459885015556,1.0751507830138323,1.0783132914928335,1.0650649424747496,1.0771961612990437,1.0743995075981325,-1.1285014230416832,-1.0646506598522112,-1.0789513966185311,1.066400442996407,-1.0708881742393375
89,-1.078873244064216,1.0540000916724777,1.0641144464092718,1.0788820957658782,1.0596459045184856,1.0723760124882025,1.0658585637106428,-1.1084396570855823,-1.059716273304348,-1.0741928329322994,1.0538888442789147,-1.0660856504834337
90,-1.0810834338112718,1.1023540620599663,1.0684758315547,1.0773863511960198,1.0604297905121587,1.0677320152950331,1.0660640159691046,-1.0945942129750323,-1.067215887295968,-1.0751654447668164,1.065564478716842,-1.068900244323984
91,-1.0613834262188906,1.108195481301408,1.0666624957953108,1.0477453285229053,1.0352431927154386,1.0508695013488005,1.0553315813246875,-1.019998350828399,-1.0583274558984923,-1.0579879944332395,1.0517153371520451,-1.0488438029007623
92,-1.0546964745862162,1.1318856815583658,1.0642864006623176,1.0521482949327712,1.0495917145996327,1.0483713511345436,1.048042917869728,-1.0184913637143267,-1.0545858184168344,-1.051854913195748,1.0491795788373641,-1.051107287457848
93,-1.0520465021854093,1.1159840402899968,1.054047306503696,1.0672742752307784,1.082105942337212,1.047954992765501,1.0393160886055346,-1.0354449687476508,-1.0511873005295644,-1.046734634364448,1.0538331133269436,-1.0594526566074516
94,-1.0345679608183853,1.0780148152206257,1.038164986404215,1.0467551877513082,1.078322840367745,1.0331422430976331,1.022997309219128,-1.0005958917347058,-1.0350443405650314,-1.0275476554471583,1.0412379181814948,-1.0461473039066687
95,-1.0266857024857725,1.0929428866154212,1.0358670522953333,1.0463970517275394,1.0867751762995277,1.0304198999154301,1.0226157550248416,-0.9866562609295263,-1.0399297100279823,-1.022105852042464,1.0409592634216398,-1.0454780997767477
96,-1.0341732840778397,1.1198783197842905,1.042698325802689,1.069170289474261,1.105247620150437,1.0456490079523408,1.0324774634310152,-0.9925900226911909,-1.0545041232753134,-1.0336003555413011,1.0556443692660016,-1.0592558318633571
97,-1.0299671576714526,1.121663197885843,1.0439489021884747,1.0570568651408985,1.0717790964205591,1.0413092726442412,1.0363125722556383,-0.9706445228424964,-1.0529519155864162,-1.0315425982715791,1.0538888442789147,-1.0495720544539118
98,-1.01785621997585,1.1211764129490556,1.0292546296554907,1.0345785629431636,1.035890750710212,1.0229574768395093,1.0256192713747376,-0.9453083019871386,-1.0340313208101721,-1.0173794408135717,1.0399839717621473,-1.0318578274854135
99,-1.0109775682120534,1.1093313128205773,1.0203911695212333,1.0449223739826081,1.044752070638693,1.017913135060722,1.017841435875821,-0.9973935441172993,-1.0250938723277836,-1.0105148911716086,1.034187952757162,-1.0292203759145484
100,-1.0178449434975487,1.1046257250983047,1.025878073413869,1.0509264190869712,1.0456041206318163,1.0276975567332274,1.0241908890063833,-1.0146297092345125,-1.0309759225172896,-1.0192121308819175,1.0472289955183787,-1.0351644831862
101,-1.0176194139315227,1.1125765457324892,1.0435737292727392,1.0487354692945021,1.042161838659599,1.0397879632188929,1.0412140761360877,-1.0279100331772844,-1.0453869454815794,-1.0297259844319029,1.0593226120960886,-1.0354990852511605
102,-1.0268322967036896,1.0799619549677737,1.0564077694318665,1.0782922246679063,1.0825149263339113,1.0548088920712821,1.050478994648634,-1.0926162923878118,-1.06077831014412,-1.0443071238353228,1.058960360908277,-1.044375881209819
103,-1.029437163191291,1.0546491382548597,1.0541723641422742,1.0711295041925266,1.0727333924128573,1.0481631719500226,1.0499996060455559,-1.0841394898711483,-1.0543897500771844,-1.0455449934428898,1.0552542526022044,-1.0418958894342292
104,-1.0378832454389693,1.0585434177491546,1.0623011106498825,1.0642617192661334,1.0599185605162853,1.0528872380603154,1.0613386140244798,-1.0373287026402445,-1.0596509171911312,-1.0505366624448325,1.068601815599262,-1.0466787307157237
105,-1.0376464393946416,1.0660074534465518,1.0628795022283084,1.0632715784945366,1.0613159225050068,1.0498926605598924,1.0572589191778783,-1.0591800157943068,-1.0619383811537169,-1.0498936132980443,1.06520222752903,-1.0473479348456447
106,-1.0456527389885688,1.0971616894009064,1.0653337583854134,1.0826530574279172,1.0811857283446389,1.048755681936737,1.0511442686284154,-1.0761336208276333,-1.0663335797675422,-1.0495881649533199,1.0706917262981748,-1.0626805824106
107,-1.0335079718580626,1.0992710907936492,1.0588463933841492,1.0533280371287161,1.062133890498406,1.0389712602642316,1.0439827899048846,-1.061534683160046,-1.0555008040018687,-1.0369442111045992,1.0637253573017982,-1.0479187266035186
108,-1.0292680160167715,1.1159840402899968,1.0546725946965885,1.056740862766985,1.061895316500331,1.0379784056918993,1.0449024333475236,-1.089790691548924,-1.0541119865960131,-1.0374666885363646,1.0604650966114944,-1.0433720750149373
109,-1.0310835290232818,1.1106294059853412,1.0575176559742516,1.0701182965960028,1.0619293985000562,1.04456007067946,1.051467122177427,-1.1001512279581782,-1.061235802936637,-1.0474098359685753,1.06216489064661,-1.0520126812806825
110,-1.0357858204749262,1.0931051482610168,1.0623480072643492,1.0656099960614993,1.0648945324761248,1.0516381629531872,1.0560066387453482,-1.0705766058444874,-1.0605168856912528,-1.0500624136990762,1.0668741560881605,-1.0538825163495795
111,-1.0299220517582472,1.1403232871293363,1.0589558188179051,1.054908048998285,1.0568170985413168,1.0486275716693394,1.0504887780895131,-1.0388356897543167,-1.0503049930011386,-1.0448537156100925,1.0653972858609289,-1.0494145946586362
112,-1.0472765518639569,1.1541155270049626,1.0639112277465819,1.0666422704829503,1.0731423764095567,1.0537199547984009,1.0569849828332623,-1.0815964491161496,-1.059536543993002,-1.060761143878763,1.0608552132752913,-1.0621294731271356
113,-1.0613157673490827,1.123285814341798,1.0742284829293152,1.062155036773375,1.0779138563710464,1.059548971965,1.066582538335699,-1.1100408308942842,-1.074960586712151,-1.0680275992374686,1.0633352406380012,-1.0660069205857958
114,-1.0332373363788312,1.1180934416827395,1.0531719030336457,1.0535808390278463,1.0563740325448931,1.0431348439546595,1.049089746043796,-1.0727428998209676,-1.057853624077671,-1.0435193886305074,1.0553657145061466,-1.0487060255798961
115,-1.0077637718961814,1.057569847875581,1.0256748547511787,1.0578152708382913,1.0561013765470935,1.0253755581366426,1.027712927722874,-1.035256595358394,-1.035893970036849,-1.0217521750117307,1.0472847264703498,-1.0394158976586394
116,-1.0009527790021926,1.0643848369905953,1.0242366919075248,1.050547216238274,1.050477846592481,1.0192903204352481,1.0238386851347343,-0.9985237844528555,-1.0353874601594193,-1.0153377597725195,1.0506285835886104,-1.0321727470759647
117,-1.0031516922709474,1.0812600481325376,1.0380399287656363,1.035842572438819,1.0397760986788536,1.0204913541921024,1.0323013614951908,-0.9670654284465737,-1.0423315471886971,-1.0156512462315785,1.0597127287598855,-1.0278426027058876
118,-1.0080231308971115,1.08044873990456,1.0336003825960967,1.0366220449611387,1.0527954225737752,1.0196586374540169,1.026754150516718,-0.9849609004261947,-1.0391454366693813,-1.015144845028483,1.048622269317654,-1.0297714851980129
119,-1.0217014990765954,1.0937541948433989,1.03617969639178,1.0521693617576982,1.0636675804860272,1.0324536504103698,1.0332699221422257,-1.0247076855598805,-1.0440634841889407,-1.026968911215049,1.0517432026280307,-1.0413054152019459
120,-1.0275539913149732,1.0952145496537595,1.0414633816217256,1.0508842854371159,1.0585211985275629,1.0384267916277914,1.0370267634398156,-1.011992481784884,-1.0462202359250927,-1.0348301870345333,1.049931946688973,-1.0430965203732052
121,-1.0392364228351259,1.075418628891097,1.0480132754422786,1.067379609355416,1.0811516463449138,1.0520064799719557,1.043053363021366,-1.0147238959291422,-1.0551250063508724,-1.0437364177175483,1.0569540466373204,-1.0546107679027288
122,-1.0322450062883164,1.1140369005428488,1.0424169461158868,1.071571907516006,1.0960113982249824,1.0423982099171225,1.0334362406371709,-1.0146297092345125,-1.0520042519447734,-1.0376917557377405,1.0566196609254945,-1.0578583761802869
123,-1.035966244127747,1.1434062583956524,1.0491231619846637,1.0650201249635263,1.0897403102755954,1.0439995882595945,1.0397661268859748,-0.989481861768414,-1.0585071852098384,-1.0386563294579225,1.0627222001663201,-1.0595904339283178
124,-1.0317262882864562,1.1239348609241813,1.042745222417156,1.0599851538058331,1.098942450201326,1.0394997151172476,1.0314599855795847,-0.995321436835449,-1.0538669011714503,-1.0315104458142397,1.055003463318335,-1.055516161725563
125,-1.0340379663382238,1.1007314456040098,1.0390560220790874,1.06211290312352,1.0937960682428618,1.0375460335394318,1.0268422014846303,-1.0041749861306284,-1.0464653213496553,-1.029669717631559,1.0519103954839437,-1.0550044173909177
126,-1.0294033337563873,1.0699017329408467,1.032990726608026,1.0532859034788609,1.0724948184147833,1.0278897221343237,1.0217156784639607,-0.9957923703085974,-1.0365638701973203,-1.0233196073070265,1.0498204847850308,-1.0454780997767477
127,-1.0286703626668023,1.0830449262340898,1.0372739507293425,1.0471343906000052,1.0705521444304626,1.0280498599685712,1.02377020104858,-0.959718866265464,-1.0429524302642559,-1.018440471905772,1.0537773823749728,-1.0440609616192678
128,-1.0490018530440568,1.1330215130775338,1.0456684447189304,1.0632083780197543,1.0813561383432637,1.0386349708123126,1.0287793227787003,-1.003609865962853,-1.0470862044252143,-1.0327081248501326,1.0563131406896535,-1.050792367867297
129,-1.0591281305586293,1.1505457708018592,1.0616132936377,1.0617758339246781,1.0668712884601705,1.0496044124582475,1.0422413374283974,-1.0005017050400762,-1.0597326123326523,-1.049154106779238,1.0643941287254506,-1.0506349080720216
130,-1.0605715197811965,1.1404855487749321,1.0730404353628187,1.0398452691750597,1.0410030506689514,1.0491079851720813,1.0505181284121505,-0.9716805764834229,-1.0650918136164242,-1.054274385610538,1.061663312078871,-1.042683188410607
131,-1.0846806303893883,1.1716397847292868,1.0704298571574906,1.061986502173954,1.0426389866557475,1.0637285694388525,1.0646845508051457,-1.019998350828399,-1.0686047047018237,-1.0700210515925117,1.0679887751275807,-1.0550437823397365
132,-1.0896310043636614,1.141134595357314,1.0670845653255137,1.0755114037774645,1.0505119285922058,1.0744738181168414,1.071092704580983,-1.0958186400052157,-1.0695360293151621,-1.078356576157752,1.0664283084723924,-1.068998656696031
133,-1.0725922456503885,1.0931051482610168,1.0661466330361742,1.0674849434800546,1.0461153506276906,1.073977390830675,1.0686174940385604,-1.088283704434849,-1.0651244916730327,-1.0727298961233565,1.0652579584810011,-1.065121209237371
134,-1.066345076671465,0.9976953006508047,1.0681162908437867,1.0757431388516676,1.070927046427436,1.0747460524350614,1.065163939408224,-1.125487448813536,-1.06097437848377,-1.0706882150823043,1.0755124536436675,-1.0702583350582353
135,-1.083304900036629,1.0043480281202242,1.0705705470008913,1.0924069973693897,1.076448330382874,1.0802227663663166,1.074859329319452,-1.1574167382929663,-1.0645199476257778,-1.0787182913028206,1.0869372987977248,-1.0836227351822467
136,-1.0866652905704182,1.0332306010362404,1.0733374472544428,1.0829058593270473,1.066564550462646,1.0770680510316464,1.0810326805141897,-1.1512946031420423,-1.0732449887402116,-1.080253571140777,1.0896123844923333,-1.0860239970601986
137,-1.086586355222309,1.0765544604102661,1.0784022816168755,1.0913325892980823,1.071097456426061,1.0777246161520597,1.0816881710530921,-1.1543085773701893,-1.0786858851655046,-1.0821586042381366,1.0857112178543626,-1.0829141661035067
138,-1.0953594553407249,1.0913202701594658,1.0812473428945384,1.097484102176938,1.0741989184010294,1.0806231109519346,1.0802695721256168,-1.1510120430581532,-1.0765944895425694,-1.086298233120585,1.0828410738278555,-1.0838392424007506
139,-1.085515089783685,1.1231235526962025,1.0859839009557024,1.0833482626505264,1.0688139624444914,1.0803348628502893,1.0817566551392461,-1.1285014230416832,-1.0828850154396799,-1.0851005540846923,1.0801381226572615,-1.0809065537137437
140,-1.0743062703521868,1.095539072944951,1.0765576814478415,1.06961269279774,1.0654739264714481,1.0728724397743687,1.077784578142315,-1.0919569855254039,-1.0770356433067823,-1.0790317777618796,1.0790792345698124,-1.0785446567846104
141,-1.0760654009671906,1.0900221769947007,1.0768077967249985,1.0813047806325513,1.0694615204392648,1.0749542316195826,1.0798880179313302,-1.113902485374096,-1.0783917826560294,-1.0848915631119862,1.0830639976357395,-1.082264644447995
142,-1.072535863258882,1.0723356576247796,1.0800436631232198,1.0753428691780436,1.078459168366645,1.0779648229034307,1.0785868202944044,-1.105143122773546,-1.0794048024108889,-1.0820058800657746,1.0835655762034788,-1.0823433743456328
143,-1.063988292706492,1.06016603420511,1.0769797509780443,1.0548448485235016,1.0729719664109318,1.075514714039448,1.074154921576154,-1.0747208204081882,-1.0746011280894587,-1.0745625861917023,1.0752616643597976,-1.077186566050359
144,-1.0708218385570833,1.0572453245843896,1.078089637520429,1.0614598315507646,1.0906946062678933,1.0802708077165908,1.0707600675910922,-1.1186118201055772,-1.0697647757114208,-1.0749966443657843,1.072530847713218,-1.0807687763928775
145,-1.0827974585130702,1.063249005471426,1.0868280400161079,1.0622603708980125,1.1022143221749185,1.0896869123703272,1.0796727822319891,-1.0998686678742893,-1.0760389625802271,-1.079932046567383,1.0749551441239573,-1.083780194977522
146,-1.0846016950412791,1.0413436833160208,1.0855774636303221,1.051937626683495,1.103577602163916,1.0903915188410152,1.0787335719075917,-1.0235774452243243,-1.071202610202189,-1.0735256694425066,1.0735340048486965,-1.0761237124322491
147,-1.093295859811586,1.0273891817947987,1.083217000702151,1.0650833254383096,1.1277076579691634,1.0945070611811685,1.0769725525493463,-1.0065296534963704,-1.0724933934382193,-1.073774850986887,1.069270587022914,-1.0775014856409102
148,-1.11077440117861,1.059516987622728,1.1017098990069598,1.0838117327989338,1.1305364639463322,1.106261178214915,1.0903465162311314,-1.039965930089873,-1.0879827922705851,-1.0892562591958102,1.0778810191024355,-1.0877954197570485
149,-1.1087220821277723,1.064060313699405,1.1093696793698982,1.0761434085252928,1.1063723261413598,1.1015210983211972,1.0978112816219157,-1.0527753205594963,-1.095204642781034,-1.0921499803563566,1.0734225429447544,-1.0876773249105918
150,-1.1099512182626146,1.0580566328123673,1.1106046235508618,1.0874773603363341,1.1141430220786432,1.1065654400999845,1.1001886577555469,-1.0890371979918865,-1.1001553683572016,-1.095638521977682,1.0825902845439859,-1.0962588837531086
151,-1.1065569982939216,1.0523774752165211,1.1002092073440166,1.0976737036012858,1.114245268077818,1.1057487371453236,1.0952871538750975,-1.1155036591828005,-1.094289657196,-1.0953009211756182,1.0770171893468847,-1.0954125373535026
152,-1.1018772597988797,1.0416682066072123,1.0996620801752353,1.0945768803369305,1.1084854101243056,1.1100724586699986,1.100129957110272,-1.0838569297872593,-1.099828587791118,-1.0985161669095589,1.0782990012422182,-1.0949401579676759
153,-1.0991257990933612,1.016355389894298,1.0961135696805682,1.0837485323241516,1.1023165681740934,1.1031865317973681,1.0961383132315827,-1.056354414955419,-1.0950739305546004,-1.0982589472508435,1.070524533442262,-1.0929719105267317
154,-1.1022042776696175,1.0098649240704745,1.088328731679051,1.089268040455179,1.1088603121212792,1.0979820521843335,1.086550541170025,-1.0560718548715324,-1.0841921377040145,-1.0970612682149505,1.0763484179232328,-1.0874805001664973
155,-1.0906571638890805,0.9727070072290821,1.0794965359544382,1.0752586018783332,1.0958750702260824,1.0876371480919629,1.0836155089062829,-1.0063412801071112,-1.077819916665383,-1.0875843314141613,1.069800031066639,-1.0770487887294928
156,-1.092269700286167,0.9736805771026555,1.0784491782313423,1.0835799977247307,1.0917852302590911,1.0918647869160893,1.0837231267559533,-1.000878451818595,-1.0785551729390712,-1.0862901950062502,1.0765156107791456,-1.0789383062727995
157,-1.094998608035083,0.9808200895088623,1.0767921645201761,1.1035724145810102,1.1052817021501622,1.097437583547893,1.084750388048263,-1.025272805727656,-1.0793721243542806,-1.087061853982396,1.0859620071382323,-1.0799814774164997
158,-1.0872065615288808,0.9827672292560092,1.0746818168691625,1.1013814647885414,1.09447770823736,1.092937710405546,1.0802793555664958,-1.0314891275732094,-1.0740129230705082,-1.0802616092551118,1.0872995499855365,-1.0674831061665042
159,-1.0896873867551682,1.0103517090072607,1.0886101113658528,1.097484102176938,1.0931144282483636,1.096973183828576,1.0888007325722273,-1.0264972327578417,-1.0821660981942958,-1.0858561368321684,1.0928169142306667,-1.0656920009952446
160,-1.0902286577136306,1.0108384939440478,1.089782526727527,1.1070905743439179,1.0956024142282828,1.094539088748018,1.0849167065432086,-1.0560718548715324,-1.080123719656273,-1.0879299703305598,1.0810019524128123,-1.0715180134204396
161,-1.090386528409849,0.9751409319130163,1.08374849566611,1.1078911136911658,1.0991810241994,1.0952917365689803,1.0860222353625515,-1.0574846552909751,-1.0834895594869347,-1.0894250595968422,1.075484588167682,-1.0774621206920911
162,-1.0929124595493416,0.9720579606466991,1.0818726310874311,1.0925333983189554,1.0912740002632175,1.0934341376917125,1.085376528264528,-0.9994656513991497,-1.0864959406949044,-1.0917400365252792,1.0698557620186095,-1.0755135557255564
163,-1.0972200742604403,1.0359890490113661,1.080059295328042,1.100096388467959,1.0973746782139788,1.0914324147636218,1.0860809360078263,-1.0034214925735936,-1.0913649711295508,-1.094834710544197,1.0684624882193343,-1.0790367186448466
164,-1.0956413672982577,1.0264156119212253,1.073399976073732,1.1068167056198583,1.1042592421584143,1.0912402493625255,1.0823632284737528,-1.0330903013819115,-1.0853685477419157,-1.0928653725321584,1.0649514382451606,-1.085945267162561
165,-1.095506049558642,1.0445889162279325,1.0785429714602763,1.097104899328241,1.0967952842186555,1.0934981928254113,1.0924010388157508,-1.0229181383619166,-1.0885546582612315,-1.0933556975065843,1.0682952953634213,-1.0924404837176769
166,-1.0909954582381194,1.0306344147067106,1.073571930326778,1.096493961405341,1.0950911842324094,1.0912882907127996,1.0892116370891511,-1.0361984623046883,-1.0853358696853073,-1.0890231538800996,1.062666469214349,-1.0963769785995652
167,-1.0872854968769898,1.0184647912870408,1.060597200324249,1.1030246771328935,1.102589224171893,1.0864681419019584,1.076180093838136,-1.0687870586465262,-1.0754180795046682,-1.082906148871278,1.0517153371520451,-1.0939953991960227
168,-1.0815119399867215,1.039234281923278,1.063489158216379,1.0887624366569164,1.0847643383157568,1.0835696471020835,1.0774128073889078,-1.050420653193757,-1.0738495327874666,-1.079988313367727,1.0514924133441612,-1.082835436205869
169,-1.0822900169895115,1.040532375088043,1.0678192789521626,1.0923859305444614,1.0841508623207075,1.0842902673561956,1.0783128839497886,-1.0526811338648665,-1.0745357719762423,-1.0833723595026994,1.0498483502610163,-1.0761040299578397
170,-1.0930590537672584,1.075418628891097,1.0755103237247456,1.1094921923856629,1.1014304361812455,1.0902954361404669,1.0837622605194699,-1.075380127270596,-1.0804505002223566,-1.093323545049245,1.0551149252222771,-1.0824811516664992
171,-1.0925854416786036,1.0947277647169733,1.0791682596531695,1.1014446652633236,1.0930462642489136,1.0926174347370516,1.0884583121414573,-1.044581078126722,-1.0846986475814442,-1.0929618299041768,1.0609388097032475,-1.0768913289342172
172,-1.0893490924061289,1.0419927298984026,1.0811691818704268,1.0882989665085103,1.0913421642626675,1.094042661461852,1.0886931147225567,-1.0068122135802569,-1.079061682816501,-1.0893527165678285,1.0637253573017982,-1.0700418278397317
173,-1.0954947730803406,0.9657297564684711,1.0797935478460623,1.088888837606482,1.105452112148787,1.0966529081600818,1.082793699872435,-1.0145355225398829,-1.0749115696272384,-1.084779029511298,1.0644498596774215,-1.0746278443771315
174,-1.088311656402409,0.9616732153285816,1.076651474676775,1.0778498213444272,1.102725552170793,1.0937223857933573,1.08160012008518,-0.9882574347382308,-1.075140316023497,-1.0812101067466242,1.0684346227433488,-1.071616425792487
175,-1.0909954582381194,0.9761145017865898,1.0767921645201761,1.0871613579624206,1.1146201700747917,1.0947312541491148,1.0825393304095774,-1.007377333748035,-1.0795845317222348,-1.0827212722415764,1.071304766769856,-1.0808475062905154
176,-1.0917284293277045,0.9852011539399435,1.0786211324843882,1.0891627063305405,1.1173126480530609,1.0960283706065173,1.082040374924741,-1.0327135546033954,-1.080303448967619,-1.0833562832740296,1.073227484612856,-1.0841147970424827
177,-1.0944122311634152,1.0098649240704745,1.0892666639683901,1.0813047806325513,1.1039525041608895,1.099679513227354,1.0895638409608004,-1.0320542477409875,-1.0891101852235736,-1.0882756092469585,1.0769893238708992,-1.0835833702334279
178,-1.0954271142105327,1.013272418627982,1.0942220728970669,1.083032260276613,1.1110074781039498,1.0975817075987155,1.0897008091331082,-1.05164508022394,-1.0933419935543571,-1.0910407205781472,1.0778531536264502,-1.087067168203899
179,-1.1075718813410391,1.052539736862117,1.1044455348508662,1.0968942310789649,1.1255604919864937,1.1091116316645155,1.0996701353889524,-1.074815007102818,-1.1058250111787533,-1.1005096192646018,1.0912007166235074,-1.0977744342826357
180,-1.1034446902827613,1.065845191800956,1.1048363399714247,1.077196749771672,1.1141089400789184,1.1030263939631209,1.0946512302179532,-1.0515508935293105,-1.096544443101977,-1.0912336353221836,1.0809740869368267,-1.0875395475897256
181,-1.1055195622902014,1.0767167220558618,1.1054303637546727,1.0746897976052883,1.1159493680640642,1.1030424077465455,1.0938685549476221,-1.0323368078248767,-1.0945674206771707,-1.0887418198783798,1.0829246702558122,-1.088405576463741
182,-1.1027117191931763,1.0817468330693247,1.1001154141150826,1.0833271958255994,1.1249129339917194,1.101873401556541,1.0905519684895935,-1.0420380373717233,-1.0896983902425244,-1.0876888269005143,1.0831754595396816,-1.090354141430276
183,-1.0892363276231158,1.0940787181345903,1.0921586218605204,1.063777182292799,1.1009192061853719,1.0918487731326647,1.0847112542847466,-1.0410961704254265,-1.0827543032132463,-1.0799481227960526,1.0795250821855802,-1.0825008341409086
184,-1.0714871507768604,1.084180757753259,1.0823103328224561,1.0478506626475426,1.0840145343218077,1.0780448918205545,1.073959252758571,-1.0514567068346807,-1.0681635509376108,-1.0719582371472107,1.0728095024730735,-1.0732697536428801
185,-1.0687469665496432,1.0674678082569125,1.0772767628696682,1.0658838647855575,1.0958069062266327,1.0830572060324921,1.073254845015273,-1.1090047772533578,-1.071937866475877,-1.0739677657309235,1.0807790286049281,-1.0829141661035067
186,-1.0691529197684901,1.062599958889044,1.0804032038341331,1.0696758932725234,1.09454587223681,1.082672875230299,1.07715843792605,-1.105708242941324,-1.080058363543056,-1.078252080671399,1.0859062761862612,-1.0827567063082313
187,-1.0641799928376143,1.0749318439543096,1.0785586036650987,1.0628502419959844,1.0671098624582445,1.0712230200816226,1.0786748712623169,-1.0771696744685573,-1.077297067759649,-1.0777296032396337,1.0784940595741166,-1.074253877363352
188,-1.0697167436835555,1.0819090947149206,1.0775112459420029,1.0787767616412407,1.0735172784065312,1.069877862273946,1.077442157711545,-1.1032593888809552,-1.0787349022504173,-1.0800847707397452,1.079664409565508,-1.0761827598554776
189,-1.0822336345980048,1.1043012018071132,1.0834358515696638,1.0928704675177958,1.0792430543603189,1.0766516926626035,1.0834491904113372,-1.1314212105752006,-1.0838326790813226,-1.0868287486666852,1.0876618011733479,-1.082835436205869
190,-1.0907248227588882,1.106410603199856,1.0863590738714382,1.0902792480517032,1.0732787044084566,1.079085787743161,1.0847699549300212,-1.1568516181251882,-1.0799766684015353,-1.0870216634107215,1.0854882940464787,-1.0816938526901212
191,-1.0975696450877808,1.1086822662381943,1.087171948522199,1.1102084644332004,1.0923305422546905,1.0841301295219488,1.0891529364438763,-1.1976344568997976,-1.084404545071969,-1.0916194648102566,1.0899189047281743,-1.0904328713279137
192,-1.099013034310348,1.0473473642030582,1.080356307219666,1.1115988748784214,1.09454587223681,1.088549933747172,1.0873723502038728,-1.2208985704733077,-1.0763330650897025,-1.0914747787522292,1.0866307785618843,-1.0900589043141342
193,-1.0991483520499636,0.9887709101430467,1.08374849566611,1.103698815530576,1.0904560322698196,1.0960924257402163,1.0936044020438853,-1.1928309354736892,-1.0782283923729876,-1.093653107736974,1.089974635680145,-1.0889566857472055
194,-1.0971411389123311,0.9902312649534064,1.0860933263894588,1.1021820041357893,1.0951593482318593,1.0964767565424096,1.0908259048342093,-1.1629737532761122,-1.0784244607126379,-1.0953411117472927,1.0893894606844496,-1.0893503352353944
195,-1.0872629439203874,1.0470228409118667,1.0788087189422562,1.0929336679925794,1.0826171723330862,1.085315149495378,1.0763855460965979,-1.1204013673035387,-1.0741109572403336,-1.0845137717382483,1.0792464274257252,-1.0824614691920895
196,-1.0753775357908109,1.096837166109716,1.071524111495053,1.0740788596823883,1.0651331064741987,1.0732247430097126,1.067472831455701,-1.06982311228745,-1.0709248467210177,-1.0708409392546663,1.075707511975566,-1.0723249948712268
197,-1.0620938443518728,1.130912111684791,1.0653024939757687,1.0572464665652466,1.0541587025627728,1.0571148768844423,1.0565642948754592,-1.0156657628754389,-1.0677877532866145,-1.0568948108836995,1.0709703810580302,-1.0585078978357985
198,-1.0551137042833645,1.1683945518173748,1.0608004189869393,1.0594795500075707,1.0581462965305892,1.0447202085137073,1.044364344099171,-1.0062470934124814,-1.062395873946234,-1.0477313605419696,1.060688020419378,-1.0517961740621786
199,-1.0453369975961322,1.1675832435893971,1.0605190393001378,1.0506946840127669,1.0559650485481937,1.0395157289006722,1.0413412608675165,-0.9736584970706436,-1.0654512722391163,-1.0413973264461067,1.0522726466717554,-1.045674924520842
200,-1.0421006483236575,1.1711529997925005,1.0612224885171422,1.0461653166533365,1.0548744245569959,1.0360567516809323,1.0397661268859748,-0.9519955573058381,-1.0604025124931236,-1.036204704585793,1.0500712740689004,-1.043135885322024
201,-1.044028926113181,1.148111846117925,1.0581585763719668,1.0586579438353956,1.0696660124376145,1.0366492616676473,1.0384062286037743,-0.9790271386645301,-1.0550759892659598,-1.0378525180244373,1.0492074443133497,-1.0493949121842268
202,-1.0482688819544719,1.122149982822629,1.061472603794299,1.065567862411644,1.0898084742750453,1.0451525806661748,1.0430631464622453,-1.0041749861306284,-1.060173766096865,-1.044355352521332,1.0584030513885667,-1.0602793205326482
203,-1.0483027113893757,1.1099803594029591,1.0629420310475977,1.06211290312352,1.0885133582854987,1.0496524538085215,1.0453818219506015,-0.9893876750737843,-1.0606475979176864,-1.0466542532210992,1.0624435454064651,-1.0602005906350105
204,-1.0408151297973087,1.1075464347190251,1.0468877566950714,1.0657995974858472,1.0908309342667932,1.041037038326021,1.0344145847250852,-1.0247076855598805,-1.0473803069346894,-1.0398057798078062,1.0517153371520451,-1.0527409328338317
205,-1.0438597789386612,1.1078709580102166,1.055469837142527,1.0752586018783332,1.0958069062266327,1.0524708796912727,1.0451763696921397,-1.0410019837307967,-1.058196743672059,-1.0478117416853179,1.0640876084896098,-1.0614602689972148
206,-1.0341620075995384,1.0828826645884941,1.0546725946965885,1.0536651063275566,1.0729719664109318,1.0472664000782381,1.0438360382916974,-1.020563470996177,-1.052216659312728,-1.0425307005673208,1.051102296680364,-1.0503396709558799
207,-1.0350415729070401,1.1047879867439006,1.0532344318529347,1.0613123637762707,1.076516494382324,1.052166617806203,1.0486103574407182,-1.039306623227465,-1.0563831115302946,-1.047007930251833,1.052857821667451,-1.0540202936704455
208,-1.0320420296788928,1.1244216458609675,1.0532656962625793,1.0659049316104845,1.0750509683941525,1.052791155359767,1.0484538223866517,-1.0620056166331944,-1.0581640656154505,-1.0490174588355456,1.0540560371348275,-1.0567364751389485
209,-1.0111016094733678,1.1273423554816888,1.0419010833567506,1.0330406847234488,1.0405940666722517,1.0305640239662524,1.0329177182705764,-1.0442043313482032,-1.041334866462142,-1.0310442351828184,1.0277788932804954,-1.0345346440050978
210,-1.0137515818741747,1.131074373330387,1.0421355664290852,1.0421415530921674,1.0524886845762516,1.030900313418172,1.032242660849916,-1.052304387086348,-1.0439817890474197,-1.029830479918256,1.0350517825127123,-1.0379987595011595
211,-1.0206640630728752,1.1427572118132705,1.0418072901278166,1.0564248603930704,1.065576172470623,1.0309643685518706,1.0314208518160681,-1.0715184727907843,-1.0433772450001646,-1.0308673966674518,1.0431885015004803,-1.0382743141428918
212,-1.0265616612244581,1.1338328213055127,1.0482477585146137,1.0590371466840913,1.065542090470898,1.036024724114083,1.03663542580465,-1.0620056166331944,-1.045109182000408,-1.03311806868121,1.0554214454581177,-1.039671769825962
213,-1.0250844425669872,1.1388629323189756,1.048654195839994,1.0525696314313222,1.0591346745226122,1.0336706979506485,1.0354124956947575,-1.0443927047374626,-1.0427073448396933,-1.031285378612864,1.0504613907326976,-1.0410692255090326
214,-1.026854849660292,1.1159840402899968,1.044214649670454,1.0593531490580048,1.0667349604612708,1.031236602870091,1.0308338453633197,-1.0474066789656098,-1.0422498520471764,-1.0300233946622923,1.0527742252394947,-1.0464622234972196
215,-1.0338124367721977,1.1367535309262329,1.055313515094304,1.0674428098301993,1.0699386684354133,1.0411491348099942,1.0420750189334522,-1.0279100331772844,-1.0558439235962567,-1.0395887507207653,1.0615797156509144,-1.0525834730385561
216,-1.0338124367721977,1.1237725992785854,1.059565474805976,1.0629345092956948,1.0618612345006062,1.0383947640609419,1.0443936944218084,-1.031960061046358,-1.0573797922568497,-1.0402157236388836,1.0611617335111319,-1.0520717287039107
217,-1.0452355092914205,1.108195481301408,1.0665530703615544,1.0830954607513963,1.0754940343905761,1.0513339010681175,1.055008727775676,-1.0686928719518964,-1.0668727677015801,-1.052932020516618,1.0669298870401316,-1.0586456751566644
218,-1.0454046564659403,1.0871014673739794,1.0662873228795748,1.0823159882290754,1.077368544375447,1.054824905854707,1.0592351742354644,-1.0755685006598554,-1.067836770371527,-1.0553836453887475,1.0697443001146678,-1.0556933039952483
219,-1.0351430612117518,1.0875882523107667,1.0644114583008961,1.0636297145183053,1.058418952528389,1.05005279839414,1.0606048559585441,-1.0372345159456147,-1.0638337084370022,-1.050343747700796,1.0677658513196968,-1.0460882564834404
220,-1.0365751739560176,1.098622044211267,1.0582992662153676,1.0723724468632538,1.070995210426886,1.0506132808140047,1.0565447279937008,-1.049761346331349,-1.056742570152987,-1.0498212702690306,1.0649793037211461,-1.0478399967058807
221,-1.036293261998485,1.1054370333262824,1.0580960475526773,1.0770914156470333,1.0695296844387148,1.051830328354284,1.0572295688552409,-1.050420653193757,-1.0587032535494885,-1.0504803956444884,1.0643105322974942,-1.0493358647609983
222,-1.0334966953797613,1.09813525927448,1.0589558188179051,1.0653150605125128,1.0614181685041817,1.0478268824981034,1.0523965490609455,-1.0494787862474602,-1.0547165306432678,-1.0467265962501129,1.0564524680695813,-1.042958743052339
223,-1.031534588155334,1.0989465675024588,1.0612537529267867,1.0727516497119507,1.0732105404090067,1.0508054462151017,1.052024778307538,-1.0637009771365287,-1.0582784388135797,-1.0474017978542405,1.0574556252050593,-1.0437657245031262
224,-1.027847179750807,1.1156595169988053,1.0591121408661286,1.0869506897131445,1.0894335722780717,1.053655899664702,1.0495006505607196,-1.0887546379079975,-1.0617913298989792,-1.0467265962501129,1.0590160918602476,-1.0467180956645425
225,-1.0163226189268726,1.1046257250983047,1.0504518993945613,1.061796900749605,1.0643833024802505,1.0437753952916486,1.0410673245229005,-1.062382363411713,-1.0490632268500204,-1.0358912181267337,1.045696394339176,-1.0337670275031294
226,-1.0140447703100086,1.1172821334547607,1.0455746514899964,1.0647883898893231,1.0684731424472418,1.0424782788342462,1.0377311711831139,-1.0714242860961547,-1.0471188824818227,-1.0329974969661875,1.0482321526538567,-1.0366013038180892
227,-1.018070473063575,1.1281536637096665,1.0412445307542126,1.0712980387919475,1.0749146403952528,1.0438394504253472,1.037682253978718,-1.0637951638311585,-1.0493573293594958,-1.033921880114695,1.056006620453813,-1.0459111142137554
228,-1.0126803164355507,1.0875882523107667,1.0296141703664041,1.0435951640121706,1.0489782386045845,1.0290106869740545,1.026206277827486,-1.0139704023721074,-1.0308778883474647,-1.0241234187405115,1.0461143764789584,-1.0375460625897426
229,-1.0227614880369182,1.0969994277553108,1.031646356993306,1.044501037484057,1.051193568586704,1.034295235504213,1.0288967240692497,-0.9778968983289739,-1.0355998675273734,-1.0268804919573655,1.0576506835369581,-1.045891431739346
230,-1.0272044204876325,1.09115800851387,1.027675776968436,1.0520640276330608,1.0691547824417402,1.033894890918595,1.0241224049202293,-0.9762015378256422,-1.0375605509238754,-1.0252487547473907,1.0632795096860301,-1.0533904544893435
231,-1.0197055624172642,1.0921315783874435,1.0242835885219919,1.0455543787304362,1.0695296844387148,1.026544564326647,1.0171761618960393,-0.9557630250910226,-1.0321850106117993,-1.0154502933732072,1.0584866478165234,-1.0448482605956455
232,-1.0186230205003388,1.0940787181345903,1.0272849718478778,1.03146067285388,1.0581122145308643,1.0223169255025206,1.0123529255426231,-0.9382442998899204,-1.0286067634131832,-1.0121546664959182,1.05087937287248,-1.0359124172137588
233,-1.0315233116770328,1.1167953485179745,1.0373052151389872,1.0508842854371159,1.074676066397178,1.0287704802226836,1.0202383788912104,-0.9729991902082358,-1.037674924122005,-1.0209805160355847,1.0552542526022044,-1.040419703853521
234,-1.044220626244303,1.1336705596599168,1.0484197127676593,1.0573728675148122,1.0740285084024048,1.0366332478842224,1.0285347367567217,-0.9912714089663753,-1.0464979994062635,-1.0316792462152717,1.0568983156853493,-1.04469080080037
235,-1.0506482188760473,1.131561158267174,1.0542974217808527,1.04289995878956,1.0491145666034833,1.0394516737669732,1.034757005155855,-0.9758247910471235,-1.0486874291990242,-1.038149928254827,1.047424053850277,-1.0381365368220257
236,-1.0599174840397207,1.130912111684791,1.0590652442516615,1.048145598196529,1.051261732586154,1.0422700996497245,1.0418891335567484,-0.994756316667671,-1.054634835501747,-1.0482457998594,1.0469224752825383,-1.043135885322024
237,-1.0644393518385444,1.1401610254837404,1.059221566299885,1.0532437698290056,1.050239272594406,1.0450725117490511,1.049031045398521,-1.0168901899056249,-1.058752270634401,-1.0539930516088183,1.0486501347936394,-1.0493358647609983
238,-1.071058644601411,1.1127388073780848,1.0620978919871922,1.0545920466243714,1.045774530630441,1.0542003683011427,1.0605265884315112,-1.021787898026363,-1.0604842076346446,-1.062111547087018,1.0514645478681757,-1.058980277221625
239,-1.0858759370893267,1.0585434177491546,1.0673503128074928,1.0801461052615335,1.0596118225187607,1.0721518195202564,1.073470080714614,-1.0899790649381833,-1.0673465995224014,-1.0786057577021324,1.0566475264014799,-1.0779148176035085
240,-1.1091618647815231,1.018302529641445,1.0869530976546866,1.1239019006361315,1.1016349281795952,1.1000158026792732,1.0974003771049918,-1.1728633562122182,-1.086463262638296,-1.1045367145463623,1.087327415461522,-1.1021242611271223
241,-1.105948068465651,0.9436621726674701,1.0891572385346342,1.116949848410028,1.0929099362500139,1.0991670721577629,1.1022138300175288,-1.1989530706246132,-1.0811530784394365,-1.1057585079252594,1.0935414166062898,-1.0983649085149187
242,-1.1115637546597013,0.9263001765887404,1.0883912604983401,1.1187194617039458,1.0934211662458881,1.0991830859411877,1.1044151042153356,-1.2307881734094137,-1.0785061558541589,-1.1087486864578242,1.0973868522922896,-1.0989357002727926
243,-1.1214193966950425,1.0090536158424968,1.0941908084874221,1.1315280912599186,1.0974428422134288,1.1065654400999845,1.1093655253001806,-1.2386056690636693,-1.09198585420511,-1.1160553323882039,1.1102049712456226,-1.1069267848830262
244,-1.1123756610973954,1.078501600157413,1.099443229307723,1.1164021109619113,1.0869115042984265,1.0989108516229675,1.1010887343164277,-1.1927367487790597,-1.0925577201957566,-1.1055495169525533,1.102625561777565,-1.1004118858535008
245,-1.0934988364210094,1.1137123772516584,1.09175218453514,1.0945558135120035,1.0726652284134073,1.0850749427440074,1.0889474841854143,-1.1463027083266744,-1.0847966817512693,-1.0920695992130083,1.0907827344837246,-1.0872639929479935
246,-1.08426340069224,1.1010559688952013,1.0838891855095112,1.0887624366569164,1.074744230396628,1.0788295672083656,1.0827741329906768,-1.1268060625383516,-1.0820353859678624,-1.0875039502708126,1.0864635857059712,-1.086043679534608
247,-1.0708669444702887,1.100569183958414,1.0781990629541853,1.079387699564141,1.0717790964205591,1.0720877643865576,1.078841189757262,-1.1023175219346584,-1.07968256589206,-1.0821344898951322,1.0810019524128123,-1.078702116579886
248,-1.0526328790570771,1.0408568983792335,1.0701797418803332,1.0498941446655188,1.0529317505726752,1.061118322740623,1.0679033028543832,-1.069540552203561,-1.06507547458812,-1.0681963996385004,1.0652300930050156,-1.0657313659440637
249,-1.0530613852325268,1.0338796476186236,1.07271215906155,1.0539389750516162,1.0771640523770982,1.069877862273946,1.0687740290926264,-1.0969488803407719,-1.0677714142583101,-1.0672961308329971,1.0675429275118125,-1.0728957866291007
250,-1.0546739216296135,1.0479964107854403,1.0773549238937798,1.0561088580191569,1.1004420581892225,1.07338488084396,1.0642345125247055,-1.0995861077904001,-1.0642912012295194,-1.0626099101757789,1.0659824608566242,-1.0702189701094165
251,-1.0525426672306668,1.0729847042071627,1.0807783767498687,1.04831413279595,1.0995559261963745,1.0731767016594385,1.0634811875770116,-1.064266097304304,-1.0618240079555876,-1.056766201054342,1.0716948834336533,-1.0649243844932765
252,-1.0693107904647086,1.0549736615460512,1.0832013684973287,1.0653571941623678,1.121641062018127,1.0818881998424876,1.0623071746715147,-1.0767929276900412,-1.0628370277104469,-1.0609620967371343,1.0683788917913777,-1.0677192958594175
253,-1.084443824345061,1.0371248805305353,1.0902045962577296,1.0797247687629825,1.1290368559584358,1.0900872569559452,1.071102488021862,-1.0684103118680075,-1.0716601029947062,-1.0684536192972156,1.0717506143856244,-1.0751002237629583
254,-1.0872178380071822,0.9978575622964004,1.096973340945796,1.0737417904835478,1.1175171400514106,1.0934661652585618,1.0773736736253912,-1.0308298207108018,-1.080417822165748,-1.0706399863962952,1.073060291756943,-1.0769897413062646
255,-1.0916720469361978,1.0241439488828867,1.1004905870308188,1.0740999265073166,1.1160856960629641,1.0954358606198025,1.085875483749364,-1.0267797928417308,-1.0918551419786764,-1.0809126965162348,1.0760140322114065,-1.0782887846172877
256,-1.1013134358838144,1.0909957468682743,1.1047894433569576,1.0969152979038932,1.1261058039820921,1.0969251424783018,1.0958448100052085,-1.0709533526230062,-1.1030310373387378,-1.0976319743327252,1.0842343476271308,-1.0868506609853952
257,-1.0983026161773657,1.089210868766722,1.1034763381518824,1.0996329183195517,1.1070880481355831,1.0976938040826882,1.1012550528113731,-1.0750033804920773,-1.104844669480502,-1.1015626122424673,1.088692823784812,-1.0870868506783085
258,-1.0842070183007335,1.06016603420511,1.0891259741249895,1.088067231434306,1.0874908982937508,1.0869325416212754,1.0891822867665137,-1.0774522345524462,-1.0901722220633456,-1.0902047566873228,1.0762926869712617,-1.080788458867287
259,-1.081275133942394,1.1013804921863928,1.0783084883879417,1.0969363647288202,1.090933180265968,1.086243948934012,1.0844079676174931,-1.1262409423705735,-1.0827706422415504,-1.0897063935985618,1.0683231608394068,-1.0870278032550802
260,-1.0849061599554144,1.111927499150106,1.0794965359544382,1.0956302215833096,1.0874227342943008,1.0937704271436315,1.0866288086970581,-1.1324572642161246,-1.0859404137325621,-1.09195706561232,1.0688526048831315,-1.0928931806290938
261,-1.0768998603614874,1.0853165892724281,1.0706174436153584,1.0797247687629825,1.072835638412032,1.0881015478112799,1.0794868968552855,-1.1022233352400286,-1.0777382215238622,-1.0814592882910046,1.0574277597290742,-1.0832094032196484
262,-1.0918524705890187,1.0231703790093134,1.0809815954125588,1.1011286628894101,1.10166901017932,1.096797032210904,1.0876365031076096,-1.0812197023376309,-1.0869534334874216,-1.0892803735388148,1.0694656453548124,-1.0897046197747644
263,-1.0930703302455598,0.9775748565969505,1.0844988414975816,1.0967467633044723,1.1011236981837207,1.0919288420497884,1.0862570379436507,-1.0361042756100587,-1.082819659326463,-1.0879460465592294,1.0648121108652329,-1.0785446567846104
264,-1.0885146330118323,0.9233794669680201,1.0780271087011397,1.0801671720864618,1.0867070123000777,1.0824166546955036,1.07841071835858,-0.9935318896374851,-1.0705000319851088,-1.0793774166782784,1.0594619394760159,-1.0651408917117804
265,-1.1003211057932996,0.987959601915068,1.0817006768343858,1.1059318989729001,1.1011918621831707,1.0985425346041986,1.0872451654724438,-1.0257437392008042,-1.0848620378644862,-1.0914024357232155,1.0791071000457975,-1.0817529001133497
266,-1.0988100577009245,0.9855256772311349,1.0817632056536752,1.1006230590911485,1.0917852302590911,1.094074689028701,1.083772043960349,-1.021787898026363,-1.0830974228076342,-1.0914667406378944,1.0729766953289863,-1.0764583144972097
267,-1.092630547591809,0.9915293581181713,1.0842799906300693,1.088256832858655,1.0785614143658198,1.0906157118089612,1.084173165036394,-0.99287258277508,-1.0855972941381742,-1.0892803735388148,1.074230641748334,-1.0709078567137469
268,-1.0927094829399182,0.9861747238135169,1.0826073447140807,1.1022662714354998,1.0934552482456124,1.0958041776385714,1.0834883241748539,-1.0182088036304378,-1.082100742081079,-1.0903655189740196,1.0771843822027976,-1.076871646459808
269,-1.0915480056748836,0.9921784047005544,1.0853586127628092,1.1102295312581274,1.0961136442241572,1.0953397779192544,1.0826371648183686,-1.0613463097707894,-1.0793394462976722,-1.0881550375319355,1.0750666060278993,-1.0747262567491787
270,-1.0868231612666364,0.9939632828021056,1.0882974672694063,1.0987059780227382,1.0867070123000777,1.0909520012608802,1.084045980304965,-1.041849663982464,-1.0789309705900676,-1.08440123813756,1.080110257181276,-1.0655345411999693
271,-1.0903526989749452,1.0041857664746283,1.0875314892331123,1.096093691731717,1.0887519322835724,1.0932419722906155,1.0853178276192532,-1.0353507820530212,-1.0791760560146302,-1.0858320224891638,1.0811412797927396,-1.0651408917117804
272,-1.094400954685114,0.9837407991295827,1.0791995240628143,1.1033617463317342,1.1005443041883973,1.0968771011280276,1.080357623093529,-1.0476892390494987,-1.0765944895425694,-1.0857516413458153,1.0802217190852181,-1.0700418278397317
273,-1.0913563055437614,0.9662165414052585,1.0765733136526638,1.094682214461569,1.0914103282621175,1.0964287151921353,1.0826665151410062,-1.0190564838821048,-1.0769702871935656,-1.0824238620111868,1.0800266607533193,-1.0662037453298903
274,-1.091018011194722,0.9658920181140669,1.078324120592764,1.0887203030070614,1.0907286882676182,1.092937710405546,1.0825001966460608,-0.99287258277508,-1.0767252017690028,-1.0834848931033871,1.0765713417311167,-1.0659478731625676
275,-1.1001519586187798,0.9861747238135169,1.0798248122557068,1.1054473619995657,1.1143815960767172,1.0960603981733668,1.0846329867577134,-1.0016319453756297,-1.081104061354524,-1.0899475370286074,1.0829525357317977,-1.0736830856054784
276,-1.0927996947663285,0.9590770289990517,1.0754477949054564,1.0873088257369132,1.111689118098448,1.0836657298026318,1.078273750186272,-0.9781794584128629,-1.0768722530237402,-1.0863625380352637,1.0746207584121312,-1.066321840176347
277,-1.0934311775512016,0.9769258100145675,1.0814192971475838,1.0814522484070441,1.1102235921102765,1.08606779731634,1.083997063100569,-0.9569874521212058,-1.080499517307269,-1.089111573137783,1.0817264547884353,-1.0667351721389453
278,-1.0964532737359516,0.9928274512829364,1.0784022816168755,1.0894365750546,1.120618602026379,1.0863560454179852,1.079799966963418,-0.9782736451074926,-1.0765944895425694,-1.0906147005184001,1.0783825976701744,-1.073309118591699
279,-1.1018998127554822,1.013921465210364,1.082966885424994,1.0921331286453302,1.1238223100005216,1.0928416277049975,1.084750388048263,-0.9940970098052632,-1.0825418958452921,-1.0954456072336458,1.085404697618522,-1.0828944836290972
280,-1.095912002777489,1.0087290925513053,1.0835609092082426,1.079598367813417,1.1032367821666664,1.093273999857465,1.0870592800957402,-0.9949446900569303,-1.0830157276661134,-1.0906790054330788,1.080165988133247,-1.081280520727523
281,-1.094040107379472,1.0111630172352395,1.0827636667623035,1.0868664224134341,1.102759634170518,1.0945871300982921,1.0852004263287036,-1.0386473163650574,-1.0817903005432996,-1.0898510796565892,1.0775744988665947,-1.0885433537846072
282,-1.0953707318190262,1.0204119310341888,1.0835452770034202,1.0954406201589617,1.1074629501325577,1.097197376796522,1.0857385155770563,-1.0706707925391172,-1.0848783768927903,-1.0922785901857144,1.0743699691282618,-1.092814450731456
283,-1.0947505255124543,1.031121199643498,1.0921273574508756,1.0937131405149003,1.0976814162115036,1.1039551934017549,1.0953067207568559,-1.0609695629922706,-1.0976718360549658,-1.0956787125493563,1.0809462214608412,-1.0933261950661017
284,-1.0987762282660205,1.0384229736953003,1.0945972458128026,1.0996329183195517,1.1060996701435601,1.107526267105468,1.0965003005441107,-1.0825383160624438,-1.0995181462533383,-1.097953498906119,1.078187539338276,-1.0950582528141326
285,-1.1052714797675727,1.0523774752165211,1.0973797782711763,1.1050470923259417,1.1127456600899208,1.1111453821594552,1.098456988719939,-1.1138082986794662,-1.1006945562912398,-1.1002523996058866,1.0796365440895224,-1.0990341126448397
286,-1.1087446350843748,1.0514039053429478,1.1058211688752306,1.0956934220580932,1.1058270141457605,1.1119620851141159,1.1019105433502754,-1.1023175219346584,-1.103308800819909,-1.1010160204676975,1.0820051095482903,-1.0970461827294862
287,-1.1076282637325456,1.055784969774029,1.1074938147912192,1.0886149688824238,1.1065427361399847,1.1082629011430054,1.1015289891559892,-1.0912976786629962,-1.1027696128858708,-1.0973988690170144,1.0817264547884353,-1.095609362097597
288,-1.1104586597861734,1.089859915349105,1.1074781825863969,1.0944504793873648,1.1186077640426084,1.106133067947517,1.099288581194666,-1.0918627988307743,-1.10018804641381,-1.0972702591876566,1.0790792345698124,-1.0973020548968089
289,-1.107233586992,1.117119871809166,1.1089476098396955,1.0766279454986272,1.1055543581479619,1.101537112104622,1.0974590777502666,-1.0535288141165338,-1.0964954260170645,-1.0921178278990173,1.0779367500544066,-1.0898817620444494
290,-1.0954496671671354,1.0935919331978041,1.102350819404675,1.0582787409866987,1.0941709702398363,1.0909520012608802,1.0865896749335415,-1.0281925932611733,-1.0838326790813226,-1.0831955209873325,1.0648957072931895,-1.0766551392413042
291,-1.0862593373515712,1.09115800851387,1.0877034434861579,1.058131273212206,1.09454587223681,1.0850108876103084,1.0778824125511064,-1.0410019837307967,-1.0737514986176413,-1.0781154327277065,1.0626386037383635,-1.0720100752806756
292,-1.0787943087161065,1.0629244821802357,1.0835296447985978,1.0521904285826265,1.0941368882401115,1.083873908987153,1.0729319914662614,-1.0507973999722757,-1.06667669936193,-1.0739677657309235,1.0653136894329722,-1.070199287635007
293,-1.0692769610298045,1.0468605792662709,1.080106191942509,1.0404140734481047,1.080231432352341,1.0814718414734448,1.0713470740438407,-1.030170513848394,-1.0641441499747815,-1.0683410856965276,1.0658152680007114,-1.0668335845109924
294,-1.0708556679919874,1.000616010271525,1.0745880236402285,1.060153688405254,1.1013622721817955,1.0815999517408428,1.0680500544675702,-1.0494787862474602,-1.0667093774185386,-1.0701175089645296,1.0711654393899286,-1.0736830856054784
295,-1.0663901825846702,0.9959104225492524,1.070007787627288,1.0606382253785884,1.0933870842461633,1.0762353342935609,1.0681576723172408,-1.0443927047374626,-1.0670524970129263,-1.0698120606198056,1.0706359953462037,-1.0739586402472105
296,-1.0627704330499512,1.0061329062217752,1.0713052606275408,1.049936278315374,1.0687457984450415,1.068148373664076,1.06816745575812,-1.032525181214136,-1.065941443088242,-1.0682446283245095,1.0677379858437113,-1.0659085082137487
297,-1.066672094542203,1.040532375088043,1.0713834216516525,1.0627027742214916,1.0770618063779234,1.0715272819666921,1.0704861312464762,-1.0588974557104176,-1.0705327100417172,-1.0713714548007667,1.0710261120100009,-1.0715376958948493
298,-1.0861691255251607,1.0528642601533085,1.0807314801354018,1.0890995058557582,1.095295676230759,1.0816319793076918,1.081453368471993,-1.098173307370955,-1.082362166533946,-1.0840555992211616,1.0854882940464787,-1.0857878073672853
299,-1.0880522974014788,1.0622754355978525,1.0841393007866682,1.0820842531548722,1.082003696338038,1.0828009854976968,1.0846623370803508,-1.1006221614313267,-1.083326169203893,-1.0852532782570543,1.0848752535747976,-1.0827567063082313
300,-1.0950211609916858,1.0833694495252812,1.085139761895297,1.0920277945206929,1.0913762462623926,1.086436114335109,1.0865994583744207,-1.1358479852227905,-1.0844372231285773,-1.089754622284571,1.088358438072986,-1.0921058816527163
301,-1.1037378787185952,1.0577321095211758,1.0859213721364132,1.1057633643734792,1.0979199902095782,1.0927615587878738,1.0876071527849722,-1.1796447982255471,-1.0825092177886837,-1.0945212240851379,1.0881912452170728,-1.0950582528141326
302,-1.1038731964582107,0.9936387595109141,1.089438618221436,1.1042465529786938,1.097204268215355,1.0985265208207737,1.0938294211841055,-1.1752180235779575,-1.0828033202981588,-1.0967879723275658,1.0928169142306667,-1.0965541208692502
303,-1.0947843549473582,0.9796842579896932,1.0839673465336228,1.0967888969543276,1.0865706843011778,1.0912242355791006,1.0872158151498064,-1.1724866094336994,-1.0753690624197556,-1.0920535229843384,1.08169858931245,-1.0873230403712217
304,-1.0967126327368817,1.0040235048290327,1.083701599051643,1.1043940207531864,1.0922964602549654,1.0933860963414381,1.0871473310636526,-1.1809634119503627,-1.0786041900239838,-1.094818634315527,1.0827853428758845,-1.0906887434952364
305,-1.095066266904891,1.0286872749595637,1.0799029732798187,1.0945558135120035,1.0801973503526168,1.0913363320630738,1.0851710760060662,-1.151388789836672,-1.0782447314012917,-1.0923670094433975,1.0788841762379138,-1.0883858939893316
306,-1.0893716453627316,1.0488077190134177,1.0744629660016503,1.077807687694572,1.057396492536641,1.0818401584922135,1.0774128073889078,-1.1144676055418739,-1.0723463421834816,-1.0836697697330888,1.06960497273474,-1.0748640340700448
307,-1.0869810319628546,1.0914825318050605,1.0752445762427663,1.0787556948163126,1.0640424824830017,1.0746019283842387,1.0736363992095592,-1.0964779468676233,-1.0763657431463107,-1.080044580168071,1.0727259060451169,-1.0741554649913048
308,-1.079583662197198,1.0960258578817372,1.07823032736383,1.0705185662696266,1.0627132844937293,1.0665309815381787,1.0698110738258155,-1.0538113742004203,-1.077983306948425,-1.0733568690414748,1.075150202455856,-1.068152310296425
309,-1.0714871507768604,1.109493574466172,1.080121824147331,1.055961390244664,1.0494894686004579,1.0640488451073469,1.0652128566126193,-1.0264972327578417,-1.0749115696272384,-1.0679311418654502,1.0657038060967692,-1.0603974153791047
310,-1.0793355796745694,1.1192292732019087,1.0845770025216932,1.0790927640151544,1.0716427684216603,1.074489831900266,1.0717579785607643,-1.0527753205594963,-1.0849927500909196,-1.0757924176849347,1.0814756655045656,-1.0738799103495726
311,-1.0781515494529323,1.1258820006713282,1.07843354602652,1.0873088257369132,1.0760393463861755,1.072712301940122,1.067061926938777,-1.0600276960459738,-1.078881953505155,-1.07414460424629,1.0837049035834063,-1.0780132299755556
312,-1.0546288157164083,1.0684413781304858,1.0562045507691764,1.060153688405254,1.0580781325311395,1.0492360954394786,1.0470352234591762,-1.003327305878964,-1.058213082700363,-1.050826034560887,1.0670692144200593,-1.0589212297983968
313,-1.0384132399191306,1.0851543276268325,1.0401815408262949,1.0492200062678365,1.0669394524596205,1.032037292041327,1.0278107621316652,-0.9753538575739752,-1.0452562332551458,-1.0276521509335115,1.0507400454925526,-1.0448482605956455
314,-1.0427321311085307,1.121500936240247,1.043136027537714,1.0658417311357022,1.084662092316582,1.0373218405714852,1.0287988896604585,-0.9961691170871135,-1.0472986117931686,-1.029669717631559,1.0562016787857118,-1.0513434771507615
315,-1.035549014430599,1.1210141513034597,1.040478552717919,1.049493874991895,1.0707225544290873,1.0336706979506485,1.0257171057835293,-0.9651816945539802,-1.043851076820986,-1.0234964458223932,1.0625271418344215,-1.0441003265680868
316,-1.0290199334941428,1.1242593842153716,1.0381337219945703,1.0393607322017253,1.0587938545253626,1.0273932948481574,1.0205123152358264,-0.9268477098397396,-1.0388023170749934,-1.0209322873495759,1.0630008549261751,-1.0444349286330472
317,-1.0327975537250802,1.1497344625738815,1.0390091254646203,1.053517638553064,1.080163268352892,1.0314287682711873,1.0247974623408898,-0.9764840979095313,-1.0426419887264766,-1.0271537878447505,1.0663168465684505,-1.0562247308043031
318,-1.0121954278685945,1.1075464347190251,1.0324435994392445,1.0468394550510187,1.0883429482868738,1.0238222211444448,1.0171076778098855,-1.0117099217009977,-1.0359429871217614,-1.016808734695797,1.0579572037727984,-1.0491193575424944
319,-1.0120375571723763,1.100569183958414,1.0301612975351857,1.0499784119652293,1.0899788842736702,1.0288185215729577,1.017831652434942,-1.0305472606269128,-1.0356162065556775,-1.016165685549009,1.0513530859642335,-1.0422501739735992
320,-1.027486332445165,1.139836502192549,1.0375553304161447,1.07022363072064,1.1031345361674916,1.0403164180719082,1.027712927722874,-1.0585207089319015,-1.042217173990568,-1.0297259844319029,1.0557001002179727,-1.0496704668259589
321,-1.037950904308777,1.1541155270049626,1.0479820110326343,1.0805463749351576,1.1109733961042247,1.04628955928933,1.0341015146169525,-1.0602160694352332,-1.0498638392369255,-1.0371532020773053,1.0611338680351463,-1.0550831472885553
322,-1.041232359494457,1.1104671443397465,1.0502330485270486,1.0588054116098884,1.0849688303141056,1.0391634256653284,1.0302859726740878,-0.9952272501408194,-1.0427400228963015,-1.032475019534422,1.0558951585498713,-1.0541974359401305
323,-1.0455850801187612,1.1255574773801367,1.0542974217808527,1.068432950601795,1.0920578862568908,1.0439355331258957,1.0353831453721198,-1.0121808551741434,-1.0494553635293211,-1.0389858921456514,1.0590718228122187,-1.0579174236035152
324,-1.0468142162536034,1.122799029405012,1.0542348929615635,1.0728991174864435,1.0916148202604663,1.0502129362283867,1.0360484193519015,-1.025178619033026,-1.0524780837655947,-1.04122048793074,1.0554493109341032,-1.057287584422413
325,-1.0487424940431267,1.1554136201697276,1.0560169643113084,1.0591214139838019,1.0777775283721467,1.051830328354284,1.0400204963488326,-1.005211039771555,-1.0562197212472528,-1.042996911198742,1.050935103824451,-1.0522685534480052
326,-1.04816739364976,1.1633644408039119,1.052859258937199,1.06394571689222,1.0897403102755954,1.0469461244097433,1.036772393976958,-1.024236752086732,-1.052314693482553,-1.040617629355626,1.04895665502948,-1.0568152050365864
327,-1.055429445675801,1.167745505234993,1.062910766637953,1.0773442175461647,1.0839122883226338,1.0554014020579967,1.0467319367919232,-1.032242621130247,-1.0606475979176864,-1.0511957878202902,1.0608830787512769,-1.0614012215739863
328,-1.0573915529002282,1.1219877211770333,1.0707268690491147,1.070392165320061,1.0777775283721467,1.0551772090900509,1.0527781032552317,-1.0042691728252582,-1.0645362866540822,-1.0535188028630622,1.0657874025247258,-1.059826623621231
329,-1.0456865684234729,1.111927499150106,1.0597530612638435,1.05495018264814,1.0707225544290873,1.0398360045691666,1.040822738500922,-0.9849609004261947,-1.0542590378507508,-1.0401031900381958,1.0532758038072334,-1.0516977616901313
330,-1.0420329894538496,1.14681375295316,1.0547820201303448,1.0615019652006197,1.0744034103993794,1.036024724114083,1.033230788378709,-0.9876923145704528,-1.0532786961524996,-1.0336405461129754,1.0529414180954073,-1.0522488709735958
331,-1.0309256583270634,1.1633644408039119,1.0513273028646115,1.0503997484637815,1.065780664468973,1.031765057723107,1.0327709666573894,-0.9566107053426898,-1.0565301627850323,-1.0281022853362631,1.0577342799649145,-1.0474660296921012
332,-1.0254678428292314,1.1698549066277357,1.0486385636351718,1.0441850351101423,1.062065726498956,1.0256477924548626,1.0314306352569473,-0.9397512870039927,-1.0553537527471313,-1.0247745060016344,1.0608830787512769,-1.047052697729503
333,-1.0377479276993535,1.1883527342256333,1.0540160420940512,1.057520335289306,1.0753577063916773,1.0341991528036645,1.0371148144077278,-0.9728108168189764,-1.0603698344365156,-1.0360117898417565,1.062220621598581,-1.0573269493712318
334,-1.0476035697346948,1.1599569462464043,1.0619415699389687,1.0595848841322093,1.0758348543878258,1.0441757398772666,1.0423196049554306,-0.9924016493019315,-1.0633435375878766,-1.04499840166812,1.0558951585498713,-1.0555358441999727
335,-1.061518743958506,1.1469760145987558,1.0771048086166226,1.0630819770701887,1.0731082944098318,1.0577714420048556,1.0576991740174395,-1.0013493852917432,-1.074421398778113,-1.0585908530083532,1.0631401823061029,-1.0611256669322542
336,-1.0691303668118874,1.1401610254837404,1.076964118773222,1.0744580625310853,1.0727674744125821,1.0598212062832204,1.0625126269299765,-1.0299821404591372,-1.074323364608288,-1.0660421849967603,1.0689919322630592,-1.0634088339637495
337,-1.0676531481544165,1.1349686528246818,1.0731185963869303,1.0702657643704954,1.0659169924678726,1.0581878003738985,1.0607320406899732,-1.0321484344356173,-1.0713333224286223,-1.0642336092714189,1.0674314656078707,-1.0590983720680818
338,-1.0579215473803896,1.1150104704164223,1.0659746787831283,1.0424364886411526,1.0356180947124132,1.0458411733534376,1.0535705619664422,-0.9992772780098903,-1.0588503048042264,-1.0554881408751007,1.0493746371692625,-1.0430571554243862
339,-1.0782304848010413,1.129776280165622,1.0741503219052035,1.0747108644302166,1.062133890498406,1.0661786783028349,1.0682848570486696,-1.0512683334454214,-1.0744867548913297,-1.0730996493827596,1.0731160227089138,-1.0654951762511504
340,-1.0806436511575208,1.0853165892724281,1.0714303182661196,1.0750900672789134,1.0627473664934541,1.0680042496132534,1.0682946404895486,-1.064925404166712,-1.0715293907682726,-1.0742973284186526,1.07152769057774,-1.070022145365322
341,-1.0789634558906263,1.0859656358548102,1.0718680200011446,1.0632926453194647,1.0496598785990827,1.066819229639824,1.0689109972649347,-1.057767215374864,-1.070058878220896,-1.0734292120704882,1.0640318775376387,-1.065219621609418
342,-1.076110506880396,1.0634112671170217,1.064739734602165,1.060575024903805,1.0474786306166872,1.0642730380752932,1.0629235314469005,-1.0892255713811458,-1.0587849486910095,-1.071138349485056,1.0504613907326976,-1.0610863019834353
343,-1.095179031687904,1.0484831957222274,1.0785429714602763,1.092470197844172,1.0685072244469669,1.0901993534399184,1.085308044178374,-1.1240746483940935,-1.0812837906658699,-1.0934039261925934,1.0816149928844934,-1.0857090774696476
344,-1.0927207594182193,1.0116498021720255,1.0776363035805816,1.087814429535176,1.0635653344868523,1.0905516566752622,1.088869216658381,-1.1385793993670486,-1.0773297458162574,-1.0934200024212632,1.0854604285704932,-1.0865160589204346
345,-1.0947843549473582,0.9903935265990021,1.0820602175452991,1.0965992955299797,1.0761075103856255,1.0944590198308948,1.0912270259102541,-1.1688133283431443,-1.0785878509956797,-1.0950517396312378,1.0876618011733479,-1.0899801744164965
346,-1.0937807483785422,0.9766012867233759,1.0815599869909849,1.112757550249438,1.099112860199951,1.0917046490818425,1.0854743626733194,-1.2140229417653463,-1.0748462135140218,-1.0934762692216071,1.0832869214436238,-1.0898030321468115
347,-1.1014600301017314,0.9735183154570598,1.0903921827155978,1.1168655811103174,1.1036457661633658,1.0981582038020052,1.0965394343076273,-1.2258904652886755,-1.0836692887982806,-1.1002604377202214,1.0945445737417683,-1.0986010982078322
348,-1.094299466380402,0.9743296236850375,1.0795434325689053,1.108544185263921,1.088172538288249,1.0901513120896442,1.0897301594557456,-1.2238183580068227,-1.0739148889006833,-1.0929136012181675,1.091340044003435,-1.0901376342117721
349,-1.1035010726742678,1.0574075862299854,1.0846551635458048,1.117139449834377,1.0899107202742202,1.0934341376917125,1.0911976755876167,-1.2300346798523762,-1.079502836580714,-1.0987814246826089,1.09465603564571,-1.0949795229164947
350,-1.096396891344445,1.0828826645884941,1.0821071141597662,1.1023926723850654,1.070211324433213,1.08087933148673,1.0834100566478206,-1.194714669366283,-1.0750749599102802,-1.0921339041276872,1.0822837643081453,-1.0849611434420887
351,-1.1021930011913161,1.0926183633242297,1.0937374745475748,1.1047100231270999,1.0714382764233106,1.09040753262444,1.097977600116861,-1.1569458048198178,-1.0882442167234518,-1.0997058078311168,1.096300098728855,-1.0918893744342124
352,-1.0968705034330999,1.0851543276268325,1.0872344773414881,1.102898276183328,1.0769936423784734,1.085907659482093,1.091481395373112,-1.1498818027225997,-1.084960072034311,-1.0989582631979755,1.0889993440206525,-1.096495073446022
353,-1.0877252795307408,1.1041389401615174,1.0807471123402241,1.0968520974291098,1.0773003803759982,1.0814718414734448,1.0886441975181609,-1.1445131611287132,-1.085744345392912,-1.0952848449469486,1.0872159535575803,-1.098010623975549
354,-1.083383835384738,1.0973239510465023,1.081231710689716,1.0749425995044197,1.0590665105231623,1.0760111413256144,1.0871179807410152,-1.108251283696323,-1.0814635199772158,-1.0901484898869787,1.0888878821167103,-1.0840163846704354
355,-1.0730771342173446,1.0436153463543592,1.0769953831828665,1.0781026232435573,1.071915424419459,1.075818975924518,1.081609903526059,-1.1242630217833502,-1.078065002089946,-1.0871261588970746,1.0888878821167103,-1.0776983103850044
356,-1.069479937639228,1.0033744582466506,1.0740096320618029,1.0764594108992063,1.0798906123550922,1.078285098571925,1.0772464888939624,-1.1343409981087182,-1.074421398778113,-1.0848031438543027,1.0838720964393191,-1.0813986155739796
357,-1.0715660861249696,1.014570511792747,1.0838735533046888,1.0670425401565742,1.0778797743713215,1.0870766656720976,1.0845058020262845,-1.108628030474839,-1.0810060271846986,-1.0857436032314802,1.0866586440378698,-1.084390351684215
358,-1.0739228700899426,1.0389097586320866,1.0842956228348914,1.05792060496293,1.0806063343493155,1.0842262122224973,1.0776671768517654,-1.1026000820185473,-1.0749115696272384,-1.0798195129666952,1.0753452607877543,-1.0830322609499634
359,-1.0752196650945927,1.0733092274983542,1.0801374563521533,1.065588929236571,1.0956705782277327,1.0826888890137236,1.071865596410435,-1.1188001934948366,-1.0701242343341126,-1.0763309713453697,1.070858919154088,-1.0818906774342159
360,-1.0833612824281356,1.0838562344620675,1.0875783858475794,1.0642617192661334,1.0923987062541403,1.0898630639879994,1.081609903526059,-1.1055198695520647,-1.0728855301175197,-1.081812965321738,1.08169858931245,-1.0839770197216168
361,-1.082639587816852,1.0978107359832894,1.0897512623178822,1.060322223004675,1.0903197042709196,1.087685189442237,1.0822751775058406,-1.0931814125555872,-1.0734083790232536,-1.0815316313200183,1.080165988133247,-1.0815167104204364
362,-1.083417664819642,1.1143614238340402,1.0868905688353971,1.0636718481681604,1.096454464221406,1.0879414099770326,1.0785868202944044,-1.075097567186707,-1.0754180795046682,-1.0798436273096996,1.0775744988665947,-1.080394809379098
363,-1.0872854968769898,1.109493574466172,1.0919554031978298,1.0629977097704781,1.0993855161977497,1.09213702123431,1.0824708463234234,-1.044298518042833,-1.0812347735809575,-1.0800526182824057,1.0790513690938268,-1.080788458867287
364,-1.092856077157835,1.1067351264910474,1.0961135696805682,1.0651675927380189,1.1058610961454856,1.095371805486104,1.0853960951462864,-1.0317716876570986,-1.085286852600395,-1.0805188289138272,1.0811970107447106,-1.0825401990897272
365,-1.0995881347037146,1.0976484743376937,1.0952069018008734,1.0745212630058676,1.1110415601036747,1.0930177793226696,1.0826860820227644,-1.0508915866669053,-1.082721625156638,-1.082841843956599,1.0728930989010301,-1.0818316300109874
366,-1.1096467533484793,1.0874259906651709,1.1050864552485817,1.0865925536893757,1.124503949995021,1.1036349177332605,1.0925869241924548,-1.0474066789656098,-1.0952373208376425,-1.0904780525747078,1.0839278273912902,-1.092460166192086
367,-1.1123418316624913,1.0697394712952508,1.1074469181767523,1.0784607592673272,1.1169036640563623,1.106901729551904,1.0965492177485066,-1.0257437392008042,-1.096005255167939,-1.0902851378306713,1.0850424464307105,-1.089468430081851
368,-1.1189498479470568,1.0540000916724777,1.1088069199962944,1.1014235984383967,1.1441351818365781,1.1163178342056403,1.0973318930188378,-1.0435450244857956,-1.1002043854421142,-1.096611133812199,1.0920366809030726,-1.098856970375155
369,-1.1208668492582787,1.0380984504041089,1.1095572658277664,1.0997803860940443,1.145089477828876,1.1186078052353756,1.0987602753871923,-1.043733397875055,-1.100906963659194,-1.098773386568274,1.0882748416450294,-1.0980499889243678
370,-1.1242046868354652,1.0450757011647198,1.1183425649379117,1.096873164254038,1.1309113659433068,1.120785679781138,1.1084947990619372,-1.0443927047374626,-1.1092398680943276,-1.1043598760309956,1.094433111837826,-1.0987979229519267
371,-1.1146196802793553,1.0437776079999548,1.1103701404785271,1.0921331286453302,1.1245380319947458,1.1089034524799941,1.100697396681262,-1.069540552203561,-1.104370837659681,-1.099086873027333,1.084345809531073,-1.0939363517727945
372,-1.1217351380874792,1.0624376972434484,1.1165292291785225,1.1033617463317342,1.135989583902321,1.115533158817829,1.104659690237314,-1.0961953867837344,-1.1074752530374758,-1.1050752682067972,1.091284313051464,-1.1023801332944452
373,-1.1098384534796015,1.0726601809159713,1.1079315165262442,1.091058720574024,1.1106325761069753,1.108567163028075,1.102292097544562,-1.0856464769852205,-1.101805610215924,-1.0979936894777933,1.0816707238364645,-1.0952944425070459
374,-1.1135935207539365,1.0677923315481028,1.1060087553330988,1.097315567577517,1.1223567840123503,1.1101525275871222,1.0996701353889524,-1.1019407751561396,-1.0981456678757868,-1.0999951799471712,1.0817543202644209,-1.1017306116389334
375,-1.1124545964455044,1.0616263890154707,1.1060243875379212,1.0871613579624206,1.1082127541265059,1.1105848997395897,1.1035150276544545,-1.0591800157943068,-1.102328459121658,-1.101409888070105,1.080444642893102,-1.0963769785995652
376,-1.1089025057805932,1.0380984504041089,1.1058524332848754,1.0709188359432507,1.096488546221131,1.1056526544447753,1.0997288360342272,-1.0151948294022906,-1.0968875626963648,-1.100011256175841,1.0736454667526387,-1.0905116012255514
377,-1.110560148090885,1.041019160024829,1.10588369769452,1.0799775706621126,1.1001012381919728,1.108374997626978,1.0985548231287305,-1.0316775009624688,-1.0977371921681824,-1.102012746645219,1.0783268667182038,-1.092538896089724
378,-1.1050008442883414,1.0366380955937482,1.1035076025615271,1.0759959407507989,1.0977154982112285,1.1049160204072381,1.0963046317265281,-1.0440159579589439,-1.094583759705475,-1.0974953263890328,1.0798037369454354,-1.089429065133032
379,-1.1010879063177883,1.08044873990456,1.110463933707461,1.081810384430813,1.1058610961454856,1.1059248887629958,1.1003256259278547,-1.0764161809115225,-1.1017565931310116,-1.097101458786625,1.0920366809030726,-1.0918106445365745
380,-1.1069516750344675,1.0585434177491546,1.1095572658277664,1.095503820633745,1.1272645919727398,1.1069337571187534,1.0960502622636705,-1.102976828797066,-1.1017402541027075,-1.0980258419351328,1.0952412106414058,-1.0929128631035034
381,-1.1118569430955352,1.0681168548392943,1.1093227827554313,1.0953984865091067,1.1301274799496337,1.1090796040976663,1.0984667721608181,-1.0631358569687506,-1.1042401254332475,-1.1010401348107022,1.0997832832270433,-1.094900793018857
382,-1.1112818427021687,1.0619509123066622,1.1127306034066977,1.0817050503061754,1.114279350077542,1.1106969962235629,1.1012844031340108,-1.0359159022207993,-1.1081288141696428,-1.0998424557748092,1.0997832832270433,-1.0963572961251558
383,-1.112657573054928,1.0726601809159713,1.1079784131407113,1.0956512884082379,1.12712826397384,1.1102646240710954,1.104297702924786,-1.0680335650894888,-1.109566648660411,-1.1020850896742327,1.1016781355940577,-1.102143943601532
384,-1.1185777241631136,1.1117652375045104,1.113230833961012,1.101908135411731,1.1312181039408313,1.1121542505152129,1.1069392319621538,-1.0656788977237495,-1.1168375162557727,-1.107358092677895,1.0988637225195215,-1.0998607765700363
385,-1.1027455486280802,1.1294517568744316,1.1116832456836023,1.0767332796232645,1.0958069062266327,1.1044195931210719,1.1003941100140089,-1.0455229450730188,-1.112850793349552,-1.0959921990084154,1.0880240523611595,-1.0885433537846072
386,-1.1010202474479804,1.1419459035852928,1.1018818532600052,1.0829479929769026,1.10166901017932,1.1076223498060163,1.0976840968904868,-1.1135257385955797,-1.1063805381410954,-1.0952928830612834,1.0800545262293049,-1.0968690404598012
387,-1.1064893394241138,1.1781302505531106,1.1059931231282765,1.091079787398951,1.105452112148787,1.107061867386151,1.1037302633537958,-1.117481579770021,-1.1113639417738712,-1.1036284076265241,1.0815592619325223,-1.1010220425601935
388,-1.1020238540167966,1.175858587514772,1.1069154232127936,1.080019704311968,1.0866047663009029,1.1001759405135205,1.1062054738962181,-1.0602160694352332,-1.1087987143301146,-1.1000032180615062,1.0778252881504646,-1.09338524248933
389,-1.100050470314068,1.1148482087708276,1.101834956645538,1.0759538071009436,1.090012966273395,1.0944910473977443,1.0999440717335685,-1.0165134431271061,-1.0984397703852624,-1.0931788589912177,1.075540319119653,-1.0878347847058671
390,-1.1061848745099785,1.1106294059853412,1.1020694397178732,1.0893523077548894,1.1233792440040982,1.0948113230662386,1.0949349500034484,-1.0182088036304378,-1.0969202407529732,-1.0926001147591082,1.084345809531073,-1.0895865249283077
391,-1.0915592821531848,1.0635735287626176,1.0967232256686386,1.0714876402162954,1.1093374601174286,1.0893826504852575,1.0830774196579303,-1.0213169645532145,-1.0856953283079995,-1.0747233484783996,1.0711097084379575,-1.079371320709807
392,-1.0790762206736393,1.0324192928082627,1.089688733498593,1.068559351551361,1.1116550360987232,1.0897029261537519,1.0735874820051639,-1.0379880095026497,-1.07308159845717,-1.0645872863021522,1.0734782738967255,-1.0727973742570533
393,-1.0777455962340852,1.0444266545823369,1.0841393007866682,1.0726884492371684,1.1248788519919946,1.0888541956322417,1.0659563981194342,-1.0723661530424489,-1.066660360333626,-1.064225571157084,1.0726423096171602,-1.0732107062196519
394,-1.0618908677424492,1.064060313699405,1.0775894069661145,1.0544024452000222,1.1147905800734166,1.0750343005367062,1.0579633269211763,-1.0733080199887457,-1.0589646780023556,-1.0572967166004423,1.0616911775548565,-1.062365662820049
395,-1.0688935607675603,1.1129010690236796,1.0849052788229618,1.0504840157634918,1.0946481182359848,1.0841461433053734,1.0740864374899999,-1.0526811338648665,-1.0702712855888505,-1.0703023855942313,1.0812527416966817,-1.069884368044456
396,-1.079730256415115,1.106410603199856,1.0880160875826044,1.068980688049913,1.0993173521982997,1.092937710405546,1.083635075788041,-1.0864941572368878,-1.08058121244879,-1.0831633685299933,1.0916465642392754,-1.0869293908830329
397,-1.0809255631150534,1.0794751700309864,1.0885475825465634,1.0704342989699163,1.0930462642489136,1.093674344443083,1.0870984138592568,-1.0923337323039226,-1.085842379562737,-1.087970160902234,1.0922317392349714,-1.0909052507137402
398,-1.0786928204113948,1.0413436833160208,1.0850303364615406,1.0610806287020675,1.071165620425511,1.0900712431725204,1.088008273861017,-1.0826325027570736,-1.083162778920851,-1.0894974026258557,1.0933184927984059,-1.0844100341586245
399,-1.0827749055564677,1.0468605792662709,1.0822165395935226,1.0747108644302166,1.077470790374622,1.0901833396564937,1.0897203760148664,-1.1243572084779798,-1.0857606844212162,-1.0946257195714908,1.0960771749209712,-1.092361753820039
400,-1.081568322378228,1.0596792492683238,1.0769015899539325,1.0772599502464542,1.0770618063779234,1.0789096361254895,1.0821186424517741,-1.1360363586120497,-1.0772153726181282,-1.0895536694261998,1.0876060702213772,-1.084173844465711
401,-1.0757722125313567,1.0663319767377433,1.0760105542790601,1.0692756235988983,1.0588961005245374,1.07338488084396,1.084319916649581,-1.1103233909781733,-1.0774767970709953,-1.0858963274038425,1.0848195226228265,-1.077088153678312
402,-1.0784109084538622,1.0317702462258798,1.074181586314848,1.0755114037774645,1.0642469744813505,1.07280838464067,1.0821186424517741,-1.1182350733270585,-1.0748462135140218,-1.0872386924977628,1.0862685273740729,-1.0758875227393359
403,-1.0908375875419014,1.0535133067356905,1.0792776850869255,1.0988745126221588,1.0758007723881007,1.0828330130645463,1.086550541170025,-1.1520480966990796,-1.0794211414391932,-1.0930663253905297,1.0964394261087826,-1.0823630568200422
404,-1.088311656402409,1.027875966731586,1.0785586036650987,1.0899211120279344,1.0708248004282612,1.0806391247353593,1.083214387830238,-1.1505411095850049,-1.0740456011271167,-1.086185699519897,1.0895845190163478,-1.0744507021074465
405,-1.0882778269675049,1.0283627516683722,1.0840611397625564,1.0947454149363514,1.0781524303691212,1.086420100551684,1.0842709994451851,-1.1478096954407466,-1.0789309705900676,-1.0872145781547582,1.0950461523095072,-1.0756119680976037
406,-1.087950809096767,1.000129225334739,1.0843112550397138,1.1101241971334899,1.098874286201876,1.0892545402178597,1.0821577762152907,-1.1716389291820322,-1.0763167260613982,-1.0872065400404234,1.0976376415761595,-1.0807294114440587
407,-1.0809932219848613,0.9621600002653677,1.0805751580871783,1.0981793073995485,1.091035426265143,1.085715494080996,1.0797119159955058,-1.1690958884270335,-1.0718725103626603,-1.0819978419514398,1.0938758023181159,-1.074745939223588
408,-1.083304900036629,0.9462583589969988,1.083701599051643,1.0987902453224485,1.0895699002769714,1.089606843453204,1.0811989990091353,-1.1655167940311109,-1.0736371254195123,-1.0832437496733416,1.0953248070693624,-1.0816544877413026
409,-1.0828989468177819,0.9788729497617144,1.0783710172072312,1.1064796364210179,1.09004704827312,1.087509037824565,1.0780976482504476,-1.1821878389805458,-1.0713660004852308,-1.0837823033337766,1.0897795773482466,-1.0821859145503574
410,-1.077407301885046,1.01960062280621,1.0766671068815974,1.093081135767072,1.0794475463586677,1.0829290957650948,1.0739103355541753,-1.1517655366151907,-1.0714313565984472,-1.079216654391581,1.0841507511991741,-1.0781903722452406
411,-1.0690176020288746,1.0677923315481028,1.0726808946519053,1.071003103242961,1.0588620185248125,1.079486132328779,1.0720612652280177,-1.0840453031765187,-1.0695360293151621,-1.0745465099630327,1.0799987952773338,-1.0714589659972114
412,-1.0691303668118874,1.0776902919294353,1.0641144464092718,1.0705185662696266,1.0570897545391165,1.0720237092528586,1.0650758884403115,-1.0965721335622531,-1.066398935880759,-1.0729951538964064,1.079190696473754,-1.0719116629086285
413,-1.0615638498717115,1.1307498500391964,1.0623323750595268,1.0558560561200254,1.0477172046147618,1.0644812172598144,1.0628648308016257,-1.0543764943681981,-1.0683106021923483,-1.0681401328381563,1.0832311904916527,-1.0673650113200472
414,-1.0500956714392833,1.13172341991277,1.062129156396837,1.0319241430022874,1.029517416761651,1.0515100526857892,1.0553217978838083,-0.9861853274563779,-1.0651408307013368,-1.0570314588273921,1.0753173953117687,-1.0539218812983984
415,-1.0441755203310978,1.1529796954857934,1.062910766637953,1.0351263003912803,1.036810964702785,1.0437113401579496,1.0481798860420357,-0.9797806322215675,-1.0633435375878766,-1.0515253505080193,1.0679330441756096,-1.0514418895228086
416,-1.0436906317641417,1.1523306489034102,1.063645480264602,1.0448802403327528,1.0489782386045845,1.0435512023237024,1.0456166245317011,-0.9857143939832295,-1.0635069278709186,-1.0504321669584793,1.0692148560709431,-1.0545910854283194
417,-1.03201947672229,1.1792660820722798,1.0592840951191742,1.0292907898863393,1.0356180947124132,1.0342632079373635,1.038024674409488,-0.9560455851749117,-1.0546838525866595,-1.0397414748931273,1.0578457418688563,-1.043450804912575
418,-1.0342183899910447,1.1729378778940518,1.0604565104808483,1.0404140734481047,1.053954210564423,1.0386349708123126,1.0377311711831139,-0.9633921473560189,-1.055892940681169,-1.041935880106542,1.0623320835025232,-1.0493358647609983
419,-1.0304407697601072,1.1484363694091164,1.0517493723948141,1.0550765835977058,1.0730401304103818,1.035624379528465,1.0318513232147501,-0.9935318896374851,-1.052314693482553,-1.0362770476148067,1.064589187057349,-1.0538825163495795
420,-1.0266744260074712,1.1281536637096665,1.0495452315148666,1.0470079896504394,1.072085834418084,1.034935786841202,1.030452291169033,-0.9747887374061996,-1.0492592951896706,-1.0315908269575884,1.0652858239569867,-1.0522488709735958
421,-1.0228178704284245,1.1250706924433505,1.0423387850917756,1.0474082593240635,1.0759030183872758,1.030772203150774,1.025286634384847,-0.9803457523893455,-1.0429851083208643,-1.025184449832712,1.0636417608738415,-1.0487060255798961
422,-1.0212053340313378,1.1242593842153716,1.0335378537768074,1.053749373627267,1.0867070123000777,1.0279858048348722,1.0185947608235149,-0.9902353553254515,-1.0373808216125295,-1.0222424999861566,1.0634745680179287,-1.0514222070483992
423,-1.0162436835787634,1.119716058138695,1.027863363426304,1.0450277081072468,1.0749828043947027,1.0251513651686968,1.016021715872301,-0.9852434605100837,-1.0317438568475863,-1.0174437457282504,1.05857024424448,-1.047544759589739
424,-1.0183523850211076,1.1080332196558123,1.0298642856435611,1.0452594431814497,1.0740625904021297,1.0265285505432225,1.0192796016850547,-0.9724340700404603,-1.03386793052713,-1.0183279383050838,1.0626943346903346,-1.0484895183613923
425,-1.0205625747681635,1.095052288008164,1.027519454920213,1.054739514398864,1.084730256316032,1.0285943286050119,1.0208253853439588,-0.9885399948221173,-1.034684881942339,-1.0214788791243457,1.0624435454064651,-1.0521504586015487
426,-1.0226599997322063,1.0976484743376937,1.0294734805230032,1.0581102063872778,1.0847643383157568,1.0313166717872146,1.0230657933052822,-0.9919307158287831,-1.0366782433954496,-1.0238661990817965,1.0651464965770594,-1.0542564833633588
427,-1.025636990003751,1.0851543276268325,1.0342413029938118,1.0429631592643422,1.070279488432663,1.0317810715065316,1.0257953733105625,-0.9705503361478667,-1.0390800805561646,-1.0244047527422315,1.0663168465684505,-1.0499657039421004
428,-1.0277231384894927,1.0989465675024588,1.0308334823425453,1.053749373627267,1.0811175643451898,1.0354802554776423,1.0258834242784745,-0.9843957802584166,-1.0388840122165144,-1.0266715009846594,1.0657874025247258,-1.0562247308043031
429,-1.0234831826482016,1.1004069223128183,1.0257530157752903,1.0467130541014529,1.0761756743850754,1.0296352245276186,1.019240467921538,-0.9842074068691572,-1.0314987714230233,-1.0218968610697579,1.0570655085412621,-1.050792367867297
430,-1.0190289737191858,1.087263729019575,1.0266284192453405,1.0344942956434533,1.0569875085399416,1.0272972121476094,1.017430531358897,-0.9507711302756549,-1.0291949684321338,-1.0183359764194189,1.0548920014143928,-1.044159373991315
431,-1.0252535897415067,1.0991088291480544,1.0286762380770647,1.044901307157681,1.067484764455219,1.0313486993540641,1.0222733345940718,-0.9591537460976884,-1.0338515914988258,-1.0225801007882203,1.0597684597118562,-1.049099675068085
432,-1.0311060819798843,1.1140369005428488,1.0311773908486364,1.05730966704003,1.0769254783790234,1.0361368205980561,1.0252572840622096,-0.9652758812486099,-1.0383775023390847,-1.0273145501314476,1.0671528108480155,-1.055417749353516
433,-1.0298318399318367,1.0947277647169733,1.0339130266925431,1.0441429014602872,1.063906154484102,1.0352880900765458,1.0278107621316652,-0.9395629136147333,-1.0393905220939441,-1.026366052639935,1.0690476632150299,-1.0516583967413125
434,-1.0333388246835429,1.1007314456040098,1.037774181283657,1.0506104167130563,1.0715405224224854,1.038602943245463,1.0308925460085945,-0.9438013148730663,-1.0449131136607581,-1.0298626323755955,1.0750108750759284,-1.0570120297806809
435,-1.0320533061571942,1.1257197390257323,1.0320684265235087,1.0540653760011807,1.0762438383845252,1.0333824498490036,1.0239854367479213,-0.9612258533795388,-1.038949368329731,-1.0252326785187211,1.0699114929705806,-1.0544533081074534
436,-1.0304407697601072,1.10624834155426,1.0337098080298528,1.0471765242498603,1.0709611284271612,1.0317170163728326,1.023877818898251,-0.9465327290173218,-1.0387532999900808,-1.0239626564538147,1.069159125118972,-1.0512056998298953
437,-1.0259865608310916,1.1223122444682248,1.0356169370181763,1.0437636986115915,1.0650990244744736,1.03130065800379,1.0236332328762723,-0.9303326175410351,-1.0406486272733662,-1.0219933184417762,1.0707753227261314,-1.0477415843338336
438,-1.0285350449271866,1.1116029758589157,1.0352573963072629,1.0474714597988468,1.0714041944235857,1.0274413361984316,1.0199448756648362,-0.9369256861651049,-1.0364004799142785,-1.0214949553530153,1.0661496537125374,-1.0496704668259589
439,-1.031974370809085,1.1250706924433505,1.0402284374407615,1.0485248010452262,1.0696660124376145,1.0316849888059831,1.0254725197615506,-0.9338175252423281,-1.0441451793304615,-1.0253291358907393,1.0674871965598418,-1.0499657039421004
440,-1.0329554244212984,1.1305875883936007,1.0474974126831422,1.035695104664325,1.0505800925916557,1.0318771542070797,1.0270574371839714,-0.9135673858969678,-1.0424949374717387,-1.027129673501746,1.0608830787512769,-1.0438838193495827
441,-1.0473216577771622,1.1573607599168745,1.054062938708518,1.051347755585522,1.0631904324898778,1.0387951086465599,1.034267833111898,-0.9419175809804727,-1.050893198020089,-1.0361484377854489,1.0616075811269,-1.053331407066115
442,-1.0590491952105203,1.1795906053634713,1.0624105360836387,1.0582366073368434,1.0617930705011562,1.0466738900915231,1.041928267320265,-0.9589653727084291,-1.0587849486910095,-1.0460513946459855,1.0629729894501896,-1.0568939349342241
443,-1.0670103888912421,1.196952601442201,1.0712114673986068,1.055540053746112,1.0501370265952312,1.0541843545177179,1.0519269438987464,-0.95868281262454,-1.0671505311827516,-1.0546762913272807,1.0643105322974942,-1.0549060050188706
444,-1.0693897258128178,1.199386526126135,1.0719930776397228,1.061354497426126,1.0525568485757015,1.0555935674590935,1.0558305368095238,-0.9887283682113767,-1.0707451174096718,-1.0603190475903461,1.0621927561225954,-1.0533904544893435
445,-1.072975645912633,1.1875414259976558,1.0729310099290623,1.0608699604527916,1.0483306806098103,1.0575472490369098,1.0585405499330456,-0.9942853831945225,-1.0738331937591623,-1.0638156273260064,1.0664840394243633,-1.0512647472531236
446,-1.0782981436708492,1.1403232871293363,1.076104347507994,1.0524642973066847,1.0373562766983844,1.0620951635295306,1.0650074043541575,-0.9842074068691572,-1.0726731227495654,-1.068381276268202,1.072502982237233,-1.0541187060424928
447,-1.0839363828215023,1.122149982822629,1.0739002066280465,1.061544098850475,1.0427412326549224,1.0693654212043546,1.071034003935708,-1.0219762714156222,-1.0734737351364705,-1.0728986965243883,1.0766549381590733,-1.0583898029893417
448,-1.0955511554718471,1.089859915349105,1.0731185963869303,1.085054675469661,1.0617930705011562,1.0777086023686349,1.0752115331911012,-1.0974198138139202,-1.073620786391208,-1.0832276734446717,1.0755124536436675,-1.0655345411999693
449,-1.1011330122309935,1.0590302026859406,1.078761822327789,1.087856563185031,1.0648604504763999,1.0856354251638725,1.0824904132051816,-1.0994919210957705,-1.075859233268881,-1.0885328289056737,1.0780482119583483,-1.070553572174377
450,-1.101403647710225,1.0260910886300336,1.0854993026062103,1.0940080760638855,1.074710148396903,1.0898630639879994,1.0866777259014537,-1.1041070691326196,-1.0787675803070256,-1.0947623675151834,1.0830082666837684,-1.0762811722275247
451,-1.1061961509882798,0.9989933938155696,1.0903452861011307,1.1130314189734976,1.0965226282208558,1.0941227303789753,1.0904052168764065,-1.148563188997784,-1.080499517307269,-1.1017796413295082,1.0898074428242321,-1.0838392424007506
452,-1.1012796064489105,0.9444734808954477,1.0903921827155978,1.112125545501611,1.1020098301765688,1.0925533796033526,1.0918825164491566,-1.1738052231585148,-1.078163036259771,-1.1009115249813444,1.0955477308772463,-1.0867325661389384
453,-1.0913224761088574,0.9618354769741774,1.082826195581593,1.0952299519096858,1.0904901142695445,1.0847546670755126,1.0869320953643113,-1.1603365258264837,-1.0726077666363487,-1.0932512020202314,1.0920645463790581,-1.079233543388941
454,-1.1005128059244218,1.0277137050859901,1.0882036740404724,1.1072801757682658,1.0996922541952743,1.0882937132123762,1.0914031278460787,-1.1813401587288814,-1.0800256854864476,-1.1006462672082942,1.1005635165546375,-1.089645572351536
455,-1.099565581747112,1.0830449262340898,1.0900482742095066,1.1100399298337795,1.0978177442104033,1.0890944023836127,1.0938098543023471,-1.1677772747022206,-1.0866920090345547,-1.0998826463464835,1.1038237772449417,-1.0925979435129523
456,-1.0915592821531848,1.1020295387687749,1.0829512532201717,1.0881725655589447,1.0740625904021297,1.0769399407642484,1.0848482224570544,-1.1419701203737145,-1.076496455372744,-1.0909603394347989,1.0885256309288989,-1.0826189289873651
457,-1.0945024429898256,1.115172732062018,1.082826195581593,1.1015499993879623,1.0849688303141056,1.0791658566602849,1.0868342609555202,-1.1676830880075908,-1.0823785055622501,-1.093966594196033,1.0882469761690439,-1.0929915930011411
458,-1.089281433536321,1.1017050154775834,1.0786367646892105,1.092680866093448,1.0759371003870006,1.0751143694538299,1.0828524005177096,-1.15412020398093,-1.0792577511561512,-1.0904217857743637,1.0792742929017107,-1.0915744548436612
459,-1.0818389578574592,1.0838562344620675,1.0797310190267728,1.077618086270223,1.060975102507758,1.0766036513123294,1.0879104394522254,-1.1172932063807617,-1.0828359983547673,-1.0894250595968422,1.081169145268725,-1.0882874816172845
460,-1.0800911037207568,1.0509171204061605,1.0766983712912421,1.0769439478725407,1.0600208065154602,1.0739453632638254,1.0829893686900178,-1.1203071806089089,-1.0779669679201207,-1.0872869211837717,1.078131808386305,-1.0856303475720097
461,-1.0757271066181515,1.073471489143949,1.0768234289298209,1.0735521890591986,1.0597140685179356,1.0777566437189092,1.0815903366443007,-1.113148991817061,-1.0797152439486684,-1.0863705761495988,1.079190696473754,-1.084705271274766
462,-1.065014452231911,1.049294503950205,1.0756510135681467,1.050125879739722,1.0532725705699246,1.073272784359987,1.0755441701809918,-1.074344073629672,-1.0720685787023105,-1.0776652983249548,1.0745650274601601,-1.0726989618850062
463,-1.058417712425647,1.032257031162667,1.07271215906155,1.0430263597391256,1.0602934625132598,1.0736891427290296,1.0699578254390025,-1.0767929276900412,-1.06667669936193,-1.0719823514902151,1.0719178072415372,-1.0714196010483923
464,-1.0619810795688598,1.0552981848372427,1.0729466421338847,1.0545288461495879,1.0832647303278595,1.0797903942138491,1.0689109972649347,-1.1039186957433602,-1.0664642919939755,-1.0739597276165886,1.0727537715211024,-1.078032912449965
465,-1.0589702598624111,1.060815080787493,1.0777613612191603,1.044522104308984,1.083673714324559,1.075354576205201,1.0666803727444905,-1.0852697302067018,-1.0618730250405,-1.067030873059947,1.066902021564146,-1.0696284958771334
466,-1.0444799852452331,1.0684413781304858,1.0709769843262722,1.037464717958243,1.0934552482456124,1.0627997700002187,1.0515062559409436,-1.0768871143846708,-1.0479848509819445,-1.0497248128970125,1.056006620453813,-1.0547091802747761
467,-1.0614172556537944,1.0564340163564119,1.0750569897848983,1.0588264784348154,1.1186759280420584,1.0744738181168414,1.0558403202504028,-1.094405839585773,-1.0541773427092298,-1.057135954313745,1.0611617335111319,-1.0637237535543005
468,-1.0658489116262075,1.0312834612890935,1.0779176832673838,1.0582366073368434,1.1132909720855202,1.0773402853498664,1.0584133652016166,-1.0653963376398603,-1.0562687383321654,-1.0568706965406953,1.0590160918602476,-1.0625624875641435
469,-1.075557959443632,1.0489699806590136,1.0876409146668686,1.0593531490580048,1.105315784149887,1.0823846271286541,1.0695958381264743,-1.0359159022207993,-1.0684739924753903,-1.0629153585205033,1.061886235886755,-1.0659085082137487
470,-1.0906909933239843,1.0809355248413473,1.0943002339211785,1.0749636663293478,1.1179261240481102,1.0876691756588124,1.0785379030900089,-1.0321484344356173,-1.0819700298546455,-1.0760737516866545,1.0711097084379575,-1.0810049660857908
471,-1.1055421152468041,1.1257197390257323,1.1033981771277708,1.0863818854400997,1.1205845200266542,1.0959002603391195,1.0947294977449864,-1.0225413915833979,-1.0956948136301596,-1.09116129229317,1.0839556928672758,-1.0909642981369687
472,-1.1014374771451287,1.1090067895293858,1.1026009346818324,1.071993244014558,1.0968634482181054,1.0906957807260849,1.0975764790408162,-1.0108622414493305,-1.0948451841583422,-1.0914506644092248,1.074760085792059,-1.0859059022137418
473,-1.1062976392929915,1.139836502192549,1.1055554213932515,1.0915853911972135,1.100885124185647,1.1002880369974932,1.105432582066766,-1.075662687354485,-1.10659294550905,-1.1005658860649459,1.075818973879508,-1.0965344383948408
474,-1.1064442335109086,1.1815377451106182,1.1085255403094927,1.090089646627355,1.1021120761757437,1.1007524367168102,1.1041313844298404,-1.112301311565394,-1.1105633293869663,-1.1045126002033576,1.0736176012766532,-1.098955382747202
475,-1.1040197906761278,1.1868923794152737,1.111104854105176,1.0841909356476307,1.0952275122313093,1.1084550665441018,1.1092676908913892,-1.107026856666137,-1.1185367751994078,-1.1059835751266354,1.0866586440378698,-1.1000772837885404
476,-1.1021704482347137,1.1662851504246323,1.1065246180922355,1.0896893769537312,1.1090988861193538,1.1117699197130195,1.1036324289450044,-1.1364131053905684,-1.1136023886515443,-1.1011767827543946,1.0873552809375076,-1.1030493374243662
477,-1.1050797796364504,1.1589833763728297,1.1083379538516247,1.0957566225328752,1.1204481920277543,1.1109211891915094,1.103397626363905,-1.1312328371859413,-1.11749107738794,-1.1009436774386838,1.093931533270087,-1.1047617126979876
478,-1.1076282637325456,1.1231235526962025,1.1190147497452718,1.0879829641345955,1.1137340380819438,1.110104486236848,1.1073697033608358,-1.0671858848378217,-1.1219026150300695,-1.1032345400241164,1.0996439558471156,-1.0965147559204313
479,-1.1134018206228142,1.1065728648454516,1.117920495407709,1.09546168698389,1.1267533619768653,1.1112414648600035,1.109316608095785,-1.0591800157943068,-1.1207752220770808,-1.1073982832495692,1.1001455344148547,-1.0963572961251558
480,-1.1152173336293245,1.089210868766722,1.107415653767108,1.1012129301891205,1.1401135058690366,1.10970414165123,1.1045618558285228,-1.0886604512133677,-1.1114783149720007,-1.1072214447342026,1.0981392201438984,-1.1005890281231858
