t,s1,s2,s3,s4,s5,s6,s7,s8,s9,s10,s11,s12
0,-1.0329215949863946,1.0724979192703754,1.0422918884773087,1.0494306745171116,1.0478194506139367,1.026560578110072,1.0544804219682022,-1.0739673268511534,-1.060696615002599,-1.0358349513263898,1.0604372311355088,-1.047761266808243
1,-1.02467848934814,1.1161463019355915,1.051077187587454,1.023602747155891,1.028665366768528,1.0168402115712656,1.0566327789616132,-1.061440496465419,-1.064977440418295,-1.0293642692868346,1.0602700382795955,-1.034672421325964
2,-1.046024862772512,1.0966749044641202,1.0637080090838913,1.0582576741617704,1.0677233384532936,1.0481471581665978,1.0640388437071227,-1.119082753578723,-1.0754670965895807,-1.0499820325557279,1.0706081298702181,-1.0563625081251693
3,-1.0467014514705903,1.1122520224412977,1.0653962872047023,1.0475978607484124,1.050477846592481,1.0502769913620857,1.0645867163963545,-1.0617230565493054,-1.076659845655786,-1.0514449693646706,1.0686575465512331,-1.0537644215031228
4,-1.0382666457012135,1.1250706924433505,1.0536877657927821,1.0530331015797296,1.0499666165966064,1.0435031609734282,1.0518682432534718,-1.0667149513646732,-1.061840346983892,-1.0443714287500017,1.0582079930566684,-1.047584124538558
5,-1.0416270362350026,1.1065728648454516,1.0575801847935407,1.0676113444296191,1.0664282224637462,1.0513499148515424,1.0552728806794127,-1.0764161809115225,-1.0652061868145535,-1.0514047787929963,1.0634467025419434,-1.0590393246448533
6,-1.044773173681067,1.1054370333262824,1.0515461537321238,1.0685382847264338,1.1020098301765688,1.0475866757467325,1.0426033247409259,-1.028004219871914,-1.0581477265871464,-1.0435515410878466,1.0653415549089578,-1.0681129453476061
7,-1.052328414142942,1.1268555705449015,1.0635204226260238,1.066747604607589,1.0905241962692693,1.054024216683471,1.050361593358084,-1.0031389324897046,-1.0662028675411088,-1.0499820325557279,1.0706359953462037,-1.0704748422767394
8,-1.063830422010274,1.1547645735873444,1.077933315472206,1.0697180269223787,1.0732446224087315,1.0636324867383042,1.0626104613387681,-0.9819469261980475,-1.0773460848445617,-1.061138935252501,1.0763484179232328,-1.0685262773102044
9,-1.0674050656317877,1.162066347639147,1.0764638882189075,1.075806339326451,1.0601571345143601,1.0594528892644515,1.0644790985466839,-1.002762185711186,-1.0754670965895807,-1.064104999442061,1.0719178072415372,-1.0640189906704423
10,-1.0723779925626635,1.1534664804225794,1.0740252642666253,1.0715087070412237,1.0432865446505217,1.0648655480620077,1.071640577270215,-1.0085075740835912,-1.0740946182120292,-1.0687429914132702,1.071193304865914,-1.0655148587255598
11,-1.0859661489157373,1.0463737943294837,1.0781052697252513,1.082442389178641,1.0569534265402167,1.0825607787463258,1.0869320953643113,-1.123603714920945,-1.0799603293732312,-1.0835411599037312,1.0904204832959132,-1.0843116217865771
12,-1.0918863000239227,1.013272418627982,1.0858432111123013,1.1018238681120205,1.0858549623069547,1.0926014209536268,1.0882137261194789,-1.1630679399707418,-1.081741283458387,-1.0902690616020017,1.0982228165718548,-1.0891731929657094
13,-1.112026090270055,1.01002718571607,1.094800464475493,1.1164863782616217,1.0929781002494638,1.1010887261687297,1.0996603519480734,-1.1835064527053614,-1.0904663245728208,-1.1071008730191796,1.1117654379008108,-1.091869691959803
14,-1.1143490448001239,1.0773657686382438,1.0962542595239688,1.1109247364807378,1.0820377783377628,1.0977258316495377,1.1030258556104975,-1.166741221061294,-1.0950902695829048,-1.1071089111335146,1.0996439558471156,-1.1009433126625556
15,-1.0660969941488363,1.1143614238340402,1.0805126292678895,1.064388120215699,1.0590665105231623,1.0665790228884529,1.07715843792605,-1.0768871143846708,-1.0814961980338242,-1.0754869693402103,1.0718899417655516,-1.0760449825346114
16,-1.0886161213165442,1.139187455610167,1.0967232256686386,1.058363008286409,1.0780161023702213,1.087909382410183,1.0866288086970581,-1.0417554772878341,-1.0873782482233303,-1.0865313384362958,1.0809183559848556,-1.082166232075948
17,-1.1150256334982023,1.058867941040345,1.1078220910924883,1.081641849831392,1.0933530022464384,1.1106809824401382,1.103828097762587,-1.0385531296704278,-1.1046976182257646,-1.1056459743245717,1.081169145268725,-1.1018880714342092
18,-1.1075493283844364,1.0353400024289832,1.1041172585495975,1.0730676520858642,1.086298028303378,1.1086632457286234,1.1020964287269794,-1.0235774452243243,-1.1021650688386162,-1.1016590696144857,1.0781596738622905,-1.089074780593662
19,-1.11129311918047,1.0630867438258313,1.1050864552485817,1.1035934814059385,1.1046682261551137,1.1174227852619463,1.108768735406553,-1.0903558117166994,-1.1114456369153922,-1.1081458278827105,1.0915351023353332,-1.1025179106153111
20,-1.102362148365836,1.0343664325554096,1.0925963235955454,1.1086916530384137,1.0992491881988498,1.1093358246324616,1.0990537786135666,-1.097796560592439,-1.1015278467347531,-1.0979936894777933,1.0827853428758845,-1.0988766528495644
21,-1.1008059943602557,1.0231703790093134,1.0915958624869164,1.1055948297740583,1.0945117902370851,1.1073821430546458,1.1029573715243435,-1.06549052433449,-1.099469129168426,-1.0935003835646115,1.0839278273912902,-1.0987585580031076
22,-1.10645550998921,1.0220345474901442,1.091001838703668,1.1172869176088696,1.100033074192524,1.1078145152071133,1.1074186205652317,-1.063889350525788,-1.102949342197217,-1.0941595089400693,1.084345809531073,-1.1011401374066503
23,-1.1125673612285176,1.0548113999004554,1.0927213812341237,1.134835582773549,1.1064745721405347,1.1121862780820624,1.113425653265024,-1.0963837601729938,-1.107785694575255,-1.101048172925037,1.0865750476099134,-1.107891226129089
24,-1.0945588253813323,1.1249084307977546,1.0891259741249895,1.1110932710801587,1.0672802724568693,1.0946351714485665,1.1036324289450044,-1.1445131611287132,-1.0948451841583422,-1.0878817416445508,1.0919252189991304,-1.1107255024440486
25,-1.0817600225093502,1.084829804335641,1.077839522243272,1.0973577012273723,1.0422640846587738,1.0811996071552243,1.0912465927920125,-1.0926162923878118,-1.0830484057227219,-1.078790634331834,1.0739241215124937,-1.0942906363121643
26,-1.0765841189690508,1.1103048826941508,1.076542049243019,1.088425367458076,1.0328233707349692,1.0791978842271344,1.0894562231111296,-1.0835743697033702,-1.0810060271846986,-1.0765158479750714,1.062220621598581,-1.0963376136507463
27,-1.0776553844076748,1.1219877211770333,1.07755814255647,1.088425367458076,1.0433206266502457,1.0845625016744163,1.0903954334355273,-1.0851755435120722,-1.0813981638639991,-1.0776894126679595,1.0607716168473347,-1.101356644625154
28,-1.0762345481417104,1.0945655030713777,1.0721650318927687,1.0941344770134513,1.0641788104819006,1.0819042136259123,1.0874897514944224,-1.105143122773546,-1.0789963267032843,-1.076909715577479,1.0549755978423494,-1.100864582764918
29,-1.08124130450749,1.087263729019575,1.0761199797128165,1.0998014529189726,1.072085834418084,1.0872368035063449,1.0918335992447608,-1.1022233352400286,-1.0865776358364254,-1.0796426744513286,1.0645055906293925,-1.1027147353594056
30,-1.080575992287713,1.0820713563605164,1.0773549238937798,1.0907427182001104,1.0615885785028065,1.0871727483726459,1.0936044020438853,-1.0724603397370784,-1.0879010971290641,-1.0821184136664623,1.0676543894157546,-1.0949795229164947
31,-1.080316633286783,1.0445889162279325,1.0682882450968325,1.095314219209396,1.0723925724156085,1.0817921171419391,1.0837329101968325,-1.1049547493842868,-1.080140058684577,-1.0775929552959413,1.0608273477993058,-1.0917515971133462
32,-1.0817712989876513,1.036151310656962,1.0687728434463244,1.1007705268656414,1.0748464763958028,1.0838418814203035,1.0857385155770563,-1.0997744811796595,-1.0835385765718473,-1.079602483879654,1.0687690084551749,-1.0893109702865755
33,-1.0881988916193956,1.0578943711667714,1.0759323932549485,1.0991905149960726,1.065576172470623,1.0899751604719725,1.0924206056975092,-1.0757568740491146,-1.0891755413367903,-1.0846584577962755,1.0751223369798704,-1.089429065133032
34,-1.1049331854185336,1.07087530281442,1.0886257435706752,1.1212474806952564,1.091103590264593,1.109960362186026,1.1030062887287393,-1.0911093052737368,-1.0988972631777796,-1.0971657637013037,1.0924267975668696,-1.1090328096448365
35,-1.0997685583565353,1.0830449262340898,1.087218845136666,1.097694770426214,1.0682345684491672,1.1045957447387438,1.1020377280817044,-1.055883481482273,-1.0939138595450038,-1.0902127948016576,1.0875782047453917,-1.096770628087754
36,-1.1065908277288254,1.1067351264910474,1.0922836794990987,1.1176871872824936,1.1016349281795952,1.1055085303939531,1.10550106615292,-1.1028826421024365,-1.0988645851211711,-1.0958796654077276,1.0954641344492897,-1.1063756755995617
37,-1.113728838493552,1.015868604957512,1.0867811434016408,1.1238176333364212,1.12699193597494,1.1098802932689023,1.1038085308808288,-1.0463706253246834,-1.1013317783951027,-1.1038936653995741,1.0881633797410872,-1.1045452054794838
38,-1.1138979856680717,0.9994801787523558,1.09283080666788,1.1107562018813182,1.1132568900857953,1.1073821430546458,1.0996212181845568,-1.0361042756100587,-1.0937994863468743,-1.1013857737271007,1.0802495845612037,-1.0904328713279137
39,-1.1061510450750747,1.0040235048290327,1.094706671246559,1.1023505387352102,1.1164605980599378,1.1046277723055933,1.0950719181757562,-1.0940290928072542,-1.0962830186491102,-1.0991270635990074,1.0817821857404064,-1.0954125373535026
40,-1.112657573054928,1.0267401352124168,1.1048832365858912,1.0939870092389585,1.116971828055812,1.1077184325065648,1.100462594100163,-1.0891313846865163,-1.1029820202538254,-1.1030577015087497,1.0850424464307105,-1.096770628087754
41,-1.1187355948593318,1.0880750372475527,1.1192648650224288,1.082842658852265,1.1070198841361332,1.1171345371603016,1.1117429014338118,-1.042697344234131,-1.113291947113765,-1.1054610976948702,1.098278547523826,-1.099978871416493
42,-1.1145971273227526,1.0958635962361425,1.1144657781419756,1.0778498213444272,1.11530181006929,1.1124104710500082,1.104796658409622,-1.0175494967680299,-1.1047629743389813,-1.0977605841620828,1.0958821165890724,-1.096947770357439
43,-1.09436712525021,1.1103048826941508,1.095097476367117,1.0641142514916397,1.1006806321872973,1.095531943320351,1.0885170127867323,-1.030170513848394,-1.0858097015061285,-1.0844896573952436,1.0830082666837684,-1.0856303475720097
44,-1.0929575654625467,1.074120535726332,1.0950662119574723,1.0640721178417845,1.0823445163352865,1.1005122299654395,1.0929097777414662,-1.0993035477065112,-1.08628353332695,-1.0922866283000492,1.093987264222058,-1.0936804796054718
45,-1.07545647113892,1.0684413781304858,1.0809659632077369,1.0640931846667125,1.0676210924541187,1.080943386620429,1.0840361968640857,-1.0705766058444874,-1.0839307132511478,-1.083492931217722,1.079441485757624,-1.0813592506251608
46,-1.101888536277181,1.0903467002858913,1.0913301150049373,1.0927651333931585,1.071847260420009,1.0946351714485665,1.0995527340984026,-1.1212490475552057,-1.0946817938753002,-1.0970612682149505,1.1140504069316224,-1.0999001415188554
47,-1.0855376427402874,0.9863369854591126,1.0839673465336228,1.0957144888830201,1.0820718603374877,1.0918968144829388,1.0843394835313391,-1.1515771632259313,-1.077542153184212,-1.0867564056376717,1.0970524665804637,-1.0867719310877573
48,-1.0862367843949685,1.142432688522079,1.0767296357008869,1.0719721771896298,1.0497280425985327,1.0818561722756381,1.0834100566478206,-1.0671858848378217,-1.085123462317353,-1.0852452401427195,1.0901139630600727,-1.078702116579886
49,-1.0783883554972598,1.1831603615665747,1.0747756100980965,1.060743559503226,1.0467969906221888,1.067155519091743,1.0710242204948288,-1.0094494410298853,-1.079323107269368,-1.0730674969254201,1.0794693512336095,-1.0655148587255598
50,-1.0787153733679975,1.1912734438463548,1.0843425194493586,1.0576467362388704,1.037628932696184,1.0659224577680395,1.073470080714614,-0.968572415560646,-1.086381567496775,-1.0701416233075343,1.0778810191024355,-1.0663415226507564
51,-1.0705286501212494,1.1828358382753832,1.0772611306648459,1.0590160798591643,1.0522160285784519,1.0596930960158226,1.0613679643471172,-0.9506769435810252,-1.0771173384483033,-1.0601904377609888,1.081419934552595,-1.0672075515247719
52,-1.0513586370090298,1.1330215130775338,1.05764271361283,1.060785693153081,1.0703817344318378,1.0475226206130335,1.0398052606494914,-0.9444606217354715,-1.0606802759742948,-1.0403684478112458,1.0773237095827253,-1.0602793205326482
53,-1.037657715872943,1.1184179649739299,1.0417134968988824,1.0496413427663875,1.0671098624582445,1.0382186124432697,1.0327611832165104,-0.9542560379769504,-1.0498638392369255,-1.0276521509335115,1.0709146501060591,-1.0512647472531236
54,-1.0316586294166483,1.141783641939697,1.0386183203440624,1.045133042231884,1.0437977746463951,1.0365531789670988,1.040949923232351,-0.9381501131952907,-1.0515794372088647,-1.0295330696878664,1.0607437513713491,-1.0481745987708413
55,-1.0372968685673014,1.1646625339686758,1.058799496769682,1.0672321415809234,1.070927046427436,1.0442397950109656,1.0452937709826895,-0.9920249025234128,-1.0649120843050783,-1.0381097376831527,1.0700508203505084,-1.0513434771507615
56,-1.024779977652852,1.123448075987394,1.0501861519125815,1.0475557270985574,1.062133890498406,1.036425068699701,1.0465558348560984,-1.0235774452243243,-1.0576085386531084,-1.0311487306691716,1.0729766953289863,-1.0522882359224146
57,-1.0225472349491933,1.1146859471252317,1.0527654657082652,1.0488408034191397,1.060361626512709,1.0371456889538138,1.0520834789528128,-1.0361042756100587,-1.0593731537099602,-1.0344925862324696,1.078912041713899,-1.0510482400346197
58,-1.0248589130009609,1.0810977864869429,1.0564702982511558,1.0546763139240807,1.0652353524733735,1.0324216228435203,1.0591177729449148,-1.0746266337135586,-1.0660558162863711,-1.0365181910448522,1.083036132159754,-1.0531739472708395
59,-1.0212166105096392,1.0963503811729287,1.0545162726483652,1.042731424190139,1.0580440505314144,1.026096178390755,1.0596265118706303,-1.048631105995793,-1.0660394772580668,-1.0337852321710026,1.0818100512163917,-1.0506742730208403
60,-1.011992451259171,1.0567585396476022,1.0496233925389782,1.0413620805698465,1.0498302885977076,1.0220767187511497,1.0560946897132604,-1.0329019279926521,-1.0642258451163025,-1.028150514022272,1.0807511631289426,-1.0466984131901331
61,-0.9898116184405025,1.046211532683889,1.0343350962227458,1.0339676250202636,1.0309488607500983,1.0078084377197225,1.0425935413000467,-1.0274390997041385,-1.0472986117931686,-1.0136497557622006,1.0669298870401316,-1.0370736832039158
62,-0.9801364000579821,1.0207364543253792,1.0260031310524473,1.0446274384336227,1.0449906446367678,1.0046857499519015,1.0386018974213571,-1.0330903013819115,-1.0465633555194804,-1.0084651720162219,1.0686296810752476,-1.037211460524782
63,-0.9831021138512256,1.0127856336911947,1.0296766991856936,1.033693756296204,1.0315964187448716,1.0070077485484858,1.0438849554960932,-0.9976761042011884,-1.0494063464444083,-1.0089554969906476,1.0683788917913777,-1.0334717903869879
64,-0.9842184852030549,1.0116498021720255,1.0275038227153905,1.0372119160591118,1.0371517847000344,1.0047658188690247,1.0400791969941074,-1.0272507263148791,-1.0455830138212294,-1.0086982773319324,1.0635024334939143,-1.034495279056279
65,-0.9916158549687115,1.033555124327432,1.033381531728584,1.031439606028953,1.0308466147509234,1.0108830841372691,1.045557923886426,-1.0385531296704278,-1.0546675135583552,-1.0135774127331871,1.0672085417999866,-1.0310902109834454
66,-1.007741218939579,1.0491322423046094,1.0410882087059894,1.0432159611634735,1.04410451264392,1.022172801451698,1.049803937227973,-1.075945247438374,-1.0592097634269182,-1.0249031158309923,1.068211698935465,-1.0415219224204497
67,-1.0410293828850334,1.0794751700309864,1.0587213357455705,1.0560877911942297,1.0508868305891794,1.046097393888233,1.0620430217677779,-1.077546421247076,-1.0714150175701431,-1.0475705982552723,1.0725865786651891,-1.0547879101724138
68,-1.065420405450758,1.1354554377614678,1.0777769934239827,1.05730966704003,1.0630881864907038,1.0628157837836434,1.0725210869493376,-1.0831976229248517,-1.082901354467984,-1.0700532040498512,1.0699672239225517,-1.0652589865582371
69,-1.0461601805121277,1.1187424882651213,1.0609880054448075,1.066389468583819,1.0777434463724216,1.0610702813903488,1.0565740783163382,-1.0356333421369102,-1.059896002615694,-1.0592258640408065,1.0617469085068272,-1.0690970690680783
70,-1.0563766698531107,1.152492910549006,1.0646772057828755,1.0631241107200438,1.0833669763270344,1.0579636074059526,1.0496767524965445,-0.9932493295535987,-1.0690131804094283,-1.050657234159855,1.063976146585668,-1.0615783638436713
71,-1.0661759294969455,1.1404855487749321,1.0734312404833768,1.0777444872197885,1.0858890443066787,1.0655060993989969,1.0609570598301934,-1.0126517886472919,-1.07417631335355,-1.0584220526073214,1.075763242927537,-1.0690183391704404
72,-1.0563315639399056,1.156387190043301,1.0692887062054608,1.0664526690586025,1.062917776492079,1.0573070422855388,1.0591666901493106,-1.0717068461800436,-1.0687680949848655,-1.058397938264317,1.0638925501577114,-1.0552996545070592
73,-1.0480207994318431,1.1586588530816393,1.0602845562278027,1.041488481519412,1.0342548147234158,1.0490119024715328,1.0542064856235864,-1.0204692843015475,-1.0638990645502189,-1.052280933255495,1.0630008549261751,-1.0493358647609983
74,-1.068408672200604,1.1326969897863433,1.062129156396837,1.0419730184927465,1.0257343147921842,1.0635364040377557,1.065594410806906,-1.0244251254759913,-1.0686047047018237,-1.067392588205015,1.0706081298702181,-1.0603383679558767
75,-1.1010991827960896,1.0327438160994544,1.0840611397625564,1.0958619566575138,1.0786977423647195,1.0890623748167634,1.0869516622460695,-1.107591976833915,-1.0810877223262196,-1.0969487346142628,1.0845130023869862,-1.0814773454716176
76,-1.1154203102387479,0.9329529040581599,1.095285062824985,1.1198149366001802,1.089092752280822,1.109303797065612,1.1126429779946927,-1.2134578215975682,-1.0921165664315435,-1.1140458038044911,1.110455760529492,-1.1058639312649163
77,-1.101922365712085,1.0687659014216775,1.0949098899092489,1.115369836540459,1.1004420581892225,1.095772150071722,1.0984374218381807,-1.2084659267822004,-1.0892082193933987,-1.0985402812525633,1.096411560632797,-1.0999001415188554
78,-1.0838687239516942,1.0809355248413473,1.0848896466181395,1.0881936323838717,1.0632926784890526,1.0816319793076918,1.0836839929924367,-1.1371665989476059,-1.0828523373830714,-1.0835331217893962,1.0828410738278555,-1.0867522486133478
79,-1.0677546364591284,1.0617886506610663,1.07843354602652,1.074584463480651,1.0657465824692478,1.0678120842121568,1.0758768071708826,-1.0814080757268902,-1.0789963267032843,-1.075559312369224,1.0777138262465225,-1.0799814774164997
80,-1.0698633379014726,1.064547098636191,1.0762919339658616,1.0753218023531166,1.0654398444717232,1.0775004231841139,1.0810131136324312,-1.0985500541494737,-1.080662907590311,-1.081491440748344,1.0858505452342901,-1.0824221042432707
81,-1.07191565695231,1.1107916676309368,1.0848583822084954,1.0647883898893231,1.0697682584367894,1.0934821790419866,1.0902388983814608,-1.126711875843722,-1.0923779908844102,-1.0873110355267763,1.096355829680826,-1.097439832217675
82,-1.0776779373642775,1.147462799535543,1.090126435233618,1.055750721995388,1.0718131784202842,1.0904876015415637,1.0912563762328917,-1.086965090710036,-1.0927047714504938,-1.086250004434576,1.0930119725625655,-1.091200487829882
83,-1.105902962552446,1.1205273663666737,1.102538405862543,1.074184193807027,1.0981244822079281,1.1057647509287485,1.0971166573194968,-1.0271565396202496,-1.0999429609892473,-1.0930422110475253,1.094433111837826,-1.096593485818069
84,-1.1154428631953506,1.0653584068641697,1.110088760791725,1.0936288732151898,1.1167332540577375,1.11173789214617,1.1017833586188468,-1.0593683891835661,-1.1100404804812325,-1.1050270395207882,1.100535651078652,-1.1001756961605875
85,-1.099452816964099,1.0463737943294837,1.1035076025615271,1.0981371737496932,1.0941028062403866,1.1051562271586093,1.099445116248732,-1.0814080757268902,-1.1072301676129128,-1.1009115249813444,1.1037401808169853,-1.0880709743987806
86,-1.0951677552096026,1.0221968091357398,1.0898294233419938,1.1098713952343586,1.1014304361812455,1.0978539419169357,1.0927532426874,-1.0567311617339377,-1.0919531761485015,-1.091547121781243,1.1010093641704055,-1.0798633825700432
87,-1.100569188315928,1.0137592035647682,1.0973328816567094,1.1019292022366591,1.0849006663146568,1.1062291506480655,1.1021942631357706,-1.0149122693184016,-1.0987992290079545,-1.0954214928906412,1.1110130700492022,-1.0781706897708312
88,-1.104177661372346,1.0046725514114156,1.0911894251615362,1.106142567222176,1.090899098266243,1.10770241872314,1.0993961990443366,-1.0229181383619166,-1.0937177912053533,-1.0955661789486684,1.0995046284671883,-1.0754741907767376
89,-1.1007383354904476,1.0058083829305837,1.084514473702404,1.1014446652633236,1.0849347483143807,1.1074942395386185,1.1009713330258781,-0.9901411686308218,-1.1000736732156806,-1.096611133812199,1.0974983141962318,-1.081142743406657
90,-1.1041325554591408,1.049294503950205,1.0831075752683952,1.117539719508001,1.1208230940247288,1.1064533436160118,1.0992200971085118,-1.040531050257651,-1.1024428323197872,-1.098443823880545,1.0975819106241884,-1.0942512713633454
91,-1.1007270590121465,1.0497812888869913,1.0862809128473265,1.1003913240169443,1.1104962481080753,1.0967169632937805,1.1010398171120321,-1.0496671596367195,-1.1011030319988442,-1.0949793966022243,1.0996996867990867,-1.0904328713279137
92,-1.105948068465651,1.0679545931936987,1.0879691909681373,1.1158965071636486,1.1187781740412333,1.1010887261687297,1.1013626706610435,-1.0890371979918865,-1.099583502366555,-1.0986447767389163,1.1026534272535506,-1.096809993036573
93,-1.0999828114442602,1.1007314456040098,1.0899544809805726,1.104309753453476,1.0941368882401115,1.0987507137887202,1.1037204799129166,-1.0808429555591121,-1.1014624906215362,-1.0960323895800899,1.1073348272191152,-1.0918893744342124
94,-1.093374795159695,1.1017050154775834,1.0827636667623035,1.1109036696558108,1.0986357122038015,1.0919928971834874,1.0946120964544366,-1.1159745926559488,-1.0933746716109656,-1.0895295550831952,1.0989194534714926,-1.0914760424716141
95,-1.0796964269802112,1.1052747716806866,1.0751038863993654,1.0899632456777895,1.0757666903883758,1.0820163101098856,1.0886833312816775,-1.0708591659283766,-1.0848783768927903,-1.0793050736492646,1.0932348963704495,-1.0772456134735875
96,-1.0875674088345226,1.0995956140848406,1.0824353904610349,1.1019292022366591,1.0835033043259343,1.0901833396564937,1.0971557910830134,-1.085552290290591,-1.0966751553284104,-1.0873512260984506,1.102319041541724,-1.08773637233382
97,-1.0917284293277045,1.0840184961076633,1.0863747060762605,1.1068377724447866,1.083775960323734,1.0978539419169357,1.1032900085142343,-1.0924279189985524,-1.1013807954800152,-1.091699845953605,1.1100935093416804,-1.0900785867885436
98,-1.0948181843822622,1.063249005471426,1.0826386091237252,1.1006019922662205,1.0868092582992526,1.0982863140694032,1.1003158424869757,-1.0779231680255947,-1.1014788296498403,-1.0914667406378944,1.1059694188958256,-1.086181456855474
99,-1.1023508718875346,1.055622708128433,1.0804813648582448,1.110103130308563,1.1096441981149523,1.0966208805932323,1.0919314336535522,-1.0840453031765187,-1.096609799215194,-1.0929055631038327,1.0979162963360145,-1.0903344589558663
100,-1.100749611968749,1.0724979192703754,1.0850303364615406,1.1050260255010134,1.1048727181534626,1.0971653492296725,1.0943381601098208,-1.057767215374864,-1.0975574628568365,-1.0921580184706914,1.0971081975324348,-1.0862601867531119
101,-1.0948520138171662,0.9986688705243781,1.0895793080648368,1.110103130308563,1.0903537862706447,1.1009606159013319,1.0929978287093784,-1.0385531296704278,-1.0915447004408971,-1.0923428951003933,1.0876618011733479,-1.0776589454361856
102,-1.1107180187871033,0.9683259427980011,1.0946441424272695,1.1113039393294348,1.107122130135308,1.1073341017043714,1.099083128936204,-1.011615735006368,-1.102263103008441,-1.1036685981981984,1.100647112982594,-1.0910627105090158
103,-1.1045723381128918,1.0033744582466506,1.097364146066354,1.0956512884082379,1.1021802401751937,1.10970414165123,1.0981634854935647,-1.0545648677574575,-1.1047629743389813,-1.1007427245803125,1.0960771749209712,-1.1010023600857841
104,-1.1183070886838822,1.1034898935791355,1.1152942849975587,1.0990430472215797,1.1210957500225276,1.115725324218926,1.1115961498206248,-1.0738731401565238,-1.1201870170581303,-1.1132580685996758,1.1064152665115938,-1.1028721951546812
105,-1.112984590925666,1.1416213802941013,1.115106698539691,1.0903424485264852,1.1039184221611646,1.1098162381352032,1.104796658409622,-1.061817243243935,-1.1150238841140083,-1.1023181949899434,1.0964394261087826,-1.101396009573973
106,-1.0728967105645237,1.1440553049780355,1.082388493846568,1.0692334899490443,1.0661896484656714,1.0820963790270088,1.0820599418064993,-1.1205897406927978,-1.079617209778843,-1.0865795671223049,1.0818100512163917,-1.0863192341763404
107,-1.0626689447452393,1.072822442561567,1.0762450373513948,1.0521693617576982,1.0487396646065097,1.0751463970206794,1.0775791258838532,-1.0733080199887457,-1.0783917826560294,-1.0765881910040849,1.0786891179060154,-1.0737224505542973
108,-1.0633680863999202,1.0299853681243287,1.0733218150496204,1.0688121534504922,1.057635066534715,1.0637926245725515,1.0708579019998836,-1.062382363411713,-1.0736534644478164,-1.0711544257137255,1.0729488298530008,-1.0723446773456362
109,-1.0814330046386122,1.1281536637096665,1.0887351690044316,1.0943240784378003,1.082821664331436,1.0773723129167159,1.0827545661089184,-1.126146755675944,-1.083603932685064,-1.0812663735469683,1.0828410738278555,-1.0839179722983883
110,-1.1098497299579029,1.0153818200207247,1.0905328725589982,1.1139162256204558,1.0857186343080547,1.102273746142159,1.1052075629265459,-1.2099729138962754,-1.0884239460347982,-1.1055655931812232,1.109842720057811,-1.0991128425424777
111,-1.1183409181187862,0.9537223946943971,1.0910643675229574,1.1208893446714865,1.0870819142970514,1.1052843374260068,1.1102656018610617,-1.2211811305571942,-1.0844372231285773,-1.1157659602721492,1.1080314641187532,-1.10255727556413
112,-1.099599411182016,1.0611396040786834,1.0804969970630671,1.0779762222939928,1.0548744245569959,1.0835055919683845,1.0845840695533178,-1.0746266337135586,-1.0770683213633907,-1.0916596553819309,1.0826738809719425,-1.0719903928062662
113,-1.0716562979513802,1.1711529997925005,1.0700546842417549,1.0455122450805812,1.0326529607363446,1.060814060855553,1.0675902327462508,-0.9888225549060063,-1.0731632935986908,-1.068654572155587,1.075150202455856,-1.0591967844401289
114,-1.0447167912895605,1.1648247956142714,1.0642238718430281,1.0521482949327712,1.061043266507208,1.0478589100649525,1.0508018481976455,-1.0211285911639552,-1.0674119556356183,-1.0523050475984996,1.0660660572845808,-1.0590196421704439
115,-1.0512120427911127,1.1781302505531106,1.0630827208909988,1.075005799979203,1.082821664331436,1.0589724757617098,1.0561044731541396,-1.064925404166712,-1.0696667415415955,-1.0575860887164967,1.0679330441756096,-1.0589015473239871
116,-1.0570758115077916,1.1154972553532094,1.0586275425166365,1.0760802080505094,1.096318136222506,1.0504051016294838,1.0427989935585085,-1.0176436834626597,-1.055876601652865,-1.0453279643558488,1.0660939227605664,-1.0668729494598113
117,-1.048460582085594,1.1383761473821894,1.062519961517395,1.0723303132133986,1.0938983142420367,1.0609741986898003,1.0526020013194073,-0.9747887374061996,-1.0728365130326072,-1.0495318981529762,1.0771007857748414,-1.0654164463535125
118,-1.0438597789386612,1.1163085635811871,1.046434422755224,1.0739313919078957,1.1076333601311825,1.0526470313089449,1.0407151206512517,-1.0350682219691347,-1.0583111168701882,-1.0431978640571133,1.0570097775892915,-1.0679161206035117
119,-1.0327862772467788,1.153791003713771,1.0603627172519143,1.0557085883455328,1.058248542529764,1.053031362111138,1.0564273267031512,-1.033184488076541,-1.0670688360412306,-1.0507376153032038,1.059629132331929,-1.0546894978003667
120,-1.0395296112709598,1.146326968016374,1.067647324699117,1.0662841344591816,1.053988292564148,1.0603816887030855,1.0630702830600876,-1.0237658186135836,-1.0674609727205309,-1.057578050602162,1.0783547321941889,-1.0540399761448551
121,-1.0446829618546565,1.146326968016374,1.0688510044704358,1.0764594108992063,1.0727674744125821,1.0641129002410459,1.0622778243488773,-1.0511741467507918,-1.065696357663679,-1.0604717717627083,1.078187539338276,-1.0633301040661118
122,-1.0739566995248464,1.1273423554816888,1.083920449919156,1.0698444278719432,1.081015318346015,1.0720237092528586,1.0775889093247322,-1.0921453589146632,-1.0870678066855508,-1.0788629773608478,1.0739241215124937,-1.0756316505720132
123,-1.078433461410465,1.1375648391542106,1.0924712659569666,1.04892507071885,1.0634971704874023,1.07138315791587,1.08432970009046,-1.0912034919683664,-1.09198585420511,-1.0797310937090117,1.0738962560365082,-1.0674437412176851
124,-1.0780838905831245,1.14681375295316,1.0893135605828572,1.0593531490580048,1.0767209863806737,1.0673957258431137,1.0798880179313302,-1.1349061182764937,-1.0911525637615966,-1.0751574066524816,1.0740913143684065,-1.0681129453476061
125,-1.0663225237148624,1.1466514913075643,1.0808721699788029,1.0437004981368079,1.0572942465374662,1.058283883074447,1.0732157112517564,-1.0959128266998452,-1.0850581062041362,-1.064868620303872,1.0707474572501459,-1.056441238022807
126,-1.0546739216296135,1.1213386745946512,1.0698514655790645,1.0452383763565227,1.0551129985550707,1.0495723848913983,1.0644399647831673,-1.0982674940655848,-1.0749279086555426,-1.0549174347573262,1.0645055906293925,-1.052170141075958
127,-1.046464645426263,1.0843430193988548,1.0592840951191742,1.0548659153484297,1.0623043004970296,1.0456169803854913,1.05814921229788,-1.1017524017668803,-1.0683106021923483,-1.0496765842110034,1.061997697790697,-1.0536463266566662
128,-1.0318165001128667,1.0611396040786834,1.0515774181417685,1.0467762545762365,1.0452292186348415,1.0375460335394318,1.053071606481606,-1.0697289255928204,-1.0610070565403784,-1.039661093749779,1.0624714108824507,-1.0463638111251725
129,-1.019434926938033,1.038585235340895,1.0380868253801032,1.0560035238945193,1.0505119285922058,1.0294750866933715,1.0408520888235595,-1.074344073629672,-1.0493900074161042,-1.0320088089030006,1.0563131406896535,-1.0429193781035202
130,-1.0126013810874415,1.0351777407833873,1.036570501512338,1.053538705377991,1.0452292186348415,1.0280818875354207,1.0395117574231172,-1.0262146726739527,-1.0492429561613665,-1.027499426761149,1.061496119222958,-1.0422698564480086
131,-1.0053054996264967,1.0389097586320866,1.0296141703664041,1.0475767939234844,1.0354476847137883,1.0259520543399328,1.0376724705378388,-0.9827946064497146,-1.0444066037833284,-1.0221862331858125,1.0594898049520014,-1.035932099688168
132,-1.0094326906847746,1.0551359231916468,1.0275507193298576,1.0660523993849784,1.0518070445817533,1.0296031969607695,1.0347276548332176,-1.014441335845253,-1.0462529139817012,-1.0243484859418874,1.0602700382795955,-1.040419703853521
133,-1.0121728749119918,1.0797996933221778,1.0357107302471102,1.0624710391472885,1.050477846592481,1.0324536504103698,1.039423706455205,-0.9949446900569303,-1.05257611793542,-1.0278531037918825,1.0657316715727547,-1.0410495430346232
134,-1.0052603937132913,1.089859915349105,1.033178313065894,1.035674037839398,1.0282563827718285,1.0213240709301878,1.03344602407805,-0.9486048362991748,-1.0447007062928035,-1.0181189473323777,1.0587931680523637,-1.0267207016645492
135,-1.0127818047402624,1.0966749044641202,1.0370550998618302,1.0491146721431979,1.053988292564148,1.0281939840193939,1.0364691073097045,-0.9732817502921248,-1.0497004489538835,-1.0221138901567988,1.0653972858609289,-1.0370146357806875
136,-1.0251408249584935,1.1015427538319875,1.0464813193696911,1.0540232423513265,1.0668031244607208,1.03733785435491,1.0449513505519195,-0.9716805764834229,-1.0578699631059751,-1.0313657597562125,1.0710261120100009,-1.0454780997767477
137,-1.0259865608310916,1.1211764129490556,1.0472472974059848,1.042310087691588,1.063906154484102,1.036024724114083,1.0437773376464226,-0.9552920916178742,-1.0560073138792982,-1.030095737691306,1.0681838334594795,-1.045812701841708
138,-1.0309256583270634,1.1193915348475043,1.047966378827812,1.0544024452000222,1.0893994902783466,1.0411171072431449,1.0420945858152104,-0.9636747074399079,-1.056513823756728,-1.0315184839285747,1.073283215564827,-1.0546304503771384
139,-1.0285914273186931,1.1012182305407971,1.0381337219945703,1.0540653760011807,1.0904219502700945,1.0309643685518706,1.0327024825712354,-0.9697026558962022,-1.047511019161123,-1.0253371740050743,1.064199070393552,-1.0531739472708395
140,-1.041852565801029,1.139187455610167,1.0525309826359301,1.0596902182568466,1.0887519322835724,1.043759381508224,1.0456557582952175,-0.962167720325833,-1.0635886230124394,-1.0366146484168701,1.080388911941131,-1.0630939143731986
141,-1.056681134767246,1.162715394221529,1.0633797327826227,1.077428484845875,1.0950571022326845,1.0530153483277134,1.0476515802345623,-1.0062470934124814,-1.0689151462396032,-1.0508742632468961,1.072502982237233,-1.0682113577196535
142,-1.0672810243704733,1.1888395191624206,1.0802468817859097,1.0704132321449893,1.0768913963792985,1.0652979202144752,1.0657020286565766,-0.9846783403423056,-1.083260813090676,-1.064595324416487,1.0782990012422182,-1.070199287635007
143,-1.073167346043755,1.1542777886505582,1.082388493846568,1.0587422111351048,1.0551129985550707,1.0670274088243452,1.0679620034996578,-0.9901411686308218,-1.0813981638639991,-1.0672961308329971,1.0716391524816822,-1.0616570937413092
144,-1.090454187279657,1.1099803594029591,1.0773549238937798,1.077449551670802,1.059407330520411,1.0811355520215258,1.0797608331999013,-1.0758510607437444,-1.0806302295337027,-1.0840555992211616,1.0781596738622905,-1.0775605330641385
145,-1.102147895278111,1.0270646585036083,1.0924087371376772,1.1160650417630695,1.0946481182359848,1.0998716786284506,1.0944066441959748,-1.1630679399707418,-1.0897310682991328,-1.099737960288456,1.0922596047109565,-1.0951763476605891
146,-1.1015051360149366,0.9980198239419951,1.0905485047638206,1.1166970465108965,1.0988402042021512,1.0979340108340594,1.0949545168852066,-1.1903820814133201,-1.0848130207795736,-1.0988859201689618,1.0938758023181159,-1.096101423957833
147,-1.101741942059264,1.0694149480040593,1.091048735318135,1.1111775383798692,1.0922623782552405,1.0917046490818425,1.0935457013986103,-1.1882157874368402,-1.0874599433648513,-1.0961851137524519,1.0921760082830003,-1.0938576218751566
148,-1.09989259961785,1.1052747716806866,1.0973485138615315,1.0874352266864789,1.0737558524046051,1.0922651315017078,1.0977036637722453,-1.1234153415316857,-1.096446408932152,-1.0979213464487798,1.0935135511303042,-1.0939953991960227
149,-1.0835191531243538,1.0390720202776822,1.0795434325689053,1.0826951910777725,1.0904219502700945,1.084850749776061,1.0835568082610079,-1.086965090710036,-1.0850090891192234,-1.0851889733423756,1.0875782047453917,-1.0889173207983864
150,-1.0774524077982512,1.0338796476186236,1.0825604480996136,1.0623867718475781,1.081083482345465,1.0863880729848348,1.0831263368623256,-1.0216937113317333,-1.0828033202981588,-1.0791041207908934,1.0892222678285364,-1.083012578475554
151,-1.0845114832148688,1.0471851025574626,1.0878285011247366,1.0655467955867157,1.0948866922340597,1.0930978482397933,1.0813066168588055,-1.0693521788143017,-1.0765291334293525,-1.083701922190428,1.0794972167095946,-1.0813986155739796
152,-1.0924275709823854,1.094890026362568,1.0946910390417366,1.0492200062678365,1.0715405224224854,1.0929697379723955,1.091295509996408,-1.0097320011137743,-1.0862018381854293,-1.086201775748567,1.0750944715038848,-1.0785052918357918
153,-1.1152737160208308,1.1065728648454516,1.1098542777193903,1.084043467873137,1.0933530022464384,1.1095760313838325,1.1074773212105067,-1.0565427883446783,-1.1032597837349964,-1.1040946182579454,1.0844572714350151,-1.1004709332767293
154,-1.1168524229830137,1.0351777407833873,1.1088225522011168,1.0806517090597962,1.0969997762170052,1.1129709534698735,1.1048162252913805,-1.0230123250565462,-1.105024398791848,-1.1092148970892457,1.0851817738106382,-1.0961211064322425
155,-1.0996219641386185,1.0454002244559102,1.100897024356199,1.0764804777241332,1.0720517524183588,1.1072059914369736,1.1010398171120321,-1.0237658186135836,-1.1012827613101903,-1.1011687446400595,1.0900582321081016,-1.087913514603505
156,-1.1010202474479804,1.0355022640745788,1.0940501186440212,1.0974419685270829,1.0955683322285579,1.1070778811695756,1.098946160763896,-1.0620056166331944,-1.0982437020456122,-1.0994083976007272,1.0967459463446232,-1.0914366775227953
157,-1.090454187279657,0.9994801787523558,1.0800905597376866,1.1045836221775343,1.097238350215079,1.0991030170240639,1.0889474841854143,-1.0727428998209676,-1.0856299721947826,-1.0894009452538376,1.091340044003435,-1.0821465496015386
158,-1.096137532343515,0.9952613759668705,1.0924556337521443,1.1048364240766655,1.0931144282483636,1.0996955270107789,1.0938979052702595,-1.0280984065665437,-1.091168902789901,-1.0910166062351427,1.1024862343976374,-1.0753954608790999
159,-1.0979530453500252,0.9811446128000527,1.0892979283780349,1.0995486510198413,1.0830943203292347,1.1020655669576374,1.094201191937513,-1.0169843766002544,-1.090940156393642,-1.0957269412353654,1.0836770381074208,-1.078111642347603
160,-1.1046061675477958,0.9890954334342372,1.0872813739559553,1.1119359440772618,1.099896746193624,1.1026420631609275,1.096441599898836,-1.014064589066737,-1.097230682290753,-1.1006944958943035,1.083342652395595,-1.0873427228456312
161,-1.104842973592123,1.0332306010362404,1.0868436722209303,1.103509214106228,1.092603198252489,1.1009926434681814,1.096920988501914,-1.0017261320702593,-1.1004984879515893,-1.1023583855616177,1.0828410738278555,-1.0846068589027187
162,-1.1036251139355822,1.08856182218434,1.0821852751838779,1.108143915590297,1.0997604181947243,1.1004641886151654,1.0956980583920213,-1.0221646448048816,-1.0991750266589506,-1.0997620746314607,1.0800823917052904,-1.0933655600149206
163,-1.0958894498208862,1.0643848369905953,1.0783084883879417,1.0883200333334373,1.086434356302278,1.0955959984540498,1.0954534723700429,-1.0209402177746958,-1.0930152129882735,-1.0954054166619713,1.0718899417655516,-1.097656339436179
164,-1.1011555651875962,1.0856411125636198,1.0822947006176338,1.0993379827705652,1.0912740002632175,1.0995674167433809,1.0991026958179624,-1.0474066789656098,-1.094044571771437,-1.0980499562781374,1.0751223369798704,-1.0953731724046836
165,-1.0981221925245448,1.0953768112993554,1.0847802211843836,1.095883023482441,1.080947154346565,1.0954198468363776,1.0968329375340016,-1.0345972884959864,-1.0912505979314218,-1.097527478846372,1.0677658513196968,-1.0802767145326415
166,-1.099565581747112,1.0984597825656714,1.0870312586787982,1.1040358847294176,1.0975791702123288,1.0976938040826882,1.0953458545203723,-1.0446752648213518,-1.089600356072699,-1.0993280164573787,1.0673757346558996,-1.0786430691566578
167,-1.1020238540167966,1.0635735287626176,1.0953319594394517,1.085412811493431,1.0851051583130056,1.1041153312360021,1.0997679697977438,-1.0114273616171086,-1.0916100565541138,-1.09871711976793,1.0819215131203337,-1.0782494196684689
168,-1.1028583134110934,1.0035367198922465,1.0944878203790462,1.0901528471021373,1.092841772250564,1.1026580769443524,1.0993081480764242,-1.049196226163571,-1.09128327598803,-1.0969326583855932,1.085794814282319,-1.0875789125385444
169,-1.1068501867297555,1.0071064760953488,1.1023351871998526,1.0971470329780963,1.1108029861056001,1.1111774097263047,1.1032704416324761,-1.0742498869350425,-1.1002207244704183,-1.1032265019097816,1.0913121785274496,-1.096987135306258
170,-1.1178898589867339,1.0677923315481028,1.1220630296856249,1.09449261303722,1.1130523980874456,1.1247090567201952,1.1165954881098654,-1.071330099401525,-1.1172950090482898,-1.1129285059119467,1.1134652319359268,-1.104997902390901
171,-1.116344981459455,1.0793129083853907,1.1119333609607591,1.091290455648227,1.1168695820566372,1.1148285523471415,1.1052564801309417,-1.056354414955419,-1.1040930741785095,-1.0997459984027909,1.0968295427725798,-1.10149442194602
172,-1.114687339149163,1.1059238182630697,1.1130588797079668,1.078229024193123,1.1023165681740934,1.1145082766786467,1.1073403530381984,-1.0298879537645076,-1.1032434447066921,-1.0983714808515315,1.0990866463274056,-1.0959833291113763
173,-1.0935664952908173,1.0862901591460017,1.0917834489447846,1.0760380744006541,1.0976814162115036,1.097309473280495,1.0906987201027807,-1.107591976833915,-1.0830974228076342,-1.093484307335942,1.0894173261604352,-1.0917712795877559
174,-1.0793806855877746,1.0220345474901442,1.0885163181369188,1.0713612392667298,1.0751872963930524,1.0937704271436315,1.0948860327990526,-1.0993977344011407,-1.0883585899215813,-1.0949633203735547,1.0990587808514203,-1.092184611550354
175,-1.0811059867678745,1.0306344147067106,1.08401424314809,1.083643198199513,1.071097456426061,1.0843062811396205,1.094357726991579,-1.1096640841157654,-1.0872148579402885,-1.0947704056295182,1.100925767742449,-1.086890025934214
176,-1.1151158453246126,1.089859915349105,1.0950818441622947,1.1116410085282766,1.083775960323734,1.0988467964892685,1.1060000216377563,-1.1544027640648191,-1.0950739305546004,-1.111626331389701,1.1162239140584918,-1.0940938115680698
177,-1.1139656445378796,0.9947745910300833,1.0969889731506182,1.1221533541671418,1.1069176381369583,1.1039872209686044,1.1052271298083043,-1.1770075707759187,-1.0912669369597259,-1.1125587526525438,1.1160845866785645,-1.0998214116212175
178,-1.107199757557096,1.0213855009077624,1.0967701222831054,1.091290455648227,1.0761075103856255,1.0950195022507596,1.0977917147401572,-1.0819731958946683,-1.0897147292708285,-1.103202387566777,1.101148691550333,-1.086122409432246
179,-1.0891573922750066,1.09115800851387,1.0796997546171283,1.0719300435397747,1.0559650485481937,1.0746659835179377,1.0781074316913266,-1.043733397875055,-1.0839307132511478,-1.0820219562944442,1.090476214247884,-1.0685459597846139
180,-1.0808579042452455,1.1271800938360932,1.0833889549551967,1.053538705377991,1.04410451264392,1.0694615039049031,1.0746930108245067,-0.9841132201745275,-1.0845189182700983,-1.0732121829834473,1.0869651642737104,-1.0596691638259554
181,-1.0458557155979924,1.0997578757304365,1.0507176468765407,1.0554768532713297,1.072801556412307,1.0476026895301571,1.0408618722644387,-0.949829263329358,-1.0596182391345228,-1.0343559382887773,1.0693820489268562,-1.0564609204972164
182,-1.0346807256013983,1.0871014673739794,1.0352573963072629,1.058952879384381,1.0878658002907244,1.0341350976699655,1.0278890296586984,-0.9816643661141584,-1.0457627431325756,-1.0254255932627576,1.0548920014143928,-1.0517568091133598
183,-1.0345003019485774,1.0900221769947007,1.0385401593199506,1.0577942040133643,1.0825149263339113,1.0363770273494266,1.033582992250358,-0.9697968425908319,-1.0511219444163475,-1.0275717697901627,1.0607994823233202,-1.0527802977826506
184,-1.0403189647520512,1.1127388073780848,1.044964995501926,1.0558349892950984,1.0718131784202842,1.0445280431126105,1.0426522419453215,-0.9441780616515825,-1.0606475979176864,-1.0341308710874013,1.067626523939769,-1.057287584422413
185,-1.0386387694851567,1.1159840402899968,1.0385401593199506,1.057752070363509,1.064621876478325,1.0415815069624617,1.0380344578503673,-0.9635805207452782,-1.0514814030390396,-1.0334315551402693,1.0580129347247695,-1.0566774277157203
186,-1.0409617240152256,1.1322102048495561,1.0474661482734977,1.064177451966423,1.0644855484794253,1.0472984276450876,1.045704675499613,-0.9630154005775001,-1.0609090223705533,-1.0399585039801682,1.0651186311010739,-1.0573269493712318
187,-1.0381313279615978,1.1612550394111683,1.0545319048531874,1.0484194669205875,1.0506141745913806,1.0463536144230288,1.0481505357193983,-0.9329698449906636,-1.0624939081160591,-1.0390662732889997,1.0650350346731172,-1.0484501534125734
188,-1.0375562275682313,1.1567117133344913,1.055516733756994,1.057773137188436,1.0600889705149101,1.0442558087943903,1.0473874273308255,-0.9717747631780526,-1.0625919422858843,-1.0389296253453075,1.061886235886755,-1.0493555472354077
189,-1.0370036801314675,1.1648247956142714,1.0573613339260282,1.0647883898893231,1.068370896448067,1.045488870118094,1.0477983318477495,-0.9839248467852681,-1.0654839502957247,-1.040521171983608,1.0664561739483778,-1.0490799925936756
190,-1.0332373363788312,1.1641757490318896,1.054735123515878,1.05853154288583,1.0644173844799754,1.0413733277779402,1.0445110957123582,-0.9756364176578641,-1.0617423128140668,-1.0364297717871687,1.0674871965598418,-1.04398223172163
191,-1.0270578262697156,1.1453533981428003,1.053484547130092,1.0518744262087116,1.0610773485069331,1.0400762113205377,1.0429653120534539,-0.9709270829263854,-1.059896002615694,-1.031285378612864,1.0690755286910154,-1.0426635059361975
192,-1.0342747723825514,1.1456779214339907,1.0544537438290762,1.0633979794441022,1.073824016404055,1.0416775896630097,1.043112063666641,-1.0023854389326672,-1.0610070565403784,-1.036035904184761,1.0699393584465662,-1.0490012626960379
193,-1.0342183899910447,1.1447043515604174,1.0534063861059804,1.0633769126191752,1.0730742124101067,1.0430387612541112,1.0445110957123582,-0.9916481557448941,-1.0622324836631922,-1.0359715992700822,1.0721407310494213,-1.050969510136982
194,-1.0265503847461568,1.151194817384241,1.0502330485270486,1.0419519516678182,1.0453314646340166,1.037225757870937,1.041859783234111,-0.9465327290173218,-1.0568896214077241,-1.0296134508312151,1.067515062035827,-1.0379593945523409
195,-1.032944147942997,1.1781302505531106,1.053093742009534,1.0574782016394508,1.0698023404365133,1.0416455620961602,1.0458416436719213,-0.9701735893693479,-1.0622324836631922,-1.0360680566421006,1.0686854120272182,-1.0463244461763537
196,-1.0369924036531661,1.1604437311831906,1.0554854693473492,1.0655046619368607,1.078459168366645,1.046962138193168,1.0459590449624707,-0.9837364733960088,-1.0652715429277704,-1.0406658580416352,1.066623366804291,-1.053685691605485
197,-1.03478221390611,1.1776434656163244,1.0591903018902402,1.0548237816985744,1.0690866184422902,1.0478749238483773,1.0496669690556653,-0.9486048362991748,-1.070761456437976,-1.0408185822139975,1.0683788917913777,-1.0507333204440688
198,-1.0391800404436193,1.1604437311831906,1.057205011877805,1.0572675333901747,1.0763801663834252,1.0505011843300316,1.0487179752903886,-0.962450280409722,-1.0670198189563178,-1.0420162612498902,1.0653972858609289,-1.0565002854460352
199,-1.037432186306917,1.1414591186485055,1.0508896011295863,1.0636929149930887,1.0863321103031032,1.0468500417091953,1.041292343663121,-0.9820411128926771,-1.0629187228519679,-1.0395083695774165,1.058960360908277,-1.058704722579893
200,-1.0423374543679849,1.1365912692806373,1.0540160420940512,1.0578784713130747,1.0804018423509656,1.0516701905200367,1.0472504591585177,-0.962073533631206,-1.0661375114278921,-1.0422172141082615,1.0687411429791893,-1.0622869329224114
201,-1.0472765518639569,1.125232954088945,1.0552509862750146,1.0608278268029363,1.078459168366645,1.0537039410149762,1.0495984849695112,-0.9637688941345376,-1.0642258451163025,-1.0449662492107805,1.0740077179404501,-1.0658888257393393
202,-1.0443672204622199,1.094890026362568,1.0443240751042104,1.0651886595629472,1.0777775283721467,1.0449444014816531,1.0374278845158604,-0.995321436835449,-1.0516284542937773,-1.0391466544323484,1.063864684681726,-1.0619916958062696
203,-1.0446491324197527,1.095539072944951,1.0488105178882174,1.0611438291768498,1.0667349604612708,1.0459372560539861,1.0401085473167448,-0.9811934326410101,-1.0532460180958916,-1.0403443334682414,1.0689083358351026,-1.058704722579893
204,-1.0619923560471611,1.0929428866154212,1.0630358242765316,1.0659470652603398,1.0622702184973047,1.0593568065639034,1.054813058958093,-0.9843015935637869,-1.0676733800884852,-1.0557292843051462,1.079441485757624,-1.0672272339991813
205,-1.0807676924188352,1.1289649719376442,1.0765576814478415,1.077597019445296,1.062133890498406,1.0700219863247686,1.0722765009273587,-1.0260262992846934,-1.0838980351945393,-1.0776974507822943,1.087271684509551,-1.0709669041369754
206,-1.0972313507387417,1.094890026362568,1.0791526274483472,1.0818946517305232,1.0505119285922058,1.0819682687596113,1.0863255220298047,-1.0431682777072795,-1.0876233336478929,-1.0917239602966096,1.0977491034801012,-1.0804932217511454
207,-1.1149128687151892,1.032257031162667,1.0863590738714382,1.1006862595659308,1.0588620185248125,1.1027701734283255,1.1000321227014804,-1.1278421161792755,-1.088963133968836,-1.10763138856528,1.0931512999424928,-1.0948417455956287
208,-1.115826263457595,0.9164022162074091,1.0895011470407252,1.131212088886005,1.1020098301765688,1.1028982836957233,1.1042879194839068,-1.2377579888120023,-1.0846169524399232,-1.111779055562063,1.0996996867990867,-1.1067890075621603
209,-1.11837474755369,1.008891354196901,1.0968482833072173,1.1202573399236595,1.0872523242956762,1.1040192485354539,1.1092676908913892,-1.202626351715168,-1.0953516940357717,-1.111738864990389,1.107529885551014,-1.108343923040506
210,-1.1116877959210156,1.06016603420511,1.0934873592704177,1.1152434355908933,1.0884451942860487,1.0948113230662386,1.0993766321625782,-1.185766933376471,-1.0908584612521213,-1.1053324878655124,1.095909982065058,-1.1011401374066503
211,-1.0913224761088574,1.0737960124351404,1.0847333245699167,1.0885517684076405,1.0689162084436654,1.0851229840942818,1.094974083766965,-1.1127722450385424,-1.0913159540446384,-1.098347366508527,1.0893337297324786,-1.0969084054086202
212,-1.0834740472111486,1.0676300699025083,1.0861089585942811,1.0620286358238094,1.0744374923991042,1.0943629371303463,1.0879984904201379,-1.0955360799213265,-1.0819700298546455,-1.0924313143580764,1.0891386714005802,-1.089429065133032
213,-1.0886837801863518,1.1086822662381943,1.0897199979082375,1.061185962826705,1.083741878324009,1.0950355160341845,1.0883800446144243,-1.0794301551396697,-1.0812347735809575,-1.0899877276002816,1.0888600166407247,-1.0887008135798828
214,-1.1024636366705476,1.1090067895293858,1.097614261343511,1.067990547278316,1.1030663721680416,1.1014890707543477,1.0914031278460787,-1.0403426768683917,-1.0869044164025088,-1.0892321448528057,1.0841786166751597,-1.0884646238869695
215,-1.1077184755589562,1.1073841730734293,1.1017880600310717,1.0803989071606648,1.112779742089646,1.110104486236848,1.098036300762136,-1.0400601167845025,-1.0959235600264179,-1.0934360786499329,1.091674429715261,-1.095432219827912
216,-1.105136162027957,1.0999201373760321,1.1042266839833539,1.0886992361821342,1.1159834500637893,1.1111774097263047,1.1010691674346693,-1.0815964491161496,-1.1007599124044563,-1.1041267707152849,1.095631327305203,-1.0936411146566527
217,-1.1013923712319236,1.0747695823087138,1.1069154232127936,1.0791348976650095,1.0992832701985749,1.1113855889108262,1.1037987474399495,-1.0523985737809776,-1.101887305357445,-1.1024146523619616,1.0971360630084204,-1.0908265208161025
218,-1.0938484072483499,1.070226256232037,1.098098859693003,1.0761855421751478,1.0925691162527642,1.1027061182946265,1.0972927592553212,-1.046464812019313,-1.0930315520165779,-1.0967638579845613,1.086324258326044,-1.0845084465306716
219,-1.0886499507514478,1.0452379628103146,1.0856399924496114,1.0839381337484995,1.1008510421859221,1.0949714609004855,1.0857482990179355,-1.0665265779754165,-1.0819700298546455,-1.0905021669177122,1.0765992072071022,-1.0788398939007522
220,-1.0892588805797185,1.0627622205346399,1.0870156264739759,1.0818735849055963,1.0875249802934757,1.095371805486104,1.0888594332175021,-1.0432624644019064,-1.0850907842607445,-1.0912657877795229,1.0795529476615657,-1.0766551392413042
221,-1.0949873315567817,1.0720111343335892,1.0879848231729596,1.1003702571920173,1.105315784149887,1.0959483016893936,1.091207459028496,-1.0768871143846708,-1.0872148579402885,-1.0961208088377732,1.0762369560192906,-1.0811230609322475
222,-1.094333295815306,1.0716866110423977,1.0895167792455476,1.0929968684673617,1.081799204339688,1.0945230749645933,1.0976058293634536,-1.0317716876570986,-1.0917080907239387,-1.0948990154588758,1.0793300238536818,-1.0740373701448485
223,-1.097682409870794,1.056271754710816,1.083654702437176,1.1041833525039104,1.083571468325384,1.098430438120226,1.1005212947454375,-1.0333728614658004,-1.0946000987337792,-1.0972541829589872,1.073506139372711,-1.0850792382885452
224,-1.09436712525021,1.0363135723025565,1.0778082578336274,1.099106247696362,1.0841508623207075,1.0952917365689803,1.091070490856188,-1.062476550106343,-1.0842738328455355,-1.0924152381294068,1.0588488990043348,-1.0874411352176785
225,-1.1030049076290103,1.0496190272413966,1.0864372348955498,1.1011286628894101,1.0830602383295098,1.1077184325065648,1.1027617027067607,-1.0552241746198654,-1.0975901409134448,-1.0990306062269892,1.0756239155476093,-1.0965738033436596
226,-1.0989002695273349,0.9939632828021056,1.0857963144978344,1.0894155082296717,1.07835692236747,1.1000318164626979,1.0975079949546624,-1.0314891275732094,-1.0915283614125928,-1.0930984778478692,1.0699114929705806,-1.0862011393298836
227,-1.0978966629585187,0.9843898457119657,1.0873595349800669,1.0811573128580576,1.0723584904158836,1.097373528414194,1.0954436889291637,-1.0022912522380374,-1.088767065629186,-1.0932110114485571,1.0674036001318852,-1.078111642347603
228,-1.1053053092024767,0.936035875324476,1.0880786164018936,1.0954406201589617,1.099896746193624,1.0964287151921353,1.093741370216193,-0.991365595661005,-1.0892572364783113,-1.0947864818581878,1.0772401131547686,-1.081319885676342
229,-1.0983251691339684,0.9482054987441468,1.0812786073041831,1.1033617463317342,1.1158130400651645,1.1029783526128467,1.0887909491313483,-1.0367635824724664,-1.0867573651477713,-1.0916194648102566,1.0865193166579423,-1.0943890486842114
230,-1.096690079780279,0.9618354769741774,1.0808096411595134,1.1031932117323133,1.1141430220786432,1.1047078412227171,1.0885757134320069,-1.0556009213983841,-1.0893225925915282,-1.091651617267596,1.0889993440206525,-1.0981680837708245
231,-1.1098384534796015,1.006295167867371,1.0990836885968096,1.1024558728598488,1.1133591360849693,1.1126346640179545,1.1013724541019227,-1.0693521788143017,-1.10839023862251,-1.1051878018074852,1.099866879655,-1.1067102776645223
232,-1.119434736514013,1.0692526863584635,1.115263020587914,1.099127314521289,1.1214024880200524,1.1173747439116721,1.1100112323982039,-1.048631105995793,-1.1195824730108754,-1.1106858720125232,1.1107622807653328,-1.106966149831845
233,-1.1226372563515836,1.0877505139563624,1.1126055457681194,1.1003702571920173,1.12699193597494,1.113339270488642,1.1040629003436864,-1.0545648677574575,-1.1122625883306012,-1.1075831598792707,1.1076692129309418,-1.1059229786881446
234,-1.094998608035083,1.162066347639147,1.0942533373067116,1.0732572535102134,1.105383948149337,1.090279422357042,1.084818872134417,-1.0547532411467169,-1.0879827922705851,-1.0873190736411111,1.0915351023353332,-1.0876773249105918
235,-1.077520066668059,1.114523685479636,1.0874689604138232,1.052717099205816,1.0763120023839752,1.087685189442237,1.081472935353751,-1.0857406636798503,-1.0775584922125163,-1.0809930776595833,1.0928447797066523,-1.0866538362413007
236,-1.0687469665496432,1.1073841730734293,1.080121824147331,1.0552029845472715,1.0577373125338898,1.0737692116461532,1.0787629222302293,-1.0782057281094837,-1.0739965840422043,-1.0802696473694469,1.08169858931245,-1.0789973536960278
237,-1.0685101605053158,1.1271800938360932,1.0776675679902263,1.0680116141032443,1.065576172470623,1.0687248698673657,1.0744973420069237,-1.1074977901392855,-1.0725587495514362,-1.0798918559957087,1.0857112178543626,-1.0775014856409102
238,-1.075557959443632,1.152492910549006,1.0820289531356546,1.0771335492968885,1.0724607364150585,1.0746980110847872,1.078625954057921,-1.1205897406927978,-1.0779996459767291,-1.0848272581973073,1.0912007166235074,-1.08385892487516
239,-1.0825155465555376,1.1667719353614197,1.083357690545552,1.077028215172251,1.0641447284821757,1.0775324507509632,1.082871967399468,-1.1351886783603826,-1.0795518536656266,-1.0869171679243685,1.0859898726142179,-1.0828748011546878
240,-1.1002534469234915,1.1257197390257323,1.0929402321016364,1.0975894363015755,1.0763120023839752,1.096781018427479,1.0981439186118065,-1.16796564809148,-1.0927864665920148,-1.100662343436964,1.099866879655,-1.0962588837531086
241,-1.1049331854185336,1.0002914869803334,1.0886257435706752,1.1128207507242214,1.0923987062541403,1.0992951824251609,1.0974982115137832,-1.216283422436456,-1.0853358696853073,-1.1025914908773284,1.094377380885855,-1.0976957043849978
242,-1.1066697630769347,1.0262533502756295,1.0808096411595134,1.1026454742841967,1.0731764584092816,1.0970692665291244,1.0944457779594914,-1.1710738090142567,-1.082623590986813,-1.1030818158517541,1.09106138924358,-1.0930112754755505
243,-1.1007270590121465,1.0447511778735283,1.0789963054001237,1.0896893769537312,1.0559991305479186,1.091544511247595,1.0915303125775075,-1.122756034669278,-1.0798949732600143,-1.0998103033174698,1.0878011285532756,-1.084882413544451
244,-1.0941528721624851,1.0937541948433989,1.0755415881343904,1.0784818260922542,1.0485010906084349,1.0758990448416412,1.082598031054852,-1.036292648999318,-1.0825745739019006,-1.0873592642127854,1.086073469042174,-1.0732894361172896
245,-1.0717916156909957,1.1370780542174244,1.0744785982064722,1.0429631592643422,1.0299264007583506,1.058155772807049,1.0651932897308614,-0.9691375357284241,-1.074780857400805,-1.0647802010461886,1.0703294751103631,-1.0474463472176918
246,-1.0763811423596272,1.1471382762443516,1.0835140125937754,1.0617547670997498,1.0506141745913806,1.0646413550940619,1.0695175705994413,-0.9908004754932296,-1.0813328077507824,-1.071660826916821,1.0794972167095946,-1.0556342565720198
247,-1.063322980486715,1.2092844865074663,1.0779489476770279,1.0498309441907365,1.037594850696459,1.0562501325795073,1.0652813406987733,-0.9539734778930613,-1.080417822165748,-1.0623124999453892,1.0761254941153484,-1.061027254560207
248,-1.0475697402997908,1.179103820426685,1.0655057126384586,1.0686857525009266,1.0784932503663698,1.0523427694238747,1.052993338954573,-1.0488194793850523,-1.0702876246171547,-1.0546843294416155,1.0662053846645085,-1.0614799514716242
249,-1.0468818751234112,1.1868923794152737,1.0650992753130784,1.061565165675402,1.063701662485752,1.055753705293341,1.0564175432622722,-1.0503264664991272,-1.070156912390721,-1.0538724798937957,1.064199070393552,-1.0516190317924936
250,-1.0690965373769836,1.1698549066277357,1.0750257253752535,1.0869928233629997,1.0849688303141056,1.0583159106412965,1.0603602699365657,-1.048631105995793,-1.0714803736833598,-1.0612514688531889,1.0723636548573052,-1.071301506201936
251,-1.06785612476384,1.1750472792867943,1.0810128598222033,1.0740788596823883,1.07372177040488,1.06962164173915,1.0673749970469093,-0.9979586642850774,-1.0817576224866912,-1.0636387888106398,1.0810298178887978,-1.0698646855700467
252,-1.070912050383494,1.17780572726192,1.0716335369288095,1.0830533271015412,1.0844576003182322,1.0628317975670682,1.061279913379205,-1.0191506705767346,-1.0747645183725008,-1.0626902913191274,1.0716112870056966,-1.0697269082491805
253,-1.063131280355593,1.163851225740698,1.072571469218149,1.0604907576040945,1.0533066525696497,1.0585721311760918,1.0597634800429383,-0.9785562051913816,-1.0699608440510708,-1.0585828148940184,1.0672642727519577,-1.0560082235857993
254,-1.0557564635465388,1.1464892296619695,1.0695857180970851,1.0684118837768681,1.0767891503801237,1.0510136253996227,1.0537075301387502,-0.9836422867013791,-1.070401997815284,-1.0523050475984996,1.066177519188523,-1.0643142277865838
255,-1.0512797016609203,1.1599569462464043,1.0671627263496248,1.0578574044881466,1.0645877944786002,1.0468980830594696,1.0502735423901717,-0.9546327847554664,-1.0693726390321203,-1.0436158460025255,1.073784794132566,-1.0591967844401289
256,-1.0457880567281845,1.1515193406754325,1.061441339384655,1.0646619889397575,1.0753917883914021,1.0437273539413745,1.0443545606582918,-0.9697968425908319,-1.0645853037389947,-1.0392189974613621,1.0689362013110881,-1.0590590071192627
257,-1.0355941203438042,1.1731001395396474,1.0575645525887183,1.0482719991460947,1.067416600455769,1.034295235504213,1.0414488787171872,-0.9265651497558506,-1.0650264575032076,-1.0316551318722673,1.0771565167268125,-1.0550831472885553
258,-1.0418187363661249,1.1826735766297873,1.0603158206374472,1.0560035238945193,1.0763460843837,1.0418697550641065,1.0449513505519195,-0.9464385423226948,-1.0684413144187819,-1.037265735677993,1.080667566700986,-1.0608697947649315
259,-1.065533170233771,1.1662851504246323,1.0770735442069783,1.0706239003942641,1.0820377783377628,1.0637445832222774,1.0595775946662345,-0.9926842093858206,-1.0777218824955581,-1.0601823996466537,1.0772958441067397,-1.0700418278397317
260,-1.0715886390815723,1.1732624011852433,1.0813411361234726,1.0735311222342716,1.0739262624032297,1.0646413550940619,1.0651150222038281,-1.012557601952662,-1.0789963267032843,-1.065182106762931,1.0766549381590733,-1.0694316711330387
261,-1.0711601329061227,1.1821867916930011,1.0774643493275362,1.0736153895339822,1.0633608424885026,1.0611823778743215,1.0638823086530562,-1.0256495525061746,-1.075140316023497,-1.0657367366520358,1.0696328382107256,-1.0664005700739847
262,-1.08201938151028,1.134806391179086,1.084358151654181,1.0648305235391784,1.0532044065704749,1.072392026271627,1.0755833039445084,-1.0289460868182108,-1.0821987762509042,-1.075495007454545,1.0727537715211024,-1.0685459597846139
263,-1.0936792600738303,1.1412968570029098,1.093018393125748,1.0855602792679235,1.068200486449442,1.0824326684789283,1.085787432781452,-1.046747372103202,-1.094207962054479,-1.085052325398683,1.0882469761690439,-1.0796271928771297
264,-1.095438390688834,1.11144071421332,1.0933466694270166,1.0761434085252928,1.0436273646477703,1.0891584575173117,1.0927238923647626,-1.0158541362646982,-1.0973777335454904,-1.0920535229843384,1.0971081975324348,-1.0826189289873651
265,-1.1050121207666428,1.047509625848653,1.0844050482686478,1.101339331138686,1.0678596664521935,1.10020796808037,1.0965003005441107,-1.1217199810283516,-1.087443604336547,-1.1044563334030137,1.0957427892091447,-1.0975382445897222
266,-1.1208217433450733,0.9691372510259788,1.096926444331329,1.1357414562454355,1.1021461581754686,1.1154050485504312,1.112378825090956,-1.2085601134768302,-1.0938811814883953,-1.122919882030167,1.1161960485825067,-1.1093477292353877
267,-1.1267306179749577,0.9631335701389412,1.0993963326932559,1.1356782557706533,1.0925350342530393,1.1184156398342793,1.1193250681151456,-1.2164717958257154,-1.0955150843188135,-1.12544384993131,1.1207659866441295,-1.1121229581271188
268,-1.1158375399358964,1.0699017329408467,1.0956133391262537,1.1256083134552661,1.0933870842461633,1.1020975945244869,1.1084947990619372,-1.1847308797355447,-1.098031294677658,-1.1097052220636716,1.1061923427037095,-1.1084620178869626
269,-1.0961713617784188,1.078988385094199,1.0902045962577296,1.084675472620965,1.0604979545116087,1.0905356428918374,1.1028595371155523,-1.0993035477065112,-1.094028232743133,-1.102503071619645,1.1081150605467094,-1.0898817620444494
270,-1.0831921352536158,1.0376116654673215,1.0849209110277842,1.091248321998372,1.075630362389476,1.0873168724234685,1.0947784149493822,-1.1170106462968727,-1.0895513389877864,-1.096619171926534,1.100256996318797,-1.0894093826586226
271,-1.0823802288159219,1.0350154791377928,1.0869999942691535,1.092048861345621,1.083707796324284,1.0911121390951275,1.0936924530117977,-1.1324572642161246,-1.0914956833559843,-1.097262221073322,1.0971081975324348,-1.0957865043672819
272,-1.084815948129004,1.050754858760566,1.0907673556313333,1.0707713681687578,1.0679959944510924,1.0941707717292495,1.0968133706522434,-1.0969488803407719,-1.0933583325826615,-1.0962092280954565,1.0980834891919273,-1.0922042940247634
273,-1.0877591089656446,1.0820713563605164,1.0905016081493542,1.0732572535102134,1.0904219502700945,1.0967169632937805,1.0870299297731028,-1.1172932063807617,-1.0876723507328057,-1.090027918171956,1.0844851369110007,-1.0939953991960227
274,-1.099159628528265,1.103165370287944,1.0998652988379256,1.065378260987295,1.081901450338863,1.1034587661155884,1.0976547465678494,-1.0993035477065112,-1.0887180485442731,-1.0949633203735547,1.0974983141962318,-1.0965147559204313
275,-1.0900256811042073,1.1124142840868934,1.0966763290541715,1.0491146721431979,1.0825490083336362,1.0942828682132226,1.0902780321449774,-1.0075657071372943,-1.0856136331664785,-1.0824962050402005,1.0874946083174353,-1.080571951648783
276,-1.1081018758212005,1.084180757753259,1.1043204772122879,1.0772599502464542,1.108144590127056,1.1070138260358766,1.0971068738786176,-1.0274390997041385,-1.0971163090926237,-1.091217559093514,1.0854604285704932,-1.0917909620621653
277,-1.1199872839507767,1.085478850918024,1.11496600869629,1.0962411595062096,1.1187781740412333,1.1156932966520765,1.1073892702425943,-1.055318361314495,-1.1091581729528066,-1.1013696974984308,1.0993095701352895,-1.1023801332944452
278,-1.1214983320431517,1.0439398696455506,1.114043708611773,1.0907637850250376,1.1165969260588375,1.1185437501016768,1.1096981622900715,-1.0241425653921024,-1.1109227880096582,-1.1025271859626495,1.1030992748693182,-1.097931894077911
279,-1.1306773853804146,1.0340419092642181,1.1208437177094839,1.1011286628894101,1.1366030598973695,1.1324757416811853,1.1166444053142612,-1.03130075418395,-1.1197295242656133,-1.1122613424221541,1.1122948819445357,-1.1051947271349953
280,-1.120990890519593,1.034204170909814,1.1160446308290304,1.0949350163607003,1.1151995640701162,1.1198088389922303,1.1122809906821645,-1.0597451359620849,-1.1156447671895675,-1.1076715791369542,1.1012044225023039,-1.0966918981901164
281,-1.1201338781686938,1.0733092274983542,1.1169825631183699,1.0989587799218694,1.1193916500362815,1.1168943304089305,1.1119385702513944,-1.0850813568174424,-1.1139455082459322,-1.1055414788382185,1.098947318947478,-1.099132525016887
282,-1.1184085769885939,1.088724083829936,1.113715432310504,1.1024769396847758,1.1120981020951475,1.1174067714785216,1.112320124445681,-1.0911093052737368,-1.1126383859815976,-1.1057906603825989,1.0967459463446232,-1.1046239353771217
283,-1.11181183718233,1.1127388073780848,1.113371523804413,1.0851810764192267,1.090967262265693,1.1129869672532984,1.110373219710732,-1.0585207089319015,-1.1090764778112856,-1.1037248649985423,1.0907270035317536,-1.0990931600680682
284,-1.1188821890772487,1.0846675426900452,1.1133871560092354,1.0939238087641752,1.1040888321597895,1.1159815447537214,1.1122222900368897,-1.0656788977237495,-1.1119848248494304,-1.1087808389151637,1.0897795773482466,-1.1073794817944433
285,-1.1072223105136987,1.0856411125636198,1.1082128962130464,1.0639246500672919,1.0754599523908521,1.1057167095784741,1.1026051676526947,-1.0126517886472919,-1.0989952973476045,-1.0985965480529074,1.080444642893102,-1.091830327010984
286,-1.1083274053872267,1.0958635962361425,1.109057035273452,1.0725409814626747,1.0852074043121804,1.1053804201265551,1.1048162252913805,-1.0347856618852458,-1.1017565931310116,-1.0982348329078389,1.0877453976013045,-1.0955896796231877
287,-1.1029485252375038,1.1456779214339907,1.107274963923707,1.0713191056168745,1.0952615942310342,1.0972614319302207,1.0948273321537778,-1.0428857176233903,-1.0949595573564714,-1.0924634668154158,1.09298410708658,-1.0873033578968123
288,-1.10196747162529,1.1343196062422987,1.0981301241026478,1.0790506303652991,1.105418030149062,1.1007364229333856,1.0937609370979515,-1.057767215374864,-1.094044571771437,-1.0924473905867462,1.0944609773138116,-1.0963376136507463
289,-1.093149265593669,1.157685283208066,1.1019600142841168,1.0636929149930887,1.0784250863669198,1.1013289329201004,1.1002864921643383,-1.060498629519122,-1.1042401254332475,-1.0932512020202314,1.0973868522922896,-1.0967312631389352
290,-1.0805083334179053,1.1781302505531106,1.091220689571181,1.064367053390771,1.0640084004832768,1.0839699916877015,1.0925184401063006,-1.0841394898711483,-1.0907931051389046,-1.0909603394347989,1.0838442309633336,-1.0868112960365763
291,-1.0747235000493351,1.0991088291480544,1.0835140125937754,1.0652097263878741,1.083775960323734,1.0873969413405917,1.0829795852491386,-1.1053314961628053,-1.0773624238728658,-1.0810734588029318,1.0852375047626093,-1.0885433537846072
292,-1.0599174840397207,0.997533039005209,1.077933315472206,1.0451541090568124,1.0730742124101067,1.080014587181795,1.0658683471515218,-1.0447694515159813,-1.0649447623616866,-1.062007051600665,1.0744535655562184,-1.0730138814755572
293,-1.057312617552119,1.0596792492683238,1.0779645798818502,1.0472818583744978,1.0558968845487438,1.0695896141723011,1.0763855460965979,-1.0579555887641234,-1.0733920399949495,-1.0709132822836802,1.0726144441411747,-1.073801180451935
294,-1.086360825656283,1.0711998261056104,1.087750340100625,1.0867821551137236,1.0717790964205591,1.0867083486533289,1.0929391280641036,-1.1023175219346584,-1.0930152129882735,-1.095429531004976,1.0938758023181159,-1.09303095794996
295,-1.097434327348165,1.1099803594029591,1.087656546871691,1.0875616276360445,1.0652353524733735,1.086019755966066,1.0979188994715863,-1.1100408308942842,-1.092606737280669,-1.0991270635990074,1.0949625558815506,-1.097479197166494
296,-1.104324255590263,1.0473473642030582,1.089782526727527,1.0911219210488061,1.0690184544428403,1.0923291866354063,1.0962165807586157,-1.1382968392831594,-1.0851071232890488,-1.1001800565768731,1.1046876070004923,-1.0832094032196484
297,-1.0915480056748836,1.0131101569823864,1.0869843620643314,1.0874352266864789,1.0749146403952528,1.0911761942288265,1.0880474076245334,-1.1390503328401969,-1.0799930074298394,-1.0880746563885872,1.0995324939431739,-1.087421452743269
298,-1.0938596837266512,1.0071064760953488,1.079621593593017,1.0941344770134513,1.0739603444029548,1.0860838110997646,1.0853178276192532,-1.1392387062294562,-1.0737841766742497,-1.0875923695284961,1.0939036677941014,-1.0923027063968107
299,-1.0857293428714097,1.087263729019575,1.075760439001903,1.082863725677192,1.0561354585468186,1.0812316347220738,1.0838600949282613,-1.1074977901392855,-1.0792577511561512,-1.0860490515762047,1.087996186885174,-1.0855122527255532
300,-1.076223271663409,1.0817468330693247,1.0625043293125727,1.0762276758250031,1.0490464026040334,1.0705184136109345,1.072139532755051,-1.1092873373372467,-1.066938123814797,-1.0754628549972056,1.070524533442262,-1.075671015520832
301,-1.06431531057723,1.1451911364972047,1.0630670886861764,1.0738681914331134,1.0525227665759764,1.0602055370854138,1.0632561684367914,-1.097796560592439,-1.0669708018714052,-1.0656402792800177,1.0649514382451606,-1.0607910648672936
302,-1.0594213189944632,1.1492476776370941,1.0648960566503882,1.064388120215699,1.0487737466062346,1.0577073868711568,1.0618864867137117,-1.074815007102818,-1.067640702031877,-1.0617659081706194,1.0639482811096825,-1.0554767967767442
303,-1.0609887494783448,1.1846207163769353,1.072821584495306,1.0790716971902272,1.079140808361144,1.062655645949396,1.0632855187594288,-1.0741557002404127,-1.074159974325246,-1.0638397416690109,1.0704966679662764,-1.0631332793220172
304,-1.0528133027098983,1.1857565478961045,1.0653337583854134,1.0648515903641054,1.068200486449442,1.0522787142901757,1.052582434437649,-1.049196226163571,-1.0643238792861278,-1.0537438700644381,1.0603815001835377,-1.0544729905818628
305,-1.0546964745862162,1.1521683872578146,1.061957202143791,1.0800829047867513,1.0987038762032515,1.056890683916496,1.0474656948578587,-1.065773084418379,-1.061399193219679,-1.0514369312503358,1.0619141013627404,-1.0631332793220172
306,-1.045506144770652,1.1523306489034102,1.0556886880100398,1.0628923756458395,1.0797542843561925,1.0505812532471552,1.0412434264587251,-1.0263088593685823,-1.0554517869169562,-1.0436319222311954,1.057706414488929,-1.052170141075958
307,-1.0511669368779075,1.151194817384241,1.0594247849625749,1.0812626469826963,1.1057247681465867,1.0571308906678671,1.0467025864692856,-1.0524927604756074,-1.0636213010690478,-1.0481011138013725,1.0691312596429865,-1.0653573989302842
308,-1.0391462110087155,1.1482741077635208,1.0501079908884703,1.0655257287617887,1.091751148259366,1.0473784965622113,1.039276954842018,-1.0247076855598805,-1.0538669011714503,-1.0376435270517312,1.0634188370659579,-1.0532133122196585
309,-1.0379734572653796,1.148111846117925,1.0480914364663902,1.0661155998597607,1.0953638402302082,1.0498926605598924,1.040724904092131,-1.0222588314995114,-1.0538995792280588,-1.0367754107035674,1.0667626941842183,-1.0534888668613906
310,-1.0423374543679849,1.1343196062422987,1.0456371803092857,1.083874933273716,1.1168355000569123,1.0529512931940144,1.0413216939857581,-1.0533404407272744,-1.052690491133549,-1.039974580208838,1.0696885691626967,-1.0614012215739863
311,-1.0330569127260103,1.1299385418112176,1.0442302818752764,1.0716561748157163,1.10173717417877,1.0502289500118116,1.0395704580683922,-1.0313949408785799,-1.0521186251429029,-1.0341228329730665,1.0705523989182475,-1.0563231431763502
312,-1.0292003571469637,1.1093313128205773,1.0427608546219784,1.0625131727971437,1.0907968522670681,1.049460288407425,1.0380442412912463,-1.0223530181941385,-1.053458425463846,-1.0327242010788025,1.0663725775204214,-1.055024099865327
313,-1.027881009185711,1.1080332196558123,1.0387277457778188,1.0762908762997854,1.1055543581479619,1.0479870203323505,1.0337395273044243,-1.0535288141165338,-1.0513016737276937,-1.0324026765054082,1.0675429275118125,-1.0598659885700499
314,-1.0254001839594238,1.0979729976288852,1.038164986404215,1.0731308525606478,1.103543520164191,1.0448002774308305,1.0331133870881595,-1.0485369193011633,-1.0528375423882868,-1.031132654440502,1.0708310536781025,-1.059334561760995
315,-1.029617586844112,1.130912111684791,1.0481852296953242,1.065989198910195,1.0951934302315842,1.0499086743433172,1.0393063051646554,-1.019621604049883,-1.0589483389740515,-1.0334637075976087,1.0782154048142616,-1.061519316420443
316,-1.022355534818071,1.1060860799086643,1.0397282068864475,1.0644091870406263,1.0983289742062767,1.0399000597028656,1.027517258905291,-1.042697344234131,-1.0486057340575032,-1.027989751735575,1.0679330441756096,-1.0617751885877658
317,-1.0232914825170794,1.1187424882651213,1.0450587887308596,1.0642195856162784,1.0979881542090282,1.041165148593419,1.0314012849343097,-1.033184488076541,-1.0536708328318003,-1.0309960064968096,1.070580264394233,-1.0613618566251675
318,-1.0292454630601688,1.1539532653593667,1.0574707593597845,1.052337896357119,1.0767550683803988,1.0444639879789115,1.04061728624246,-0.9981470376743368,-1.0610887516818994,-1.038029356539804,1.0744535655562184,-1.0614405865228054
319,-1.0402851353171474,1.1636889640951023,1.064739734602165,1.0602168888800363,1.084628010316857,1.0511417356670207,1.0478276821703867,-0.9988063445367419,-1.0675426678620519,-1.0474098359685753,1.0838442309633336,-1.0680932628731967
320,-1.0573577234653242,1.2115561495458047,1.0734781370978437,1.05372830680234,1.0496257965993576,1.0561220223121095,1.058286180470188,-0.9435187547891772,-1.074159974325246,-1.0577227366601893,1.079441485757624,-1.065042479339733
321,-1.0655218937554696,1.2198314934711796,1.0770266475925112,1.0541075096510357,1.0419573466612493,1.0577874557882805,1.063031149296571,-0.956233958564171,-1.077983306948425,-1.0623366142883939,1.0742863727003051,-1.0627789947826474
322,-1.0848385010856065,1.2089599632162749,1.080262513990732,1.0593742158829331,1.0364360627058113,1.069285352287231,1.072980908670657,-0.9855260205939728,-1.0816922663734747,-1.0745625861917023,1.0772958441067397,-1.0640386731448517
323,-1.0999151525744524,1.1648247956142714,1.0791213630387024,1.081831451255741,1.0503756005933058,1.0826088200966,1.082382795355511,-1.064925404166712,-1.0852541745437865,-1.0856391077451273,1.0846523297669135,-1.072423407243274
324,-1.1059818979005551,1.0642225753450005,1.0842799906300693,1.0799143701873304,1.0484329266089851,1.0892865677847092,1.08877138224959,-1.0786766615826322,-1.08308108377933,-1.0949552822592197,1.0849031190507827,-1.0759268876881547
325,-1.106568274772223,1.0225213324269316,1.0996777123800576,1.1053420278749282,1.0967271202192057,1.1003520921311922,1.1006680463586247,-1.1068384832768776,-1.0916590736390264,-1.107743922165968,1.1017060010700432,-1.0940347641448416
326,-1.1053165856807778,1.006944214449753,1.0922680472942763,1.1155383711398799,1.104395570157314,1.0981261762351557,1.101949677113792,-1.1735226630746258,-1.0875579775346764,-1.1052521067221641,1.0975261796722173,-1.102813147731453
327,-1.1115299252247974,1.030958937997902,1.0923149439087432,1.113937292445383,1.0871841602962262,1.097101294095974,1.1058141362610527,-1.1895344011616558,-1.0928354836769274,-1.1065301669014054,1.098947318947478,-1.104958537442082
328,-1.1194572894706154,1.078988385094199,1.1011627718381785,1.1269565902506318,1.0940346422409366,1.1064853711828613,1.1110189268087554,-1.1774785042490672,-1.1046976182257646,-1.1135394026013956,1.1121276890886225,-1.1104499478023164
329,-1.092935012505944,1.117119871809166,1.0919710354026522,1.0881093650841611,1.0680300764508175,1.0886620302311452,1.0951599691436686,-1.113902485374096,-1.0923289737994977,-1.0954616834623154,1.0983064129998115,-1.0935033373357868
330,-1.0814893870301188,1.1080332196558123,1.0841080363770235,1.084485871196616,1.0690866184422902,1.0780609056039787,1.087254948913323,-1.1210606741659463,-1.087525299478068,-1.0891839161667967,1.0908105999597102,-1.0875789125385444
331,-1.063210215703702,1.073471489143949,1.0833420583407298,1.0608699604527916,1.0613159225050068,1.0717514749346384,1.0815609863216633,-1.063606790441899,-1.0823948445905542,-1.076258628316356,1.078912041713899,-1.077540850589729
332,-1.0566698582889447,1.0643848369905953,1.0801530885569757,1.067990547278316,1.0852755683116302,1.0722639160042298,1.0742527559849453,-1.0761336208276333,-1.0776892044389497,-1.0692735069593704,1.0778252881504646,-1.0808671887649248
333,-1.061405979175493,1.0368003572393438,1.082576080304436,1.0479770635971082,1.0762779203842503,1.0847706808589375,1.0727167557669204,-1.054470681062828,-1.0725097324665236,-1.0652142592202705,1.0826738809719425,-1.080749093918468
334,-1.095472220123738,1.1839716697945524,1.1013659905008688,1.0751322009287676,1.1002716481905976,1.0940907028121258,1.0977917147401572,-1.030170513848394,-1.0937504692619617,-1.0908397677197759,1.0971639284844057,-1.0877560548082295
335,-1.0984041044820774,1.1735869244764336,1.1000841497054379,1.072161778613979,1.0713701124238606,1.0931939309403413,1.1024486325986282,-1.0439217712643143,-1.1010376758856275,-1.0921258660133522,1.081169145268725,-1.0864766939716157
336,-1.1060833862052668,1.1898130890359941,1.1102607150447708,1.0775338189705126,1.0712678664246857,1.0973415008473446,1.1102362515384243,-1.0637009771365287,-1.1103182439624035,-1.1024548429336358,1.07481581674403,-1.095255077558227
337,-1.113616073710539,1.138051624090998,1.1144188815275085,1.0965150282302691,1.1129842340879956,1.1172786612111236,1.1091600730417188,-1.1041070691326196,-1.125154081662602,-1.10681953901746,1.098612933235652,-1.1085210653101911
338,-1.1197166484715455,1.139349717255763,1.125017516397044,1.0968310306041826,1.1141430220786432,1.1185437501016768,1.1158715134848092,-1.0655847110291197,-1.1329641371920016,-1.1133625640860287,1.1076413474549562,-1.1038563188751531
339,-1.124272345705273,1.1167953485179745,1.1164667003592332,1.106922039744497,1.130740955944682,1.1149406488311147,1.112731028962605,-1.0848929834281857,-1.1225398371339326,-1.1154765881560946,1.1031550058212893,-1.1030493374243662
340,-1.1138190503199625,1.0836939728164716,1.1118083033221806,1.0899843125027167,1.1094737881163284,1.1132431877880937,1.1097959966988629,-1.0557892947876435,-1.1171479577935521,-1.1085798860567924,1.1033779296291737,-1.1025179106153111
341,-1.1205962137790473,1.0634112671170217,1.114137501840707,1.104351887103331,1.1246743599936446,1.116990413109479,1.1071838179841322,-1.079053408361151,-1.116576091802906,-1.1121327325927965,1.1085051772105066,-1.1076156714873568
342,-1.119220483426288,1.0635735287626176,1.1149972731059345,1.1006441259160757,1.12000512603133,1.115725324218926,1.10800562701798,-1.0739673268511534,-1.1167231430576434,-1.1112083494442886,1.1100377783897093,-1.1044861580562553
343,-1.1155556279783636,1.0606528191418971,1.1155131358650714,1.0931443362418554,1.1103940021089014,1.1141719872267277,1.10800562701798,-1.06549052433449,-1.1147134425762288,-1.109359583147273,1.1080871950707243,-1.0973611023200371
344,-1.117190717332053,1.065845191800956,1.115059801925224,1.0996329183195517,1.1233110800046482,1.1112254510765789,1.1039454990531368,-1.100245414652808,-1.1103836000756204,-1.1070767586761754,1.103294333201217,-1.0995655394538948
345,-1.1155556279783636,1.0767167220558618,1.118108081865577,1.0907848518499657,1.1119617740962477,1.1113215337771274,1.1083089136852335,-1.073496393378005,-1.113030522660898,-1.1044643715173486,1.1036008534370576,-1.0963376136507463
346,-1.1101541948720381,1.1116029758589157,1.1121365796234497,1.084485871196616,1.1086217381232044,1.1042594552868248,1.1003647596913713,-1.0730254599048565,-1.1026389006594375,-1.0997299221741215,1.0906155416278118,-1.0957668218928724
347,-1.1090716529551128,1.1154972553532094,1.1137779611297935,1.0732572535102134,1.094579954236535,1.101136767519004,1.0991711799041162,-1.0540939342843092,-1.1007272343478482,-1.0968201247849052,1.08969598092029,-1.0910430280346064
348,-1.10645550998921,1.1154972553532094,1.1062901350199004,1.0847176062708204,1.1093715421171535,1.0990549756737897,1.093584835162127,-1.0634184170526397,-1.094387691365825,-1.0955420646056637,1.0866865095138554,-1.092046834229488
349,-1.096363061909541,1.117119871809166,1.0971921918133083,1.0702657643704954,1.0978859082098533,1.0909359874774558,1.0862374710618925,-1.0592742024889363,-1.0858587185910413,-1.088958848965421,1.0823952262120875,-1.0855713001487814
350,-1.0852444543044535,1.1245839075065631,1.0928620710775248,1.0542760442504566,1.0805040883501407,1.090215367223343,1.083830744605624,-1.0660556445022682,-1.0824928787603796,-1.0847629532826286,1.0878289940292611,-1.0843116217865771
351,-1.0832372411668212,1.106410603199856,1.0918928743785405,1.058952879384381,1.0857527163077798,1.0915605250310199,1.0840557637458441,-1.0862115971529986,-1.0830157276661134,-1.085550688487444,1.0938758023181159,-1.088582718733426
352,-1.0768322014916794,1.092456101678635,1.084795853389206,1.06480945671425,1.0888200962830223,1.0875250516079897,1.0772562723348413,-1.0992093610118814,-1.0771336774766076,-1.0824319001255216,1.08969598092029,-1.0897046197747644
353,-1.0709233268617953,1.0669810233201251,1.0834202193648415,1.057162199265536,1.0778116103718716,1.0869645691881242,1.0772758392165998,-1.083668556398,-1.0781957143163792,-1.0799159703387131,1.0914793713833624,-1.0861420919066553
354,-1.0675854892846086,1.1096558361117677,1.0775268781468252,1.0730255184360091,1.0654739264714481,1.0783971950558982,1.0811989990091353,-1.0885662645187382,-1.0859730917891703,-1.0858802511751728,1.0842064821511452,-1.0835243228101994
355,-1.0703820559033326,1.1080332196558123,1.0755572203392127,1.0855181456180683,1.0749146403952528,1.073208729226288,1.0788118394346247,-1.1081570970016932,-1.083522237543543,-1.0861053183765488,1.0837606345353772,-1.0831700382708294
356,-1.0747460530059378,1.0596792492683238,1.0771986018455566,1.083643198199513,1.0691207004420151,1.0745058456836905,1.0796434319093517,-1.0928046657770711,-1.0813981638639991,-1.0836617316187538,1.0898353083002177,-1.0805129042255548
357,-1.0665818827157925,1.0325815544538586,1.0759792898694154,1.0669372060319369,1.0524546025765267,1.0724400676219012,1.076747533409126,-1.0669975114485624,-1.0746011280894587,-1.0771428208931897,1.082868939303841,-1.0731516587964234
358,-1.0743400997870909,1.0776902919294353,1.0816068836054518,1.0836010645496577,1.0707566364288115,1.0741375286649217,1.0789096738434163,-1.104860562689657,-1.0813981638639991,-1.0819656894941003,1.0834541142995366,-1.082304009396814
359,-1.0908037581069974,1.1275046171272836,1.0902827572818414,1.0991694481711443,1.0724266544153336,1.0867884175704527,1.0885561465502487,-1.1579818584607442,-1.0881951996385393,-1.0869814728390474,1.0901975594880293,-1.08773637233382
360,-1.0997798348348367,1.1012182305407971,1.0969420765361513,1.1042254861537655,1.0868774222987014,1.0921690488011595,1.09741994398675,-1.1800215450040659,-1.091168902789901,-1.095099968317247,1.098557202283681,-1.096593485818069
361,-1.109590370956973,1.0419927298984026,1.0946910390417366,1.111978077727117,1.0880702922890741,1.1014410294040735,1.1053934483032495,-1.2151531821009025,-1.092279956714585,-1.104392028488335,1.1087002355424054,-1.102813147731453
362,-1.1281965601541275,1.0043480281202242,1.0988335733196521,1.1357414562454355,1.0969316122175554,1.111033285675482,1.1170259595085479,-1.2416196432918165,-1.096446408932152,-1.1223411377980574,1.1172828021459413,-1.11243787771767
363,-1.1219606676535054,0.9525865631752279,1.0966763290541715,1.1214792157694595,1.091887476258266,1.1067255779342318,1.1119483536922736,-1.2262672120671918,-1.0912015808465092,-1.1146968910656139,1.110121374817666,-1.109583918928301
364,-1.1068840161646594,1.0051593363482019,1.0911112641374243,1.1094500587358076,1.0925691162527642,1.095371805486104,1.1026540848570903,-1.1887809076046183,-1.0870678066855508,-1.1038293604848954,1.0994210320392317,-1.104919172493263
365,-1.117010293679232,1.0140837268559597,1.0988961021389414,1.1268933897758495,1.1129842340879956,1.105204268508883,1.108142595190288,-1.1906646414972093,-1.0947308109602127,-1.113997575118482,1.1136602902678252,-1.1086194776822382
366,-1.1154203102387479,0.9769258100145675,1.103366912718126,1.119962404374673,1.1029982081685916,1.1070458536027261,1.1084947990619372,-1.1635388734438876,-1.0953843720923802,-1.1153238639837326,1.116836954530173,-1.0991522074912967
367,-1.1143490448001239,0.9733560538114641,1.0986459868617844,1.111725275827987,1.0815265483418883,1.1049640617575125,1.1064109261546802,-1.150352736195748,-1.0911362247332925,-1.1084191237700955,1.1062480736556806,-1.0914563599972047
368,-1.1049782913317387,1.0134346802735779,1.089360457197324,1.1099767293589973,1.0835033043259343,1.0978859694837853,1.093242414731357,-1.1655167940311109,-1.0852541745437865,-1.0975515931893767,1.089473057112406,-1.0875198651153162
369,-1.0884920800552296,1.0307966763523062,1.085436773786921,1.0970206320285305,1.0807426623482153,1.0928896690552716,1.086061369126068,-1.137825905810011,-1.084502579241794,-1.0889025821650768,1.090671272579783,-1.0878544671802768
370,-1.0826959702083585,1.0376116654673215,1.0838891855095112,1.0743737952313748,1.0512958145858788,1.0889983196830644,1.0860222353625515,-1.0808429555591121,-1.0808262978733527,-1.0856471458594623,1.0985293368076954,-1.0863782815995686
371,-1.0886386742731466,1.1010559688952013,1.075619749158502,1.0866768209890862,1.0590665105231623,1.0830251784656426,1.083498107615733,-1.1135257385955797,-1.0808753149582653,-1.0856471458594623,1.0886370928328408,-1.087421452743269
372,-1.0828876703394805,1.1176066567459522,1.0715084792902307,1.089268040455179,1.0571920005382913,1.078221043438226,1.0803869734161666,-1.1327398243000135,-1.0748952305989343,-1.081925498922426,1.0699393584465662,-1.0720494402294947
373,-1.0846242479978818,1.1098180977573635,1.0736344591460667,1.0714876402162954,1.0381401626920574,1.0738813081301264,1.076610565236818,-1.0881895177402194,-1.0727874959476944,-1.0771749733505291,1.0700508203505084,-1.066243110278709
374,-1.0783206966274517,1.1156595169988053,1.0699452588079985,1.0640299841919292,1.034118486724516,1.067683973944759,1.0711709721080163,-1.0619114299385648,-1.0701242343341126,-1.0712749974287483,1.066177519188523,-1.0622082030247735
375,-1.068589095853425,1.156387190043301,1.060050073155468,1.0558771229449537,1.0272339227800815,1.0583799657749953,1.062336524994152,-1.0265914194524715,-1.0602227831817777,-1.061806098742294,1.0574834906810449,-1.055240607083831
376,-1.0765953954473522,1.1432439967500567,1.0731342285917527,1.0747108644302166,1.0497962065979825,1.0644011483426907,1.0711122714627412,-1.0199041641337694,-1.0729508862307364,-1.0691207827870084,1.0704688024902909,-1.0654951762511504
377,-1.072547139737183,1.1404855487749321,1.0716648013384542,1.0689596212249848,1.0478876146133866,1.0610702813903488,1.0677467678003167,-1.0081308273050724,-1.0715130517399682,-1.0665968148858649,1.067626523939769,-1.0605548751743803
378,-1.0718479980825022,1.1338328213055127,1.0744942304112945,1.0676534780794742,1.05303399657185,1.0588763930611618,1.0654085254302024,-1.0075657071372943,-1.0735064131930787,-1.0660421849967603,1.0665397703763344,-1.0594132916586327
379,-1.069660361292049,1.153791003713771,1.0794183749303266,1.052527497781467,1.040321410674453,1.0587002414434896,1.065447659193719,-0.9668770550573144,-1.0756468259009266,-1.063831703554676,1.0663168465684505,-1.0555752091487913
380,-1.0711826858627251,1.1575230215624701,1.07977791564124,1.068980688049913,1.0627814484931792,1.0584119933418448,1.065604194247785,-1.0000307715669279,-1.0785224948824632,-1.0658492702527238,1.0695771072587545,-1.0606532875464276
381,-1.0580230356851013,1.1688813367541622,1.0735562981219555,1.041509548344339,1.031460090745972,1.0494763021908498,1.058139428857001,-0.9470978491850999,-1.0696340634849872,-1.05580162733416,1.0578736073448418,-1.0468165080365897
382,-1.0612481084792749,1.1851075013137216,1.0770891764118002,1.0465445195020322,1.037765260695083,1.0526630450923695,1.0612505630565676,-0.9516188105273219,-1.0740292620988126,-1.058671234151702,1.0628057965942768,-1.0512647472531236
383,-1.0637965925753698,1.1731001395396474,1.0767609001105314,1.0502522806892876,1.0363338167066365,1.05436050613539,1.0626398116614055,-0.9475687826582483,-1.0744704158630254,-1.0594268168991778,1.0672921382279432,-1.0516583967413125
384,-1.0709007739051926,1.1492476776370941,1.077057912002156,1.056551261342636,1.0421277566598741,1.061262446791445,1.0654574426345982,-0.9723398833458307,-1.0783917826560294,-1.0642416473857537,1.0706081298702181,-1.0567758400877676
385,-1.0850189247384274,1.0903467002858913,1.0786523968940327,1.0891627063305405,1.0706203084299124,1.0781409745211024,1.0729613417888988,-1.0811255156430013,-1.0800910415996645,-1.080567057599836,1.073561870324682,-1.077186566050359
386,-1.0986521870047063,1.0466983176206752,1.0886101113658528,1.1088601876378346,1.0881384562885241,1.0925854071702021,1.0873332164403562,-1.117199019686132,-1.0853685477419157,-1.0916837697249355,1.0926218558987684,-1.0922830239224013
387,-1.0993062227461818,1.0160308666031066,1.0888133300285427,1.1069852402192792,1.0750509683941525,1.0941067165955505,1.093379382903665,-1.1287839831255722,-1.086397906525079,-1.0897224698272316,1.1029320820134054,-1.0947826981724005
388,-1.103027460585613,1.0669810233201251,1.0894229860166136,1.1068377724447866,1.0725629824142333,1.0949394333336364,1.097693880331366,-1.1678714613968502,-1.095106608611209,-1.094995472830894,1.1060808807997677,-1.098640463156651
389,-1.0930703302455598,1.0600037725595142,1.0871406841125542,1.1013603979636144,1.0817310403402383,1.091144166661977,1.0866483755788165,-1.1552504443164862,-1.0826072519585088,-1.0919651037266551,1.0960214439690001,-1.0883465290405128
390,-1.1137401149718533,1.0770412453470521,1.100959553175488,1.1018449349369488,1.0711997024252358,1.1004641886151654,1.1092481240096308,-1.1324572642161246,-1.1000083171024637,-1.111344997387981,1.1222985878233322,-1.0961211064322425
391,-1.0961149793869125,1.1052747716806866,1.0830450464491057,1.1036145482308655,1.0799587763545422,1.0850108876103084,1.0928021598917959,-1.1440422276555646,-1.0881298435253228,-1.0960966944947685,1.089361595208464,-1.0996639518259421
392,-1.101629177276251,1.0794751700309864,1.0974735715001098,1.0893733745798164,1.0631222684904287,1.0955959984540498,1.1065968115313838,-1.1003396013474376,-1.101707576046099,-1.1047457055190684,1.1051613200922459,-1.1023801332944452
393,-1.0903075930617399,1.1054370333262824,1.092486898161789,1.0859605489415476,1.0678937484519184,1.0876531618753877,1.0960600457045495,-1.1098524575050248,-1.0932602984128361,-1.0968683534709143,1.0996996867990867,-1.0926963558849996
394,-1.0739115936116412,1.1167953485179745,1.0892979283780349,1.0736153895339822,1.0666667964618208,1.0760111413256144,1.0867951271920036,-1.0738731401565238,-1.089665712185916,-1.0845861147672617,1.0889436130686814,-1.08385892487516
395,-1.0575043176832413,1.0504303354693743,1.0688666366752582,1.068770019800637,1.0599185605162853,1.0659224577680395,1.0701534942565853,-1.072931273210227,-1.072460715381611,-1.0682205139815049,1.0729209643770152,-1.0766748217157136
396,-1.0744303116135012,1.0960258578817372,1.0818101022681423,1.0838538664487891,1.0790044803622443,1.081744075791665,1.0845547192306801,-1.1033535755755821,-1.087525299478068,-1.0867805199806762,1.0940708606500147,-1.0897046197747644
397,-1.0678448482855387,1.0965126428185246,1.0794809037496158,1.0671689411061398,1.056578524543242,1.0759791137587649,1.0854254454689238,-1.0791475950557805,-1.0825745739019006,-1.0840475611068268,1.0872438190335654,-1.0793910031842164
398,-1.066638265107299,1.1130633306692754,1.0778551544480943,1.0801250384366066,1.077334462375723,1.0837297849363308,1.0820012411612248,-1.1105117643674327,-1.0893225925915282,-1.08738337855579,1.0903647523439421,-1.0923420713456296
399,-1.0683748427657,1.095539072944951,1.0817319412440305,1.0707713681687578,1.0879680462898993,1.086580238385931,1.0803282727708916,-1.1042012558272494,-1.0799276513166227,-1.0822630997244898,1.0978048344320723,-1.090275411532638
400,-1.0723667160843624,1.0840184961076633,1.0881255130163607,1.055729655170461,1.068404978447792,1.0905676704586869,1.0844960185854053,-1.1004337880420674,-1.0773460848445617,-1.0839993324208177,1.09273331780271,-1.0888582733751584
401,-1.0741145702210646,1.1098180977573635,1.0897981589323493,1.0579838054377122,1.065712500469523,1.0901513120896442,1.0860222353625515,-1.11559784587743,-1.0796662268637558,-1.0853658118577423,1.091674429715261,-1.0881890692452372
402,-1.0803279097650844,1.1458401830795866,1.0944096593549348,1.0560245907194463,1.0650990244744736,1.0943469233469216,1.0899453951550866,-1.103447762270212,-1.0828850154396799,-1.088573019477348,1.0888042856887536,-1.087244310473584
403,-1.0809593925499574,1.1383761473821894,1.0930809219450375,1.0513898892353772,1.0649967784752996,1.0932259585071908,1.0889768345080517,-1.085552290290591,-1.0815452151187368,-1.087439645356134,1.0855718904744351,-1.0848036836468131
404,-1.0814893870301188,1.1242593842153716,1.092486898161789,1.0476610612231947,1.0724948184147833,1.0906477393758105,1.0877636878390382,-1.051079960056162,-1.0795681926939305,-1.0836215410470798,1.0810019524128123,-1.080257032058232
405,-1.0931943715068742,1.1078709580102166,1.1004280582115293,1.06297664294555,1.0929781002494638,1.0987827413555697,1.0942501091419086,-1.0527753205594963,-1.0888324217424026,-1.0907272341190881,1.085683352378377,-1.0884646238869695
406,-1.0921118295899488,1.1036521552247314,1.1003498971874177,1.0631030438951157,1.0943072982387363,1.0961404670904904,1.0923814719339926,-1.0453345716837594,-1.0873292311384177,-1.0892401829671408,1.0822001678801887,-1.0864963764460251
407,-1.0951113728180961,1.1065728648454516,1.1001154141150826,1.063777182292799,1.09447770823736,1.097197376796522,1.0936141854847645,-1.0359159022207993,-1.0881951996385393,-1.0900038038289515,1.0803053155131743,-1.086299551701931
408,-1.0929011830710402,1.1111161909221285,1.1008188633320874,1.0546973807490088,1.0871159962967762,1.0990870032406392,1.0944946951638872,-0.995886557003227,-1.0905806977709502,-1.0885649813630132,1.0826738809719425,-1.082835436205869
409,-1.0970847565208248,1.0760676754734788,1.0941282796681329,1.0770703488221063,1.123481490003273,1.1083429700601286,1.0903367327902524,-1.0086017607782207,-1.087721367817718,-1.0887498579927146,1.0908384654356957,-1.0902163641094098
410,-1.0937694719002409,1.055622708128433,1.0963636849577252,1.063145177544971,1.1094056241168786,1.1082468873595808,1.0914618284913535,-0.9959807436978567,-1.0866920090345547,-1.0860088610045304,1.0958542511130869,-1.0883268465661033
411,-1.0937243659870355,1.0518906902797351,1.0917834489447846,1.0836642650244412,1.1286619539614613,1.1095279900335584,1.0893486052614592,-1.0345972884959864,-1.0866103138930336,-1.0887578961070496,1.0951297487374638,-1.0963572961251558
412,-1.0955398789935458,1.0468605792662709,1.0923305761135655,1.0817261171311023,1.123447408003548,1.1114656578279496,1.0914129112869577,-1.030453073932283,-1.0882932338083644,-1.0900520325149605,1.0990866463274056,-1.0971249126271239
413,-1.0944122311634152,1.0330683393906448,1.0911112641374243,1.0839381337484995,1.121675144017852,1.1085991905949244,1.089417089347613,-1.049196226163571,-1.0878684190724557,-1.0898269653135848,1.0959935784930146,-1.0984239559381472
414,-1.0877027265741384,1.0187893145782323,1.089110341920167,1.0702446975455684,1.0975450882126037,1.1002399956472195,1.091148758383221,-1.0280984065665437,-1.0904663245728208,-1.086201775748567,1.0960214439690001,-1.0922436589735822
415,-1.0869472025279507,1.0252797804020561,1.0871563163173765,1.0762698094748573,1.0987720402027013,1.0970852803125493,1.0899943123594824,-1.0466531854085723,-1.087525299478068,-1.0880183895882432,1.08969598092029,-1.0925192136153146
416,-1.0854136014789733,1.0402078517968514,1.0891728707394566,1.0749847331542748,1.0848665843149317,1.0948753781999374,1.0938979052702595,-1.0347856618852458,-1.092721110478798,-1.0890954969091131,1.095185479689435,-1.0919484218574407
417,-1.0918186411541149,1.068928163067272,1.092877703282347,1.0828215920273367,1.083571468325384,1.0946832127988406,1.0993961990443366,-1.0660556445022682,-1.0981946849606994,-1.0942640044264225,1.1008979022664636,-1.0953338074558647
418,-1.0960022146038992,1.06016603420511,1.0918616099688958,1.0916275248470688,1.0911717542640427,1.0928256139215728,1.093526134516852,-1.089508131465035,-1.0929988739599694,-1.0940952040253906,1.0944888427897972,-1.0962392012786992
419,-1.1011893946225,1.0913202701594658,1.0915489658724495,1.0950403504853379,1.0895017362775217,1.094907405766787,1.0949936506487232,-1.116257152739838,-1.092623076308973,-1.0951723113462608,1.09465603564571,-1.097479197166494
420,-1.1047076558525075,1.0976484743376937,1.0971609274036636,1.088846703956627,1.075528116390301,1.0982542865025537,1.0997581863568646,-1.1115478180083564,-1.0930969081297943,-1.098660852967586,1.0986407987116376,-1.0938969868239754
421,-1.1108758894833217,1.0520529519253297,1.0955664425117868,1.110524466807114,1.0947503642351597,1.1040352623188785,1.1007658807674163,-1.1822820256751756,-1.088505641176319,-1.1025191478483147,1.0978326999080579,-1.101396009573973
422,-1.1075154989495326,1.0340419092642181,1.0947848322706706,1.1077436459166732,1.090933180265968,1.101008657251606,1.1006876132403831,-1.1981995770675757,-1.0826072519585088,-1.102398576133292,1.0969967356284926,-1.096317931176337
423,-1.1097482416531912,1.0280382283771818,1.0926119558003677,1.1084809847891377,1.0951593482318593,1.1014570431874984,1.0974982115137832,-1.1968809633427628,-1.0818719956848204,-1.1037087887698727,1.0949346904055655,-1.0962785662275178
424,-1.1064893394241138,1.0249552571108644,1.0949411543188936,1.1110932710801587,1.0898425562747702,1.1075903222391668,1.1026736517388485,-1.1875564805744325,-1.0916263955824181,-1.1068918820464735,1.0995046284671883,-1.0982468136684622
425,-1.1093535649126454,1.0166799131854898,1.0937687389572195,1.116170375887707,1.0925691162527642,1.1059729301132701,1.1018127089414842,-1.193772802419986,-1.0903846294313,-1.1083708950840863,1.0988079915675508,-1.1005890281231858
426,-1.1087220821277723,1.030958937997902,1.0966450646445267,1.1071327079937732,1.0798906123550922,1.1084550665441018,1.10766320658721,-1.1512004164474126,-1.0970019358944942,-1.1111601207582795,1.1028206201094635,-1.1007661703928708
427,-1.106793804338249,1.024630733819674,1.088000455377782,1.1060161662726105,1.078186512368846,1.1020335393907885,1.0997484029159854,-1.164009806917036,-1.0873782482233303,-1.1069159963894781,1.0979998927639711,-1.0942906363121643
428,-1.1111803543974568,0.9837407991295827,1.091220689571181,1.1059529657978282,1.0757666903883758,1.1055565717442273,1.1065576777678672,-1.1501643628064886,-1.0900741878935205,-1.1109270154425688,1.1057186296119563,-1.094585873428306
429,-1.1175402881593934,1.0056461212849892,1.0888602266430099,1.1160650417630695,1.081867368339138,1.1093358246324616,1.1053934483032495,-1.1641981803062953,-1.0875906555912849,-1.1177915650845318,1.1066103248434922,-1.0989357002727926
430,-1.1048542500704244,1.0230081173637176,1.0870625230884425,1.0958198230076588,1.0630200224912538,1.0937704271436315,1.0987602753871923,-1.12209672780687,-1.0854175648268283,-1.1027201007066858,1.0788563107619282,-1.0925192136153146
431,-1.1042678731987565,1.0603282958507056,1.0901420674384403,1.105299894225073,1.087456816294026,1.0947312541491148,1.0930858796772909,-1.1042012558272494,-1.0876069946195888,-1.1016590696144857,1.0925939904227828,-1.0923027063968107
432,-1.103805537588403,1.0290117982507552,1.0958009255841215,1.0935656727404064,1.0733809504076315,1.0958041776385714,1.0980167338803777,-1.073213833294116,-1.0900905269218246,-1.1028567486503782,1.0977212380041157,-1.0849414609676793
433,-1.084116806474323,1.0079177843233276,1.0868436722209303,1.0885939020574955,1.069257028440915,1.0925053382530785,1.0868342609555202,-1.1095698974211359,-1.0807282637035278,-1.0873994547844597,1.0923710666148987,-1.0827960712570501
434,-1.085627854566698,1.05059259711497,1.0712896284227185,1.0967256964795453,1.0708248004282612,1.0804309455508379,1.0804163237388038,-1.1756889570511058,-1.0742089914101585,-1.0832437496733416,1.0785219250501021,-1.0841344795168921
435,-1.093047777288957,1.01002718571607,1.0796372257978393,1.0953563528592514,1.058487116527838,1.0844984465407173,1.08877138224959,-1.1494108692494514,-1.076202352863269,-1.0840716754498314,1.0871602226056092,-1.0856697125208286
436,-1.0964307207793489,1.039396543568874,1.0932841406077274,1.0944294125624376,1.0750850503938776,1.0909199736940312,1.093526134516852,-1.1346235581926072,-1.0868063822326839,-1.0923750475577325,1.0882191106930583,-1.0873820877944502
437,-1.0946490372077426,1.068928163067272,1.0922993117039208,1.0975051690018651,1.082855746331161,1.0897990088543004,1.0913933444051995,-1.147998068830006,-1.0857933624778244,-1.0917319984109444,1.089082940448609,-1.0890354156448434
438,-1.0916607704578967,1.0548113999004554,1.0827011379430147,1.0996118514946247,1.0881043742887992,1.0864681419019584,1.0850830250381538,-1.162408633108334,-1.0777055434672538,-1.087809398615537,1.0872995499855365,-1.088582718733426
439,-1.1020238540167966,1.0238194255916953,1.0806845835209347,1.1113460729792901,1.0956024142282828,1.0955799846706251,1.0921466693528932,-1.199329817403132,-1.079159716986326,-1.0965227145545158,1.091674429715261,-1.092814450731456
440,-1.104177661372346,1.0528642601533085,1.0916896557158506,1.1048153572517385,1.0843553543190574,1.1002880369974932,1.1034465435683007,-1.1828471458429537,-1.0903519513746915,-1.1008472200666657,1.098278547523826,-1.094369366209802
441,-1.1031853312818312,1.0676300699025083,1.0918616099688958,1.1090076554123274,1.0884111122863238,1.0956600535877488,1.1012452693704942,-1.1925483753898003,-1.0890775071669652,-1.0988618058259574,1.0978605653840434,-1.0950188878653138
442,-1.1013923712319236,1.0711998261056104,1.0912832183904702,1.1110511374303036,1.0922282962555157,1.0888541956322417,1.0944555614003706,-1.1989530706246132,-1.0857933624778244,-1.0962092280954565,1.089974635680145,-1.0933458775405112
443,-1.0915592821531848,1.110142621048555,1.0882505706549395,1.0883411001583654,1.0687117164453166,1.0811355520215258,1.088370261173545,-1.150352736195748,-1.0830157276661134,-1.0863786142639336,1.0852653702385948,-1.0811624258810664
444,-1.095438390688834,1.1021918004143705,1.087797236715092,1.1042676198036208,1.0834351403264844,1.083313426567288,1.0861102863304635,-1.1657051674203702,-1.0839143742228434,-1.091531045552573,1.088748554736783,-1.0885039888357884
445,-1.1018434303639757,1.104463463452709,1.0946754068369142,1.1046678894772448,1.0850369943135556,1.0904555739747142,1.0919314336535522,-1.1578876717661146,-1.0906787319407754,-1.096779934213231,1.0912007166235074,-1.0937001620798812
446,-1.108192087647611,1.111927499150106,1.100709437898331,1.0983057083491141,1.0841508623207075,1.1003200645643427,1.1009811164667573,-1.1317037706590898,-1.1013154393667985,-1.102921053565057,1.098557202283681,-1.1005299806999576
447,-1.0977387922623003,1.064547098636191,1.0868280400161079,1.0908901859746032,1.0912399182634926,1.0890623748167634,1.0878223884843132,-1.117199019686132,-1.087803062959239,-1.0921017516703477,1.0902532904400004,-1.0925192136153146
448,-1.0882214445759983,1.0663319767377433,1.0830919430635728,1.0750900672789134,1.0720517524183588,1.0817761033585145,1.0838209611647447,-1.1129606184278016,-1.078800258363634,-1.0880023133595735,1.082757477399899,-1.0849020960188605
449,-1.0872178380071822,1.1012182305407971,1.0896574690889482,1.0740788596823883,1.061895316500331,1.0837137711529061,1.0910411405335503,-1.113714111984839,-1.0843391889587524,-1.0931868971055525,1.089305864256493,-1.0873230403712217
450,-1.0749264766587587,1.1434062583956524,1.081481825966873,1.0680116141032443,1.0568852625407668,1.0705344273943593,1.0796238650275933,-1.1175757664646508,-1.074159974325246,-1.0852372020283847,1.0855161595224643,-1.0782887846172877
451,-1.068668031201534,1.1244216458609675,1.0745723914354062,1.0698444278719432,1.063054104490979,1.0699899587579191,1.0762877116878067,-1.1122071248707643,-1.074405059749809,-1.0822309472671505,1.0817543202644209,-1.0808475062905154
452,-1.0696829142486517,1.1038144168703259,1.0760887153031717,1.075195401403551,1.0660533204667715,1.0742015837986207,1.0809544129871564,-1.096854693646142,-1.080499517307269,-1.0848272581973073,1.0808626250328845,-1.0816938526901212
453,-1.0674388950666918,1.0611396040786834,1.075275840652411,1.0636086476933782,1.054772178557821,1.0759630999753402,1.0794184127691315,-1.0872476507939253,-1.0779179508352081,-1.0789513966185311,1.0823952262120875,-1.0813002032019325
454,-1.0661646530186442,1.0724979192703754,1.0758386000260143,1.0617126334498947,1.0588620185248125,1.0771961612990437,1.0804456740614412,-1.0910151185791073,-1.0785715119673756,-1.0796909031373374,1.0799430643253627,-1.0805522691743736
455,-1.0673148538053774,1.088724083829936,1.0746192880498733,1.0684540174267234,1.0744034103993794,1.0755627553897222,1.0753680682451674,-1.0880953310455896,-1.0774277799860827,-1.0786379101594719,1.079134965521783,-1.078111642347603
456,-1.069446108204324,1.063898052053809,1.0835609092082426,1.0624710391472885,1.0815947123413383,1.0774363680504149,1.0778824125511064,-1.0631358569687506,-1.0805975514770942,-1.077183011464864,1.084847388098812,-1.0807294114440587
457,-1.0637289337055622,0.9861747238135169,1.079090098629058,1.0656731965362816,1.0843553543190574,1.0845945292412658,1.069361035545375,-1.075380127270596,-1.071120915060668,-1.0679150656367806,1.0797480059934645,-1.0813395681507514
458,-1.0603685431717729,1.008080045968922,1.0771048086166226,1.0619233016991707,1.0811175643451898,1.0834415368346855,1.06782503532735,-1.0797127152235586,-1.0701078953058085,-1.0651017256195827,1.0759025703074647,-1.081418298048389
459,-1.0521254375335185,1.0303098914155202,1.075525955929568,1.0565933949924913,1.0894676542777966,1.0751463970206794,1.064557366073717,-1.0807487688644826,-1.0625102471443633,-1.0606807627354147,1.0699672239225517,-1.0755332381999658
460,-1.0647550932309808,1.0327438160994544,1.083842288895044,1.0471554574249322,1.0696660124376145,1.0834415368346855,1.0794771134144063,-1.0674684449217107,-1.074241669466767,-1.0756879221985816,1.0774909024386385,-1.0766748217157136
461,-1.0745205234399118,1.056920801293198,1.0809815954125588,1.0610806287020675,1.0768573143795737,1.0878773548433336,1.0796825656728684,-1.0854581035959612,-1.077623848325733,-1.0832437496733416,1.082701746447928,-1.085945267162561
462,-1.0760428480105881,1.049456765595801,1.08266987353337,1.0496624095913158,1.054772178557821,1.089174471300736,1.0851221588016704,-1.0634184170526397,-1.07968256589206,-1.0855748028304484,1.0837049035834063,-1.0828944836290972
463,-1.0846468009544843,1.0210609776165707,1.0822947006176338,1.069802294222089,1.077402626375172,1.0927935863547233,1.0874114839673894,-1.1103233909781733,-1.0805158563355732,-1.09251973361576,1.0905598106758407,-1.090669061020827
464,-1.0758398714011645,1.00191410343629,1.0820289531356546,1.060322223004675,1.0626792024940044,1.0901352983062194,1.0883996114961825,-1.0812197023376309,-1.0826889471000296,-1.0895858218835393,1.0934578201783332,-1.0855122527255532
465,-1.078038784669919,1.0116498021720255,1.0831857362925064,1.0713401724418028,1.0739262624032297,1.0901513120896442,1.0894953568746462,-1.1054256828574351,-1.083064744751026,-1.0920454848700036,1.09106138924358,-1.0880119269755522
466,-1.0775313431463605,1.0157063433119162,1.0797935478460623,1.0777655540447169,1.0753917883914021,1.0842582397893468,1.0855721970821108,-1.117199019686132,-1.0817739615149955,-1.0885971338203524,1.085739083330348,-1.087421452743269
467,-1.0812074750725862,1.0540000916724777,1.0817163090392081,1.0785450265670378,1.070211324433213,1.085379204629077,1.0869516622460695,-1.1112652579244675,-1.0842084767323186,-1.090293175945006,1.0875782047453917,-1.0861027269578363
468,-1.0846468009544843,1.0707130411688244,1.0804032038341331,1.0732783203351404,1.0573283285371913,1.0820002963264608,1.0854156620280446,-1.100527974736697,-1.0832117960057634,-1.0897385460559013,1.0838442309633336,-1.0826189289873651
469,-1.0852331778261521,1.0856411125636198,1.0798091800508847,1.0761012748754375,1.0608046925091335,1.0819202274093371,1.0845058020262845,-1.0983616807602143,-1.083603932685064,-1.0888704297077374,1.085070311906696,-1.0846659063259472
470,-1.0901497223655217,1.114523685479636,1.0864997637148393,1.0781658237183407,1.055760556549844,1.0853311632788027,1.0907672041889345,-1.0793359684450399,-1.0903519513746915,-1.0929136012181675,1.0939593987460725,-1.0875985950129539
471,-1.0949760550784804,1.1150104704164223,1.083607805822709,1.0748372653797822,1.0458426946298909,1.0848827773429106,1.0915009622548701,-1.0730254599048565,-1.0871985189119842,-1.0920133324126642,1.0947953630256377,-1.0849217784932699
472,-1.1047076558525075,1.1289649719376442,1.087562753642757,1.0971680998030244,1.06922294644119,1.0882937132123762,1.0951795360254268,-1.1379200925046407,-1.0901068659501287,-1.0969085440425885,1.0960771749209712,-1.0937395270287
473,-1.102520019062054,1.1224745061138206,1.0874845926186456,1.0923648637195345,1.0661896484656714,1.0882296580786777,1.0947099308632282,-1.1348119315818639,-1.0900741878935205,-1.094505147856468,1.098167085619884,-1.0922436589735822
474,-1.0980658101330383,1.1104671443397465,1.0815756191958072,1.0939448755891032,1.0700409144345882,1.0848667635594857,1.0899062613915702,-1.151106229752783,-1.0863488894401667,-1.090293175945006,1.0939593987460725,-1.0928538156802752
475,-1.099452816964099,1.0476718874942486,1.0857025212689007,1.09729450075259,1.077402626375172,1.0892545402178597,1.0931445803225657,-1.1400863864811208,-1.0828850154396799,-1.092993982361516,1.102792754633478,-1.0972233249991712
476,-1.091311199630556,0.9832540141927966,1.0839829787384452,1.1023505387352102,1.090899098266243,1.0899591466885477,1.085092808479033,-1.1670237811451831,-1.0757285210424476,-1.0881952281036098,1.0908105999597102,-1.088759861003111
477,-1.100230893966889,0.994936852675679,1.0873126383656,1.108733786688269,1.0874908982937508,1.0948913919833623,1.0890159682715683,-1.1660819141988863,-1.0801890757694896,-1.0940067847677073,1.0862963928500584,-1.0862405042787024
478,-1.1118682195738365,1.031121199643498,1.0940657508488434,1.1036356150557938,1.071097456426061,1.1021136083079117,1.0990537786135666,-1.1244513951726096,-1.0904173074879084,-1.1017635651008386,1.0922038737589859,-1.0855122527255532
479,-1.1072110340353973,1.0564340163564119,1.0856712568592561,1.0979475723253442,1.066700878461546,1.0946191576651416,1.0908552551568467,-1.103447762270212,-1.08058121244879,-1.097865079648436,1.0855718904744351,-1.078387196989335
480,-1.1057563683345288,1.0551359231916468,1.0851710263049417,1.0824634560035682,1.052147864579002,1.0900712431725204,1.0870201463322235,-1.0840453031765187,-1.0798786342317104,-1.0955581408343336,1.0815313964565367,-1.0738208629263444
481,-1.0955624319501485,1.056920801293198,1.0767452679057092,1.0785871602168928,1.056578524543242,1.0803188490668647,1.0769334187858297,-1.072931273210227,-1.074405059749809,-1.0885408670200085,1.0792464274257252,-1.0713211886763452
482,-1.088728886099557,1.0875882523107667,1.073353079459265,1.0725831151125298,1.0524546025765267,1.0754666726891737,1.0742331891031869,-1.0549416145359762,-1.0731142765137782,-1.0830106443576308,1.0692427215469287,-1.0731910237452422
483,-1.088943139187282,1.1180934416827395,1.0779802120866726,1.0724145805131091,1.045876776629616,1.0770039958979474,1.0836644261106783,-1.0410019837307967,-1.0807119246752235,-1.083918951277469,1.0738126596085515,-1.0797059227747676
484,-1.0886612272297491,1.0913202701594658,1.0721181352783016,1.0760380744006541,1.047614958615587,1.074025432180949,1.0787727056711083,-1.0629474835794912,-1.074862552542326,-1.0811538399462803,1.065174362053045,-1.0794303681330355
485,-1.0987311223528153,1.0736337507895446,1.0762919339658616,1.0801671720864618,1.0447861526384181,1.0841941846556478,1.0874017005265102,-1.066620764670046,-1.0813328077507824,-1.092399161900737,1.0803053155131743,-1.0814379805227985
486,-1.1011330122309935,1.058867941040345,1.0788868799663673,1.0826741242528442,1.0444112506414436,1.0889022369825159,1.0911878921467375,-1.0760394341330037,-1.0827869812698547,-1.097527478846372,1.089082940448609,-1.0830519434243728
487,-1.107086992774083,1.0530265217989043,1.080309410605199,1.0998014529189726,1.0609410205080332,1.0950515298176091,1.094768631508503,-1.1123954982600237,-1.0857116673363036,-1.105525402609549,1.0958821165890724,-1.0904722362767325
488,-1.1094212237824532,1.0400455901512557,1.0858588433171237,1.0968310306041826,1.0622361364975799,1.100079857812972,1.1007071801221413,-1.1037303223541008,-1.0884239460347982,-1.1098579462360336,1.1024026379696807,-1.0921255641271257
489,-1.1093873943475494,1.0382607120497045,1.083920449919156,1.0982425078743308,1.062849612492629,1.1009125745510577,1.1010104667893947,-1.1172932063807617,-1.0885546582612315,-1.1096087646916533,1.1034615260571303,-1.091830327010984
490,-1.110120365437134,1.016355389894298,1.0816381480150965,1.1058897653230448,1.0714723584230355,1.0993912651257087,1.0958545934460877,-1.158076045155374,-1.0818229785999078,-1.1087406483434894,1.0971081975324348,-1.0926963558849996
491,-1.1077974109070652,1.0187893145782323,1.0834671159793083,1.1045625553526073,1.070927046427436,1.1000958715963969,1.0997092691524688,-1.1559097511788914,-1.084241154788927,-1.10763138856528,1.098891587995507,-1.094546508479487
492,-1.1050008442883414,1.004997074702606,1.0840455075577342,1.0979686391502723,1.066496386463196,1.100608312665988,1.0997581863568646,-1.1402747598703802,-1.0848130207795736,-1.1052440686078293,1.098390009427768,-1.0928538156802752
493,-1.1045159557213853,0.9871482936870903,1.0815912514006294,1.108122848765369,1.0822081883363868,1.0966208805932323,1.0934087332263025,-1.1779494377222155,-1.0800747025713602,-1.1025111097339797,1.0885813618808697,-1.095924281688148
494,-1.1033770314129532,0.9876350786238776,1.0825135514851467,1.107490844017542,1.085514142309705,1.0961404670904904,1.0927238923647626,-1.1847308797355447,-1.0796335488071473,-1.1015465360137975,1.086714374989841,-1.0959833291113763
495,-1.1011893946225,0.9972085157140174,1.090454711534887,1.099717185619262,1.075630362389476,1.096781018427479,1.0989755110865334,-1.1560981245681508,-1.0853685477419157,-1.1023905380189571,1.0939593987460725,-1.0934049249637394
496,-1.0958894498208862,0.9902312649534064,1.0920179320171193,1.105299894225073,1.0895699002769714,1.09617249465734,1.097478644632025,-1.183035519232213,-1.085286852600395,-1.0985563574812331,1.0920924118550437,-1.0944284136330305
497,-1.1009525885781726,1.0491322423046094,1.0968170188975725,1.1095764596853732,1.0984312202054518,1.0975336662484414,1.1000321227014804,-1.1860494934603603,-1.0903682904029959,-1.0977605841620828,1.0966066189646955,-1.0984042734637378
498,-1.088988245100487,1.1414591186485055,1.0940970152584881,1.0950192836604096,1.0843894363187823,1.083313426567288,1.0891529364438763,-1.1369782255583465,-1.0865939748647295,-1.085550688487444,1.0852375047626093,-1.0912595352531103
499,-1.0772832606237317,1.1352931761158722,1.0844675770879368,1.0928072670430138,1.086468438302003,1.073272784359987,1.0789096738434163,-1.131327023880571,-1.0781303582031625,-1.0758969131712877,1.0761812250673195,-1.0852760630326397
500,-1.0703031205552234,1.1179311800371436,1.078042740905962,1.0809677114337097,1.0760393463861755,1.0663708437039316,1.0721493161959301,-1.1173873930753915,-1.070483692956805,-1.070270233136892,1.0657595370487403,-1.0791154485424843
501,-1.0644393518385444,1.1093313128205773,1.079965502099108,1.073404721284706,1.0721199164178088,1.0660025266851632,1.0757887562029704,-1.0806545821698528,-1.0775748312408204,-1.0725771719509942,1.0704409370143053,-1.0798240176212244
502,-1.05775240020587,1.1106294059853412,1.0815599869909849,1.0583208746365538,1.0549425885564458,1.0641289140244705,1.0787140050258335,-1.0444868914320924,-1.0793067682410638,-1.071781398631844,1.0739798524644648,-1.0739980051960294
503,-1.0535575502777843,1.1077086963646208,1.0767921645201761,1.0593742158829331,1.0631222684904287,1.0608941297726766,1.0729026411436238,-1.0501380931098678,-1.075499774646189,-1.0694262311317324,1.0683231608394068,-1.0723840422944553
504,-1.0475246343865856,1.056271754710816,1.0725871014229713,1.045090908582029,1.0626451204942793,1.0588123379274628,1.0642051622020678,-1.053152067338015,-1.0633435375878766,-1.0609379823941296,1.0593226120960886,-1.0671288216271342
505,-1.0454272094225427,1.0387474969864907,1.0733218150496204,1.0415938156440494,1.0752895423922273,1.0632481559361109,1.0610157604754682,-1.0599335093513442,-1.0595038659363936,-1.0574494407728043,1.0607716168473347,-1.0666958071901262
506,-1.0564443287229186,1.04247951483519,1.0787149257133222,1.061375564251054,1.100135320191698,1.0759951275421897,1.0675119652192175,-1.0927104790824413,-1.065614662522158,-1.065182106762931,1.0707195917741603,-1.076340219650753
507,-1.0536703150607973,1.0337173859730278,1.0758073356163698,1.0495570754666772,1.0917170662596412,1.0710949098142246,1.0630213658556922,-1.086399970542258,-1.0594711878797853,-1.0612032401671798,1.062499276358436,-1.070199287635007
508,-1.054358180237177,1.0613018657242792,1.0769172221587548,1.0522957627072638,1.099896746193624,1.0708226754960046,1.0620136714451405,-1.0782057281094837,-1.0594058317665687,-1.0597563795869067,1.0648121108652329,-1.0696481783515428
509,-1.0593874895595592,1.0724979192703754,1.0849990720518958,1.0498730778405918,1.0979540722093033,1.0788455809917905,1.0686370609203186,-1.0556951080930137,-1.0675426678620519,-1.0617578700562846,1.077463036962653,-1.0701796051605976
510,-1.0603685431717729,1.081584571423729,1.0819195277018983,1.0552661850220537,1.1140407760794684,1.073785225429578,1.0620332383268987,-1.06765681831097,-1.0611704468234204,-1.0610264016518132,1.0663725775204214,-1.0681719927708344
511,-1.0600415253010351,1.0861278975004058,1.0823572294369233,1.051137087336246,1.1076333601311825,1.072343984921353,1.0617201682187662,-1.0601218827406036,-1.0608600052856407,-1.0588963013530777,1.064254801345523,-1.0633497865405213
512,-1.0610789613047553,1.0849920659812367,1.0848896466181395,1.0508000181374055,1.108144590127056,1.0770520372482215,1.0652324234943775,-1.0616288698546759,-1.062395873946234,-1.0591856734691323,1.0701901477304359,-1.066144697906662
513,-1.0599738664312273,1.0650338835729782,1.0794496393399713,1.0578363376632194,1.112779742089646,1.0746179421676636,1.0598026138064547,-1.0689754320357856,-1.0580006753324087,-1.057578050602162,1.0677937167956824,-1.0657116834696543
514,-1.053365850146662,1.0603282958507056,1.0768390611346432,1.0417623502434703,1.0913080822629426,1.0721518195202564,1.0579144097167805,-1.0456171317676484,-1.0542263597941424,-1.052763220115586,1.0647842453892478,-1.0617161411645375
515,-1.0585079242520574,1.0596792492683238,1.0759323932549485,1.0537704404521953,1.1058951781452104,1.072744329506971,1.0595873781071137,-1.0721777796531895,-1.0563831115302946,-1.055914160934848,1.0665119049003489,-1.0663612051251659
516,-1.049272488523288,1.0395588052144695,1.0741503219052035,1.0388340615785359,1.0769254783790234,1.0701821241590155,1.0599982826240377,-1.040625236952278,-1.0557949065113441,-1.0528194869159302,1.0668184251361894,-1.0614996339460336
517,-1.0522833082297367,1.0147327734383427,1.0698045689645976,1.048335199620877,1.0907968522670681,1.0718315438517623,1.0570632503602952,-1.0768871143846708,-1.0545204623036177,-1.0533258881190257,1.0631123168301173,-1.0688018319519368
518,-1.0520577786637106,1.0160308666031066,1.0749162999414972,1.0415516819941943,1.070143160433763,1.0775324507509632,1.0654672260754772,-1.046747372103202,-1.0633108595312681,-1.0579558419759,1.07481581674403,-1.0721872175503608
519,-1.0562526285917964,1.000129225334739,1.0721181352783016,1.0503576148139262,1.0789022343630694,1.0742015837986207,1.061994104563382,-1.064266097304304,-1.060320817351603,-1.0587998439810593,1.0681838334594795,-1.073801180451935
520,-1.0524186259693524,0.989257695079833,1.0695388214826183,1.041657016118833,1.055726474550119,1.070278206859564,1.0637355570398692,-1.0444868914320924,-1.0610887516818994,-1.059322321412825,1.0655366132408564,-1.0698056381468182
521,-1.0534222325381686,0.9864992471047084,1.067647324699117,1.0452383763565227,1.0555560645514952,1.0679081669127048,1.0633344359638244,-1.0495729729420897,-1.0617913298989792,-1.0607852582217676,1.0648121108652329,-1.0704551598023297
522,-1.056015822547469,0.9968839924228259,1.0681631874582538,1.051726958434219,1.0489441566048594,1.0652498788642009,1.0673456467242721,-1.0521160136970886,-1.0656310015504624,-1.0643863334437809,1.0665397703763344,-1.0690970690680783
523,-1.062251715048091,1.0356645257201746,1.0709613521214498,1.059542750482354,1.0463198426260394,1.0640168175404974,1.0716210103884565,-1.061817243243935,-1.0714476956267516,-1.068799258213614,1.0706359953462037,-1.0698056381468182
524,-1.0759188067492738,1.06568293015536,1.0783397527975864,1.0722671127386163,1.0517047985825785,1.07311264652574,1.0784205017994593,-1.096289573478364,-1.0780486630616417,-1.077183011464864,1.0785219250501021,-1.0790367186448466
525,-1.092156935503154,1.0845052810444504,1.085874475521946,1.0959672907821514,1.07385809840378,1.0868524727041515,1.087450617730906,-1.1576051116822255,-1.0833915253171096,-1.086475071635952,1.0878847249812322,-1.0862601867531119
526,-1.0906684403673816,1.0609773424330875,1.0821696429790555,1.1021820041357893,1.0802655143520659,1.085106970310857,1.0859635347172765,-1.1862378668496196,-1.0795191756090181,-1.0863786142639336,1.085126042858667,-1.08809065687319
527,-1.0934988364210094,1.0421549915439983,1.0864528671003721,1.0961779590314276,1.0817651223399631,1.0895748158863545,1.0891822867665137,-1.1966925899535035,-1.0814471809489117,-1.088950810851086,1.0852375047626093,-1.0860830444834269
528,-1.094998608035083,1.0155440816663204,1.0885475825465634,1.1039937510795623,1.0912740002632175,1.090279422357042,1.0914324781687161,-1.198387950456835,-1.0810877223262196,-1.0921901709280308,1.0854882940464787,-1.0913776300995668
529,-1.1034559667610624,1.009540400779283,1.0909862064988458,1.124175769360191,1.1064404901408098,1.0989268654063924,1.0970188229107052,-1.2256079052047866,-1.0874109262799385,-1.102663833906342,1.0935971475582609,-1.100726805444052
530,-1.1062525333797864,0.9774125949513547,1.0902983894866636,1.1075540444923242,1.0825490083336362,1.0994873478262572,1.102438849157749,-1.1986705105407243,-1.082901354467984,-1.104657286261385,1.0968574082485654,-1.0936607971310621
531,-1.1130184203605697,0.9655674948228754,1.0903765505107754,1.1236280319120733,1.0973746782139788,1.1043875655542224,1.1022823141036828,-1.2216520640303425,-1.0852214964871782,-1.111353035502316,1.10401883557684,-1.1001363312117687
532,-1.1184085769885939,0.9861747238135169,1.0949411543188936,1.1111775383798692,1.0748464763958028,1.1074942395386185,1.110157984011391,-1.1786087445846234,-1.0878520800441516,-1.1189892441204246,1.1088116974463473,-1.0986207806822417
533,-1.1221636442629288,0.9684882044435968,1.0937687389572195,1.1262613850280212,1.0860935363050284,1.1100084035363,1.1120266212193068,-1.2019670448527604,-1.0895349999594823,-1.1226626623714515,1.1104000295775214,-1.1046436178515309
534,-1.113503308927526,0.975952240140994,1.0923305761135655,1.108544185263921,1.081083482345465,1.1024498977598312,1.105002110668084,-1.1616551395512966,-1.0874272653082429,-1.1111601207582795,1.0951576142134494,-1.1031871147452321
535,-1.1067712513816463,1.00191410343629,1.0905485047638206,1.1099767293589973,1.0859572083061286,1.0968130459943286,1.1002180080781845,-1.1591120987962977,-1.0877867239309347,-1.1041749994012942,1.0881355142651017,-1.1026360054617679
536,-1.105136162027957,1.027226920149203,1.0904234471252423,1.1172658507839415,1.0970338582167303,1.0954999157535015,1.095864376886967,-1.1588295387124088,-1.088146182553627,-1.103483721568497,1.0875503392694061,-1.1016321992668863
537,-1.1039746847629226,1.0447511778735283,1.0950349475478276,1.0999910543433205,1.0856163883088799,1.0946191576651416,1.0978797657080697,-1.1095698974211359,-1.0882115386668434,-1.1013938118414355,1.0905319451998552,-1.0972233249991712
538,-1.1033432019780496,1.0416682066072123,1.0947692000658482,1.0957987561827305,1.0846961743163068,1.0938825236276046,1.0964122495761988,-1.0978907472870685,-1.0874762823931554,-1.1011928589830642,1.0926497213747535,-1.0931884177452356
539,-1.1118907725304392,1.0452379628103146,1.095832189993766,1.1118727436024796,1.0970338582167303,1.0979500246174843,1.0978014981810365,-1.1213432342498353,-1.0899271366387828,-1.1087326102291546,1.095185479689435,-1.094369366209802
540,-1.1088686763456892,1.039234281923278,1.09727035283742,1.1028140088836176,1.0857527163077798,1.0993111962085855,1.098310237106752,-1.1025058953239177,-1.0906950709690795,-1.107044606218836,1.1003405927467536,-1.092716038359409
541,-1.1084739996051436,1.0230081173637176,1.0950818441622947,1.0975051690018651,1.0775389543740719,1.0994873478262572,1.09776236441752,-1.1000570412635486,-1.0888160827140985,-1.1047537436334032,1.0977769689560868,-1.086043679534608
542,-1.1114848193115923,1.0223590707813357,1.0933466694270166,1.1134738222969767,1.0896039822766965,1.1016171810217452,1.0977330140948827,-1.1323630775214948,-1.0875906555912849,-1.1061443374133326,1.0977491034801012,-1.0922633414479919
543,-1.113356714709609,1.0108384939440478,1.0914551726435155,1.116549578736404,1.0883429482868738,1.1033306558481908,1.0989070270003793,-1.141216626816677,-1.0885383192329272,-1.1060318038126444,1.0960493094449857,-1.091869691959803
544,-1.1168524229830137,1.0098649240704745,1.0975048359097546,1.1101452639584182,1.0752554603925024,1.1066134814502586,1.1054521489485243,-1.1279363028739051,-1.0925087031108438,-1.1074545500499133,1.100647112982594,-1.0900785867885436
545,-1.1111803543974568,0.9950991143212747,1.0886257435706752,1.1133052876975558,1.0839804523220837,1.0996154580936552,1.0952382366707019,-1.160807459299632,-1.0815778931753453,-1.1004292381212533,1.0881633797410872,-1.0882874816172845
546,-1.10827102299572,1.00451028976582,1.0901108030287956,1.1130103521485692,1.0881043742887992,1.099807623494752,1.0962067973177365,-1.1631621266653716,-1.0846332914682275,-1.0996495410307727,1.0915351023353332,-1.0887204960542922
547,-1.1008059943602557,1.000129225334739,1.0951756373912287,1.1055105624743478,1.0779479383707713,1.100944602117907,1.0987700588280715,-1.139615453007975,-1.090564358742646,-1.097527478846372,1.0976655070521446,-1.0863192341763404
548,-1.0894167512759367,0.9921784047005544,1.0838579210998665,1.0971680998030244,1.0806404163490404,1.0910000426111544,1.085650464609144,-1.1598655923533352,-1.0756958429858392,-1.0886373243920267,1.0862406618980873,-1.0798437000956338
549,-1.08702613787606,0.9970462540684216,1.082919988810527,1.095314219209396,1.0805722523495904,1.0911281528785524,1.0853471779418906,-1.1600539657425946,-1.0759409284104018,-1.086523300321961,1.0930955689905217,-1.0850398733397264
550,-1.090792481628696,0.9881218635606638,1.083060678653928,1.1046257558273895,1.0884111122863238,1.0930818344563686,1.0869320953643113,-1.160242339131854,-1.0776565263823412,-1.0885810575916828,1.0961329058729419,-1.0906100135975987
551,-1.0828763938611794,0.9869860320414946,1.0784960748458094,1.087645894935755,1.0741648364013046,1.0849468324766096,1.0822556106240824,-1.1447015345179725,-1.071316983400318,-1.0817888509787337,1.0885256309288989,-1.0820087722806724
552,-1.098347722090571,1.0212232392621665,1.0842799906300693,1.1024769396847758,1.0830261563297858,1.092809600138148,1.0880376241836542,-1.1690958884270335,-1.0790126657315884,-1.0911854066361746,1.1010929605983621,-1.094723650749172
553,-1.0932845833332847,1.0118120638176213,1.0824979192803243,1.0896893769537312,1.0724607364150585,1.0859236732655178,1.0859733181581557,-1.1465852684105635,-1.0744704158630254,-1.0866679863799882,1.0951297487374638,-1.088582718733426
554,-1.0987311223528153,1.0473473642030582,1.0861402230039259,1.09729450075259,1.0808789903471152,1.0916886352984176,1.090874822038605,-1.1491283091655622,-1.0806465685620068,-1.0917721889826186,1.102514099873623,-1.0942906363121643
555,-1.0971524153906325,1.058867941040345,1.0879066621488485,1.0984531761236067,1.084730256316032,1.091672621514993,1.0889474841854143,-1.1512946031420423,-1.0809896881563945,-1.091370283265876,1.0990866463274056,-1.0922436589735822
556,-1.0927658653314245,1.040532375088043,1.090704826812044,1.0934182049659138,1.080095104353442,1.092537365819928,1.091765115158607,-1.1289723565148315,-1.0840287474209727,-1.0907995771481016,1.1027648891574924,-1.0865357413948442
557,-1.0967690151283882,1.050754858760566,1.0940970152584881,1.0987059780227382,1.0856163883088799,1.0945711163148675,1.0936631026891601,-1.1405573199542691,-1.0857770234495205,-1.093926403624359,1.1039909701008546,-1.0878938321290956
558,-1.0927433123748218,1.0327438160994544,1.0851553941001193,1.1016131998627445,1.0887178502838484,1.0888381818488169,1.0857385155770563,-1.1569458048198178,-1.0787512412787215,-1.0904298238886985,1.0943495154098695,-1.0832290856940578
559,-1.096656250345375,1.0374494038217257,1.0895480436551923,1.09449261303722,1.0779479383707713,1.0917847179989661,1.0916770641906945,-1.145831774853526,-1.0820680640244709,-1.0936691839656436,1.0992538391833184,-1.0801586196861848
560,-1.1029146958025997,1.0514039053429478,1.0907204590168664,1.0991694481711443,1.0763801663834252,1.0942828682132226,1.0964905171032315,-1.1508236696688938,-1.0854502428834365,-1.0976802030187343,1.1034057951051592,-1.0827173413594122
561,-1.105384244550586,1.0515661669885434,1.085827578907479,1.1077436459166732,1.0822081883363868,1.0910640977448534,1.094132707851359,-1.1695668219001818,-1.082084403052775,-1.1001077135478594,1.1013437498822316,-1.0840951145680733
562,-1.108891229302292,1.0653584068641697,1.092236782884632,1.0993590495954932,1.078220594368571,1.093610289309384,1.099856020765656,-1.152236470088339,-1.087247535996897,-1.1048662772340911,1.108142926022695,-1.085728759944057
563,-1.100456423532915,1.1286404486464527,1.091658391306206,1.0899843125027167,1.0672461904571442,1.0872688310731944,1.0991124792588416,-1.1108885111459514,-1.091822463922068,-1.098725157882265,1.096411560632797,-1.0944480961074399
564,-1.0854136014789733,1.1008937072496057,1.083842288895044,1.0834114631253098,1.0641447284821757,1.078477263973022,1.0886441975181609,-1.1209664874713166,-1.0837019668548888,-1.0914908549808988,1.084847388098812,-1.08879922595193
565,-1.0850978600865366,1.1052747716806866,1.0828887244008822,1.0882989665085103,1.0723925724156085,1.0790697739597364,1.0857482990179355,-1.1371665989476059,-1.0843718670153606,-1.0903655189740196,1.0876618011733479,-1.0900589043141342
566,-1.0783094201491505,1.1106294059853412,1.0861558552087482,1.080462107635447,1.0682345684491672,1.0764274996946572,1.086824477514641,-1.1036361356594713,-1.088048148383802,-1.087536102728152,1.0859341416622468,-1.0857484424184665
567,-1.0583951594690444,1.1141991621884446,1.0779489476770279,1.0608067599780093,1.0561354585468186,1.0613745432754182,1.0738614183497799,-1.0659614578076384,-1.0766761846840904,-1.0709775871983587,1.0674036001318852,-1.0730729288987855
568,-1.0582711182077302,1.097486212692098,1.0694450282536843,1.0638193159426543,1.0564421965443431,1.0596930960158226,1.0686272774794394,-1.0816906358107794,-1.070058878220896,-1.0660662993397647,1.0642826668215086,-1.074509749530675
569,-1.062917027267868,1.0528642601533085,1.073743884579823,1.0720775113142684,1.0587597725256377,1.063760597005702,1.071180755548895,-1.072271966347819,-1.075303706306539,-1.0713875310294363,1.0735340048486965,-1.0784068794637445
570,-1.0684199486789054,1.0927806249698253,1.077495613737181,1.0761012748754375,1.0663259764645712,1.0690291317524356,1.0770312531946211,-1.083668556398,-1.0804341611940524,-1.0791443113625676,1.0815592619325223,-1.0838392424007506
571,-1.061586402828314,1.0520529519253297,1.0711958351937845,1.0604696907791675,1.0454677926329163,1.0684686493325704,1.072560220712854,-1.0726487131263378,-1.0710718979757554,-1.0720305801762244,1.0794972167095946,-1.071931345383038
572,-1.0731222401305498,1.0499435505325871,1.0754008982909893,1.0864029522650267,1.0758007723881007,1.077084064815071,1.0785476865308878,-1.1025058953239177,-1.07718269456152,-1.0816763173780455,1.0900860975840871,-1.0840951145680733
573,-1.0718931039957076,1.077203506992648,1.0747130812788073,1.0793666327392126,1.0660533204667715,1.071543295750117,1.0803087058891334,-1.0933697859448466,-1.0806955856469194,-1.0821103755521275,1.086045603566189,-1.0786233866822483
574,-1.0712616212108343,1.1080332196558123,1.0757917034115474,1.0785239597421095,1.067552928454669,1.070214151725865,1.0818740564297957,-1.0933697859448466,-1.0827379641849422,-1.08494782991233,1.0840114238192469,-1.0800208423653188
575,-1.0686229252883288,1.107059649782239,1.0755572203392127,1.071403372916585,1.058384870528664,1.0711109235976495,1.078899890402537,-1.0795243418342992,-1.0811694174677406,-1.082086261209123,1.083091863111725,-1.0791548134913034
576,-1.0688710078109576,1.1138746388972542,1.0739314710376913,1.0763751435994957,1.0633608424885026,1.0700380001081933,1.079731482877264,-1.104578002605768,-1.0828686764113757,-1.084312818879877,1.078187539338276,-1.0798043351468147
577,-1.0672246419789668,1.09813525927448,1.0705080181816025,1.0789874298905169,1.068336814448342,1.067956208262979,1.0756028708262666,-1.114185045457985,-1.0778035776370787,-1.0830749492723097,1.0745928929361457,-1.0799814774164997
578,-1.0706075854693586,1.098784305856863,1.0741503219052035,1.082610923778062,1.0723925724156085,1.071142951164499,1.0786357374988003,-1.1116420047029862,-1.0802380928544022,-1.0860410134618699,1.0779924810063775,-1.0829535310523255
579,-1.068149313199674,1.0994333524392448,1.0717273301577435,1.0770914156470333,1.0681323224499923,1.0666270642387272,1.0743701572754951,-1.110700137756692,-1.0736861425044246,-1.0823756333251777,1.0720292691454794,-1.0781510072964218
580,-1.0665818827157925,1.0919693167418476,1.0727434234711943,1.06900175487484,1.055624228550944,1.0660665818188617,1.076180093838136,-1.0784882881933728,-1.0768559139954361,-1.0789433585041963,1.0775744988665947,-1.0739980051960294
581,-1.0648453050573914,1.0838562344620675,1.0699921554224656,1.0689174875751295,1.0572260825380164,1.0637926245725515,1.0741255712535165,-1.0835743697033702,-1.0732449887402116,-1.07658015288975,1.075540319119653,-1.071793568062172
582,-1.0712616212108343,1.068928163067272,1.0701797418803332,1.0814733152319722,1.0704158164315627,1.0701981379424401,1.0751919663093428,-1.1043896292165087,-1.0740946182120292,-1.0802937617124513,1.0822837643081453,-1.078032912449965
583,-1.073201175478659,1.0694149480040593,1.0787305579181445,1.0759116734510885,1.0613840865044568,1.0777406299354844,1.0827154323454018,-1.0831976229248517,-1.0823131494490332,-1.0836215410470798,1.0903368868679566,-1.0810246485602002
584,-1.0662774178016572,1.0372871421761312,1.0713521572420077,1.078039422768775,1.0654739264714481,1.0714311992661438,1.0710144370539498,-1.1047663759950275,-1.0715293907682726,-1.075495007454545,1.0809462214608412,-1.0788202114263428
585,-1.0635823394876451,1.086776944082789,1.0767921645201761,1.0596059509571363,1.0500347805960564,1.0685327044662691,1.0761605269563776,-1.0684103118680075,-1.0765454724576569,-1.0753342451678483,1.0785497905260877,-1.0765764093436663
586,-1.0637402101838636,1.0888863454755315,1.0749006677366753,1.0740788596823883,1.0678937484519184,1.0650416996796799,1.0738712017906589,-1.0725545264317082,-1.07737876290117,-1.075181520995486,1.078466194098131,-1.0789973536960278
587,-1.063616168922549,1.1030031086423482,1.0789025121711897,1.0723724468632538,1.0667690424609957,1.0629278802676165,1.0760137753431906,-1.052304387086348,-1.0793394462976722,-1.0751975972241556,1.077128651250827,-1.0765567268692569
588,-1.0606166256944018,1.039396543568874,1.0724620437843926,1.0590371466840913,1.0489441566048594,1.0599653303340426,1.0687055450064726,-1.0560718548715324,-1.070401997815284,-1.0675855029490517,1.066846290612175,-1.0740964175680767
589,-1.0627704330499512,1.0368003572393438,1.0703360639285566,1.0603643566545302,1.0462175966268645,1.0632001145858367,1.0687838125335056,-1.069540552203561,-1.0688661291546906,-1.0684696955258854,1.064923572769175,-1.0755529206743752
590,-1.0618232088726414,1.0616263890154707,1.0719930776397228,1.0521272281078429,1.0366746367038862,1.0651377823802282,1.0746832273836275,-1.0528695072541259,-1.0744377378064174,-1.0680275992374686,1.0702737441583923,-1.0728957866291007
591,-1.0585192007303588,1.1184179649739299,1.0727590556760167,1.0708556354684684,1.0672121084574193,1.0609741986898003,1.0699480419981235,-1.0860232237637393,-1.0737841766742497,-1.0668218820872408,1.067821582271668,-1.0753757784046905
592,-1.0723328866494584,1.1206896280122682,1.0853742449676316,1.0747108644302166,1.068268650448892,1.0730806189588904,1.0834687572930957,-1.0780173547202243,-1.0858097015061285,-1.0808885821732304,1.0817264547884353,-1.0826779764105934
593,-1.0837785121252839,1.124746169152159,1.0894073538117912,1.0775759526203676,1.0595436585193108,1.0829290957650948,1.0915890132227821,-1.0973256271192906,-1.089665712185916,-1.090791539033767,1.0930119725625655,-1.0865554238692536
594,-1.0926418240701101,1.123448075987394,1.0920804608364085,1.0883832338082207,1.0644173844799754,1.089542788319505,1.0968818547383974,-1.1188943801894664,-1.0929335178467527,-1.0979213464487798,1.0994210320392317,-1.0931096878475979
595,-1.104437020373276,1.089210868766722,1.0935811524993513,1.1049838918511583,1.076516494382324,1.0943309095634968,1.1006680463586247,-1.1428178006253789,-1.0957438307150722,-1.1047617817477382,1.0954919999252752,-1.0997820466723986
596,-1.1039746847629226,1.1086822662381943,1.0931903473787934,1.0963675604557754,1.0703476524321127,1.092345200418831,1.1010398171120321,-1.1370724122529763,-1.0949922354130794,-1.101200897097399,1.0942380535059275,-1.1003331559558631
597,-1.0997798348348367,1.1224745061138206,1.0884068927031623,1.1022030709607176,1.0806404163490404,1.084578515457841,1.09560022398323,-1.1552504443164862,-1.0883585899215813,-1.0982750234795133,1.0903926178199277,-1.0957865043672819
598,-1.1063765746411007,1.134806391179086,1.0921586218605204,1.0909744532743135,1.0709611284271612,1.0885979750974464,1.097693880331366,-1.1293491032933503,-1.0891592023084862,-1.102334271218613,1.102569830825594,-1.0914366775227953
599,-1.1150030805415996,1.1120897607957019,1.0956133391262537,1.1125679488250901,1.0868092582992526,1.099279168641736,1.1031726072236847,-1.1607132726050025,-1.0961032893377642,-1.1117629793333934,1.1180073045215644,-1.095825869316101
600,-1.1084965525617463,1.084829804335641,1.0946910390417366,1.0964307609305588,1.0708929644277112,1.0939465787613036,1.1031530403419265,-1.1287839831255722,-1.090825783195513,-1.1080654467393618,1.1131308462241005,-1.0868112960365763
601,-1.1121952374445745,1.0439398696455506,1.0942533373067116,1.1106298009317526,1.0869115042984265,1.0979980659677584,1.100198441196426,-1.1597714056587056,-1.0908094441672087,-1.1102839662957809,1.111821168852782,-1.0910036630857876
602,-1.106387851119402,1.0231703790093134,1.1001935751391942,1.1054262951746385,1.0794134643589428,1.1002880369974932,1.104943410022809,-1.142064307068344,-1.0945510816488666,-1.1063613665003735,1.1213511616398248,-1.0883662115149222
603,-1.100490252967819,0.9900690033078107,1.0897199979082375,1.0987270448476651,1.0758689363875507,1.0915765388144445,1.0925673573106964,-1.1563806846520397,-1.0810713832979155,-1.0980981849641465,1.1010929605983621,-1.0793122732865787
604,-1.102035130495098,0.9644316633037062,1.0870156264739759,1.1055105624743478,1.0803336783515158,1.0923612142022558,1.0930467459137743,-1.1765366373027704,-1.0795845317222348,-1.0978811558771056,1.1000340725109128,-1.081811947536578
605,-1.1040536201110316,0.96394487836692,1.0883443638838735,1.1085020516140658,1.0826853363325362,1.0946832127988406,1.0951599691436686,-1.1729575429068477,-1.0818556566565163,-1.100011256175841,1.1016781355940577,-1.0846855888003566
606,-1.1064104040760045,0.9561563193783313,1.088438157112807,1.1102716649079827,1.0835033043259343,1.0968130459943286,1.0962850648447697,-1.1752180235779575,-1.081839317628212,-1.1011687446400595,1.1014273463101882,-1.084626541377128
607,-1.1118005607040289,0.9532356097576099,1.0958165577889436,1.1086073857387033,1.0812198103443638,1.1017613050725679,1.101939893672913,-1.1690958884270335,-1.084943733006007,-1.1044643715173486,1.1053563784241447,-1.0904328713279137
608,-1.1139205386246742,0.9493413302633161,1.090314021691486,1.1229328266894627,1.0942391342392863,1.1023538150592826,1.098456988719939,-1.1875564805744325,-1.082525556816988,-1.106859729589134,1.1020125213058838,-1.0900195393653154
609,-1.1137062855369495,0.9517752549472491,1.0929871287161035,1.1246813731584524,1.099930828193349,1.103602890166411,1.1006680463586247,-1.176913384081289,-1.0844535621568814,-1.1102116232667671,1.1053285129481591,-1.0935033373357868
610,-1.1108533365267192,0.9616732153285816,1.0989898953678754,1.1067956387949314,1.0904560322698196,1.1041473588028516,1.1033584926003883,-1.142346867152233,-1.0852541745437865,-1.1083146282837424,1.107920002214811,-1.089330652760985
611,-1.098607081091501,1.000616010271525,1.0944409237645791,1.0937763409896826,1.0813902203429886,1.0921530350177346,1.0952088863480642,-1.1080629103070636,-1.081185756496045,-1.1008070294949914,1.0967459463446232,-1.0857878073672853
612,-1.0989453754405403,0.9976953006508047,1.0860933263894588,1.110966870130593,1.0954320042296581,1.0911281528785524,1.094132707851359,-1.1535550838131519,-1.0814471809489117,-1.1007588008089824,1.0891665368765653,-1.0922633414479919
613,-1.1008736532300634,1.0036989815378412,1.0927213812341237,1.120404807698152,1.1023165681740934,1.0973254870639197,1.1010398171120321,-1.166176100893516,-1.0907604270822964,-1.104183037515629,1.0968574082485654,-1.1002937910070443
614,-1.102892142845997,0.9947745910300833,1.0890321808960555,1.1209946787961251,1.1037139301628158,1.0951956538684318,1.097967816675982,-1.1798331716148065,-1.085646311223087,-1.103194349452442,1.0919252189991304,-1.0994277621330288
615,-1.1133341617530064,0.9537223946943971,1.0923305761135655,1.1339718429515189,1.1072243761344829,1.104867979056964,1.1062054738962181,-1.2166601692149748,-1.0911362247332925,-1.1126391337958923,1.0995603594191594,-1.10820614571964
616,-1.1176079470292013,0.9496658535545065,1.098005066464069,1.1320758287080352,1.098090400208203,1.1121222229483634,1.1158323797212926,-1.2168485426042341,-1.096168645450981,-1.1180327085145771,1.1151092950190715,-1.1130677168987722
617,-1.1191979304696853,0.9313302876022046,1.0958478221985883,1.1289158049688977,1.092841772250564,1.109640086517531,1.1138365577819478,-1.2208043837786782,-1.0913159540446384,-1.1176308027978348,1.1095640652979561,-1.1078321787058605
618,-1.1255465877533206,0.9681636811524054,1.0970515019699072,1.141050296127188,1.0994536801971997,1.114604359379195,1.11836629090899,-1.2397359093992228,-1.0959072209981138,-1.1241014848373898,1.1181187664255066,-1.1086391601566477
