t,s1,s2,s3,s4,s5,s6,s7,s8,s9,s10,s11,s12
0,0.8193640072643994,-0.7459683429195072,-0.8503147815662104,-0.8938364572782895,-0.8743712518721785,-0.8703681512488324,-0.8641208185174085,0.8029851237272329,0.8698412742781743,0.8518117047270423,-0.8679930344414433,0.8929307099627588
1,0.8441835360055734,-0.7704698514044425,-0.8778118298486776,-0.8850937249333409,-0.8710993798985861,-0.889872939460144,-0.8841670888787676,0.7797210101537254,0.8820792064780075,0.8734422704021266,-0.8749036724858488,0.9065903472029117
2,0.8563846855275863,-0.8004882558396291,-0.8893327648027297,-0.8823339708678273,-0.8723944958881327,-0.8994491819481281,-0.8891762106088877,0.7799093835429848,0.8876017980448215,0.8816974138240187,-0.877718085560385,0.9095820833131468
3,0.8567455328332281,-0.8473818714167569,-0.8862219560430873,-0.8785630092057896,-0.8701110019065632,-0.889360498390553,-0.8823962860796434,0.8055281644822315,0.8882716982052933,0.8717944569634822,-0.8858826700241383,0.8934621367718137
4,0.8640188613375704,-0.8962226267410339,-0.8828297675966428,-0.9015469152017864,-0.8897422337481204,-0.8994812095149775,-0.8818679802721697,0.865996022434426,0.8887455300261142,0.8748409022963908,-0.8858269390721673,0.9008430646753546
5,0.8783399887802288,-0.9152072392757178,-0.8941162194783603,-0.9137656736597868,-0.9034772796372653,-0.9121801397707822,-0.892747166529774,0.8755088785920132,0.8957876512252174,0.8861023004795172,-0.8951061425753408,0.9133020709765314
6,0.8949727942746548,-0.9048224939576003,-0.9072941681435794,-0.9251206922957564,-0.9237219874738718,-0.9227652506145236,-0.907451678171122,0.882572880689234,0.9011958695939021,0.8981112432957847,-0.9146955721931517,0.9200137947501513
7,0.8974085135877369,-0.8997923829441362,-0.9020573795281007,-0.9283017828598217,-0.9259373174559924,-0.9204592658013637,-0.9043601108533138,0.9036707002862614,0.8993495593955293,0.8950406836198718,-0.9152528817128618,0.9129084214883426
8,0.9042082300034243,-0.9375993463679104,-0.9104362413128666,-0.9159776902771839,-0.9207909354975281,-0.9256477316309737,-0.9107584811882715,0.8862461617797863,0.9034996725847919,0.8989391690722743,-0.9206030531020789,0.9073776461792893
9,0.9085609506277283,-0.9413313642166085,-0.9147663620486498,-0.9167571627995043,-0.9301634854218828,-0.9290906950672889,-0.9145935900128946,0.9002799792795956,0.9101333180762902,0.9023312533215816,-0.9292970816095568,0.908657007015903
10,0.9089894568031779,-0.8939509637026956,-0.904183359383937,-0.9174102343722594,-0.9307087974174821,-0.9197066179804018,-0.9102790925851935,0.9202475585410668,0.9148716362845035,0.9015113656594269,-0.9240026411723106,0.9092671637225958
11,0.9136128129067134,-0.9200750886435861,-0.9197061387725037,-0.9112165878435492,-0.9259373174559924,-0.9231175538498676,-0.9205810558309288,0.8979253119138562,0.9259168194181315,0.9107069684584964,-0.9269563816267743,0.9174353906025142
12,0.9167927797876815,-0.9189392571244158,-0.9212068304354474,-0.9086043015525281,-0.9256305794584677,-0.9242545324730229,-0.9239661263751114,0.8630762349009086,0.9235313212857207,0.911213369661592,-0.923194542368731,0.9171204710119634
13,0.9321287902774574,-0.9512293245979409,-0.9175019978925569,-0.9112376546684767,-0.9323106514045534,-0.9223328784620561,-0.9250716551944541,0.8719297841960906,0.9147082460014615,0.914460767852872,-0.9225257709450788,0.9073382812304704
14,0.9351396099839061,-0.9710252453606035,-0.9088417564209889,-0.9019893185252656,-0.9328559634001518,-0.91230825003818,-0.9203169029271919,0.8674088228538712,0.9101333180762902,0.9126602302418654,-0.9102370960354706,0.8994259265178747
15,0.9372370349479491,-0.9377616080135062,-0.9031516338656636,-0.8943631279014798,-0.9424670873225811,-0.9141017937817489,-0.9194168263663112,0.8636413550686866,0.9164728610583133,0.9124833917264985,-0.9092060734240068,0.9024373451025193
16,0.9128460123822246,-0.9294862640881313,-0.8731221684019802,-0.8922775122336483,-0.9461138612931481,-0.8995292508652516,-0.8899099686748232,0.8864345351690457,0.8901016693753614,0.8875250467167858,-0.9099584412756155,0.8739174396832377
17,0.9163755500905333,-0.9679422740942886,-0.8824702268857294,-0.9075930939560041,-0.9436258753132288,-0.9039970964407491,-0.8912992172796609,0.8719297841960906,0.8881573250071639,0.8915682182272159,-0.9149184960010356,0.8808653531497707
18,0.9350832275923997,-0.9747572632093038,-0.8987902487202357,-0.9168835637490699,-0.9405925773377102,-0.9210838033549278,-0.9058569773078224,0.8562947928875794,0.8992678642540083,0.9083839534157245,-0.9190704519228761,0.8915529367540977
19,0.9228820780703868,-0.9762176180196634,-0.9044647390707392,-0.919116647191394,-0.9399791013426618,-0.9178970604534081,-0.9091442134432137,0.8824786939946043,0.8988757275747079,0.9086733255317793,-0.9143054555293546,0.8989141821832292
20,0.9205816764969204,-0.915044977630122,-0.8970863383946021,-0.9324308805456288,-0.9397405273445871,-0.9182653774721767,-0.9154740996920171,0.9436058588092039,0.9071269368683206,0.9163818771789014,-0.911797562690659,0.9029884543859836
21,0.9321287902774574,-0.8920038239555463,-0.9037143932392668,-0.917831570870811,-0.9149288315448406,-0.9342311195466249,-0.9372911728525006,0.9392732708562438,0.915198416850587,0.9326831730499795,-0.9216340757135427,0.9146601617107831
22,0.9300200888351133,-0.884053003321363,-0.8950541517676998,-0.9035693303948351,-0.9067832336105836,-0.9323254793190828,-0.9315385096155662,0.9581106097821616,0.9055420511228146,0.9266143967271668,-0.9235010626045715,0.9106449369312567
23,0.9248216323382114,-0.8809700320550459,-0.8796876944273565,-0.9103107143716626,-0.9175531455236597,-0.9186657220577947,-0.9069429392454067,0.9633850646814184,0.8935165262909359,0.9076765993542576,-0.9152807471888473,0.9100938276477923
24,0.9166574620480659,-0.9111506981358283,-0.8738725142334516,-0.8989135620858384,-0.9179280475206343,-0.9093296863211817,-0.8935983258862593,0.9641385582384558,0.8862783367521827,0.890105281418273,-0.9039673639387317,0.9066100296773211
25,0.9254982210362896,-0.8415404521753163,-0.8837051710666929,-0.8905710994145138,-0.9046360676279129,-0.9195304663627297,-0.8987248489069286,0.9464314596480917,0.898597964093537,0.8971627458042724,-0.907840665100717,0.9142861946970036
26,0.9108951816360986,-0.7701453281132532,-0.8687295188469076,-0.8923617795333587,-0.8913100057354667,-0.9001537884188159,-0.8902719559873514,0.8926508570145993,0.8863436928653996,0.8899847097032502,-0.9138038769616154,0.912613184372201
27,0.9189691400998337,-0.8025976572323718,-0.8940224262494271,-0.885809996980879,-0.8803015198243159,-0.9071998531256936,-0.9050547351557326,0.8578017800016516,0.904316624000001,0.9063181580316677,-0.9076734722448041,0.9176912627698369
28,0.9205478470620163,-0.8524119824302211,-0.9063093392397725,-0.906371218110204,-0.9110094015764739,-0.9173365780335428,-0.9136641631293763,0.8964183247997812,0.9176819491528231,0.9174670226141062,-0.9092060734240068,0.9209979184706233
29,0.9211342239336844,-0.84543473166961,-0.9137033721207316,-0.9232036112273458,-0.9330945373982265,-0.9288504883159181,-0.917049233673559,0.923826652936992,0.9230901675215077,0.9245727156861145,-0.9144726483852675,0.926135044291488
30,0.9347336567650592,-0.8321292767307711,-0.9488914651757816,-0.9287020525334463,-0.9222564614856995,-0.9497484756851807,-0.9446874541571312,0.9215661722658823,0.9359489827968996,0.9506403204740367,-0.9275694220984554,0.9466048176773078
31,0.9409808257439826,-0.864581605849892,-0.9472969802839047,-0.9419109517630431,-0.9254601694598429,-0.9473143806046229,-0.9519369838485742,1.004167903456028,0.9334981285512725,0.9552300837592368,-0.9289069649457596,0.9450499021989617
32,0.9269754396937606,-0.8942754869938848,-0.9474220379224835,-0.94359629775725,-0.9348327193841975,-0.9250872492111084,-0.9402849057615179,0.9860840580871477,0.9417656768731892,0.940914202128867,-0.926120417347209,0.9344804134410913
33,0.9003855038592816,-0.8540345988861764,-0.9253337325085406,-0.9096365759739797,-0.925426087460118,-0.91288474624147,-0.9173133865772958,0.9137486766116267,0.9175348978980853,0.9176036705577988,-0.9111845222189778,0.9213325205355839
34,0.8844631164978378,-0.8928151321835252,-0.9093419869753038,-0.906476552234842,-0.928050401438937,-0.8979919276564783,-0.9010435243952848,0.9065904878197789,0.9084830762175677,0.9020659955485315,-0.9186524697830935,0.9162741246123574
35,0.8860756528949246,-0.9377616080135062,-0.9097484243006837,-0.8891806889692928,-0.9099528595850012,-0.9013708359590947,-0.8978736895504433,0.8797472798503462,0.9057217804341607,0.9026527778949758,-0.9039394984627461,0.9147388916084207
36,0.8903607146494207,-0.9249429380114544,-0.913937855193067,-0.8951426004238,-0.9142131095506174,-0.9097460446902245,-0.9029904291302339,0.8847391746657141,0.9077478199438798,0.9063744248320117,-0.9116861007867169,0.9125147720001536
37,0.8878573364665309,-0.9119620063638071,-0.9053870391552559,-0.908372566478325,-0.9312881914128055,-0.9062710536870597,-0.8948995235231849,0.9173277710075493,0.8993332203672251,0.9049356023660733,-0.909819113895688,0.9125541369489726
38,0.9065762904466985,-0.9945531839719665,-0.920456484603976,-0.9103739148464455,-0.9044315756295632,-0.90942576902173,-0.9071973087082646,0.911205635856628,0.9101333180762902,0.9189621118803885,-0.9219127304733976,0.9135776256182635
39,0.8935181285737863,-0.9810854673875318,-0.907247271529112,-0.9088992371015147,-0.8940365657134607,-0.8983442308918221,-0.8965235747091223,0.9514233544634595,0.9011468525089894,0.9135122703613595,-0.9237239864124556,0.913597308092673
40,0.90538098374676,-0.997960678529473,-0.9194560234953472,-0.9102685807218074,-0.8914122517346417,-0.9089293417355636,-0.9089289777438724,0.9812805366610393,0.9129763090012182,0.9231821219061855,-0.9264826685350207,0.9214112504332217
41,0.9033624941308264,-0.9934173524527962,-0.9246615477011804,-0.8899180278417586,-0.8814943898146885,-0.9030042418684163,-0.9085180732269486,0.9223196658229197,0.9104927766989825,0.9169606214110105,-0.9239747756963252,0.9175338029745616
42,0.9071626673183664,-0.9870891482745682,-0.919768667591793,-0.9136814063600763,-0.909100809591878,-0.9085450109333703,-0.9083126209684868,0.9478442600675369,0.9109339304631955,0.9188013495936915,-0.9250057983077888,0.9151915885198381
43,0.9186985046206022,-0.9468482601668599,-0.9171737215912874,-0.9119749935409419,-0.9128839115613449,-0.9166479853462798,-0.9109345831240963,0.9123358761921815,0.9150840436524577,0.9261964147817545,-0.9248664709278613,0.9209979184706233
44,0.9171085211801181,-0.9486331382684109,-0.918377401362607,-0.9197065182893664,-0.9028978856419418,-0.9164718337286079,-0.9187026351821335,0.9201533718464371,0.9193812080964581,0.92832651508049,-0.9228601566569048,0.9235763226182604
45,0.915958320393385,-0.9609650233336776,-0.9100610683971304,-0.9340951597149086,-0.9342533253888742,-0.9182013223384778,-0.9145642396902575,0.9726153607551166,0.9202471765965797,0.9251193074608846,-0.9351209660905276,0.9250131432501497
46,0.9232316488977271,-0.973296908398942,-0.9185493556156523,-0.9322202122963533,-0.9372866233643928,-0.9291867777678373,-0.9268718083162161,0.9400267644132813,0.9314394109849451,0.9335271750551387,-0.9516451933499326,0.9285559886438493
47,0.9323994257566889,-0.9893608113129067,-0.9253024680988958,-0.9375501190030329,-0.9466591732887475,-0.9427344385451524,-0.9334951977913941,0.9240150263262513,0.9365535268441546,0.9391779694325392,-0.9465736767205707,0.9386334155414837
48,0.9446231282353044,-0.9664819192839267,-0.9348068486308685,-0.9564049273132227,-0.9729704770763903,-0.9592126216891916,-0.9432003711435014,0.9508582342956841,0.9409650644862839,0.9470392452520237,-0.9445116314976431,0.9554225662127377
49,0.9504305145604768,-0.9820590372611041,-0.9457806564161392,-0.9527814334256782,-0.96155300716854,-0.9667711274656605,-0.9516532640630792,0.923261532769214,0.9433178845620864,0.9529231449451345,-0.9388270743966,0.9626263518465936
50,0.9508364677793238,-0.9630744247264202,-0.9469687039826361,-0.9455765793004434,-0.9564407072098007,-0.9626075437752328,-0.9517217481492329,0.9122416894975518,0.9455399924114553,0.9514119794501825,-0.9429511648424547,0.9569577992166743
51,0.9508026383444199,-0.9900098578952896,-0.9411535237887321,-0.952254762802488,-0.9683694071135254,-0.9598051316759064,-0.9448342057703182,0.9415337515273535,0.9417003207599725,0.9484861058322968,-0.9415578910431796,0.9536314610414786
52,0.9393457363902932,-0.998609725111856,-0.9336344332691944,-0.9457451138998642,-0.9583833811941215,-0.949956654869702,-0.9355888541395301,0.9357883631549483,0.9330406357587553,0.9402229242960698,-0.9339784815751219,0.9454829166359696
53,0.9529000633084629,-0.9874136715657598,-0.9469218073681696,-0.9422480209618848,-0.952589441240884,-0.9565703474241125,-0.9447852885659221,0.9234499061584733,0.9405565887786794,0.9527221920867632,-0.9385484196367447,0.9508168672009283
54,0.9636127176947032,-0.9637234713088033,-0.9445769766448204,-0.9609342946726543,-0.97324313307419,-0.9678760785219663,-0.9507140537386812,0.9412511914434645,0.9469451488456151,0.9582363385204711,-0.9422823934188027,0.9574301786025009
55,0.9522121981320831,-0.9463614752300725,-0.9348068486308685,-0.9607236264233783,-0.9737202810703385,-0.95988520059303,-0.9404414408155838,0.9387081506884658,0.9379586832783144,0.9483253435455997,-0.934925907758629,0.9511908342147077
56,0.9503177497774637,-0.9694026289046482,-0.9407939830778187,-0.9473251257694331,-0.959678497183669,-0.961838882170846,-0.9455483969544953,0.911205635856628,0.9402788252975085,0.9504313295013306,-0.9339506160991363,0.9512695641123453
57,0.9569821484535356,-0.969564890550244,-0.944420654596597,-0.9512014215561089,-0.9646885511432335,-0.969397387947315,-0.951222792664397,0.9062137410412602,0.9452949069868928,0.9549809022148564,-0.9398023660560927,0.9560720878682494
58,0.9601282858995998,-0.9547990808010454,-0.9438422630181718,-0.9676756786494819,-0.9897388209410538,-0.9757068186166556,-0.9535219012709949,0.9286301743631005,0.9502783106196686,0.9569020115408857,-0.9444837660216575,0.9616619106005309
59,0.9654282307012136,-0.9557726506746177,-0.9497512364410099,-0.9616927003700471,-0.9878302289564579,-0.9785892996331056,-0.9590299784859508,0.9191173182055132,0.9541996774126725,0.9611622121383568,-0.9486078564675126,0.961307626061161
60,0.9541179229650039,-0.9577197904217646,-0.9491103160432943,-0.9405205413178227,-0.9673128651220526,-0.9677960096048428,-0.953952372669677,0.8945345909071902,0.9492326128082008,0.9528588400304556,-0.9471309862402808,0.9535133661950218
61,0.9294788178766505,-0.9724856001709654,-0.9278974140994015,-0.9452395101016016,-0.9645181411446087,-0.9405245364325406,-0.9293568022995176,0.9231673460745843,0.9294460495318351,0.9312282743553713,-0.9447902862574982,0.9386137330670742
62,0.9164544854386425,-0.9935796140983919,-0.9231921204478822,-0.9292708568064911,-0.9355143593786959,-0.9244627116575442,-0.919778813678839,0.9419104983058723,0.9194302251813706,0.9251353836895543,-0.9331982482475277,0.9282410690532982
63,0.9167363973961751,-1.0054247142268713,-0.9328840874377229,-0.9128808670128284,-0.900069079664773,-0.9206033898521863,-0.92079629153027,0.9401209511079109,0.9223549112478192,0.9276111229046884,-0.9289069649457596,0.9236747349903076
64,0.8958523595821567,-1.0076963772652097,-0.9141098094461124,-0.9089413707513698,-0.8991488656722001,-0.8994331681647033,-0.9014055117078131,0.9446419124501304,0.9051825925001227,0.9085527538167564,-0.9228322911809193,0.912121122511965
65,0.9085383976711257,-0.9901721195408855,-0.9171580893864655,-0.9254366946696699,-0.917246407526136,-0.9097780722570739,-0.9084398056999153,0.9526477814936454,0.9128292577464804,0.9194363606261448,-0.9296593327973683,0.9193052256714115
66,0.9132519656010716,-0.9818967756155084,-0.927459712364377,-0.9106267167455767,-0.8998986696661482,-0.9129968427254431,-0.9145446728084992,0.9468082064266103,0.9185315786246405,0.9255453275206317,-0.9265383994869916,0.9214112504332217
67,0.9186759516639996,-0.9356522066207635,-0.9259590207014332,-0.9216867998325599,-0.9444438433066269,-0.9209236655206806,-0.9131065069992654,0.9856131246139993,0.92063931327588,0.9271851028449414,-0.9265662649629771,0.919915382378104
68,0.8893120021673994,-0.9481463533316237,-0.9130937161326617,-0.8892438894440756,-0.8841527857932326,-0.8937963163992011,-0.8986759317025331,0.9252394533564345,0.8987776934048828,0.9091314980488655,-0.8986171925495146,0.9017681409725984
69,0.8781031827359014,-0.935327683329572,-0.9018072642509442,-0.8926567150823447,-0.8927414497239141,-0.8841239912106688,-0.8890881596409751,0.9432291120306878,0.8980424371311947,0.8991481600449805,-0.9057786198777896,0.8999967182757485
70,0.9031933469563067,-0.9549613424466389,-0.9165328011935727,-0.9062869508104936,-0.930845125416381,-0.9146462624181895,-0.9113161373183829,0.9132777431384783,0.9179923906906025,0.9121056003527606,-0.9223028471371947,0.9197382401084191
71,0.8924581396134637,-0.935327683329572,-0.9084665835052537,-0.9028319915223694,-0.9285616314348115,-0.9063190950373339,-0.9044090280577093,0.9100753955210718,0.9099372497366401,0.9067682924344194,-0.9205194566741223,0.9183604668997581
72,0.8911726210871147,-0.8746418278768179,-0.9102330226501758,-0.8870529396516068,-0.9068173156103085,-0.9021555113469061,-0.9072853596761767,0.9016927796990382,0.907519073547621,0.9080624288423303,-0.9136366841057023,0.9159001575985779
73,0.9039714239590968,-0.8632835126851258,-0.9251774104603171,-0.9095312418493423,-0.9158490455374135,-0.9161195304932639,-0.9209723934660942,0.9331511357053198,0.9139893287560776,0.9243235341417342,-0.9109058674591227,0.921608075177316
74,0.9169957563971051,-0.8926528705379294,-0.9354321368237611,-0.9390879972227465,-0.9362982453723699,-0.9224930162963034,-0.929170916922814,0.9782665624328921,0.9255900388520475,0.9347730827770409,-0.9165068281322094,0.9285166236950304
75,0.9384210651695861,-0.9278636476321737,-0.9532215859115657,-0.9340951597149086,-0.9017731796510191,-0.9347115330493666,-0.954529595681546,1.0018132360902887,0.9389063469199571,0.9514923605935312,-0.9353996208503825,0.9370194526399094
76,0.9301328536181264,-0.8816190786374288,-0.9328684552329002,-0.9449235077276881,-0.9215066574917513,-0.9308361974605837,-0.9417524218933888,1.0295041243113885,0.9220608087383441,0.9408820496715276,-0.9303559696970061,0.9321578814607769
77,0.9331098438896711,-0.8715588566105007,-0.9356040910768073,-0.9491158058882779,-0.9288002054328862,-0.9398039161784282,-0.9462528046977936,1.0266785234725007,0.9240541701914546,0.9478430566855086,-0.9307739518367886,0.9387908753367591
78,0.949438184469962,-0.839106527491382,-0.964132864877547,-0.9412157465404326,-0.9252215954617682,-0.9583318636008319,-0.9604192270907891,0.9676234659397488,0.9438080554112119,0.9659288139389237,-0.9367092982217015,0.9554816136359661
79,0.954828341097986,-0.8202841766022917,-0.9624289545519142,-0.9593121491532297,-0.9431487273170793,-0.9585240290019286,-0.9579537999892455,0.9633850646814184,0.9476804051193036,0.9657921659952313,-0.941697218423107,0.9588079518111619
80,0.9390299949978566,-0.8855133581317227,-0.9463746801993881,-0.9477885959178398,-0.9307428794172061,-0.9438554033848829,-0.9412436829676735,0.9306080949503212,0.939706959306862,0.9451342121546638,-0.9230273495128178,0.9398930939036878
81,0.9400899839581794,-0.8324538000219626,-0.9182679759288502,-0.9331260857682393,-0.9050109696248876,-0.9262562554011131,-0.9191037562581784,0.8758856253705319,0.9210968060683972,0.9212127838941468,-0.9202129364382818,0.93064233093125
82,0.9454012052380945,-0.8077900298914316,-0.9014008269255633,-0.9213075969838629,-0.8703495759046369,-0.918137267204779,-0.9080582515056288,0.8537517521325807,0.9032872652168373,0.9101443004550569,-0.9201850709622963,0.9360943763426656
83,0.9351396099839061,-0.7793942419122003,-0.8929594363215089,-0.9389194626233256,-0.9182688675178838,-0.9128687324580452,-0.8953984790080208,0.922508039212179,0.8934675092060234,0.9027813877243333,-0.9067539115372824,0.9311540752658956
84,0.9412176317883099,-0.7878318474831731,-0.9076224444448482,-0.942184820487102,-0.9347645553847477,-0.9211478584886268,-0.9071973087082646,0.9535896484399421,0.9079929053684422,0.9102166434840706,-0.9122991412583981,0.9366651681005393
85,0.933290267542492,-0.8073032449546443,-0.9072941681435794,-0.9234142794766219,-0.920927263496428,-0.9185536255738217,-0.9088604936577186,0.9119591294136654,0.9102150132178112,0.910297024627419,-0.9162281733723545,0.9297566195828251
86,0.915958320393385,-0.8462460398975888,-0.8940693228638936,-0.9186321102180596,-0.9199729675041299,-0.9159273650921673,-0.9036361362282572,0.909321901964037,0.8998887473295674,0.9068808260351074,-0.911741831738688,0.9236550525158982
87,0.9156538554792497,-0.8189860834375279,-0.9016665744075426,-0.9233089453519839,-0.9259032354562674,-0.9302276736904442,-0.9148870932392686,0.8906729364273787,0.9095941301422524,0.9208028400630694,-0.925674569731441,0.9293826525690458
88,0.9131504772963599,-0.841702713820912,-0.9016509422027207,-0.9125437978139868,-0.9004098996620227,-0.9324535895864807,-0.9266174388533582,0.8910496832058974,0.9096431472271646,0.9254569082629482,-0.9296593327973683,0.9200925246477891
89,0.9136579188199185,-0.8491667495183081,-0.9000877217204886,-0.9168414300992147,-0.9092712195905028,-0.9283220334629023,-0.927077260574678,0.9031055801184833,0.9050845583302974,0.9234956083652446,-0.9384369577328029,0.918045547309207
90,0.9146615253887348,-0.8384574809089991,-0.9023231270100809,-0.9316724748482361,-0.9139745355525426,-0.9233897881680879,-0.925472776270499,0.8993381123332987,0.909675825283773,0.9219442522986183,-0.9245320852160352,0.9144042895434601
91,0.9367295934243902,-0.8421894987576993,-0.9337282264981284,-0.940394140368257,-0.9136677975550189,-0.9417095564059702,-0.9468300277096626,0.8644890353203537,0.9299362203809606,0.944475086779206,-0.9287676375658322,0.9300124917501478
92,0.9347223802867578,-0.8624722044571492,-0.93091442963011,-0.9395725341960809,-0.9248466934647945,-0.9307241009766107,-0.9314993758520496,0.8691041833572029,0.9249528167481846,0.9347248540910317,-0.9199064162024413,0.9201515720710173
93,0.9306290186633838,-0.8602005414188109,-0.9103424480839326,-0.9484627343155227,-0.9482951092755436,-0.9214841479405459,-0.9146816409808067,0.8549761791627639,0.9116365086802751,0.91591566654748,-0.9197392233465281,0.9091490688761392
94,0.9316777311454052,-0.8835662183845758,-0.9006661132989138,-0.9306402004267839,-0.9474089772826956,-0.9169842747981989,-0.9027947603126514,0.8568599130553575,0.9012448866788146,0.9066637969480664,-0.916423231704253,0.9016697286005511
95,0.9352636512452205,-0.9268900777586013,-0.9094983090235271,-0.9195379836899455,-0.9397405273445871,-0.9241904773393239,-0.9092811816155212,0.845086576226658,0.9017187184996359,0.9113660938339542,-0.9209653042898904,0.9055274935848018
96,0.9300764712266198,-1.0450165557521967,-0.9110146328912918,-0.9028109246974417,-0.9477838792796692,-0.9193543147450578,-0.9072266590309018,0.857990153390911,0.9032055700753168,0.9025643586372923,-0.9236403899844989,0.8920056336655149
97,0.9398644543921533,-1.0411222762579029,-0.9180803894709821,-0.8959220729461209,-0.9382750013564157,-0.9211798860554761,-0.9178319089438904,0.835479533374441,0.9095777911139482,0.9107069684584964,-0.9279038078102815,0.8920056336655149
98,0.9322077256255666,-1.0388506132195645,-0.9057934764806367,-0.8913295051119071,-0.9411378893333096,-0.9126445394900992,-0.9101714747355231,0.8489482307064722,0.9035486896697045,0.9010451550280055,-0.925953224491296,0.8846050232875649
99,0.916882991614092,-1.0190546924569017,-0.8935847245144016,-0.8953954023229314,-0.9428760713192806,-0.9053902955987,-0.8974334347108824,0.8525273251023948,0.8904284499414453,0.8907242162220566,-0.9207145150060209,0.8794482149922908
100,0.9337187737179415,-1.025869681571917,-0.9183148725433177,-0.9091941726505005,-0.9387862313522892,-0.9175767847849137,-0.918947221204112,0.8556354860251717,0.9118325770199255,0.9103693676564327,-0.9291577542296293,0.900508462610394
101,0.94501780497585,-1.0124019649874823,-0.9290541972562537,-0.9254156278447423,-0.9432509733162543,-0.923902229237679,-0.9327027390801838,0.8666553292968338,0.9264723463804734,0.9243396103704039,-0.9289905613737163,0.921155378265899
102,0.938601488822407,-0.9742704782725166,-0.9157355587476339,-0.9327047492696877,-0.943421383314879,-0.9197386455472512,-0.9256097444428071,0.8798414665449759,0.9219300965119105,0.9222255863003381,-0.9167576174160791,0.9294220175178645
103,0.9414431613543361,-0.92137318180835,-0.9230357983996589,-0.9264479022661946,-0.9355143593786959,-0.9249271113768612,-0.9351779496226063,0.8719297841960906,0.9309982572207322,0.9293312793723465,-0.9196556269185717,0.9394797619410897
104,0.9160034263065902,-0.8665287455970389,-0.9060123273481485,-0.9101211129473147,-0.9315608474106052,-0.9101944306261166,-0.9194559601298278,0.9218487323497714,0.9217013501156521,0.9111329885182436,-0.9156151329006733,0.9247572710828269
105,0.9102524223729241,-0.8712343333193114,-0.9045116356852058,-0.9085621679026729,-0.92897061543151,-0.9111392438481754,-0.9168046476515805,0.9156324105042177,0.9243319336726256,0.910626587315148,-0.9107108091272241,0.9205255390847967
106,0.9204125293224007,-0.8548459071141552,-0.9231921204478822,-0.9114904565676075,-0.922665445482399,-0.9264644345856345,-0.9322624842406222,0.8798414665449759,0.9402624862692043,0.9212449363514862,-0.9268449197228323,0.9312328051635334
107,0.9101847635031164,-0.8238539328053962,-0.9112491159636273,-0.9118696594163044,-0.9265507934510407,-0.9199628385151972,-0.9179884439979563,0.8943462175179309,0.9291682860506636,0.9069531690641209,-0.923473197128586,0.9276309123466054
108,0.9131504772963599,-0.8666910072426346,-0.9247866053397591,-0.9118485925913768,-0.921813395489276,-0.9279537164441336,-0.9300612100428158,0.8692925567464622,0.9367169171271966,0.914460767852872,-0.9293806780375133,0.9308785206241633
109,0.9071401143617638,-0.8910302540819741,-0.9213162558692033,-0.9114693897426799,-0.9230062654796486,-0.9237100638365824,-0.9279382033720421,0.8828554407731231,0.9333674163248389,0.9124512392691593,-0.9276808840023973,0.9278671020395186
110,0.9068018200127246,-0.8829171718021928,-0.9121245194336774,-0.908667502027311,-0.921779313489551,-0.9185536255738217,-0.9202484188410381,0.8960415780212652,0.9261945828993025,0.9112214077759269,-0.9187360662110501,0.9266664711005429
111,0.9221152775458978,-0.8741550429400305,-0.9267875275570168,-0.9055706787629555,-0.9111116475756488,-0.9338147611775821,-0.9347670451056825,0.8767333056221991,0.935001319155257,0.9276673897050323,-0.9198506852504702,0.9408969000985693
112,0.9348802509829761,-0.8691249319265687,-0.9329153518473676,-0.9081829650539766,-0.9152696515420902,-0.9385708548547246,-0.9386412876938223,0.8688216232733138,0.9371090538064969,0.931196121898032,-0.9186524697830935,0.9423140382560492
113,0.9227016544175659,-0.8994678596529446,-0.9152509603981418,-0.914313411107904,-0.937150295365493,-0.9245427805746679,-0.9228508141148895,0.8767333056221991,0.9217340281722605,0.9143080436805097,-0.9097076519917459,0.920663316405663
114,0.9257463035589184,-0.9314334038352782,-0.9188307353024535,-0.9140184755589181,-0.9333331113963012,-0.9214040790234223,-0.9199940493781802,0.8679739430216467,0.9151820778222828,0.9110445692605602,-0.9131629710139486,0.9106252544568473
115,0.9419618793561962,-0.9398710094062488,-0.9325714433412762,-0.9099104446980386,-0.9191890815104569,-0.9244627116575442,-0.9256390947654443,0.837363267267032,0.9164075049450965,0.9200151048582541,-0.9152528817128618,0.9120227101399176
116,0.9378572412545209,-0.9804364208051487,-0.917298779229866,-0.9168203632742871,-0.9385817393539394,-0.9214361065902718,-0.9174894885131205,0.8626994881223898,0.9083523639911342,0.9136810707623914,-0.9178443709795138,0.9055471760592113
117,0.9232654783326311,-1.011266133468312,-0.8993999047083057,-0.9093627072499214,-0.946182025292598,-0.9073920185267902,-0.9013272441807799,0.8751321318134971,0.8929609993285936,0.8991722743879851,-0.9157265948046153,0.8885612006438626
118,0.916882991614092,-1.0432316776506454,-0.8937879431770915,-0.8907607008388623,-0.9290728614306849,-0.8967908938996241,-0.8956821987935158,0.8489482307064722,0.887111627195696,0.8916887899422388,-0.9119647555465721,0.8775390149745749
119,0.9086737154107414,-1.0312243158765726,-0.883877125319739,-0.884588121135079,-0.9203819515008286,-0.890049091077816,-0.8867303503891023,0.8358562801529598,0.8800858450248975,0.8839641620664467,-0.9095683246118185,0.8729529984371749
120,0.9133647303840846,-0.9896853346040981,-0.883595745632937,-0.9067082873090452,-0.9423989233231311,-0.901755166761288,-0.8928254340568073,0.8548819924681342,0.8876834931863425,0.890483072792011,-0.9186524697830935,0.8810031304706368
121,0.9311026307520387,-0.9165053324404839,-0.8940849550687164,-0.9152824850545734,-0.9431828093168043,-0.9216602995582178,-0.9039785566590272,0.8693867434410919,0.8957386341403047,0.9057635281425631,-0.9205194566741223,0.8897618315828387
122,0.9340570680669807,-0.9265655544674098,-0.9098265853247958,-0.9414264147897087,-0.9472726492837957,-0.933990912795254,-0.9173329534590541,0.8760739987597913,0.9084667371892636,0.922289891215017,-0.9250893947357454,0.9035789286182669
123,0.9327941024972345,-0.8949245335762679,-0.9222854525681875,-0.9484416674905951,-0.9366731473693435,-0.9391153234911651,-0.9351192489773315,0.9059311809573711,0.9257207510784812,0.9358180376405714,-0.927987404238238,0.9160772998682627
124,0.9420182617477026,-0.8788606306623032,-0.9338532841367071,-0.9416160162140571,-0.9171782435266861,-0.9527270394021791,-0.9571515578371562,0.888789202534785,0.9407036400334172,0.9536385371209363,-0.9398302315320782,0.9351496175710124
125,0.9329858026283567,-0.8774002758519436,-0.9149226840968732,-0.93687598060535,-0.9200411315035799,-0.9514139091613518,-0.9490410853483484,0.9157265971988474,0.9320439550322,0.9460907477605112,-0.9437313981700489,0.9294613824666834
126,0.9248216323382114,-0.8459215166063974,-0.9023543914197247,-0.9308298018511323,-0.9237901514733218,-0.9453446852433821,-0.938709771779976,0.9205301186249558,0.9248547825783595,0.9358260757549063,-0.9391057291564548,0.9275915473977865
127,0.921382306456313,-0.8379706959722117,-0.9060123273481485,-0.9149664826806593,-0.9080442676004052,-0.9330781271400448,-0.9224692599206028,0.8627936748170195,0.9139566506994692,0.9239377046536614,-0.9240305066482961,0.9289299556576285
128,0.9166010796565595,-0.8420272371121036,-0.8990872606118597,-0.9123541963896389,-0.9156786355387888,-0.9173205642501181,-0.9060624295662844,0.8920857368468212,0.9034179774432709,0.906792406777424,-0.9129400472060648,0.9251902855198346
129,0.9153155611302105,-0.820121914956696,-0.8972113960331808,-0.9165043609003736,-0.9295840914265593,-0.9109470784470787,-0.8974138678291241,0.9091335285747776,0.9027644163111038,0.9014149082874086,-0.9074226829609344,0.9243439391202285
130,0.9198599818856368,-0.7892922022935328,-0.9048242797816525,-0.9128598001879008,-0.9161557835349382,-0.9121320984205081,-0.9037633209596859,0.886340348474416,0.9072576490947541,0.9042443245332761,-0.9111845222189778,0.92747345255133
131,0.9189578636215323,-0.785397922799239,-0.9009162285760712,-0.9152192845797906,-0.907294463606457,-0.9104346373774875,-0.9000651803073708,0.8730600245316441,0.9023396015751951,0.9024035963505953,-0.9171198686038906,0.931567407228494
132,0.9190367989696414,-0.8012995640676078,-0.8958826586232833,-0.9154510196539937,-0.9048746416259877,-0.9074400598770644,-0.8990477024559403,0.87645074553831,0.9009344451410353,0.9011094599426841,-0.9206866495300354,0.9310556628938482
133,0.9199727466686498,-0.8353745096426841,-0.9006973777085585,-0.9118696594163044,-0.8972061916878792,-0.9062710536870597,-0.9037437540779276,0.8774867991792364,0.9063916805946325,0.9047185732790323,-0.9056114270218767,0.9286544010158964
134,0.9233782431156441,-0.8853510964861269,-0.9236454543877296,-0.9252681600702497,-0.9162239475343882,-0.923501884652061,-0.9260597827232474,0.8843624278871953,0.926880822088078,0.9254086795769393,-0.9170920031279051,0.9359762814962088
135,0.9002952920328712,-0.8957358418042467,-0.9131875093615948,-0.9340530260650535,-0.9404562493388103,-0.9206514312024603,-0.914701207862565,0.9480326334567962,0.9192831739266328,0.9186888159930037,-0.9066981805853114,0.9244226690178664
136,0.8963034187142088,-0.919426042061203,-0.919080850579611,-0.9397621356204293,-0.9493516512670165,-0.923037484932744,-0.9215985336823592,0.971202560335674,0.9250508509180094,0.92294097847614,-0.9071440282010795,0.9243833040690475
137,0.9113687937247534,-0.9075809419327238,-0.9406532932344172,-0.9465877868969673,-0.9428760713192806,-0.9409569085850081,-0.9441102311452616,0.9600885303693822,0.9386612614953941,0.9413161078456095,-0.9210210352418615,0.9406803928800656
138,0.9331549498028764,-0.8997923829441362,-0.9529714706344082,-0.9652740606077369,-0.9536800652320817,-0.9555294515015055,-0.9606344627901299,1.0079353712412127,0.949167256694984,0.9607522683072796,-0.9337276922912522,0.9584536672717918
139,0.9328392084104398,-0.9096903433254686,-0.9417006509575134,-0.9645788553851264,-0.9469318292865462,-0.9529352185867005,-0.9578266152578168,1.021027321794725,0.9411121157410217,0.9577781660033845,-0.9343128672869478,0.9533362239253369
140,0.9382180885601626,-1.0016926963781732,-0.9452960580666471,-0.9498531447607437,-0.9236197414746969,-0.9465617327836611,-0.959646335261337,1.002284169563437,0.9439060895810372,0.9544664628974259,-0.9320000327801509,0.9461914857147093
141,0.933177502759479,-1.0245715884071531,-0.9487664075372029,-0.936370376807088,-0.9087940715943543,-0.9296351637037296,-0.9558112264367139,0.9930538734897388,0.9441184969489913,0.9462756243902126,-0.928266058998093,0.9422943557816398
142,0.9174129860942534,-0.9880627181481427,-0.94066892543924,-0.9299871288540292,-0.9157127175385137,-0.9070717428582958,-0.9364693638186531,0.9694130131377127,0.9372887831178427,0.9307138350379409,-0.9184295459752093,0.9342245412737685
143,0.9069822436655455,-0.9609650233336776,-0.9358542063539639,-0.9165886282000834,-0.9161557835349382,-0.9067034258395272,-0.9251988399258828,0.9356941764603186,0.9286127590883217,0.9240743525973539,-0.9082029162885287,0.9261744092403066
144,0.8984797790263609,-0.9254297229482418,-0.9225199356405221,-0.9045805379913591,-0.9102255155828008,-0.9092175898372086,-0.9180373612023524,0.8896368827864521,0.9158192999261462,0.9178287377591746,-0.9053327722620215,0.920663316405663
145,0.8849818344996979,-0.9108261748446367,-0.9033392203235316,-0.8973967506910517,-0.9180643755195341,-0.895814053110716,-0.9007989383733064,0.8852101081388624,0.9046107265094766,0.9019132713761694,-0.905862216305746,0.9109401740473984
146,0.8746751333323044,-0.9288372175057483,-0.8978523164308962,-0.8893492235687137,-0.9153378155415401,-0.8887199470535642,-0.8939700966396664,0.8874705888099721,0.9004442742919098,0.8936340136112727,-0.9109615984110938,0.9081649451556669
147,0.8848916226732874,-0.9387351778870807,-0.9071222138905334,-0.8864209349037792,-0.9066469056116837,-0.8959741909449632,-0.9005739192330862,0.8787112262094198,0.9068328343588454,0.9006995161116068,-0.9160331150404559,0.9176125328721993
148,0.8836512100601438,-0.9358144682663593,-0.9027764609499274,-0.8970807483171382,-0.9169396695286114,-0.8987766030442896,-0.8949680076093387,0.8931217904877476,0.9050192022170811,0.8989472071866093,-0.9083979746204272,0.915782062752121
149,0.8990887088546315,-0.9057960638311726,-0.9181429182902715,-0.9045173375165763,-0.9167010955305366,-0.9164718337286079,-0.9057787097807892,0.9040474470647801,0.9094634179158189,0.9118323044653756,-0.9113517150748909,0.9212144256891274
150,0.9000359330319412,-0.90368666243843,-0.9207065998811326,-0.9043488029171554,-0.9204160335005536,-0.9168881920976506,-0.9074712450528803,0.9081916616284808,0.9125841723219178,0.9133756224176669,-0.9141382626734413,0.9224150566281032
151,0.8976904255452696,-0.897358458260202,-0.9156573977235226,-0.9125016641641315,-0.9374570333630167,-0.9163437234612101,-0.9030784800981464,0.9244859597993997,0.9110809817179328,0.9122181339534485,-0.9174821197917021,0.9195020504155058
152,0.9062041666627554,-0.9031998775016427,-0.9233797069057503,-0.9082040318789042,-0.9303679774202325,-0.9236780362697329,-0.9113650545227784,0.9156324105042177,0.9162931317469675,0.9200151048582541,-0.9203522638182092,0.9233401329253471
153,0.9078167030598422,-0.9174789023140562,-0.9213162558692033,-0.9035482635699075,-0.9223246254851494,-0.9248950838100117,-0.9110519844146461,0.8937810973501529,0.9142507532089443,0.9198302282285525,-0.9246714125959627,0.9218245823958199
154,0.8950291766661614,-0.9247806763658587,-0.9093888835897703,-0.9068978887333936,-0.9293455174284846,-0.9126285257066744,-0.8995466579407767,0.9161975306719957,0.9055910682077272,0.9091395361632004,-0.925563107827499,0.9142468297481847
155,0.8988293498537013,-0.9405200559886319,-0.9134063602291076,-0.9118485925913768,-0.9342874073885992,-0.9163597372446348,-0.9033817667653998,0.9055544341788524,0.9100843009913775,0.9124592773834941,-0.9288233685178031,0.9184195143229865
156,0.9193638168403793,-0.9784892810580018,-0.9321650060158962,-0.9176841030963184,-0.9321402414059285,-0.930531935575514,-0.9221953235759871,0.8918031767629322,0.926325295125736,0.9286400015395493,-0.9422545279428172,0.9327483556930602
157,0.9105568872870594,-0.9674554891575012,-0.9130155551085495,-0.9234142794766219,-0.9359915073748453,-0.9202510866168423,-0.9058863276304596,0.9189289448162539,0.9125678332936136,0.9154173034587192,-0.9323622839679624,0.9228283885907016
158,0.9177625569215938,-0.9755685714372804,-0.9196279777483924,-0.9363282431572327,-0.9482951092755436,-0.9286423091313968,-0.9132336917306941,0.9389907107723547,0.9191197836435913,0.922450653501714,-0.9394122493922956,0.9332207350788871
159,0.9198487054073354,-0.9736214316901335,-0.9275847700029548,-0.9267428378151805,-0.9367753933685184,-0.9288665020993429,-0.9190254887311452,0.9089451551855182,0.920884398700443,0.9245325251144403,-0.9361241232260058,0.9321972464095959
160,0.9187661634904101,-0.9827080838434872,-0.9243489036047344,-0.9260054989427148,-0.9375592793621915,-0.9254395524464523,-0.9171079343188339,0.911488195940517,0.9182701541717734,0.9220969764709804,-0.9339227506231508,0.9310753453682576
161,0.9089556273682741,-0.9883872414393343,-0.9117337143131194,-0.9285756515838807,-0.9448187453036014,-0.9165038612954572,-0.9090268121526639,0.9190231315108836,0.9108685743499787,0.9149912833989721,-0.930467431600948,0.9264499638820388
162,0.9168491621791881,-1.0041266210621074,-0.9233328102912829,-0.9218553344319801,-0.9357529333767706,-0.9255516489304253,-0.9197494633562018,0.8940636574340419,0.9179106955490814,0.9232866173925385,-0.9362634506059333,0.9309769329962106
163,0.9238067492910939,-0.9911456894144577,-0.9309925906542212,-0.9290601885572151,-0.9401495113412867,-0.9353200568195059,-0.9305112483232563,0.9076265414607028,0.9278938418429374,0.9316462563007837,-0.9425889136546431,0.9376296093466019
164,0.9249682265561283,-0.9971493703014964,-0.9279443107138681,-0.9383506583502808,-0.9512602432516124,-0.9345994365653935,-0.9266859229395126,0.9526477814936454,0.9283349956071504,0.9319195521881685,-0.9420037386589475,0.9368423103702243
165,0.9276745813484417,-0.9901721195408855,-0.9336969620884837,-0.9379714555015845,-0.9468295832873713,-0.936761297327731,-0.9324483696173264,0.9583931698660506,0.9336778578626181,0.9369272974187809,-0.9419758731829619,0.9380232588347909
166,0.9192848814922703,-0.991632474351245,-0.9286946565453404,-0.9314196729491048,-0.9322765694048284,-0.9264163932353603,-0.9243965977737936,0.9679060260236378,0.9275834003051581,0.9293553937153511,-0.9354553518023536,0.9289693206064474
167,0.9108275227662909,-0.9982852018206645,-0.9227075220983901,-0.9230982771027078,-0.9220860514870757,-0.9153989102391513,-0.9151512461430055,0.9691304530538236,0.9203778888230133,0.9215423465818758,-0.927262901862615,0.9223363267304653
168,0.9126204828161985,-1.012564226633078,-0.9329622484618342,-0.9097629769235454,-0.9060334296166354,-0.9184415290898487,-0.9205712723900493,0.9377662837421715,0.9222895551346029,0.925472984491618,-0.9321114946840928,0.9220804545631426
169,0.9031933469563067,-1.0287903911926384,-0.928147529376559,-0.9122067286151456,-0.9088281535940793,-0.9087371763344669,-0.9134782777526727,0.9536838351345718,0.9162441146620549,0.9180216525032111,-0.9292970816095568,0.918045547309207
170,0.895457682841611,-1.0175943376465422,-0.9222854525681875,-0.9045805379913591,-0.9008870476581712,-0.9016110427104655,-0.9069233723636484,0.9380488438260606,0.9093817227742979,0.9117760376650318,-0.9272350363866294,0.915329365840704
171,0.9047607774401882,-1.0114283951139076,-0.9253024680988958,-0.9112587214934044,-0.9050791336243375,-0.9085450109333703,-0.9132728254942107,0.9403093244971703,0.9152147558788912,0.9183029865049307,-0.9352881589464406,0.9225725164233789
172,0.8987165850706884,-1.011103871822716,-0.9123121058915447,-0.9177473035711012,-0.9119977795684968,-0.9021715251303307,-0.9026577921403433,0.9619722642619732,0.9085484323307846,0.9121056003527606,-0.9304395661249625,0.9180061823603881
173,0.8991901971593432,-1.0130510115698652,-0.9170486639527096,-0.9079512299797728,-0.9032387056391915,-0.9020594286463577,-0.9041155248313353,0.9474675132890181,0.9083850420477426,0.9139784809927809,-0.9281267316181655,0.9168055514214123
174,0.8983557377650465,-1.0094812553667607,-0.9225668322549896,-0.8921932449339378,-0.8849707537866307,-0.9001377746353911,-0.9051330026827659,0.9273115606382876,0.9101823351612027,0.9145974157965644,-0.9294085435134988,0.9143846070690509
175,0.898592543809374,-0.9963380620735176,-0.9145006145666704,-0.9036746645194731,-0.9019435896496439,-0.9002338573359394,-0.9026675755812221,0.9569803694466054,0.9062609683681989,0.913857909277758,-0.928488982805977,0.9138334977855865
176,0.9037120649581668,-0.9642102562455883,-0.9183148725433177,-0.9070453565078869,-0.909986941584726,-0.9090094106526873,-0.9065809519328785,0.9654571719632687,0.910002605849857,0.9175634799861245,-0.9235010626045715,0.9182620545277108
177,0.9069484142306415,-0.9601537151056988,-0.9308519008108206,-0.8954796696226418,-0.8983649796785269,-0.9151426897043559,-0.9130184560313529,0.9355058030710619,0.9143487873787696,0.9222738149863473,-0.9227208292769773,0.9225921988977881
178,0.8903945440843246,-0.9512293245979409,-0.9160013062296133,-0.8940471255275656,-0.891923481730516,-0.901755166761288,-0.8991357534238524,0.944453539060871,0.8997090180182212,0.9080061620419866,-0.9152528817128618,0.917100788537554
179,0.8801216723518351,-0.9601537151056988,-0.9036518644199776,-0.8914559060614722,-0.8869134277709516,-0.8915223591528905,-0.8867694841526189,0.9605594638425307,0.8877815273561678,0.900313686623534,-0.9019053187158044,0.9106252544568473
180,0.8927851574842015,-0.9788138043491934,-0.9175019978925569,-0.8977759535397487,-0.8896740697486706,-0.9074560736604892,-0.9047416650476003,0.9531187149667937,0.9029278065941454,0.9131505552162911,-0.913720280533659,0.9233204504509376
181,0.8869101122892211,-0.9903343811864812,-0.9152978570126092,-0.8928041828568379,-0.8898103977475704,-0.9034686415877333,-0.903812238164082,0.9375779103529122,0.9053949998680773,0.9099031570250113,-0.9110173293630649,0.9222772793072372
182,0.8735362090238725,-0.9749195248548995,-0.8937566787674469,-0.8862524003043583,-0.8930481877214378,-0.8883996713850696,-0.8859183247961336,0.9429465519467988,0.8926832358474226,0.8941323767000335,-0.9029084758512824,0.9126919142698389
183,0.8712019780155023,-0.9851420085274213,-0.8999939284915546,-0.8832609111646408,-0.8785633378383448,-0.8857093557697163,-0.8919351409368054,0.929666228004027,0.8962941611026471,0.895177331563564,-0.9045525389344273,0.9078500255651158
184,0.8696909299231271,-0.9630744247264202,-0.9018854252750554,-0.882291837217972,-0.8752233018653015,-0.8813696204616166,-0.8930602366379063,0.9221312924336603,0.8959837195648678,0.894912073790514,-0.9041345567946447,0.9044055925434635
185,0.8826024975781224,-0.9072564186415345,-0.9074661223966248,-0.9085411010777453,-0.9010233756570709,-0.8906416010645307,-0.902638225258585,0.9617838908727139,0.9002808840088677,0.9052169363677931,-0.9091224769960503,0.9110385864194457
186,0.8966642660198507,-0.8920038239555463,-0.9177990097841809,-0.9238988164499563,-0.9040225916328647,-0.8998655403171708,-0.9126956024823412,0.9824107769965954,0.907976566340138,0.9191148360527508,-0.9087880912842242,0.9109401740473984
187,0.9109290110710025,-0.9507425396611536,-0.9375424844747747,-0.9268692387647461,-0.8919575637302409,-0.9064472053047317,-0.9283784582116036,0.9743107212584509,0.9242665775594088,0.9324259533912642,-0.9120762174505139,0.9157426978033024
188,0.9231639900279194,-0.9523651561171113,-0.9495167533686751,-0.934074092889981,-0.902863803642217,-0.9143099729662703,-0.9397272496314065,0.9876852318958523,0.938530549268961,0.9395075321202679,-0.9269563816267743,0.9283788463741641
189,0.9261297038211628,-0.9437652889005426,-0.9407001898488846,-0.9351485009612879,-0.911895533569322,-0.9207315001195839,-0.9406175427514084,0.9998353155030679,0.9327792113058881,0.940054123895038,-0.927987404238238,0.9277883721418808
190,0.9272347986946908,-0.9354899449751678,-0.9387305320412717,-0.9370445152047708,-0.9144516835486921,-0.9277295234761875,-0.9449809573835052,0.977701442265114,0.9284166907486714,0.94183054716304,-0.9266219959149482,0.9278474195651092
191,0.9304147655756589,-0.9278636476321737,-0.9415755933189348,-0.9439965674308745,-0.9338443413921746,-0.9362808838249892,-0.9479062062063681,0.9865549915602961,0.9310636133339489,0.945495927299732,-0.9309132792167162,0.9345197783899102
192,0.9309560365341217,-0.8765889676239648,-0.9417944441864475,-0.9542771779955367,-0.9566451992081504,-0.9379303035177358,-0.9412632498494318,1.0083121180197314,0.9306551376263444,0.9450538310113152,-0.925284453067644,0.9375115145001455
193,0.9308432717511087,-0.8741550429400305,-0.9568169930207001,-0.9515595575798782,-0.9569519372056751,-0.9449603544411888,-0.9468593780323004,0.9688478929699346,0.9400500789012497,0.9483494578886044,-0.9270399780547308,0.9443216506458124
194,0.9215514536308327,-0.9054715405399811,-0.9499857195133445,-0.9422690877868124,-0.9458071232956243,-0.9355442497874521,-0.9373205231751384,0.9455837793964271,0.9366025439290672,0.9367343826747444,-0.9217734030934701,0.9391451598761291
195,0.9114251761162601,-0.9324069737088505,-0.933462479016149,-0.9437016318818879,-0.9491471592686667,-0.9247029184089152,-0.9257956298195107,0.950575674211795,0.9312923597302077,0.9281898671367976,-0.9139432043415429,0.9344804134410913
196,0.9121243177709409,-0.9132600995285709,-0.9264279868461034,-0.9202542557374837,-0.919018671511832,-0.921420092806847,-0.9238193747619244,0.9015044063097813,0.9261945828993025,0.9262848340394381,-0.911797562690659,0.9311540752658956
197,0.914932160867966,-0.8705852867369284,-0.9127967042410368,-0.9252049595954669,-0.9159512915365885,-0.9158312823916189,-0.9126466852779457,0.8952880844642277,0.9156722486714084,0.9167435923239696,-0.9126892579221951,0.9301699515454235
198,0.9297607298341833,-0.8246652410333728,-0.9030422084319076,-0.9211601292093702,-0.8981604876801771,-0.912772649757497,-0.9086550413992561,0.8626053014277602,0.9093327056893853,0.9123949724688152,-0.9132744329178908,0.9291267804017231
199,0.964300582871083,-0.8652306524322727,-0.9111553227346934,-0.9154299528290661,-0.862169895970655,-0.9216122582079437,-0.9227138459425813,0.8125921665794523,0.9099045716800318,0.9222497006433428,-0.9203801292941948,0.9402670609174674
200,0.9367521463809929,-0.7842620912800686,-0.9034173813476428,-0.9208651936603837,-0.882005619810562,-0.918537611790397,-0.9077745317201337,0.8757914386759023,0.9055747291794229,0.9080785050710001,-0.9257024352074266,0.9383184959509325
201,0.8716530371475544,-0.8206086998934833,-0.8854247135971484,-0.907087490157742,-0.9168033415297115,-0.8954937774422217,-0.8895577648031743,0.8966066981890406,0.8915395038661296,0.8847277829282577,-0.8987286544534565,0.9169039637934593
202,0.8948600294916418,-0.8504648426830742,-0.8879414985735429,-0.8985343592371414,-0.9161217015352132,-0.9075681701444622,-0.8988716005201156,0.9205301186249558,0.8980424371311947,0.8941323767000335,-0.9101256341315286,0.9218245823958199
203,0.9207282707148373,-0.8465705631887803,-0.8796564300177118,-0.9070032228580317,-0.9288002054328862,-0.918601666924096,-0.8965529250317594,0.9807154164932612,0.8993332203672251,0.8958766475106962,-0.9122155448304414,0.9166087266773176
204,0.9025167582582285,-0.8902189458539953,-0.8930375973456202,-0.9044752038667211,-0.934423735387499,-0.904173248058421,-0.8952321605130755,0.9763828285403011,0.8991534910558794,0.8917450567425825,-0.9004841794405435,0.9146207967619642
205,0.9080422326258683,-0.8751286128136052,-0.9122808414819009,-0.913091535262104,-0.9298567474243581,-0.9078884458129567,-0.9068548882774947,0.9477500733729072,0.9050028631887769,0.8999921620501399,-0.9085373020003547,0.9217458524981823
206,0.8964612894104271,-0.8988188130705617,-0.8923497803334381,-0.9210126614348769,-0.9401835933410116,-0.9103385546769391,-0.8995760082634139,0.9461488995642027,0.8934511701777191,0.8998394378777778,-0.9121598138784706,0.9164315844076327
207,0.911718364552094,-0.8942754869938848,-0.8979304774550075,-0.9220449358563286,-0.9303679774202325,-0.9188739012423162,-0.9090659459161805,0.9165742774505145,0.9000684766409136,0.9113982462912936,-0.9208538423859485,0.9220804545631426
208,0.9256448152542066,-0.8809700320550459,-0.9125153245542356,-0.9155142201287765,-0.9042952476306634,-0.9377701656834885,-0.9289556812234733,0.8723065309746093,0.9097248423686856,0.9286319634252145,-0.9265662649629771,0.9264696463564482
209,0.9243254672929538,-0.8855133581317227,-0.9162670537115926,-0.9286388520586635,-0.9114183855731735,-0.9429426177296738,-0.939198943823933,0.8886950158401553,0.9187603250208989,0.9376909182805916,-0.9306624899328466,0.9275915473977865
210,0.9293547766153363,-0.9035244007928342,-0.9239893628938212,-0.9499795457103087,-0.9270620234469141,-0.9468499808853059,-0.9497846268551633,0.9229789726853249,0.9282042833807168,0.9470874739380325,-0.9417250838990926,0.9318232793958167
211,0.9419506028778949,-0.9095280816798729,-0.9440454816808618,-0.9539190419717679,-0.9185074415159576,-0.9520704742817654,-0.9581005516024323,0.895193897769598,0.9361450511365501,0.9538796805509818,-0.9427839719865417,0.9340670814784928
212,0.9391991421723762,-0.8819436019286204,-0.941356742451422,-0.9538769083219127,-0.9231766754782724,-0.9459692227969463,-0.9467224098599922,0.890578749732749,0.9326648381077591,0.9451020596973243,-0.9334490375313973,0.9272766278072353
213,0.9402478546543978,-0.8882718061068484,-0.9299296007263039,-0.9573950680848198,-0.9459093692947983,-0.9407807569673362,-0.9309808534854549,0.8984904320816343,0.9233679310026787,0.9374095842788719,-0.9328081315837305,0.9242848916970001
214,0.9450403579324527,-0.9027130925648577,-0.9286008633164063,-0.9444389707543537,-0.9450232373019503,-0.9384587583707515,-0.9265978719715999,0.8679739430216467,0.9203778888230133,0.9321928480755535,-0.9294642744654698,0.9207420463033006
215,0.9521107098273714,-0.919426042061203,-0.9327121331846767,-0.9337159568662117,-0.9388884773514641,-0.9420938872081634,-0.928681744878857,0.8274736643309261,0.9187603250208989,0.9326429824783051,-0.9261482828231945,0.9204271267127494
216,0.9461680057625833,-0.942304934090183,-0.9211130372065134,-0.9414896152644915,-0.9586219551921962,-0.936697242194032,-0.9191624569034532,0.864112288541835,0.9113424061708,0.9230454739624929,-0.93057889350489,0.9139319101576335
217,0.946382258850308,-0.9431162423181618,-0.9160638350489025,-0.9356330379346223,-0.9666312251275543,-0.9332542787577168,-0.9151414627021266,0.8719297841960906,0.9091856544346475,0.9186405873069946,-0.9297150637493394,0.9079681204115726
218,0.9465739589814303,-0.9509048013067494,-0.9178459063986475,-0.9106899172203595,-0.9495561432653662,-0.9280337853612574,-0.9141142014098166,0.8418842286092514,0.9039408263490049,0.9140106334501203,-0.9211046316698179,0.8975560914489776
219,0.9440141984070337,-1.0020172196693649,-0.9162983181212372,-0.9119960603658694,-0.9592013491875196,-0.9249591389437106,-0.9115020226950864,0.8619459945653549,0.9014246159901608,0.9098147377673279,-0.925507376875528,0.8925764254233888
220,0.9312605014482569,-1.0242470651159616,-0.9057309476613473,-0.9021157194748313,-0.9511579972524374,-0.9134452286613353,-0.9023545054730898,0.8679739430216467,0.8968333490366852,0.899879628449452,-0.9162839043243254,0.8867700954726034
221,0.9310236954039295,-1.0622162901853316,-0.913750268735199,-0.8871372069513171,-0.9352417033808971,-0.9113474230326967,-0.907794098601892,0.8556354860251717,0.9026663821412786,0.9016560517174541,-0.9145841102892095,0.8853923222639425
222,0.9308094423162048,-1.082823519175973,-0.9178771708082922,-0.8895388249930621,-0.9354121133795219,-0.9123242638216047,-0.9116683411900317,0.8614750610922066,0.9091202983214312,0.903384246299447,-0.9152807471888473,0.8895650068387441
223,0.9252839679485648,-1.0753594834785747,-0.9079976173605835,-0.9025581227983105,-0.9473067312835207,-0.9078243906792578,-0.9048884166607873,0.8892601360079334,0.9055257120945104,0.898585492041541,-0.9156987293286297,0.8885415181694531
224,0.9243931261627617,-1.0781179314537004,-0.9066688799506868,-0.8911609705124862,-0.9284253034359117,-0.9066713982726777,-0.9040568241860604,0.8719297841960906,0.9021108551789363,0.8962303245414295,-0.9086766293802823,0.8849199428781157
225,0.9272686281295947,-1.0565371325894843,-0.9142973959039804,-0.8944684620261172,-0.9271301874463641,-0.9130448840757173,-0.9105530289298097,0.8550703658573936,0.9068655124154539,0.9019856144051831,-0.9093454008039343,0.8919269037678773
226,0.919239775579065,-1.0438807242330286,-0.9046054289141398,-0.9034007957954142,-0.9351735393814472,-0.9077122941952848,-0.9036557031100155,0.8727774644477577,0.9012448866788146,0.8959650667683796,-0.9108780019831372,0.8896831016852008
227,0.9181346807055369,-1.0261942048631085,-0.9039801407212471,-0.9047701394157075,-0.9358892613756704,-0.9074881012273387,-0.9039296394546317,0.8685390631894248,0.8987776934048828,0.8959731048827143,-0.9133858948218327,0.8930488048092156
228,0.9068356494476285,-0.9614518082704648,-0.893741046562625,-0.8989978293855488,-0.9276754994419635,-0.9015469875767667,-0.8987052820251703,0.855258739246653,0.889954618120624,0.8890281740974031,-0.9023790318075579,0.8935015017206326
229,0.9055614073995809,-0.9546368191554496,-0.888816902043593,-0.9082250987038317,-0.9354461953792469,-0.9012747532585464,-0.8990477024559403,0.8658076490451666,0.8912127233000461,0.8880314479198814,-0.9039673639387317,0.8965326027796867
230,0.9155072612613327,-0.9486331382684109,-0.9024325524438368,-0.8993559654093175,-0.9231766754782724,-0.9082247352648758,-0.9090170287117845,0.8496075375688773,0.9008854280561227,0.8970421740892497,-0.9019331841917898,0.9032836915021253
231,0.9104441225040464,-0.939708747760653,-0.8942881737314065,-0.8978391540145315,-0.920927263496428,-0.8983442308918221,-0.9010337409544059,0.860156447367391,0.8976666394801985,0.8908206735940749,-0.8984499996936016,0.896631015151734
232,0.9117972999002031,-0.9461992135844768,-0.8905677089836932,-0.9069821560331041,-0.9349008833836475,-0.8954137085250979,-0.8980400080453886,0.8947229642964496,0.8992025081407915,0.8916968280565737,-0.9020446460957318,0.8969262522678755
233,0.9100381692851994,-0.956259435611405,-0.8928812752973968,-0.8952900681982933,-0.9260395634551664,-0.8933799580301583,-0.8991455368647319,0.872683277753128,0.9005749865183429,0.8911663125104734,-0.8997875425409059,0.8916710316005546
234,0.9090232862380818,-0.9674554891575012,-0.891771388755012,-0.8919825766846624,-0.9139404535528177,-0.8908177526822028,-0.895329994921867,0.8619459945653549,0.8978790468481527,0.890426805991667,-0.8998711389688623,0.8854710521615801
235,0.9141428073868747,-0.9092035583886814,-0.8844711491029871,-0.9051914759142591,-0.9349349653833724,-0.891202083484396,-0.8942538164251616,0.8810658935751591,0.8977646736500238,0.8889719072970591,-0.905360637738007,0.8891319924017365
236,0.9272347986946908,-0.8848643115493419,-0.890974146309074,-0.9113851224429694,-0.9402176753407356,-0.9014188773093689,-0.9017479321385831,0.8637355417633162,0.9037937750942671,0.8981273195244545,-0.9083143781924707,0.8972411718584266
237,0.9410597610920917,-0.8438121152136546,-0.9066219833362194,-0.9080986977542661,-0.9288002054328862,-0.9143420005331198,-0.9099073218317864,0.825307370354446,0.9083687030194384,0.9090752312485217,-0.9161724424203834,0.9015713162285038
238,0.9443299397994703,-0.8386197425545948,-0.9030734728415523,-0.9286177852337358,-0.9364345733712688,-0.92499116651056,-0.9105823792524469,0.8428260955555482,0.910198674189507,0.9140588621361293,-0.9314984542124118,0.9023192502560629
239,0.9445667458437979,-0.8230426245774174,-0.9019166896847001,-0.9383717251752084,-0.9392633793484376,-0.9297152326208532,-0.9081267355917826,0.8545994323842452,0.910362064472549,0.9137212613340656,-0.9335326339593537,0.8982252955788989
240,0.9387819124752279,-0.8673400538250153,-0.9066219833362194,-0.9282807160348941,-0.9219497234881758,-0.9277135096927629,-0.9086452579583773,0.8363272136261055,0.9058034755756817,0.9120171810950773,-0.9265105340110061,0.8962570481379546
241,0.940552319568533,-0.8817813402830247,-0.9129373940844383,-0.9344954293885326,-0.9295159274271094,-0.9309803215114062,-0.9112183029095914,0.8467819367299896,0.9065387318493698,0.9164542202079151,-0.9266777268669193,0.9008036997265356
242,0.9383308533431757,-0.8507893659742657,-0.9096389988669278,-0.9445443048789917,-0.934321489388324,-0.9330460995731954,-0.913243475171573,0.890578749732749,0.9137115652749063,0.9197096565135296,-0.9270121125787453,0.9056455884312585
243,0.937530223383783,-0.8613363729379789,-0.9186118844349417,-0.9314828734238876,-0.9039544276334147,-0.9385548410712998,-0.9276838339091847,0.8684448764947951,0.9269461782012948,0.9312363124697062,-0.9293249470855424,0.9101725575454301
244,0.9382293650384639,-0.8683136236985899,-0.9186275166397636,-0.9290391217322874,-0.8945818777090601,-0.9427824798954265,-0.9395902814590985,0.8593087671157266,0.9317498525227249,0.9388644829734799,-0.9353717553743972,0.9213522030099933
245,0.9342374917198016,-0.8509516276198614,-0.9062780748301279,-0.9390669303978189,-0.915440061540715,-0.943278907181593,-0.9355595038168929,0.9032939535077427,0.9272729587673787,0.9370237547907989,-0.9440379184058896,0.9255445700592047
246,0.9273250105211012,-0.8512761509110507,-0.8957576009847046,-0.9307666013763495,-0.9207568534978031,-0.9423180801761096,-0.9280947384261086,0.9388023373830955,0.9205249400777507,0.9289213355412691,-0.9437035326940634,0.9155655555336173
247,0.916071085176398,-0.8975207199057977,-0.8865971289588234,-0.90536001051368,-0.9023866556460675,-0.9316529004152445,-0.9191624569034532,0.9242975864101404,0.9110809817179328,0.9167034017522955,-0.9231388114167599,0.9063541575099984
248,0.9063845903155763,-0.9145581926933347,-0.8784840146560369,-0.9111955210186216,-0.918166621518709,-0.9212279274057503,-0.905074302037491,0.9303255348664347,0.9044309971981304,0.9038022282448592,-0.9232224078447163,0.9093852585690525
249,0.8927062221360923,-0.8996301212985405,-0.8735442379321828,-0.9148400817310937,-0.9261418094543412,-0.9093617138880311,-0.8927863002932906,0.919494064984032,0.9001828498390425,0.8889799454113939,-0.9171477340798762,0.9078500255651158
250,0.8836173806252398,-0.865068390786677,-0.8786090722946155,-0.8951004667739448,-0.9041248376320395,-0.8997854714000472,-0.8857226559785512,0.8782402927362714,0.8975686053103733,0.8808936023905336,-0.9025183591874855,0.902693217269842
251,0.8920409099163153,-0.8043825353339229,-0.8878008087301422,-0.9047912062406351,-0.9146220935473169,-0.9058707091014416,-0.8874934587776755,0.8907671231220083,0.902372279631803,0.8850091169299775,-0.9083979746204272,0.9152900008918851
252,0.8960778891481829,-0.761220937605493,-0.8853621847778599,-0.9305769999520016,-0.9241991354700203,-0.9085450109333703,-0.8859281082370131,0.893310163877007,0.9035650286980087,0.8871713696860524,-0.9208259769099629,0.921155378265899
253,0.9149659903028701,-0.7527833320345224,-0.9009474929857159,-0.9263425681415565,-0.9046360676279129,-0.9188899150257409,-0.9000749637482502,0.8523389517131355,0.9149043143411119,0.8986096063845456,-0.9352324279944695,0.9332404175532963
254,0.9245622733372814,-0.7857224460904305,-0.9039488763116024,-0.9277540454117045,-0.896490469693656,-0.9211958998389008,-0.9052406205324363,0.8380225741294398,0.9220281306817356,0.904364896248299,-0.9297986601772958,0.9366454856261299
255,0.9157440673056602,-0.8355367712882776,-0.9012757692869846,-0.9350221000117223,-0.9087259075949045,-0.918361460172725,-0.901170709126714,0.8612866877029473,0.920721008417401,0.9064306916323558,-0.9083701091444416,0.9287134484391247
256,0.9157102378707561,-0.9264032928218141,-0.9085603767341877,-0.9377607872523084,-0.9116910415709731,-0.9242865600398722,-0.9093594491425544,0.8766391189275694,0.9287761493713633,0.9144768440815417,-0.9100420377035722,0.9230842607580243
257,0.930268171357742,-0.9375993463679104,-0.9350882283176706,-0.9437437655317432,-0.9210295094956028,-0.9416935426225455,-0.932526637144359,0.8895426960918225,0.947467997751349,0.9326027919066309,-0.9269285161507888,0.9306620134056596
258,0.9347223802867578,-0.9163430707948881,-0.9365420233661468,-0.9529289012001709,-0.937150295365493,-0.9434710725826896,-0.9302177450968823,0.9503873008225356,0.9470922001003529,0.9340898430585785,-0.9326966696797885,0.9337324794135325
259,0.9436984570145972,-0.8679891004073984,-0.9432013426204563,-0.9579006718830817,-0.9346282273858478,-0.9507093026906641,-0.940079453503056,0.9580164230875319,0.9497881397705431,0.9422967577944614,-0.9435363398381503,0.9428848300139231
260,0.95892170272136,-0.828397258882073,-0.9615535510818641,-0.9525707651764022,-0.9176894735225596,-0.9596129662748096,-0.9563590991259459,0.9317383352858772,0.9554251045354861,0.9578022803463891,-0.9497782064589038,0.9512498816379362
261,0.9701305221528581,-0.8446234234416312,-0.9665714888298294,-0.9582166742569953,-0.9216770674903761,-0.9681002714899125,-0.9647924251637647,0.9438884188930929,0.9615849182061634,0.9673274458331879,-0.9565495171233818,0.9566231971517138
262,0.9510507208670487,-0.8809700320550459,-0.9512362958991307,-0.9439965674308745,-0.9130884035596947,-0.9548408588142424,-0.9553318378336358,0.969318826443083,0.950065903251714,0.953284860090203,-0.945821308868962,0.9423140382560492
263,0.9376542646450973,-0.9203996119347777,-0.949235373681873,-0.955140917817568,-0.9294136814279346,-0.9382185516193807,-0.9460473524393317,0.9939015537414033,0.9574674830735093,0.94075343984217,-0.9432576850782954,0.9385940505926648
264,0.9346998273301552,-0.8991433363617531,-0.9494698567542077,-0.9456187129502985,-0.9247444474656197,-0.9357364151885487,-0.942466613077566,0.950575674211795,0.955294392309053,0.9370960978198126,-0.9379911101170347,0.9318429618702261
265,0.9234346255071507,-0.8678268387618027,-0.9375268522699528,-0.9324940810204116,-0.9188141795134823,-0.9351759327686834,-0.9335930322001856,0.9356941764603186,0.9424519160619648,0.9287043064542282,-0.9306903554088322,0.9286347185414868
266,0.9148306725632543,-0.8636080359763173,-0.9245521222674244,-0.9379925223265121,-0.9358551793759454,-0.9302597012572937,-0.9250325214309375,0.9379546571314309,0.9358182705704665,0.9212208220084817,-0.9344800601428609,0.9282017041044792
267,0.9028099466940624,-0.8829171718021928,-0.9157511909524567,-0.9248046899218423,-0.9328218814004268,-0.9195624939295792,-0.9156208513052047,0.9182696379538461,0.9290212347959262,0.9090511169055172,-0.937127280361484,0.9241471143761342
268,0.901952934343163,-0.9165053324404839,-0.9199406218448392,-0.9097208432736902,-0.9093393835899528,-0.9173365780335428,-0.9150729786159728,0.8680681297162763,0.9276650954466791,0.9080142001563215,-0.9354553518023536,0.9210963308426706
269,0.9004757156856921,-0.930946618898491,-0.9116555532890073,-0.916609695025011,-0.9159172095368635,-0.9165038612954572,-0.9084495891407942,0.8969834449675593,0.926521363465386,0.9036977327585063,-0.9294085435134988,0.9207420463033006
270,0.9026182465629402,-0.9491199232051982,-0.9096233666621059,-0.9195801173398008,-0.9203478695011036,-0.9170163023650484,-0.9073831940849683,0.8987729921655233,0.9267991269465574,0.9050963646527704,-0.9274300947185279,0.9189312586576319
271,0.9080647855824708,-0.9585310986497434,-0.9225980966646342,-0.9116168575171731,-0.9115887955717983,-0.9231655952001417,-0.9153273480788301,0.8703286103873861,0.9339229432871812,0.9107230446871661,-0.9289348304217452,0.9195020504155058
272,0.9055839603561836,-0.9546368191554496,-0.9214882101222486,-0.9110480532441283,-0.9115887955717983,-0.9239822981548026,-0.9127738700093744,0.8735309580047925,0.929723813013006,0.9091073837058612,-0.9269285161507888,0.9141484173761374
273,0.9073543674494886,-0.9453879053565002,-0.9164390079646387,-0.9264057686163394,-0.9263122194529659,-0.9248150148928882,-0.9075005953755181,0.9085684084069995,0.9249691557764889,0.910023728740034,-0.9286561756618901,0.9174747555513332
274,0.9078167030598422,-0.9484708766228152,-0.9240206273034658,-0.9174313011971871,-0.9158831275371385,-0.9284341299468754,-0.9142218192594875,0.8983962453870046,0.9289395396544052,0.9138498711634232,-0.927987404238238,0.9179274524627505
275,0.9036895120015642,-0.9476595683948387,-0.9220666017006747,-0.9080986977542661,-0.907294463606457,-0.9261761864839895,-0.9131260738810237,0.8740960781725706,0.9276487564183749,0.9131264408732868,-0.9277923459063395,0.9131052462324369
276,0.8986827556357844,-0.9382483929502935,-0.9120307262047435,-0.9159776902771839,-0.9264826294515908,-0.9196425628467028,-0.9047318816067209,0.9066846745144085,0.9196753106059332,0.9055223847125176,-0.9311919339765712,0.9092474812481863
277,0.9035880236968525,-0.9582065753585519,-0.9184711945915403,-0.920127854787918,-0.9221542154865255,-0.9218844925261639,-0.9105334620480514,0.9032939535077427,0.9252959363425725,0.9106908922298269,-0.9354832172783392,0.911629060651729
278,0.9224648483732384,-0.9963380620735176,-0.9371673115590395,-0.9207177258858904,-0.9114865495726234,-0.932085272567712,-0.926646789175996,0.8832321875516418,0.9399030276465123,0.9254006414626044,-0.9429790303184402,0.9182423720533014
279,0.9225776131562514,-1.025869681571917,-0.9264905156653928,-0.935380236035491,-0.9177917195217344,-0.9270889721391987,-0.9183504313104845,0.913371929833108,0.933547145636185,0.9225953395597413,-0.9403875410517883,0.9130855637580275
280,0.9153944964783196,-1.027654559673468,-0.9213162558692033,-0.9329154175189638,-0.9124408455649213,-0.9224449749460293,-0.9156599850687213,0.9199649984571777,0.9314230719566409,0.921043983493115,-0.9434248779342084,0.912081757563146
281,0.9101622105465138,-1.0034775744797244,-0.9266937343280828,-0.9163990267757355,-0.8904920377420686,-0.9201069625660198,-0.9187809027091667,0.9043300071486665,0.9311289694471657,0.9221773576143291,-0.9430347612704113,0.9147585740828301
282,0.9060124665316331,-1.022624448660004,-0.921238094845092,-0.919221981316032,-0.888344871759398,-0.913349145960787,-0.9138696153878381,0.9254278267456939,0.9274526880787245,0.9202080196022905,-0.9398859624840491,0.9115700132285006
283,0.9078505324947461,-1.0310620542309767,-0.9197999320014377,-0.9246150884974944,-0.8952294357038334,-0.9122441949044812,-0.9115607233403613,0.964797865100861,0.9276650954466791,0.9183190627336004,-0.9351766970424986,0.9139712751064525
284,0.9177061745300874,-1.009968040303548,-0.9292417837141209,-0.9208441268354561,-0.8884811997582979,-0.9240303395050767,-0.9205419220674121,0.9482210068460556,0.9328772454757133,0.9248942402595087,-0.9360683922740348,0.9184785617462149
285,0.9209763532374661,-1.0141868430890333,-0.9361043216311213,-0.9202753225624113,-0.8931504337206126,-0.9295390810031812,-0.9277914517588551,0.9550024488593847,0.9397723154200788,0.9293795080583557,-0.9406104648596721,0.9248753659292834
286,0.9103877401125399,-1.0016926963781732,-0.9243332713999117,-0.9190955803664663,-0.8988421276746754,-0.9199147971649231,-0.9142903033456413,0.9842003241945567,0.9288741835411884,0.9194122462831401,-0.9321672256360639,0.9218836298190483
287,0.906407143272179,-1.0068850690372309,-0.9241613171468664,-0.916925697398925,-0.8943433037109854,-0.9197706731141005,-0.9138402650652009,0.9679060260236378,0.9269461782012948,0.9180939955322246,-0.9302723732690495,0.9223166442560559
288,0.9058771487920175,-0.9867646249833767,-0.9276785632318888,-0.9038431991188934,-0.8819374558111122,-0.9181853085550531,-0.9137228637746512,0.9290069211416192,0.9245606800688844,0.9162050386635346,-0.9330310553916147,0.9187737988623563
289,0.9017499577337397,-0.9778402344756187,-0.9196592421580371,-0.9146294134818181,-0.8886516097569227,-0.9129488013751689,-0.9060232958027677,0.9433232987253175,0.9184989005680322,0.9092681459925581,-0.9284611173299915,0.9146404792363737
290,0.9005433745554998,-0.9681045357398843,-0.916907974109308,-0.9170310315235631,-0.8903557097431688,-0.9132050219099644,-0.9061406970933175,0.9509524209903137,0.917142761218785,0.9088099734754717,-0.9253123185436295,0.9130461988092086
291,0.9040278063506034,-0.9758930947284719,-0.9237548798214856,-0.9048122730655628,-0.8750528918666768,-0.9124043327387283,-0.910572595811568,0.928159240889952,0.9197896838040626,0.910996340574551,-0.9217455376174846,0.9117077905493666
292,0.902167187430888,-1.002990789542937,-0.9200344150737733,-0.9101000461223872,-0.8825850138058854,-0.9080165560803545,-0.9068451048366153,0.9415337515273535,0.9184989005680322,0.9084562964447382,-0.9198228197744847,0.9136366730414919
293,0.8860643764166233,-1.0054247142268713,-0.9019792185039894,-0.9063290844603488,-0.8869815917704015,-0.8912341110512455,-0.8875032422185544,0.9480326334567962,0.9024703138016282,0.891134160053134,-0.9112123876949634,0.9038741657344086
294,0.8879588247712427,-1.0096435170123566,-0.9082008360232743,-0.8973124833913413,-0.8745075798710783,-0.8910259318667241,-0.8970127467530792,0.915255663725699,0.910002605849857,0.8940841480140244,-0.9152528817128618,0.904563052338739
295,0.8822867561856857,-0.9995832949854306,-0.9019635862991666,-0.8935836553791588,-0.8740304318749289,-0.8862538244061569,-0.8938918291126333,0.9080974749338512,0.9067184611607161,0.8899043285599019,-0.9173149269357892,0.903086866758031
296,0.8736828032417895,-0.9823835605522956,-0.8915369056826773,-0.8977759535397487,-0.8877654777640747,-0.8800244626539399,-0.8849008469447031,0.9088509684908885,0.9000357985843053,0.883088007603948,-0.919349106682731,0.8965326027796867
297,0.8684956232231887,-0.9520406328259197,-0.8905677089836932,-0.8894545576933517,-0.8852434097844304,-0.8778786156750271,-0.885585687806243,0.889071762618674,0.9005749865183429,0.8817215281670232,-0.9167854828920646,0.8921237285119716
298,0.8732430205880386,-0.904984755603196,-0.8973833502862261,-0.8822707703930445,-0.8755300398628262,-0.8854851628017703,-0.8939603131987871,0.8604390074512801,0.9033689603583583,0.8882806294642619,-0.9148070340970936,0.8912380171635467
299,0.8839105690610739,-0.8869737129420845,-0.9018854252750554,-0.901968251700338,-0.9088963175935292,-0.8980559827901772,-0.8997423267583592,0.8881298956723799,0.9095941301422524,0.8954827799082885,-0.9132187019659197,0.897969423411576
300,0.8954689593199123,-0.8984942897793724,-0.9117962431324088,-0.9153667523542839,-0.91540597954099,-0.9067034258395272,-0.9090072452709056,0.8993381123332987,0.9199530740871046,0.9033601319564425,-0.9203243983422237,0.9053306688407075
301,0.9149096079113634,-0.9158562858581009,-0.9359636317877207,-0.9134496712858733,-0.9039544276334147,-0.91576722725792,-0.9270283433702825,0.8999974191957065,0.9395925861087325,0.9192836364537826,-0.9289905613737163,0.9135776256182635
302,0.9309222070992177,-0.9377616080135062,-0.9355728266671627,-0.9387930616737605,-0.9103277615819757,-0.928626295347972,-0.9379564468322823,0.989380592399184,0.9421741525807938,0.9303681961215422,-0.9404990029557302,0.92534774531511
303,0.9370002289036216,-0.9470105218124556,-0.9392620270052303,-0.9399517370447779,-0.9067832336105836,-0.9372096832636232,-0.9424274793140494,0.9709200002517849,0.9433505626186949,0.9379159854819674,-0.939217191060397,0.927079803063141
304,0.9413867789628295,-0.9137468844653582,-0.9379801862098003,-0.944101901555512,-0.9142812735500673,-0.9447681890400921,-0.9450690083514173,0.9798677362415967,0.9406709619768088,0.9421279573934296,-0.9381025720209767,0.9314493123820372
305,0.9437322864495011,-0.8629589893939343,-0.936416965727568,-0.9607868268981611,-0.9372866233643928,-0.9496043516343583,-0.9420165747971255,1.0260192166100928,0.9380240393915312,0.9447323064379213,-0.9435920707901214,0.9378264340906965
306,0.9517949684349348,-0.8261255958437347,-0.952299285827048,-0.9582588079068505,-0.9250511854631444,-0.9582998360339824,-0.9527685763233011,1.002284169563437,0.9467000634210526,0.9568296685118722,-0.9466851386245126,0.9459552960217961
307,0.9450290814541513,-0.8418649754665077,-0.9535498622128343,-0.9508854191821953,-0.9203137875013796,-0.9549049139479413,-0.9534925509483572,0.9748758414262263,0.9476150490060868,0.9538957567796515,-0.9444280350696866,0.9472346568584098
308,0.9313056073614622,-0.8688004086353772,-0.9350256994983812,-0.9541507770459711,-0.9342874073885992,-0.942526259360631,-0.9371737715619508,0.9959736610232537,0.9375502075707098,0.9382696625127009,-0.9416693529471215,0.9375508794489643
309,0.9295013708332532,-0.8984942897793724,-0.9330091450763016,-0.9450077750273985,-0.928050401438937,-0.9397879023950035,-0.934815962310078,0.9911701395971453,0.9380403784198353,0.9350865692360999,-0.9378517827371072,0.9337127969391231
310,0.9337074972396402,-0.9027130925648577,-0.9350569639080258,-0.9263847017914117,-0.8988762096744004,-0.939179378624864,-0.9333875799417237,0.9286301743631005,0.9334981285512725,0.9361717146713048,-0.9278480768583104,0.9292645577225891
311,0.9366844875111849,-0.858740186608449,-0.9228325797369689,-0.9262161671919908,-0.8976833396840277,-0.9365210905763601,-0.9257858463786313,0.9023520865614458,0.9284330297769755,0.9287927257119114,-0.9298822566052524,0.9324531185769186
312,0.932004749016143,-0.7948090982437842,-0.9089511818547457,-0.9233300121769115,-0.8945137137096102,-0.9275373580750909,-0.9134195771073977,0.8936869106555257,0.9193648690681538,0.9164944107795892,-0.9291856197056149,0.9309375680473917
313,0.9338879208924612,-0.7771225788738619,-0.9028233575643949,-0.9073613588818004,-0.8698724279084884,-0.9215001617239706,-0.9096627358098078,0.8401888681059199,0.9110646426896286,0.9102648721700796,-0.9305231625529191,0.9299337618525102
314,0.9233218607241377,-0.7464551278562944,-0.8921309294659253,-0.8976495525901831,-0.8655440139434223,-0.9115876297840676,-0.8970714473983541,0.8339725462603662,0.8996109838483964,0.8982961199254863,-0.927931673286267,0.9234582277718035
315,0.9063056549674671,-0.7076745945589457,-0.8815791912108574,-0.908372566478325,-0.8911736777365669,-0.9055824609997967,-0.8835115983398654,0.8738135180886816,0.8895951594979321,0.887291941401075,-0.9251451256877162,0.9225725164233789
316,0.9070611790136547,-0.7641416472262145,-0.8914587446585661,-0.9031479938962829,-0.8946841237082349,-0.9115556022172181,-0.8911818159891116,0.8793705330718274,0.8994639325936586,0.8928864689781315,-0.9182066221673253,0.920801093726529
317,0.9143457839962982,-0.8162276354624022,-0.904980601829875,-0.8990820966852586,-0.8987739636752254,-0.9175767847849137,-0.900740237728032,0.8829496274677527,0.9136462091616899,0.9024357488079348,-0.9155036709967311,0.9246588587107797
318,0.9045465243524635,-0.8358612945794691,-0.8915056412730327,-0.9114693897426799,-0.9199729675041299,-0.9111712714150246,-0.8890783762000962,0.9085684084069995,0.9042185898301758,0.8936018611539333,-0.909819113895688,0.9176715802954275
319,0.9051667306590353,-0.8227181012862259,-0.886347013681666,-0.9101421797722423,-0.9115887955717983,-0.9128367048911958,-0.8882663506071276,0.8879415222831205,0.8979117249047611,0.894534282416776,-0.9078685305767026,0.9161953947147196
320,0.9188450988385192,-0.8204464382478875,-0.888816902043593,-0.9168835637490699,-0.9045679036284631,-0.9276974959093381,-0.9118053093623398,0.9066846745144085,0.9040715385754384,0.9170410025543592,-0.9224421745171222,0.9195807803131437
321,0.9176046862253756,-0.7991901626748652,-0.8862063238382654,-0.9254366946696699,-0.9232107574779974,-0.9292188053346867,-0.9157773863592705,0.9781723757382624,0.9049048290189518,0.9194443987404796,-0.9211882280977746,0.9133020709765314
322,0.9163642736122319,-0.9324069737088505,-0.8923810447430828,-0.9048965403652726,-0.9048064776265378,-0.9334464441588135,-0.9322624842406222,0.942287245084391,0.9154108242185416,0.9261321098670757,-0.9233338697486585,0.9055274935848018
323,0.8970476662820952,-0.9831948687802744,-0.888019659597654,-0.902579189623238,-0.9025911476444173,-0.924879070026587,-0.9298851081069911,0.9345639361247651,0.9125678332936136,0.9187531209076824,-0.9175099852676877,0.8989535471320481
324,0.9057531075307031,-0.9147204543389305,-0.883986550753495,-0.9171574324731288,-0.9129861575605197,-0.9262402416176885,-0.9280849549852297,0.9528361548829047,0.908499415245872,0.9181904529042428,-0.9228601566569048,0.9029884543859836
325,0.9260845979079576,-0.8564685235701106,-0.9187525742783423,-0.9317988757978012,-0.9266189574504906,-0.9241904773393239,-0.9354421025263431,0.946054712869573,0.9258841413615231,0.9313488460703941,-0.9251451256877162,0.9254264752127478
326,0.9514228446509917,-0.8496535344550954,-0.9314771890037132,-0.9517070253543708,-0.9267893674491154,-0.9475385735725691,-0.9524065890107729,0.9348464962086541,0.9338739262022686,0.9540886715236879,-0.9406104648596721,0.9339686691064458
327,0.9392329716072801,-0.8655551757234642,-0.9312739703410233,-0.9519598272535021,-0.927266515445264,-0.9492040070487402,-0.9482779769597752,0.9067788612090382,0.9268644830597738,0.9480600857725496,-0.9343964637149045,0.9334372422973909
328,0.9432361214042436,-0.8423517604032928,-0.9359636317877207,-0.9388141284986876,-0.8989102916741253,-0.9546807209799952,-0.9514575952454961,0.8902961896488599,0.9282533004656294,0.9519907236822918,-0.9276808840023973,0.9358581866497523
329,0.9282947876550135,-0.8864869280052973,-0.9299452329311257,-0.9404362740181123,-0.9056926096193858,-0.9447521752566673,-0.9474366010441694,0.8931217904877476,0.9254593266256144,0.9468865210796613,-0.9282103280461221,0.9282017041044792
330,0.9252050326004557,-0.9051470172487919,-0.9206128066521985,-0.9453448442262397,-0.9158831275371385,-0.9382826067530795,-0.9415763199575641,0.9355999897656889,0.9179270345773857,0.9410026213865504,-0.9253959149715859,0.924895048403693
331,0.9362898107706393,-0.9075809419327238,-0.929726382063613,-0.944712839478412,-0.9192913275096317,-0.9451845474091348,-0.9424959634002037,0.9047067539271852,0.9214562646910891,0.9426504348251947,-0.9381861684489332,0.919954747326923
332,0.9362221519008315,-0.9565839589025965,-0.9111396905298705,-0.9317146084980913,-0.9388884773514641,-0.937802193250338,-0.9351485992999691,0.9300429747825456,0.9127802406615677,0.9333342603111023,-0.9296314673213828,0.9079287554627538
333,0.9217882596751601,-0.9105016515534452,-0.9045429000948504,-0.9179579718203768,-0.9248466934647945,-0.9272010686231718,-0.9267250567030291,0.9125242495814408,0.9084667371892636,0.9227400256177685,-0.9184016804992238,0.9041890853249598
334,0.9279903227408782,-0.8634457743307216,-0.9038238186730237,-0.9289127207827218,-0.9237219874738718,-0.9327098101212763,-0.9350214145685399,0.9140312366955158,0.9167996416243972,0.9327233636216538,-0.9226093673730353,0.9129871513859805
335,0.922600166112854,-0.8702607634457368,-0.9061061205770826,-0.932178078646498,-0.9170419155277862,-0.9339428714449799,-0.9375846760788751,0.9202475585410668,0.9180904248604277,0.934113957401583,-0.9246714125959627,0.9147192091340113
336,0.9259605566466432,-0.8850265731949354,-0.9180491250613375,-0.9276065776372118,-0.909168973591328,-0.9406686604833632,-0.9457538492129572,0.9059311809573711,0.9261128877577814,0.940150581267056,-0.932055763732122,0.9203680792895214
337,0.9172100094848299,-0.8642570825587004,-0.9044647390707392,-0.9271009738389498,-0.9160535375357634,-0.9323895344527818,-0.9320276816595232,0.9202475585410668,0.9136298701333857,0.9262124910104242,-0.9281824625701366,0.9151915885198381
338,0.9128347359039233,-0.8400800973649544,-0.8955543823220146,-0.9327258160946154,-0.9287320414334362,-0.9303717977412668,-0.9228508141148895,0.9307022816449508,0.9073393442362747,0.9184155201056187,-0.935037369662571,0.9178487225651126
339,0.9139060013425473,-0.8514384125566464,-0.903104737251197,-0.9214761315832838,-0.9165647675316368,-0.9304358528749657,-0.9300122928384204,0.9144079834740344,0.9083033469062216,0.9240502382543494,-0.9376288589292231,0.9258594896497557
340,0.9159808733499876,-0.8686381469897815,-0.9055589934083011,-0.9189902462418283,-0.9096461215874774,-0.9325336585036043,-0.9317243949922698,0.9115823826351467,0.9143814654353779,0.928069295421775,-0.9336162303873103,0.9269617082166842
341,0.9197923230158289,-0.8295330904012411,-0.9031672660704864,-0.9297975274296807,-0.9278459094405882,-0.9377061105497896,-0.925472776270499,0.921660358960512,0.9171754392753934,0.9280773335361099,-0.9333654411034407,0.9306029659824311
342,0.923479731420356,-0.8595514948364278,-0.9039645085164243,-0.9237934823253183,-0.9165647675316368,-0.9331581960571685,-0.9210408775522485,0.8879415222831205,0.9115384745104499,0.9255614037493014,-0.924197699504209,0.9308588381497539
343,0.9283962759597252,-0.8379706959722117,-0.9015571489737867,-0.9247836230969146,-0.9175531455236597,-0.9248150148928882,-0.9121868635566259,0.9170452109236629,0.9059668658587238,0.9170892312403683,-0.9175935816956443,0.9275128175001486
344,0.9195780699281042,-0.8353745096426841,-0.8878946019590762,-0.9313143388244668,-0.930811043416656,-0.9151747172712053,-0.8981965430994551,0.9695071998323423,0.8972254857159856,0.903874571273873,-0.903493650846978,0.9229268009627486
345,0.9100607222418019,-0.834725463060301,-0.8910210429235406,-0.9201067879629904,-0.9350031293828224,-0.9123242638216047,-0.8962594218053854,0.9535896484399421,0.8970620954329436,0.8976611088930331,-0.9015709330039781,0.9218245823958199
346,0.887823507031627,-0.7857224460904305,-0.8876913832963854,-0.9076984280806422,-0.9352076213811721,-0.8995772922155258,-0.8868966688840482,0.9230731593799546,0.8920296747152551,0.887838533175845,-0.8980598830298044,0.9186557040158998
347,0.8872709595948629,-0.7816659049505387,-0.889301500393085,-0.9176841030963184,-0.9318335034084039,-0.9023636905314275,-0.8883446181341608,0.9191173182055132,0.8935492043475444,0.8893336224421273,-0.9021561079996737,0.921962359716686
348,0.8797833780027959,-0.8097371696385784,-0.8919902396225248,-0.9079512299797728,-0.911929615569047,-0.8983282171083975,-0.8917688224418601,0.8717414108068312,0.8952811413477877,0.8885217728943074,-0.9059736782096882,0.9235566401438509
349,0.8852299170223266,-0.8658796990146558,-0.8921778260803929,-0.9044752038667211,-0.9044656576292882,-0.8954937774422217,-0.8955060968576917,0.8620401812599846,0.8968496880649894,0.8930954599508376,-0.909428997231891,0.9253083803662914
350,0.9000472095102424,-0.8292085671100496,-0.8957576009847046,-0.9085200342528177,-0.9132588135583194,-0.900313926253063,-0.8924830136260372,0.9095102753532938,0.8998070521880465,0.8970019835175753,-0.9089274186641517,0.9311934402147144
351,0.9178527687480044,-0.8232048862230132,-0.9110771617105812,-0.9080354972794833,-0.9098165315861022,-0.9118918916691372,-0.909887754950028,0.9042358204540368,0.9097248423686856,0.9128852974432412,-0.9090667460440794,0.9286544010158964
352,0.9265469335183111,-0.8331028466043456,-0.9169705029285974,-0.9100789792974595,-0.911929615569047,-0.9221086854941101,-0.9222540242212615,0.893027603793118,0.9240378311631504,0.9246691730581329,-0.9160331150404559,0.927434087602511
353,0.9217995361534613,-0.8564685235701106,-0.9085134801197202,-0.9197697187641493,-0.9306065514183072,-0.9264644345856345,-0.9168926986194925,0.9315499618966179,0.9211294841250056,0.9216548801825636,-0.9133022983938763,0.9217064875493634
354,0.9222957011987187,-0.8702607634457368,-0.9251148816410278,-0.9280068473108358,-0.9369117213674183,-0.9341350368460766,-0.9239367760524737,0.9353174296818025,0.9290539128525347,0.9296126133740664,-0.9197113578705427,0.9321578814607769
355,0.9227580368090723,-0.8748040895224136,-0.945499276729338,-0.9162726258261699,-0.9235515774752471,-0.935496208437178,-0.9315776433790828,0.9140312366955158,0.9370110196366718,0.9363405150723368,-0.9219405959493832,0.9372556423328227
356,0.9188112694036153,-0.8590647098996406,-0.9347599520164018,-0.9373183839288292,-0.9346282273858478,-0.9304678804418152,-0.9296111717623755,0.9683769594967861,0.9284493688052797,0.9341863004305966,-0.9270957090067017,0.9383972258485704
357,0.9192059461441611,-0.8412159288841248,-0.9313833957747801,-0.9481888655914638,-0.9520782112450105,-0.9318770933831907,-0.9302764457421572,0.9954085408554783,0.9235149822574165,0.9336557848844965,-0.9342014053830059,0.9421565784607738
358,0.9357936457253818,-0.8473818714167569,-0.9534248045742556,-0.9488208703392914,-0.9478520432791192,-0.9497484756851807,-0.9469082952366958,0.9889096589260356,0.9370600367215843,0.9512672933921553,-0.9399695589120056,0.9513089290611643
359,0.9422550677920302,-0.8725324264840753,-0.960678147611814,-0.9506115504581364,-0.9387862313522892,-0.9524708188673836,-0.9571809081597934,0.9929596867951092,0.9411774718542385,0.9610577166520039,-0.9388549398725855,0.9511121043170699
360,0.9374851174705777,-0.870098501800141,-0.9484068668262896,-0.9598598866013469,-0.9514647352499621,-0.9510295783591586,-0.9497063593281301,1.0365681264086066,0.934102672598527,0.9560499714213916,-0.9350095041865855,0.9472937042816382
361,0.9490660606860187,-0.8978452431969893,-0.9585052711415111,-0.9538137078471298,-0.9348668013839225,-0.956073920137946,-0.9659175208648656,1.0324239118449032,0.9408180132315466,0.9669416163451148,-0.9380747065449913,0.9503051228662828
362,0.9355455632027532,-0.9088790350974898,-0.9410284661501533,-0.9524022305769813,-0.9326855534015269,-0.9402843296811698,-0.9501857479312077,1.0187668411236153,0.9355895241742077,0.9483333816599346,-0.9358176029901651,0.9383972258485704
363,0.9365266168149667,-0.9100148666166579,-0.9457806564161392,-0.9490736722384228,-0.9322084054053784,-0.937962331084585,-0.9488160662081283,1.0103842253015816,0.9373051221461469,0.9479475521718618,-0.9343407327629334,0.9391451598761291
364,0.9383195768648744,-0.9251051996570503,-0.9513457213328866,-0.935885839833753,-0.9148265855456658,-0.937337793531021,-0.953609952238907,0.9930538734897388,0.9429747649676987,0.9494828320098183,-0.9354274863263681,0.9399718238013257
365,0.9117521939869979,-0.9023885692736662,-0.9361043216311213,-0.9249310908714079,-0.9223927894845994,-0.9104186235940628,-0.9318711466054568,0.9671525324666004,0.9317498525227249,0.9254569082629482,-0.9283217899500641,0.928595353592668
366,0.895344918058598,-0.8874604978788696,-0.9292105193044772,-0.9035903972197626,-0.8988421276746754,-0.8964706182311297,-0.9185656670098259,0.919494064984032,0.9175348978980853,0.9152565411720222,-0.9154479400447603,0.9182817370021202
367,0.8926498397445859,-0.9187769954788223,-0.9268344241714833,-0.9072560247571624,-0.9062379216149842,-0.8977677346885321,-0.9162665584032275,0.9291011078362489,0.915802960897842,0.914621530139569,-0.9171755995558617,0.9172582483328293
368,0.8910034739125952,-0.9259165078850268,-0.9195341845194583,-0.9136603395351488,-0.9098165315861022,-0.9006982570552564,-0.9126564687188251,0.9517059145473485,0.9103947425291573,0.9155378751737421,-0.9119926210225576,0.9147192091340113
369,0.8925145220049703,-0.9119620063638071,-0.9182992403384949,-0.9091309721757177,-0.8896399877489456,-0.89847234115922,-0.9170296667918006,0.9504814875171653,0.9075027345193167,0.9174348701567668,-0.9051934448820941,0.9128296915907048
370,0.8946796058388209,-0.8978452431969893,-0.9105925633610892,-0.9249732245212632,-0.9148265855456658,-0.9005861605712834,-0.9104845448436559,0.9686595195806752,0.905460355981294,0.9135363847043642,-0.9126056614942385,0.9162544421379479
371,0.8873611714212735,-0.9061205871223641,-0.9036674966248003,-0.9087096356771661,-0.9017731796510191,-0.8924511585915244,-0.9040763910678187,0.934281376040876,0.9006403426315597,0.9050802884241007,-0.911741831738688,0.9131839761300748
372,0.8922326100474375,-0.8988188130705617,-0.916704755446618,-0.900957044103814,-0.9024548196455174,-0.899737430049773,-0.9135467618388264,0.8915206166790431,0.9157539438129294,0.9100960717690477,-0.920993169765876,0.9198366524804664
373,0.8880715895542557,-0.9401955326974404,-0.9094045157945931,-0.9072349579322347,-0.9115206315723483,-0.8930756961450885,-0.9032741489157289,0.9028230200345942,0.9122083746709216,0.9024357488079348,-0.9139710698175284,0.9121014400375556
374,0.8945217351426027,-0.9617763315616541,-0.9120463584095654,-0.9092573731252834,-0.9077034476031566,-0.8949653225892057,-0.9049666841878206,0.8963241381051542,0.9162931317469675,0.904364896248299,-0.9117696972146735,0.9138334977855865
375,0.8913530447399357,-0.9621008548528457,-0.9118275075420534,-0.890107629266107,-0.8899126437467453,-0.8909618767330252,-0.9044090280577093,0.8573308465285032,0.9115874915953626,0.9013827558300691,-0.9098748448476589,0.9079484379371632
376,0.8938225934879216,-0.9596669301689115,-0.9098891141440851,-0.9023895881988901,-0.9089985635927031,-0.8987926168277144,-0.9053775887047443,0.8958532046320058,0.9117835599350129,0.9032154458984152,-0.9180672947873978,0.9173172957560577
377,0.8884549898165002,-0.9377616080135062,-0.9029640474077955,-0.9045384043415039,-0.9239946434716715,-0.8990808649293593,-0.8956626319117575,0.9287243610577302,0.9041368946886552,0.8979344047804181,-0.9135809531537312,0.9171401534863726
378,0.8754532103350945,-0.9254297229482418,-0.9004785268410466,-0.8852201258829067,-0.9106685815792253,-0.8922269656235783,-0.8961811542783523,0.8787112262094198,0.9020128210091111,0.8957560757956733,-0.9095404591358329,0.9109992214706267
379,0.8629363194206451,-0.8963848883866274,-0.8854247135971484,-0.881385963746086,-0.9150651595437405,-0.8791597183490049,-0.881261406937663,0.8747553850349784,0.8892683789318481,0.8831362362899571,-0.9015987984799636,0.901217031689134
380,0.8691045530514593,-0.9317579271264698,-0.888613683380903,-0.8733805702736026,-0.9014664416534945,-0.8796561456351712,-0.8835898658668986,0.8652425288773885,0.8920296747152551,0.8846875923565833,-0.9009857580082825,0.9004887801359844
381,0.8779002061264778,-0.9231580599099034,-0.896695533274044,-0.8933729871298828,-0.9188141795134823,-0.8900010497275419,-0.8922971282493337,0.9032939535077427,0.89993776441448,0.8935375562392543,-0.9149742269530066,0.910743349303304
382,0.8767951112529498,-0.8958981034498424,-0.9005254234555132,-0.8991874308098967,-0.9265507934510407,-0.8890242089386338,-0.8926786824436197,0.9120533161082951,0.9008200719429059,0.8938510426983137,-0.9128564507781082,0.9109401740473984
383,0.8909921974342938,-0.8900566842083995,-0.9197217709773264,-0.898429025112504,-0.9220178874876257,-0.9025398421490994,-0.9107780480700298,0.8996206724171878,0.9148879753128076,0.9086974398747836,-0.9218012685694557,0.9221198195119615
384,0.8878009540750244,-0.8652306524322727,-0.9146882010245385,-0.9098472442232558,-0.9333671933960261,-0.9010345465071755,-0.9064635506423286,0.9208126787088449,0.9118815941048377,0.9046060396783445,-0.9185410078791515,0.9192264957737736
385,0.8962808657576063,-0.8623099428115535,-0.9156573977235226,-0.9186953106928424,-0.9366731473693435,-0.90942576902173,-0.9120107616208017,0.9420988716951316,0.9138259384730356,0.9123226294398015,-0.9166740209881225,0.921194743214718
386,0.905335877833555,-0.8572798317980894,-0.9213787846884927,-0.911890726241232,-0.9184392775165087,-0.916631971562855,-0.9205419220674121,0.9323034554536553,0.9151820778222828,0.9202803626313043,-0.9143611864813255,0.9246785411851891
387,0.9101171046333085,-0.8494912728094995,-0.9225668322549896,-0.9182739741942908,-0.9169055875288864,-0.9172244815495698,-0.9249640373447837,0.9490686870977201,0.916897675794222,0.9232062362491898,-0.9156151329006733,0.9245604463387324
388,0.9121919766407488,-0.8564685235701106,-0.9240675239179323,-0.9320095440470773,-0.9225291174834992,-0.9169042058810754,-0.9255314769157739,0.9781723757382624,0.9183518493132944,0.9258105852936818,-0.9202408019142673,0.9259775844962123
389,0.930967313012423,-0.9054715405399811,-0.9487351431275591,-0.9300292625038844,-0.9052154616232364,-0.9252954283956297,-0.9460864862028483,0.9741223478691915,0.9364554926743294,0.942963921284254,-0.9316656470683249,0.9333388299253436
390,0.9307192304897942,-0.8976829815513936,-0.9393401880293425,-0.9430906939589879,-0.917246407526136,-0.927761551043037,-0.9429068679171274,1.022911055687316,0.9311289694471657,0.9407052111561609,-0.9360405267980493,0.9327089907442414
391,0.94095827278738,-0.8855133581317227,-0.944702034283399,-0.9371077156795531,-0.9170078335280613,-0.9419657769407657,-0.9530522961087963,1.003131849815104,0.9309329011075154,0.9511386835627975,-0.939328652964339,0.9381413536812476
392,0.9374287350790713,-0.8920038239555463,-0.94066892543924,-0.9495792760366848,-0.937184377365218,-0.9425582869274804,-0.9476518367435107,1.0319529783717574,0.9277467905881996,0.94830926731693,-0.9364863744138174,0.9439870485808518
393,0.9413303965713231,-0.8614986345835747,-0.948156751549133,-0.9624932397172956,-0.9536459832323567,-0.9491399519150413,-0.950596652448132,1.036097192935458,0.9332693821550136,0.9534858129485742,-0.946434349340643,0.9512892465867548
394,0.9455816288909152,-0.8381329576178075,-0.9588491796476016,-0.9500006125352364,-0.9448869093030514,-0.955385327450683,-0.9549013664349538,0.9963504078017724,0.9405729278069836,0.9590723024112957,-0.9494716862230633,0.9552847888918717
395,0.9338315385009547,-0.8407291439473374,-0.9449677817653784,-0.9463560518227643,-0.9439326133107534,-0.9455848919947529,-0.941635020602839,0.989945712566962,0.932566803937934,0.9455682703287457,-0.9438707255499765,0.9469000547934492
396,0.9173904331376509,-0.8503025810374784,-0.9286008633164063,-0.9530763689746642,-0.9622687291627632,-0.9308682250274332,-0.9272924962740193,0.9978573949158472,0.9241358653329751,0.931139855097688,-0.9342571363349768,0.9394600794666802
397,0.915924490958481,-0.8746418278768179,-0.9333374213775704,-0.9387509280239054,-0.940762987336335,-0.9279216888772843,-0.9301296941289696,0.9600885303693822,0.9263089560974319,0.9295643846880572,-0.9289905613737163,0.9370588175887283
398,0.9100268928068982,-0.8621476811659577,-0.92203533729103,-0.923014009802998,-0.9140086175522676,-0.9169682610147741,-0.9205614889491704,0.9274057473329173,0.912959969972914,0.9197096565135296,-0.9150578233809632,0.9273750401792826
399,0.911718364552094,-0.8066541983722613,-0.9090449750836798,-0.924425487073146,-0.9106004175797754,-0.9171924539827203,-0.9097312198959616,0.9187405714269945,0.9053459827831647,0.9156825612317693,-0.9121598138784706,0.9281623391556603
400,0.9222731482421161,-0.7907525571038924,-0.9209723473631127,-0.920233188912556,-0.9012278676554207,-0.925167318128232,-0.9170688005553173,0.8910496832058974,0.9156395706148,0.9222175481860033,-0.9155036709967311,0.9378854815139247
401,0.9346659978952513,-0.779556503557796,-0.9330091450763016,-0.9083304328284698,-0.8875950677654498,-0.9327258239047009,-0.9256977954107192,0.8486656706225831,0.9277467905881996,0.9303521198928725,-0.9232502733207019,0.9433965743485685
402,0.9272799046078959,-0.7863714926728113,-0.911483599035962,-0.9120381940157247,-0.8998305056666983,-0.9249591389437106,-0.914906660121027,0.8724949043638687,0.9196753106059332,0.9194685130834841,-0.9258974935393252,0.9338702567343985
403,0.921641665457243,-0.7845866145712602,-0.8957888653943492,-0.909278439950211,-0.9057948556185607,-0.9203471693173906,-0.9074614616120015,0.8914264299844135,0.9083196859345258,0.9113500176052847,-0.9282103280461221,0.9264499638820388
404,0.9183038278800566,-0.7735528226707596,-0.8957576009847046,-0.902579189623238,-0.899251111671375,-0.921019748221229,-0.9069918564498022,0.8872822154207127,0.9038264531508754,0.9097263185096447,-0.9270399780547308,0.9263515515099917
405,0.9049637540496118,-0.8600382797732151,-0.8957263365750598,-0.9251417591206841,-0.9357188513770456,-0.9147743726855873,-0.8987444157886869,0.934281376040876,0.8943824947910576,0.9016319373744496,-0.9240862376002671,0.9280048793603849
406,0.9009154983394431,-0.8835662183845758,-0.9029796796126183,-0.9103528480215178,-0.918132539518984,-0.91346124244476,-0.9011511422449557,0.8999974191957065,0.8956242609421754,0.9006352111969281,-0.917036272175934,0.9247179061340081
407,0.9072754321013794,-0.8960603650954382,-0.9093419869753038,-0.9164832940754459,-0.9249148574642445,-0.9199468247317726,-0.905367805263865,0.9079091015445918,0.9007056987447765,0.9041317909325882,-0.9180394293114122,0.9269026607934561
408,0.908809033150357,-0.9384106545958892,-0.9022918626004363,-0.9165886282000834,-0.9345259813866729,-0.9173365780335428,-0.9060330792436466,0.9274999340275469,0.8994802716219629,0.9028055020673379,-0.9166182900361516,0.9208601411497573
409,0.9157778967405641,-0.9264032928218141,-0.9088417564209889,-0.9133864708110905,-0.9288002054328862,-0.9210517757880784,-0.9142022523777292,0.9020695264775568,0.9052479486133395,0.9109641881172117,-0.925507376875528,0.9271191680119599
410,0.9113011348549457,-0.9208863968715649,-0.8985245012382556,-0.9222766709305322,-0.9301294034221578,-0.9192902596113589,-0.9085572069904652,0.9146905435579209,0.902453974773324,0.9114062844056284,-0.9232781387966874,0.9265680587284956
411,0.9169844799188037,-0.8984942897793724,-0.9013851947207414,-0.9248889572215527,-0.9318675854081289,-0.9274412753745426,-0.9181351956111433,0.9148789169471803,0.9092673495761685,0.9207787257200648,-0.9321114946840928,0.9287331309135342
412,0.927911387392769,-0.8889208526892314,-0.9138284297593102,-0.9178737045206663,-0.9147925035459408,-0.9383306481033538,-0.936479147259532,0.8900136295649709,0.9216196549741311,0.9364932392446988,-0.9368764910776145,0.9303470938151084
413,0.9229497369401946,-0.8952490568674594,-0.9072629037339348,-0.9334210213172258,-0.9313222734125304,-0.9423020663926849,-0.9389543578019545,0.9370127901851342,0.9187113079359863,0.9361234859852958,-0.9399138279600346,0.9244423514922758
414,0.9260620449513549,-0.8848643115493419,-0.9208003931100666,-0.9306612672517115,-0.922665445482399,-0.948467373011203,-0.9456560148041657,0.9030113934238536,0.9276977735032875,0.9424012532808144,-0.9407219267636143,0.9268436133702277
415,0.9314973074925843,-0.8738305196488391,-0.9286946565453404,-0.9371498493294083,-0.9175531455236597,-0.9472503254709241,-0.9485910470679081,0.9003741659742253,0.932403413654892,0.9452145932980124,-0.9355668137062958,0.930721060828888
416,0.9322866609736757,-0.8767512292695605,-0.9310082228590439,-0.9492843404876988,-0.9299589934235329,-0.9450404233583124,-0.9507531875021978,0.9146905435579209,0.9349359630420406,0.9452065551836775,-0.9381861684489332,0.9351496175710124
417,0.9298847710954976,-0.861985419520362,-0.9374799556554854,-0.9410261451160846,-0.922631363482674,-0.9372737383973221,-0.9482388431962592,0.8967950715783,0.9326648381077591,0.9422887196801265,-0.9247828744999047,0.9362321536635317
418,0.9399321132619611,-0.8644193442042961,-0.947171922645326,-0.9355909042847671,-0.9260736454548912,-0.9372096832636232,-0.9526707419145096,0.9009392861420032,0.9393638397124742,0.9474170366257616,-0.9288512339937887,0.9401292835966011
419,0.9367634228592941,-0.8804832471182608,-0.9361668504504107,-0.9429642930094223,-0.943523629314054,-0.9297632739711273,-0.9410969313544866,0.9280650541953224,0.9348869459571281,0.9407132492704957,-0.9306346244568611,0.9332601000277058
420,0.9371468231215385,-0.8898944225628037,-0.9345723655585338,-0.9391511976975293,-0.9481246992769189,-0.930131590989896,-0.9395022304911864,0.9424756184736504,0.935328099721341,0.941718013562352,-0.93057889350489,0.9312131226891239
421,0.9317341135369118,-0.8894076376260187,-0.9151571671692078,-0.9309351359757704,-0.9376615253613664,-0.9280658129281067,-0.9287502289650108,0.9453954060071678,0.9214235866344808,0.930866559210303,-0.9179558328834558,0.9139515926320431
422,0.9327715495406319,-0.8970339349690105,-0.9104675057225113,-0.9376133194778157,-0.9422966773239563,-0.9358324978890972,-0.9323994524129303,0.9472791398997588,0.9231228455781161,0.9322651911045672,-0.9240026411723106,0.9167661864725933
423,0.9360642812046132,-0.8997923829441362,-0.9173613080491554,-0.9276697781119947,-0.931765339408954,-0.9357524289719734,-0.9410186638274534,0.9272173739436579,0.9262109219276067,0.9360832954136216,-0.9258974935393252,0.9157623802777116
424,0.9271784163031842,-0.9320824504176612,-0.9151102705547413,-0.9245729548476392,-0.9306747154177571,-0.9335585406427865,-0.94037295672943,0.9250510799671778,0.9253939705123976,0.9350463786644255,-0.9251172602117309,0.916667774100546
425,0.9158004496971667,-0.9439275505461383,-0.9075755478303807,-0.9363282431572327,-0.9436940393126787,-0.931572831498121,-0.9387586889843721,0.9405918845810594,0.9247567484085343,0.9328921640226856,-0.923473197128586,0.9156442854312551
426,0.9145262076491191,-0.9781647577668103,-0.910498770132156,-0.9263636349664841,-0.9283230574367367,-0.9338948300947056,-0.9459788683531773,0.9211894254873636,0.9279265198995458,0.9359305712412592,-0.9248386054518758,0.9172188833840105
427,0.9187323340555061,-0.9784892810580018,-0.9011194472387613,-0.9290601885572151,-0.9366731473693435,-0.9382185516193807,-0.9416643709254767,0.9566036226680866,0.9254429875973103,0.9350704930074302,-0.9291298887536438,0.9148569864548775
428,0.9217318772836536,-0.8817813402830247,-0.9049649696250531,-0.9189691794169007,-0.9187800975137573,-0.9406526466999384,-0.9418209059795426,0.9450186592286491,0.9211785012099182,0.9365012773590338,-0.9273464982905714,0.9166087266773176
429,0.916916821048996,-0.8468950864799697,-0.8916463311164333,-0.9279225800111254,-0.9341169973899743,-0.9337987473941574,-0.9253847253025869,0.9750642148154857,0.9106398279537199,0.9253443746622604,-0.9202686673902528,0.9167858689470029
430,0.9324896375830992,-0.8259633341981389,-0.9044178424562717,-0.9300924629786667,-0.9261758914540661,-0.9315247901478467,-0.9190744059355412,0.9346581228193948,0.9114077622840168,0.926389329525791,-0.9224979054690933,0.9282410690532982
431,0.929896047573799,-0.828397258882073,-0.8986026622623676,-0.9312722051746115,-0.921779313489551,-0.9232136365504159,-0.909114863120576,0.9362592966280967,0.9045453703962598,0.9152404649433524,-0.9160052495644704,0.9269026607934561
432,0.9336172854132299,-0.8339141548323222,-0.9075130190110923,-0.9260897662424252,-0.9250511854631444,-0.9209076517372559,-0.9109932837693712,0.9204359319303261,0.9125678332936136,0.91159116103533,-0.9173985233637457,0.9314099474332183
433,0.9378346882979183,-0.8082768148282189,-0.9152665926029646,-0.9243201529485079,-0.9255964974587427,-0.9237901327537059,-0.916511144425206,0.9022578998668161,0.9209497548136594,0.91510381699966,-0.9243370268841368,0.9385743681182552
434,0.9308658247077113,-0.7980543311556949,-0.9002596759735338,-0.9287441861833015,-0.9260736454548912,-0.9158472961750436,-0.9033817667653998,0.9113940092458873,0.9055910682077272,0.9063261961460026,-0.9179836983594414,0.932512166000147
435,0.9310575248388334,-0.7871828009007901,-0.8983838113948549,-0.9218342676070531,-0.9105322535803254,-0.9133331321773622,-0.9019142506335284,0.8840798678033063,0.9037284189810503,0.9046542683643537,-0.9194605685866731,0.9321578814607769
436,0.9327489965840292,-0.7930242201422308,-0.9016978388171873,-0.9103317811965902,-0.891037349737667,-0.9149665380866839,-0.9033915502062787,0.8575192199177626,0.9025520089431492,0.9060850527159571,-0.9210489007178471,0.9332207350788871
437,0.9304598714888642,-0.8168766820447853,-0.8963203603583079,-0.9198118524140044,-0.8987739636752254,-0.91346124244476,-0.9047514484884792,0.854222685605729,0.9055910682077272,0.9052490888251326,-0.927987404238238,0.9332010526044776
438,0.9274716047390181,-0.8590647098996406,-0.9148132586631172,-0.9122067286151456,-0.8953657637027332,-0.9161835856269628,-0.9145935900128946,0.853375005354062,0.9166525903696594,0.9144929203102112,-0.9122155448304414,0.9307407433032974
439,0.9169506504838998,-0.866366483951443,-0.9187525742783423,-0.9244465538980735,-0.918200703518434,-0.9197066179804018,-0.9178612592665276,0.8915206166790431,0.922338572219515,0.9193479413684615,-0.9128007198261371,0.9293826525690458
440,0.9048509892665988,-0.8668532688882303,-0.9137971653496656,-0.9300503293288114,-0.9351735393814472,-0.9177529364025856,-0.913439143989156,0.9300429747825456,0.9184989005680322,0.9166792874092909,-0.9090667460440794,0.9241077494273152
441,0.905448642616568,-0.9148827159845263,-0.9268344241714833,-0.9296711264801151,-0.9407970693360599,-0.9248470424597375,-0.9235356549764294,0.9509524209903137,0.9277141125315916,0.924878164030839,-0.9117139662627024,0.9263318690355823
442,0.9000584859885437,-0.9082299885151068,-0.9276629310270669,-0.9498742115856713,-0.9523167852430852,-0.9281939231955045,-0.9295622545579795,0.9928655001004795,0.9303446960885651,0.9306897206949364,-0.9133301638698619,0.9328074031162886
443,0.9156425790009485,-0.8988188130705617,-0.938886854089495,-0.9535609059479986,-0.947068157285446,-0.9403804123817182,-0.9430438360894355,0.9939015537414033,0.9383344809293105,0.944748382666591,-0.9217455376174846,0.9469197372678586
444,0.929862218138895,-0.8795096772446862,-0.9545190589118184,-0.9528657007253881,-0.9363323273720948,-0.950020710003401,-0.9596854690248531,0.9947492339930705,0.9454582972699344,0.9603825150478764,-0.9270399780547308,0.9529819393859669
445,0.9291743529625153,-0.9082299885151068,-0.946484105633144,-0.9603233567497543,-0.9442052693085522,-0.9507093026906641,-0.9561536468674834,1.0255482831369445,0.9421251354958812,0.9581639954914576,-0.9303002387450351,0.9529032094883291
446,0.9273475634777039,-0.955610389029022,-0.9364794945468574,-0.9517491590042261,-0.9315949294103301,-0.9438233758180335,-0.9507825378248356,1.0196145213752799,0.9347072166457818,0.9498365090405517,-0.9270399780547308,0.944301968171403
