t,s1,s2,s3,s4,s5,s6,s7,s8,s9,s10,s11,s12
0,-1.0120375571723763,1.0473473642030582,1.0314275061257938,1.0275422434173496,1.0327211247357944,1.007376065567255,1.041086891404659,-1.0767929276900412,-1.047592714302644,-1.0197989132283618,1.0447489681556685,-1.0333536955405311
1,-1.0146198707033753,1.1153349937076138,1.038899700030864,1.0264257016961869,1.0413438706662008,1.004413515633681,1.0446871976481826,-1.1026000820185473,-1.0547001916149636,-1.0224193385015232,1.0454456050553065,-1.0323302068712403
2,-1.010402467818687,1.089859915349105,1.0373833761630988,1.0196421840695042,1.0344593067217656,1.0037089091629934,1.042143503019606,-1.0901674383274427,-1.0511382834446519,-1.0193085882539359,1.0461701074309295,-1.0293581532354146
3,-1.0265842141810608,1.095539072944951,1.0480601720567457,1.0422468872168047,1.0516025525834036,1.0308202445010484,1.0476907139980787,-1.1158804059613192,-1.0572000629455038,-1.0371290877343007,1.0507400454925526,-1.0406362110720249
4,-1.0359324146928433,1.0864524207915973,1.052702936888976,1.0510317532116085,1.0563399505451683,1.0396918805183444,1.0529835555136937,-1.105143122773546,-1.060255461238386,-1.0435676173165165,1.0551427906982622,-1.0500837987885572
5,-1.0242838126075944,1.0942409797801862,1.0428233834412672,1.0522536290574087,1.0481602706111854,1.0348076765738041,1.0412042926952085,-1.0648312174720822,-1.0481482412649865,-1.0377882131097584,1.046365165762828,-1.044375881209819
6,-1.029504822061099,1.0809355248413473,1.0438551089595407,1.056150991669012,1.0619293985000562,1.0410210245425964,1.0416934647391656,-1.0573904685963453,-1.049537058670842,-1.0413169453027582,1.0477863050380887,-1.0537644215031228
7,-1.0355377379522976,1.098784305856863,1.0448555700681696,1.055350452321764,1.0862639463036532,1.041037038326021,1.0376235533334432,-1.0215995246371037,-1.050337671057747,-1.0364940767018476,1.0536937859470161,-1.0630545494243795
8,-1.035007743472136,1.1122520224412977,1.0464656871648688,1.0554557864464016,1.0872523242956762,1.0367453443681953,1.032389412463103,-1.0135936555935887,-1.0469391531704766,-1.0336807366846497,1.0538331133269436,-1.0594526566074516
9,-1.056241352113495,1.1635267024495066,1.0698514655790645,1.05914248080873,1.0558287205492938,1.0503570602792094,1.0544412882046856,-0.9897644218523031,-1.0653368990409873,-1.0533821549193696,1.0618026394587983,-1.0552209246094215
10,-1.0605715197811965,1.1395119789013586,1.0668031856387115,1.0645145211652647,1.0508186665897303,1.0510136253996227,1.0565838617572174,-1.015100642707661,-1.0642095060879984,-1.0579478038615653,1.0552542526022044,-1.0534888668613906
11,-1.0687920724628484,1.1523306489034102,1.0643176650719621,1.0630187765954051,1.0359248327099368,1.059933302767193,1.0658194299471262,-1.023106511751176,-1.064797711106949,-1.0640728469847216,1.0619698323147115,-1.0605745576487897
12,-1.0789860088472287,1.108195481301408,1.0643332972767845,1.067400676180344,1.0347660447192901,1.0698458347070965,1.069087099200759,-1.0804662087805934,-1.0623631958896256,-1.072046656404894,1.0636417608738415,-1.06832945256611
13,-1.0834853236894497,1.0583811561035588,1.069007326518659,1.0874773603363341,1.058555280527288,1.0740094183975244,1.0694588699541665,-1.1394270796187156,-1.0622651617198007,-1.0784128429580961,1.0604372311355088,-1.0735059433357934
14,-1.0813991752037084,1.0355022640745788,1.0700390520369327,1.0857288138673444,1.060975102507758,1.076683720229453,1.0753680682451674,-1.1639156202224064,-1.0682942631640442,-1.0798838178813739,1.0689083358351026,-1.0785840217334295
15,-1.0800347213292503,1.0147327734383427,1.073571930326778,1.072014310839485,1.0524886845762516,1.0755787691731469,1.078625954057921,-1.1266176891490922,-1.0649937794465991,-1.0773759262089004,1.080388911941131,-1.079095766068075
16,-1.1028244839761894,1.0343664325554096,1.090892413269912,1.1010233287647726,1.086434356302278,1.0910961253117029,1.0942207588192712,-1.1583586052392605,-1.0833915253171096,-1.102559338419989,1.1026534272535506,-1.0855122527255532
17,-1.0956413672982577,1.1010559688952013,1.0876252824620463,1.0869296228882164,1.064826368476675,1.082144420377283,1.0922249368799264,-1.1286897964309426,-1.0828033202981588,-1.0939746323103678,1.0887206892607975,-1.0885630362590166
18,-1.1027568251063815,1.0703885178776327,1.0933779338366614,1.1029614766581102,1.0785954963655446,1.0917847179989661,1.0963339820491655,-1.1567574314305584,-1.0891101852235736,-1.1006382290939594,1.0907827344837246,-1.0972233249991712
19,-1.0874546440515096,1.103165370287944,1.0895636758600147,1.090068579802427,1.0796520383570174,1.0823365857783798,1.0889768345080517,-1.1319863307429787,-1.0891265242518777,-1.0906548910900744,1.0908384654356957,-1.0909052507137402
20,-1.0579215473803896,1.1017050154775834,1.0782772239782972,1.0563827267432162,1.051159486586979,1.0594528892644515,1.0719927811418637,-1.0619114299385648,-1.0737351595893372,-1.0679793705514593,1.0663725775204214,-1.0702189701094165
21,-1.0552490220229802,1.008891354196901,1.0708519266876935,1.0568883305414778,1.0464902526246642,1.0617588740776116,1.0681870226398784,-1.0573904685963453,-1.0673629385507057,-1.0656081268226782,1.0654808822888853,-1.070691349495243
22,-1.0641912693159157,1.0536755683812862,1.0771048086166226,1.0723303132133986,1.0786295783652697,1.0718475576351865,1.0742331891031869,-1.0933697859448466,-1.0777218824955581,-1.0776090315246112,1.075038740551914,-1.0820481372294912
23,-1.0616202322632178,1.0806110015501555,1.074181586314848,1.0509685527368262,1.0472059746188875,1.0712870752153216,1.0747419280289023,-1.0924279189985524,-1.072738478862782,-1.0761943234016773,1.0736733322286243,-1.0737618155031161
24,-1.0612255555226722,1.06568293015536,1.0720712386638345,1.0548448485235016,1.0654398444717232,1.0785253053232957,1.0726874054442828,-1.1345293714979774,-1.0751729940801054,-1.0769016774631441,1.0729209643770152,-1.084705271274766
25,-1.0715322566900658,1.096837166109716,1.0791526274483472,1.0615230320255469,1.082651254332811,1.0846105430246904,1.0781563488957224,-1.1122071248707643,-1.0788982925334591,-1.0805911719428407,1.083036132159754,-1.0907084259696458
26,-1.0775313431463605,1.1210141513034597,1.086968729859509,1.0510528200365368,1.0840145343218077,1.0806871660856336,1.0755246032992334,-1.065773084418379,-1.0739475669572918,-1.0765078098607366,1.0774351714866675,-1.0786430691566578
27,-1.1017532185375654,1.0796374316765822,1.101584841368381,1.0713401724418028,1.083741878324009,1.1001278991632464,1.093310898817511,-1.040907797036167,-1.0932112813279236,-1.094239890083418,1.071193304865914,-1.0928734981546846
28,-1.0990806931801558,1.0243062105284826,1.1011158752237113,1.0799565038371857,1.0947844462348848,1.104003234752029,1.0982613199023563,-1.0533404407272744,-1.098603160668304,-1.0971818399299735,1.0742585072243196,-1.0875985950129539
29,-1.1005128059244218,1.0285250133139678,1.0934091982463061,1.1110932710801587,1.102691470171068,1.1085511492446503,1.1003158424869757,-1.1020349618507692,-1.0991586876306463,-1.0971255731296294,1.0810019524128123,-1.1003922033790914
30,-1.0907022698022855,0.9991556554611642,1.0819351599067206,1.0948086154111347,1.0876272262926507,1.0958041776385714,1.09309566311817,-1.0637009771365287,-1.0876396726761972,-1.0841600947075145,1.0694099144028417,-1.0892322403889376
31,-1.0991370755716623,0.9993179171067601,1.0839048177143336,1.1126732829497277,1.0987038762032515,1.0993752513422845,1.0991907467858744,-1.0680335650894888,-1.0916100565541138,-1.089433097711177,1.0740077179404501,-1.0951369827117703
32,-1.0942318075105943,1.0570830629387937,1.0840611397625564,1.1023294719102832,1.0762779203842503,1.0921210074508851,1.1002571418417006,-1.0620056166331944,-1.092802805620319,-1.0865795671223049,1.0668741560881605,-1.090314776481457
33,-1.086180402003462,1.0765544604102661,1.0787305579181445,1.097863305025635,1.072903802411482,1.0874289689074412,1.0953654214021304,-1.0647370307774526,-1.086463262638296,-1.0821827185811412,1.064589187057349,-1.0878544671802768
34,-1.092562888722001,1.0864524207915973,1.0734312404833768,1.1130735526233526,1.087456816294026,1.0887100715814195,1.0939663893564135,-1.112583871649283,-1.085286852600395,-1.0858963274038425,1.06712494537203,-1.0987388755286982
35,-1.0895858984504565,1.1236103376329898,1.0785429714602763,1.0971470329780963,1.0716427684216603,1.0865642246025062,1.0970481732333426,-1.0948767730589215,-1.0881298435253228,-1.0837340746477675,1.0746207584121312,-1.096593485818069
36,-1.0884920800552296,1.1286404486464527,1.079621593593017,1.094071276538669,1.0686094704461417,1.0847706808589375,1.0989559442047752,-1.1143734188472443,-1.0908584612521213,-1.0834607787603825,1.0812806071726673,-1.0992112549145248
37,-1.0919088529805254,1.1344818678878945,1.0800905597376866,1.106732438320148,1.0743693283996543,1.0879253961936077,1.0995820844210402,-1.1465852684105635,-1.0923289737994977,-1.0857837938031547,1.087717532125319,-1.1051947271349953
38,-1.0878944267052604,1.1255574773801367,1.0827949311719482,1.0998014529189726,1.064758204477225,1.0892225126510102,1.1010691674346693,-1.1370724122529763,-1.092279956714585,-1.0856230315164577,1.0925939904227828,-1.103088702373185
39,-1.0815119399867215,1.129776280165622,1.0794496393399713,1.0889099044314103,1.0491827306029333,1.0873969413405917,1.0956100074241093,-1.1063675498037293,-1.0870514676572467,-1.081812965321738,1.0900025011561305,-1.0962392012786992
40,-1.0798204682415256,1.0825581412973024,1.0742284829293152,1.102708674758979,1.067552928454669,1.0873008586400439,1.0900236626821198,-1.1236979016155748,-1.0841267815907978,-1.0796828650230026,1.0801938536092326,-1.0961801538554707
41,-1.0752760474860992,1.0681168548392943,1.0686477858077457,1.0981371737496932,1.0607365285096835,1.0827849717142721,1.0838894452508987,-1.1097582708103952,-1.0779506288918166,-1.0769016774631441,1.0703573405863487,-1.089468430081851
42,-1.0757045536615488,1.0650338835729782,1.0718054911818553,1.0896893769537312,1.0534429805685495,1.0812476485054985,1.08410468095024,-1.0884720778241084,-1.0767742188539153,-1.076917753691814,1.0627779311182912,-1.084350986735396
43,-1.0741822290908727,1.06016603420511,1.0671470941448025,1.1016131998627445,1.0703817344318378,1.080478986901112,1.0813261837405639,-1.1130548051224314,-1.0783100875145084,-1.0759049512856225,1.0609109442272624,-1.0905706486487796
44,-1.074858817788951,1.0574075862299854,1.0692105451813496,1.0864029522650267,1.0606002005107835,1.0799185044812465,1.0826958654636436,-1.0785824748880024,-1.077542153184212,-1.075993370543306,1.058514513292509,-1.0877560548082295
45,-1.0710811975580135,1.0596792492683238,1.066865714458001,1.0862133508406788,1.062849612492629,1.0762513480769855,1.0795455975005603,-1.088848824602627,-1.073097937485474,-1.0743857476763357,1.0527184942875236,-1.0870474857294896
46,-1.0744303116135012,1.066494238383339,1.0692105451813496,1.087224558437203,1.062031644499231,1.078285098571925,1.0810815977185855,-1.0826325027570736,-1.075859233268881,-1.0753101308248436,1.0586259751964506,-1.0873033578968123
47,-1.0772832606237317,1.0653584068641697,1.0712583640130737,1.0888256371316998,1.0614522505039066,1.0797103252967255,1.083067636217051,-1.0800894620020747,-1.0771663555332158,-1.077432193009244,1.0603536347075522,-1.087559230064135
48,-1.0905105696711634,1.0606528191418971,1.078480442640987,1.1166970465108965,1.0876613082923756,1.0934181239082876,1.0925967076333338,-1.1133373652063203,-1.0899434756670872,-1.088243456789619,1.0737011977046094,-1.1027934652570435
49,-1.0945926548162361,1.0716866110423977,1.0864372348955498,1.1134106218221933,1.0741648364013046,1.1037630280006583,1.1003354093687339,-1.0811255156430013,-1.0981456678757868,-1.0921339041276872,1.0791071000457975,-1.1054702817767275
50,-1.0959345557340916,1.052539736862117,1.0818726310874311,1.1130103521485692,1.0814924663421634,1.101168795085853,1.0967448865660894,-1.0784882881933728,-1.0915447004408971,-1.0904941288033774,1.0779924810063775,-1.1025769580385394
51,-1.0930252243323546,1.0820713563605164,1.0848271177988507,1.1104612663323317,1.085582306309155,1.0996314718770799,1.0982026192570813,-1.0767929276900412,-1.0932929764694446,-1.089754622284571,1.0892222678285364,-1.0984830033613755
52,-1.094254360467197,1.0969994277553108,1.0855774636303221,1.109323657786242,1.0902515402714699,1.0978219143500862,1.0988581097959838,-1.0865883439315174,-1.0919695151768058,-1.0892964497674844,1.0888878821167103,-1.097164277575943
53,-1.0841957418224322,1.1148482087708276,1.081044124231848,1.0909323196244582,1.067348436456319,1.0922491177182831,1.0923912553748718,-1.0621939900224537,-1.0832117960057634,-1.082190756695476,1.0782711357662327,-1.0869293908830329
54,-1.0964194443010478,1.0931051482610168,1.0827480345574814,1.1101663307833451,1.0934552482456124,1.098638617304747,1.0966177018346606,-1.0954418932266996,-1.0888324217424026,-1.0904459001173683,1.0815035309805512,-1.0967903105621635
55,-1.0979981512632304,1.0819090947149206,1.0831388396780397,1.110103130308563,1.1046682261551137,1.0957881638551468,1.0976449631269702,-1.100527974736697,-1.0918061248937638,-1.0920695992130083,1.0793021583776963,-1.098856970375155
56,-1.0941867015973892,1.0770412453470521,1.080543893677534,1.099885720218683,1.0999989921927988,1.0916245801647186,1.093584835162127,-1.0349740352745052,-1.0913486321012467,-1.0907513484620925,1.0694656453548124,-1.087559230064135
57,-1.0992836697895794,1.018302529641445,1.082388493846568,1.1084388511392824,1.1110074781039498,1.0991350445909134,1.0964807336623525,-1.038458942975798,-1.0918388029503723,-1.094778443743853,1.0722800584293486,-1.090098269262953
58,-1.1118343901389327,0.9548582262135664,1.0970046053554405,1.1023716055601385,1.1087580661221044,1.1092717694987626,1.101235485929615,-1.0163250697378468,-1.0953353550074676,-1.1010722872680414,1.0784940595741166,-1.0899014445188586
59,-1.110593977525789,0.9376584917804325,1.0898450555468162,1.1108826028308827,1.1346603859130486,1.108839397346295,1.0957861093599337,-1.0521160136970886,-1.0918551419786764,-1.095968084665411,1.0804725083690876,-1.0950385703397232
60,-1.1103571714814617,0.96134869203739,1.0934404626559509,1.1026665411091237,1.1257309019851176,1.1111453821594552,1.098339587429389,-1.045428758378389,-1.0942406401110873,-1.096337837924814,1.0864914511819568,-1.0942906363121643
61,-1.1022381071045215,1.014570511792747,1.098192652921937,1.0810941123832754,1.098874286201876,1.104531689605045,1.0990244282909292,-1.0359159022207993,-1.0969855968661901,-1.0952928830612834,1.0844851369110007,-1.089606207402717
62,-1.1135935207539365,1.0332306010362404,1.1141843984551738,1.0907216513751823,1.1254241639875937,1.1155491726012539,1.105765219056657,-1.092522105693182,-1.1042237864049431,-1.1058630034116126,1.0933184927984059,-1.0999395064676742
63,-1.109443776739056,1.0760676754734788,1.1092758861409642,1.0777023535699333,1.1119958560959726,1.1087112870788975,1.0992396639902702,-1.0459938785461647,-1.094665454846996,-1.0940469753393816,1.0869372987977248,-1.0949401579676759
64,-1.0950549904265898,1.1036521552247314,1.094362762740468,1.0662420008093263,1.0966930382194806,1.0964607427589848,1.0877049871937636,-1.0667149513646732,-1.0811694174677406,-1.0869734347247126,1.0771565167268125,-1.0858074898416947
65,-1.081906616727267,1.0775280302838395,1.0911112641374243,1.0532227030040775,1.0759711823867255,1.0924893244696536,1.0917455482768486,-1.0764161809115225,-1.0799766684015353,-1.0893446784534937,1.0859620071382323,-1.0846068589027187
66,-1.0833951118630394,1.0406946367336387,1.0798091800508847,1.0731308525606478,1.0787318243644446,1.0872528172897695,1.0878615222478298,-1.130761903712793,-1.0816759273451704,-1.094730215057844,1.0898353083002177,-1.091200487829882
67,-1.087477197008112,1.091807055096252,1.0839517143288004,1.0747529980800719,1.0570215905396665,1.0827529441474226,1.0946805805405908,-1.1031652021863254,-1.0884402850631023,-1.0955099121483243,1.0930955689905217,-1.0928538156802752
68,-1.1082371935608162,1.086776944082789,1.090564136968643,1.1092183236616033,1.0852074043121804,1.092473310686229,1.0975862624816954,-1.1719214892659213,-1.0909564954219464,-1.1046814006043895,1.091953084475116,-1.098286178617281
69,-1.1110224837012388,1.025928826984439,1.0935186236800625,1.109955662534069,1.0827535003319861,1.095932287905969,1.1037987474399495,-1.1872739204905434,-1.091005512506859,-1.107044606218836,1.1011765570263183,-1.100057601314131
70,-1.1171681643754503,0.9610241687461986,1.092096093041231,1.1178767887068415,1.0877635542915505,1.1032505869310671,1.1093753087410598,-1.216000862352567,-1.0892082193933987,-1.1136519362020834,1.1070004415072892,-1.1035020343357833
71,-1.1142926624086174,0.9952613759668705,1.0881098808115384,1.1092393904865316,1.0733127864081815,1.1033146420647661,1.1061369898100644,-1.15845279193389,-1.0873292311384177,-1.1157659602721492,1.1056907641359708,-1.0978137992314545
72,-1.09842665743868,1.0282004900227775,1.0756510135681467,1.0762276758250031,1.040389574673903,1.0867563900036032,1.0875875859032138,-1.0879069576563303,-1.075744860070752,-1.0983232521655224,1.0878289940292611,-1.080217667109413
73,-1.0753549828342084,1.0814223097781333,1.0707737656635816,1.0647883898893231,1.0460131046285157,1.066018540468588,1.0678348187682292,-1.0348798485798754,-1.071137254088972,-1.0754628549972056,1.075818973879508,-1.0655935886231975
74,-1.0650257287102123,1.1039766785159217,1.0697576723501305,1.0584262087611913,1.0428093966543723,1.0607019643715803,1.0600080660649167,-1.0139704023721074,-1.0668237506166678,-1.0655438219079996,1.0675429275118125,-1.061912965908632
75,-1.049825035960052,1.1090067895293858,1.0529999487806,1.0650411917884544,1.0842871903196074,1.049860632993043,1.0404216174248775,-1.0066238401909975,-1.0564811457001195,-1.0439454086902547,1.0648399763412184,-1.0618736009598129
76,-1.029392057278086,1.0979729976288852,1.037961767741525,1.038244190480564,1.0773003803759982,1.0319091817739292,1.0255214369659464,-0.9681014820874976,-1.0429851083208643,-1.0248227346876437,1.0451112193434802,-1.046029209060212
77,-1.033045636247709,1.1515193406754325,1.047434883863853,1.0677166785542578,1.0920238042571657,1.0436152574574014,1.039619375272788,-0.9850550871208243,-1.0587849486910095,-1.03880101551595,1.0657874025247258,-1.0611847143554827
78,-1.019773221287072,1.1174443951003563,1.0347415335481263,1.0564037935681434,1.0672461904571442,1.0298754312789895,1.0303935905237585,-1.011992481784884,-1.0449621307456707,-1.0247102010869558,1.0598241906638273,-1.0445530234795037
79,-1.0299558811931513,1.0963503811729287,1.056001332106486,1.0590160798591643,1.0706884724293624,1.0413573139945154,1.0563979763805138,-1.0626649234956023,-1.0612848200215497,-1.0414696694751204,1.0778531536264502,-1.0525244256153279
80,-1.02338169434349,1.10624834155426,1.0553760439135933,1.0494096076921844,1.063906154484102,1.0369535235527167,1.0562316578855686,-1.0416612905932046,-1.0595855610779146,-1.038149928254827,1.075484588167682,-1.0453403224558817
81,-1.0190289737191858,1.0859656358548102,1.051952591057504,1.0506104167130563,1.0645537124788753,1.0264965229763734,1.0562023075629312,-1.0667149513646732,-1.0608273272290327,-1.0334074407972647,1.0748994131719862,-1.0479580915523372
82,-1.0152288005316459,1.0760676754734788,1.0505925892379624,1.0325140141002591,1.0461835146271397,1.0185216588308612,1.0532281415356723,-1.0428857176233903,-1.056693553068074,-1.0291552783141285,1.0703852060623342,-1.045005720390921
83,-1.0179464318022604,1.0637357904082132,1.0484353449724817,1.0440375673356497,1.0562036225462685,1.0229094354892356,1.0504496443259965,-1.0706707925391172,-1.0551576844074808,-1.0310442351828184,1.0659267299046535,-1.0519733163318636
84,-1.0270916557046195,1.0395588052144695,1.050639485852429,1.055919256594809,1.0682345684491672,1.0305640239662524,1.055008727775676,-1.0797127152235586,-1.05898101703066,-1.0379087848247814,1.0702458786824067,-1.0605155102255615
85,-1.0282756859262565,1.0217100241989527,1.0468721244902492,1.05792060496293,1.064826368476675,1.0310924788192684,1.0527683198143527,-1.0837627430926295,-1.0527068301618534,-1.036678953331549,1.0652858239569867,-1.062090108178317
86,-1.0213293752926522,1.0157063433119162,1.0434955682486273,1.0408143431217285,1.0481943526109103,1.0241905381632133,1.0469863062547808,-1.0538113742004203,-1.0460078285571381,-1.0301921950633242,1.0578457418688563,-1.0518749039598163
87,-1.0190289737191858,1.0267401352124168,1.0429171766702012,1.0388340615785359,1.0462516786265894,1.0222688841522465,1.0473874273308255,-1.0518334536131995,-1.046432643293047,-1.0293080024864907,1.0587653025763781,-1.0497098317747777
88,-1.0147439119646897,1.0226835940725272,1.0402597018504063,1.02962785908518,1.0426730686554724,1.0157032329481104,1.0432196815163115,-1.0579555887641234,-1.0421681569056553,-1.0257953465221608,1.0529971490473784,-1.044966355442102
89,-1.0114173508658044,1.0419927298984026,1.041822922332639,1.0252880931500972,1.0399805906772035,1.0134292757017997,1.042887044526421,-1.0481601725226473,-1.045730065075967,-1.0232794167353523,1.0546412121305235,-1.0392978028121829
90,-1.0104362972535907,1.048645457367822,1.0450587887308596,1.031860942527504,1.0561354585468186,1.013765565153719,1.0478374656112657,-1.0541881209789388,-1.0512036395578686,-1.0253854026910834,1.062555007310407,-1.0408527182905287
91,-1.0056888998887412,1.0781770768662216,1.0437613157306067,1.0153445517842767,1.0309829427498234,1.010979166837817,1.045685108617855,-1.0190564838821048,-1.0474946801328189,-1.0212859643803092,1.057260566873161,-1.0301060872629733
92,-1.010842250472438,1.0806110015501555,1.0498578756113128,1.0340940259698292,1.0497621245982576,1.0182654382960659,1.0498822047550063,-1.0369519558617257,-1.0519062177749483,-1.0270412542440626,1.0620812942186537,-1.035794322367302
93,-1.018882379501269,1.106897388136643,1.0535470759493815,1.0349366989669324,1.041275706666751,1.0288345353563826,1.0535901288482004,-1.0168901899056249,-1.0560399919359067,-1.032145456846693,1.0717506143856244,-1.0316806852157288
94,-1.0277682444026979,1.0788261234486045,1.0536565013831374,1.0477874621727603,1.055726474550119,1.0353041038599706,1.0531205236860017,-1.0388356897543167,-1.0553047356622185,-1.037450612307695,1.0672921382279432,-1.0428996956291106
95,-1.0275088854017678,1.0729847042071627,1.0494045416714655,1.0564880608678537,1.0627132844937293,1.0384107778443668,1.0477983318477495,-1.0397775567006136,-1.053295035180804,-1.0354651980669867,1.0618026394587983,-1.0444939760562755
96,-1.0330343597694076,1.0710375644600159,1.050045462069181,1.0469869228255124,1.0433547086499706,1.0407167626575267,1.0450296180789527,-1.0084133873889614,-1.052314693482553,-1.0362690095004716,1.0587095716244073,-1.0441003265680868
97,-1.0173262254956887,1.0793129083853907,1.0294578483181809,1.047534660273629,1.052999914572125,1.026672674594045,1.0282020997668309,-1.0228239516672868,-1.0360573603198906,-1.0264464337832837,1.038089119395133,-1.0375854275385612
98,-1.0311962938062949,1.0697394712952508,1.0378054456933017,1.0463970517275394,1.0708929644277112,1.0344073319881861,1.030237055469692,-0.9942853831945225,-1.0435896523681192,-1.0313898740992171,1.0501827359728422,-1.051815856536588
99,-1.0355715673872015,1.1122520224412977,1.0391967119224885,1.0621339699484469,1.0912399182634926,1.0360087103306581,1.0304816414916704,-1.01321690881507,-1.0460895236986592,-1.0323946383910734,1.0553657145061466,-1.0570317122550903
100,-1.0426644722387228,1.1167953485179745,1.0537659268168937,1.0574782016394508,1.0856163883088799,1.0417096172298592,1.038787782798061,-0.9963574904763729,-1.0548962599546141,-1.0394279884340683,1.0624156799304798,-1.0596888463003649
101,-1.0554519986324038,1.1453533981428003,1.069007326518659,1.056719795942057,1.0642469744813505,1.053191499945385,1.0526704854055613,-0.9991830913152606,-1.0684903315036944,-1.054129699552511,1.0638368192057404,-1.0626608999361908
102,-1.0736635110890125,1.1231235526962025,1.07843354602652,1.0599851538058331,1.0545676865594722,1.0596130270986988,1.0680598379084494,-1.0307356340161722,-1.0754180795046682,-1.0705033384526026,1.0666512322802766,-1.06445200510745
103,-1.094446060598319,1.0724979192703754,1.0798873410749963,1.0879408304847416,1.0669053704598956,1.0861638800168882,1.0831752540667214,-1.1253932621189064,-1.0786205290522881,-1.0899636132572772,1.0723079239053341,-1.0833078155916955
104,-1.0926643770267128,1.0236571639461007,1.0843894160638257,1.1000753216430308,1.0851733223124553,1.0879894513273067,1.0853373945010114,-1.1587353520177792,-1.0786368680805922,-1.0923670094433975,1.0761254941153484,-1.0868309785109858
105,-1.0855376427402874,1.0090536158424968,1.0823728616417456,1.0873930930366238,1.0707225544290873,1.083857895203728,1.0845938529941967,-1.166741221061294,-1.0727058008061736,-1.0868609011240247,1.0789956381418557,-1.07927290833776
106,-1.089281433536321,1.0746073206631181,1.0823259650272785,1.0994011832453485,1.0838441243231838,1.0791978842271344,1.0819816742794663,-1.1887809076046183,-1.075140316023497,-1.0859686704328562,1.0794136202816385,-1.0850005083909076
107,-1.0862029549600645,1.0963503811729287,1.0859839009557024,1.078207957368196,1.067348436456319,1.0804309455508379,1.0849656237476042,-1.1194595003572418,-1.0828686764113757,-1.0877450937008581,1.0785219250501021,-1.0819300423830347
108,-1.081275133942394,1.0484831957222274,1.0835296447985978,1.076817546922975,1.0772322163765482,1.0832493714335891,1.0859439678355183,-1.100245414652808,-1.0842084767323186,-1.0891919542811315,1.0806397012250009,-1.0857484424184665
109,-1.0821772522064985,1.013921465210364,1.0817163090392081,1.0717193752904985,1.0831624843286847,1.0870126105383986,1.0864037895568377,-1.061817243243935,-1.0838000010247142,-1.0857114507741408,1.0821723024042036,-1.0854138403535059
110,-1.0801023801990581,1.0004537486259293,1.0812786073041831,1.0640089173670022,1.091887476258266,1.0907278082929344,1.079946718576605,-1.0398717433952431,-1.0784407997409422,-1.079128235133898,1.08144780002858,-1.083780194977522
111,-1.084376165475253,1.0619509123066622,1.0869218332450419,1.05495018264814,1.1003738941897725,1.0963646600584365,1.0809837633097938,-0.9926842093858206,-1.0752546892216264,-1.0786620245024765,1.0747879512680445,-1.0741554649913048
112,-1.1078988992117769,1.0997578757304365,1.1055241569836067,1.0801039716116783,1.10630416214191,1.1001599267300959,1.0952871538750975,-1.0475950523548692,-1.094747149988517,-1.093323545049245,1.077685960770537,-1.0922830239224013
113,-1.1101090889588328,1.089859915349105,1.108963242044518,1.0891205726806863,1.1086558201229295,1.1064853711828613,1.1018322758232426,-1.0821615692839277,-1.1037826326407303,-1.0989823775409802,1.0851539083346526,-1.0973611023200371
114,-1.103365754934652,1.0541623533180735,1.105148984067871,1.0805042412853023,1.0870478322973263,1.107830528990538,1.1004919444228003,-1.06332423035801,-1.09858682164,-1.0959921990084154,1.0820329750242759,-1.0877560548082295
115,-1.1012796064489105,1.057569847875581,1.0933310372221945,1.101339331138686,1.0979540722093033,1.1081187770921828,1.0970188229107052,-1.1105117643674327,-1.0959398990547222,-1.0992235209710257,1.076153359591334,-1.097164277575943
116,-1.0945926548162361,1.0233326406549093,1.089016548691233,1.092449131019245,1.0863321103031032,1.105332378776281,1.0957274087146587,-1.056354414955419,-1.0936524350921366,-1.0943363474554362,1.0802495845612037,-1.092184611550354
117,-1.0935101128993108,1.0025631500186718,1.0812160784848939,1.0911429878737344,1.0923305422546905,1.1010246710350309,1.0897888601010204,-1.024236752086732,-1.085744345392912,-1.0909362250917942,1.081642858360479,-1.0861027269578363
118,-1.1002421704451903,1.0765544604102661,1.087171948522199,1.0916275248470688,1.1011577801834458,1.0978379281335109,1.0915792297819031,-0.9912714089663753,-1.0865776358364254,-1.0955099121483243,1.082367360736102,-1.0777967227570517
119,-1.1044031909383722,1.1099803594029591,1.0892510317635677,1.0863397517902444,1.0982267282071019,1.0937223857933573,1.0928119433326748,-1.0049284796876659,-1.086626652921338,-1.0985885099385726,1.0745650274601601,-1.0774227557432723
120,-1.0962728500831307,1.0699017329408467,1.0781521663397184,1.0817261171311023,1.1059974241443853,1.0774363680504149,1.0859635347172765,-0.9884458081274876,-1.0851398013456572,-1.0949231298018802,1.063976146585668,-1.064589782428316
121,-1.0956639202548601,1.0471851025574626,1.0784491782313423,1.0982635746992588,1.1258672299840173,1.0814398139065955,1.0862961717071673,-1.0068122135802569,-1.0896166951010033,-1.0948668630015364,1.0667626941842183,-1.0762221248042965
122,-1.092190764938058,1.0325815544538586,1.0799498698942855,1.0821053199797994,1.1096782801146772,1.0815839379574181,1.0870690635366194,-1.0001249582615575,-1.0890284900820528,-1.0882756092469585,1.0775466333906096,-1.0732107062196519
123,-1.0960473205171046,1.0400455901512557,1.0790744664242355,1.0998646533937548,1.1214365700197773,1.0884218234797742,1.0904345671990439,-1.0736847667672644,-1.0890611681386613,-1.0907995771481016,1.0831754595396816,-1.0872246279991746
124,-1.085887213567628,1.0431285614175718,1.0739627354473358,1.0891416395056135,1.0749487223949776,1.0899111053382735,1.0909628730065175,-1.069163805425045,-1.087247535996897,-1.0842324377365284,1.0947674975496522,-1.0768913289342172
125,-1.0895069631023473,1.060815080787493,1.0740721608810917,1.0965150282302691,1.0861276183047532,1.0900552293890957,1.0897008091331082,-1.0954418932266996,-1.087247535996897,-1.0858480987178334,1.0947674975496522,-1.0773833907944534
126,-1.084488930258266,1.0744450590175234,1.079871708870174,1.088867770781555,1.0664623044634711,1.0915124836807455,1.0915107456957494,-1.0779231680255947,-1.0875906555912849,-1.083975218077813,1.0940429951740291,-1.079371320709807
127,-1.0862255079166672,1.074120535726332,1.0815287225813401,1.0974630353520098,1.0705180624307375,1.095003488467335,1.094846899035536,-1.0856464769852205,-1.090400968459604,-1.086201775748567,1.0962165023008985,-1.0861027269578363
128,-1.0966336973887725,1.08856182218434,1.080309410605199,1.1123994142256692,1.0970679402164552,1.095067543601034,1.091765115158607,-1.1157862192666894,-1.0901558830350415,-1.0896340505695483,1.0907270035317536,-1.09303095794996
129,-1.0956300908199563,1.1103048826941508,1.078824351147078,1.0970627656783858,1.0842871903196074,1.092873655271847,1.0926456248377294,-1.06549052433449,-1.0908421222238172,-1.09089603452012,1.0884420345009422,-1.0900392218397248
130,-1.0931379891153676,1.0635735287626176,1.0719930776397228,1.0993590495954932,1.0940346422409366,1.0884218234797742,1.0873723502038728,-1.0915802387468851,-1.0826072519585088,-1.088950810851086,1.0746207584121312,-1.0977744342826357
131,-1.09108567006453,1.0614641273698748,1.074603655845051,1.0928494006928688,1.0893654082786217,1.0930498068895191,1.09343808354894,-1.0512683334454214,-1.0879010971290641,-1.0884685239909948,1.0752895298357832,-1.1023998157688546
132,-1.0961600853001174,1.0679545931936987,1.0785429714602763,1.1090287222372555,1.1076333601311825,1.1006883815831117,1.096578568071144,-1.0501380931098678,-1.0934236886958781,-1.0962253043241261,1.0733110810408122,-1.10255727556413
133,-1.0963066795180347,1.0333928626818363,1.0797622834364176,1.1065639037207282,1.0920578862568908,1.093738399576782,1.0930858796772909,-1.0535288141165338,-1.0864796016666,-1.0957832080357093,1.0580686656767406,-1.0821859145503574
134,-1.0990806931801558,1.0186270529326367,1.083920449919156,1.1118516767775526,1.1005443041883973,1.0956440398043241,1.0925477904289382,-1.049855533025979,-1.0869861115440298,-1.0961931518667867,1.0702737441583923,-1.0807687763928775
135,-1.094479890033223,1.0343664325554096,1.0876409146668686,1.1042886866285488,1.1047363901545637,1.0947152403656901,1.0908650385977259,-1.0582381488480126,-1.0886363534027523,-1.0938379843666755,1.0808626250328845,-1.0817529001133497
136,-1.0832485176451225,1.0332306010362404,1.076057450893527,1.0931232694169273,1.0960113982249824,1.0875250516079897,1.0792227439515487,-1.0837627430926295,-1.0768885920520446,-1.0855346122587741,1.0761812250673195,-1.0760056175857926
137,-1.0806436511575208,1.0447511778735283,1.0875314892331123,1.0824634560035682,1.0959432342255324,1.0931779171569165,1.0826175979366104,-1.0565427883446783,-1.0837509839398016,-1.0852613163713891,1.0816149928844934,-1.075001811390911
138,-1.0861240196119555,1.06568293015536,1.0957540289696543,1.0817893176058857,1.1093033781177037,1.098878824056118,1.0844666682627682,-1.0804662087805934,-1.0871985189119842,-1.0891035350234481,1.0839278273912902,-1.080119254737366
139,-1.0955737084284496,1.0832071878796856,1.1020381753082287,1.0917328589717064,1.1340128279182753,1.1081347908756074,1.0918825164491566,-1.0885662645187382,-1.096005255167939,-1.0942077376260786,1.0917580261432176,-1.0911020754578347
140,-1.0995543052688106,1.0742827973719278,1.1089476098396955,1.0845490716713995,1.1267533619768653,1.1119620851141159,1.0953556379612512,-1.0506090265830164,-1.0994527901401216,-1.0906548910900744,1.1007028439345652,-1.0941134940424793
141,-1.0873869851817017,1.088724083829936,1.0993650682836111,1.0669372060319369,1.1124389220923963,1.098414424336801,1.083282871916392,-1.036575209083207,-1.0851398013456572,-1.075495007454545,1.0862963928500584,-1.0790367186448466
142,-1.0655782761469763,1.0858033742092144,1.082966885424994,1.052927767455091,1.0948526102343348,1.0819682687596113,1.072413469099667,-1.0644544706935635,-1.0666930383902344,-1.0699647847921676,1.0773515750587108,-1.0732500711684705
143,-1.0564330522446173,1.0510793820517563,1.0712896284227185,1.0563195262684328,1.0618612345006062,1.068484663115995,1.0731570106064816,-1.084516236649667,-1.069862809881246,-1.073075535039755,1.0704409370143053,-1.072285629922408
144,-1.0817825754659527,1.0973239510465023,1.0870468908836206,1.0736575231838372,1.0577373125338898,1.0790377463928869,1.088585496872886,-1.086117410458369,-1.0865939748647295,-1.0889347346224163,1.086714374989841,-1.0832881331172861
145,-1.099678346530125,1.1223122444682248,1.0915489658724495,1.1098081947595764,1.0907627702673433,1.0898630639879994,1.0924890897836632,-1.1780436244168453,-1.0885873363178398,-1.095654598206352,1.0940429951740291,-1.0910627105090158
146,-1.1179913472914458,0.9686504660891915,1.0936593135234631,1.126766988826284,1.0949548562335096,1.1094158935495853,1.1098449139032585,-1.2300346798523762,-1.0882278776951477,-1.1181532802296001,1.109954181961753,-1.1033248920660983
147,-1.1153977572821454,0.9800087812808835,1.088672640185142,1.124597105858742,1.0888882602824723,1.1063412471320386,1.1074675377696275,-1.210349660674794,-1.0868390602892921,-1.1192786162364792,1.1053285129481591,-1.0997426817235798
148,-1.1088461233890865,0.9981820855875908,1.0777613612191603,1.096662496004762,1.0585893625270129,1.095371805486104,1.0953067207568559,-1.1435712941824163,-1.0750422818536718,-1.1082020946830544,1.0895566535403625,-1.0873820877944502
149,-1.0875561323562213,1.0909957468682743,1.0704142249526682,1.0753007355281885,1.050307436593856,1.0699579311910696,1.0737831508227467,-1.0444868914320924,-1.0746501451743715,-1.0821746804668064,1.080834759556899,-1.069352941235401
150,-1.0680929308081675,1.0965126428185246,1.073837677808757,1.08105197873342,1.0671098624582445,1.0680683047469521,1.0773834570662704,-1.0995861077904001,-1.0771336774766076,-1.0820541087517836,1.0789677726658702,-1.0774424382176817
151,-1.0588800480360006,1.1565494516888968,1.0620197309630806,1.05250643095654,1.0562036225462685,1.0468980830594696,1.0495691346468736,-0.9804399390839752,-1.063294520502964,-1.0517745320523995,1.059740594235871,-1.0519339513830446
152,-1.0442431792009057,1.1107916676309368,1.0457935023575091,1.058341941461481,1.0735854424059803,1.0374339370554586,1.0325361640762902,-0.9860911407617482,-1.0490468878217165,-1.0354008931523078,1.0537495168989872,-1.0490799925936756
153,-1.0164353837098856,1.0874259906651709,1.0208288712562583,1.0266785035953183,1.0519092905809273,1.0175928593922277,1.0126757790916348,-0.9528432375575051,-1.0255513651203008,-1.0095663936800963,1.035135378940669,-1.0306965614952566
154,-1.0226599997322063,1.0871014673739794,1.0244555427750375,1.0510528200365368,1.0779479383707713,1.0267207159443192,1.020062276955386,-0.9827946064497146,-1.0340639988667804,-1.017893880131002,1.0427426538847124,-1.0412070028298988
155,-1.0183862144560114,1.1588211147272351,1.027675776968436,1.0291011884619903,1.0239279688067633,1.0286263561718614,1.0287891062195793,-0.9368314994704753,-1.0326588424326206,-1.0219692040987716,1.049012385981451,-1.0370540007295064
156,-1.0176870728013305,1.131561158267174,1.0256123259318892,1.034452161993598,1.0255979867932843,1.0233738352085524,1.027165055033642,-0.9596246795708343,-1.0306164638945974,-1.0226845962745734,1.0455013360072771,-1.037388602794467
157,-1.0213857576841587,1.130912111684791,1.040290966260051,1.0431738275136184,1.034868290718464,1.0361528343814808,1.0418402163523528,-0.9968284239495213,-1.04527257228345,-1.031558674500249,1.0596569978079144,-1.0363454316507663
158,-1.0315458646336353,1.081584571423729,1.0565015626608005,1.0803357066858825,1.081867368339138,1.05405624425032,1.0534922944394092,-1.1069326699715074,-1.0627226545123178,-1.0486798580334817,1.0619141013627404,-1.0466000008180858
159,-1.0383343045710214,1.1077086963646208,1.070257902904445,1.078229024193123,1.0780501843699462,1.0622232737969286,1.0681087551128452,-1.092898852471698,-1.0767905578822194,-1.0575458981448227,1.0720014036694938,-1.0496507843515495
160,-1.0326509595071631,1.0619509123066622,1.0632390429392216,1.0614176979009093,1.0645196304791502,1.050949570265924,1.061152728647776,-1.0800894620020747,-1.0645853037389947,-1.0516218078800372,1.0614403882709869,-1.0421714440759613
161,-1.0382328162663097,1.0679545931936987,1.060925476625518,1.0730676520858642,1.0769254783790234,1.0485635165356406,1.0610451107981056,-1.0952535198374402,-1.0635722839841353,-1.0536634889210896,1.06520222752903,-1.045143497711787
162,-1.0403979001001604,1.0825581412973024,1.0651618041323676,1.0693388240736819,1.0680982404502672,1.049988743260441,1.065750945860972,-1.0832918096194812,-1.0671832092393598,-1.0543788810968913,1.0726144441411747,-1.0456946069952515
163,-1.035221996559861,1.1129010690236796,1.0682726128920101,1.0618179675745334,1.0551811625545207,1.0506933497311286,1.0706720166231798,-1.0496671596367195,-1.0713660004852308,-1.052940058630953,1.0817264547884353,-1.0442774688377716
164,-1.0367894270437426,1.1176066567459522,1.0676629569039393,1.0615019652006197,1.0609069385083083,1.0439355331258957,1.0612309961748092,-1.071895219569303,-1.0679511435696565,-1.0507054628458643,1.0708867846300736,-1.0455568296743853
165,-1.0305197051082164,1.139836502192549,1.0647866312166319,1.050125879739722,1.0477172046147618,1.0369855511195663,1.0539521161607288,-1.040531050257651,-1.063735674267177,-1.0433988169154846,1.06464491800932,-1.040951130662576
166,-1.0317488412430589,1.1346441295334901,1.0604252460712036,1.0547816480487193,1.062917776492079,1.0312846442203651,1.047025440018297,-1.0635126037472693,-1.058752270634401,-1.0399424277514988,1.0625828727863924,-1.045635559572023
167,-1.0384808987889385,1.1388629323189756,1.0637080090838913,1.0635243803936678,1.072153998417534,1.039771949435468,1.0509388163699533,-1.0816906358107794,-1.0639970987200442,-1.0443875049786715,1.069159125118972,-1.054394260684225
168,-1.0418751187576314,1.1086822662381943,1.0630201920717093,1.0605118244290228,1.068439060447517,1.0425103064010952,1.0523476318565497,-1.0901674383274427,-1.0623468568613215,-1.045488726642546,1.0672921382279432,-1.049867291570053
169,-1.0379960102219823,1.1362667459894467,1.0574707593597845,1.062555306446999,1.0708248004282612,1.0413413002110907,1.0487864593765426,-1.0950651464481809,-1.058752270634401,-1.043173749714109,1.0635024334939143,-1.0446711183259605
170,-1.0253212486113146,1.1369157925718287,1.0517337401899918,1.0478506626475426,1.0474445486169621,1.0355282968279165,1.041576063448616,-1.0619114299385648,-1.0500762466048799,-1.0360037517274217,1.053303669283219,-1.0357746398928926
171,-1.0242612596509917,1.1458401830795866,1.049560863719689,1.06394571689222,1.0597481505176605,1.0404605421227309,1.0462916819523616,-1.0769813010793006,-1.0556478552566064,-1.0431978640571133,1.0532200728552623,-1.0461079389578498
172,-1.035188167124957,1.12912723358324,1.0527967301179095,1.058552609710757,1.055624228550944,1.049684481375371,1.0524943834697367,-1.0500439064152383,-1.0572164019738082,-1.0531329733749892,1.0465044931427556,-1.0498279266212345
173,-1.035334761342874,1.107059649782239,1.0512178774308552,1.0564037935681434,1.0617589885014314,1.05059726703058,1.0500583066908307,-1.031960061046358,-1.0547818867564847,-1.0491460686649032,1.0481485562259005,-1.048607613207849
174,-1.0450438091602983,1.0999201373760321,1.0547976523351672,1.0656942633612096,1.0852414863119053,1.0506453083808542,1.0468884718459892,-1.0130285354258106,-1.055713211369823,-1.0496846223253382,1.056981912113306,-1.0588228174263494
175,-1.047017192863027,1.1153349937076138,1.055172825250903,1.066747604607589,1.0852074043121804,1.0480831030328988,1.0449122167884028,-1.0040807994359988,-1.0555008040018687,-1.0483663715744227,1.0561738133097263,-1.0576221864873736
176,-1.0520916080986145,1.12653104725371,1.0636298480597797,1.0610174282272853,1.0706543904296375,1.047554648179883,1.0469178221686266,-0.9859969540671185,-1.0594221707948728,-1.0495077838099716,1.0538331133269436,-1.0553980668791065
177,-1.0613834262188906,1.1846207163769353,1.0812160784848939,1.0521904285826265,1.0484329266089851,1.0557697190767656,1.062336524994152,-0.9584002525406511,-1.0761043186934438,-1.0591133304401188,1.0653415549089578,-1.05527997203265
178,-1.0596468485604895,1.1648247956142714,1.0707112368442924,1.04953600864175,1.0446498246395182,1.049460288407425,1.05495981057128,-0.9690433490337944,-1.0674936507771393,-1.0545155290405837,1.055059194270306,-1.049178404965723
179,-1.0668863476299277,1.1401610254837404,1.0670845653255137,1.066768671432516,1.0536474725668992,1.0574031249860871,1.0580415944482096,-1.0124634152580325,-1.0699608440510708,-1.0615006503975695,1.0597963251878417,-1.056047588534618
180,-1.076302207011518,1.086776944082789,1.0777613612191603,1.076796480098048,1.0614863325036317,1.0757389070073944,1.0696838890943867,-1.0761336208276333,-1.0740456011271167,-1.0752619021388345,1.0694099144028417,-1.0713605536251642
181,-1.086699120005322,1.050754858760566,1.0827011379430147,1.0903635153514135,1.0770958883776482,1.0852350805782545,1.0831459037440838,-1.1427236139307493,-1.0777708995804705,-1.08360546481841,1.0847637916708555,-1.0832094032196484
182,-1.0867780553534312,1.084829804335641,1.084795853389206,1.0887835034818447,1.0750509683941525,1.0828650406313958,1.083155687184963,-1.1349061182764937,-1.0810877223262196,-1.0837823033337766,1.0861291999941451,-1.0830322609499634
183,-1.089833980973085,1.1313988966215784,1.087562753642757,1.0967678301293993,1.0844235183185071,1.0824006409120788,1.0835274579383705,-1.1367898521690871,-1.0838816961662352,-1.0873994547844597,1.0871323571296236,-1.084528129005081
184,-1.0899692987127008,1.104463463452709,1.0863278094617934,1.0874562935114058,1.0761075103856255,1.082080365243584,1.0847210377256258,-1.1342468114140885,-1.084061425477581,-1.0879299703305598,1.0818379166923773,-1.0840754320936639
185,-1.0682508015043857,1.0755808905366926,1.0760730830983494,1.0692756235988983,1.0652694344730984,1.070550441177784,1.0753191510407716,-1.0850813568174424,-1.0788492754485466,-1.0774884598095882,1.068824739407146,-1.0745294320050844
186,-1.0727726693032094,1.022845855718122,1.079262052882103,1.0525485646063952,1.0595777405190356,1.081407786339746,1.079183610188032,-1.0769813010793006,-1.0764637773161359,-1.0805992100571755,1.0749830095999429,-1.0770291062550836
187,-1.0774636842765526,1.062113173952257,1.0794183749303266,1.0572253997403194,1.0765505763820489,1.0846105430246904,1.0774617245933034,-1.1031652021863254,-1.067477311748835,-1.0835893885897403,1.0724751167612474,-1.0787611640031145
188,-1.0881876151410943,1.1072219114278334,1.0925181625714337,1.0545077793246609,1.0788340703636194,1.0969891976120008,1.090659586339264,-1.040907797036167,-1.0819700298546455,-1.0871985019260886,1.08529323571458,-1.0860239970601986
189,-1.095438390688834,1.0888863454755315,1.09484736108996,1.0719300435397747,1.112609332091021,1.0992311272914619,1.0836937764333159,-1.0535288141165338,-1.0834732204586306,-1.08360546481841,1.0794693512336095,-1.081103378457838
190,-1.094547548903031,1.0231703790093134,1.1043517416219326,1.076817546922975,1.1077696881300814,1.0992951824251609,1.0916770641906945,-1.0229181383619166,-1.0943386742809125,-1.0826007005265534,1.0823116297841309,-1.0860239970601986
191,-1.1078876227334757,1.2081486549882972,1.1122303728523832,1.089457641879527,1.0934552482456124,1.1157893793526248,1.1138659081045852,-1.1272769960114974,-1.1223764468508908,-1.110758215041537,1.0989194534714926,-1.1033052095916889
192,-1.1036814963270885,1.1643380106774854,1.10413289075442,1.0874352266864789,1.1086217381232044,1.1027541596449006,1.0973318930188378,-1.1031652021863254,-1.1102365488208827,-1.1005096192646018,1.085126042858667,-1.0922436589735822
193,-1.109003994085305,1.0731469658527584,1.1099637031531466,1.0837906659740069,1.1092692961179786,1.1115937680953474,1.1031628237828057,-1.057767215374864,-1.110906448981354,-1.1037570174558815,1.1015666736901155,-1.0986995105798794
194,-1.1076733696457508,1.0617886506610663,1.1081816318034017,1.0975894363015755,1.1170059100555372,1.1105528721727402,1.0990929123770832,-1.0921453589146632,-1.1067236577354833,-1.1051717255788154,1.098612933235652,-1.0986995105798794
195,-1.1030500135422154,1.0303098914155202,1.1039140398869076,1.0688964207502025,1.080947154346565,1.1077985014236884,1.098408071515543,-1.0314891275732094,-1.0992077047155588,-1.1009195630956792,1.082088705976247,-1.0876773249105918
196,-1.1075380519061353,1.0071064760953488,1.1032105906699028,1.0758484729763063,1.0977154982112285,1.1074301844049195,1.0959328609731207,-1.0216937113317333,-1.0960706112811558,-1.1054852120378749,1.0739241215124937,-1.0888385909007487
197,-1.1071659281221922,1.0765544604102661,1.1044455348508662,1.1018449349369488,1.096318136222506,1.1152929520664585,1.1059511044333605,-1.0909209318844775,-1.1075732872073007,-1.1053324878655124,1.0866586440378698,-1.0988963353239738
198,-1.1128267202294475,1.030958937997902,1.1016317379828482,1.112757550249438,1.121675144017852,1.1110653132423316,1.1002277915190632,-1.099020987622622,-1.1016258809045782,-1.1054530595805354,1.0830082666837684,-1.0993293497609815
199,-1.1049444618968347,1.0213855009077624,1.0997089767897021,1.1011497297143382,1.1085194921240304,1.1053804201265551,1.0991711799041162,-1.0797127152235586,-1.1004167928100683,-1.1007507626946473,1.0837885000113627,-1.0907084259696458
200,-1.1081131522995018,0.9973707773596132,1.1017724278262493,1.1039516174297073,1.114449760076167,1.112138236731788,1.1026834351797274,-1.0588974557104176,-1.1037172765275134,-1.1026879482493464,1.089751711872261,-1.0925979435129523
201,-1.1078086873853665,1.006457429512967,1.092674484619657,1.1102295312581274,1.1291391019576107,1.1105848997395897,1.0959230775322415,-1.060498629519122,-1.0957111526584637,-1.0998263795461396,1.083036132159754,-1.0901573166861813
202,-1.08556019569689,1.015868604957512,1.0849365432326066,1.0841698688227026,1.0939664782414866,1.0952116676518566,1.08774412095728,-1.030076327153767,-1.0846496304965316,-1.0863705761495988,1.0755681845956386,-1.0783084670916971
203,-1.1023959778007397,0.9778993798881409,1.088875858847832,1.1061847008720314,1.1287641999606361,1.1071259225198498,1.094357726991579,-1.0617230565493054,-1.090940156393642,-1.0937093745373179,1.0843736750070585,-1.0931096878475979
204,-1.0866201846572128,0.992340666346149,1.078136534134896,1.0701393634209297,1.0907627702673433,1.092008910966912,1.0815903366443007,-1.009826187808404,-1.0783591045994212,-1.080687629314859,1.064366263249465,-1.0735649907590217
205,-1.096656250345375,1.0116498021720255,1.0880160875826044,1.0884043006331476,1.0961477262238821,1.1012008226527026,1.0911683252649793,-1.0669033247539326,-1.0868553993175962,-1.093444116764268,1.0750666060278993,-1.0865554238692536
206,-1.0906571638890805,1.0364758339481523,1.0888445944381875,1.0708767022933954,1.083707796324284,1.096396687625286,1.0895834078425586,-1.0340321683282083,-1.0836366107416722,-1.090944263206129,1.0752337988838125,-1.0759268876881547
207,-1.0908601404985039,1.0565962780020066,1.0905328725589982,1.0968520974291098,1.117960206047835,1.1014410294040735,1.0853667448236488,-1.090732558495218,-1.0890121510537485,-1.0937897556806664,1.0849867154787394,-1.084272256837758
208,-1.0864284845260908,1.0368003572393438,1.0940657508488434,1.0886992361821342,1.1119958560959726,1.093802454710481,1.0851808594469452,-1.0704824191498579,-1.0891918803650946,-1.0872788830694369,1.0819215131203337,-1.0796075104027203
209,-1.0921231060682501,1.0874259906651709,1.099927827657215,1.08402240104821,1.1023165681740934,1.093273999857465,1.0933402491401485,-1.0572962819017158,-1.097426750630403,-1.0919490274979853,1.0778252881504646,-1.0793319557609884
210,-1.1048880795053284,1.0971616894009064,1.105743007851119,1.0821685204545817,1.0931485102480885,1.0963006049247375,1.1072131683067699,-1.0395891833113542,-1.1067236577354833,-1.1002523996058866,1.081057683364783,-1.0909642981369687
211,-1.096509656127458,1.2167485222048635,1.096582535825238,1.0817471839560306,1.0776412003732467,1.0885659475305969,1.0974590777502666,-1.084233676565778,-1.0962993576774143,-1.0967075911842172,1.0659267299046535,-1.0845871764283093
212,-1.0836544708639695,1.1951677233406486,1.0912675861856478,1.0716351079907882,1.0769595603787485,1.0844824327572926,1.0918629495673982,-1.0910151185791073,-1.0905316806860377,-1.0916837697249355,1.071471959625769,-1.0831897207452388
213,-1.0646197754913653,1.1575230215624701,1.0788087189422562,1.045891447929277,1.053920128564698,1.077484409400689,1.077853062228469,-1.1087222171694686,-1.0739148889006833,-1.0778019462686474,1.0694099144028417,-1.0746672093259504
214,-1.0638191455319725,1.0875882523107667,1.0713365250371856,1.0749636663293478,1.082003696338038,1.0828970681982453,1.0755343867401126,-1.128218862957794,-1.079241412127847,-1.0822952521818292,1.0789956381418557,-1.0896849373003548
215,-1.0620036325254623,1.1023540620599663,1.0735406659171332,1.0590371466840913,1.0598503965168353,1.0754987002560232,1.0777454443787984,-1.080937142253742,-1.0765291334293525,-1.078356576157752,1.0822837643081453,-1.0792532258633505
216,-1.062353203352803,1.1036521552247314,1.072383882760281,1.060954227752502,1.0617589885014314,1.0655060993989969,1.070691583504938,-1.0924279189985524,-1.0670851750695347,-1.075655769741242,1.0760140322114065,-1.0731910237452422
217,-1.07744113131995,1.1422704268764832,1.084092404172201,1.0747529980800719,1.061145512506383,1.0750182867532816,1.0815903366443007,-1.128218862957794,-1.0803524660525314,-1.0888061247930585,1.0896123844923333,-1.080257032058232
218,-1.0935101128993108,1.0862901591460017,1.0909549420892015,1.084212002472558,1.0752213783927773,1.0891104161670375,1.0938196377432263,-1.104860562689657,-1.0895676780160908,-1.095212501917935,1.0941544570779713,-1.0905116012255514
219,-1.0979530453500252,1.094890026362568,1.0884694215224517,1.0940502097137408,1.0922623782552405,1.091544511247595,1.0911683252649793,-1.1127722450385424,-1.090727749025688,-1.0934200024212632,1.092928376134609,-1.0952944425070459
220,-1.1034108608478572,1.0809355248413473,1.0930965541498598,1.0932918040163482,1.0831965663284095,1.0923291866354063,1.0944066441959748,-1.131327023880571,-1.0918714810069805,-1.0976641267900646,1.0905040797238696,-1.0944480961074399
221,-1.106568274772223,1.0561094930652204,1.0904390793300647,1.1150749009914724,1.1003057301903227,1.0951155849513081,1.0954632558109219,-1.211103154231829,-1.0880154703271936,-1.0994646644010713,1.0954641344492897,-1.0978728466546828
222,-1.0992611168329767,1.020898715970975,1.0862340162328594,1.1078068463914554,1.0961136442241572,1.0906317255923859,1.0919607839761896,-1.2006484311279448,-1.0808753149582653,-1.0951240826602515,1.0901139630600727,-1.0919287393830313
223,-1.095912002777489,0.9910425731813852,1.0867811434016408,1.1028772093583998,1.0834351403264844,1.0928416277049975,1.0924890897836632,-1.1908530148864687,-1.0798132781184935,-1.0941032421397257,1.088776420212768,-1.088307164091694
224,-1.098753675309418,0.9926651896373406,1.0858588433171237,1.107532977667397,1.0886837682841235,1.0952917365689803,1.0912368093511333,-1.1917948818327655,-1.0795681926939305,-1.0984277476518753,1.084345809531073,-1.0915350898948424
225,-1.0881086797929853,1.0909957468682743,1.0798091800508847,1.0835167972499473,1.063837990484652,1.0895748158863545,1.083830744605624,-1.0824441293678142,-1.080744602731832,-1.0860651278048745,1.0835655762034788,-1.080079889788547
226,-1.075896253792671,1.1137123772516584,1.0678974399762744,1.0755114037774645,1.0579418045322395,1.072007695469434,1.0675608824236131,-1.057202095207086,-1.0713496614569264,-1.0734050977274838,1.0751780679318415,-1.06974659072359
227,-1.0562187991568925,1.1365912692806373,1.06053467150496,1.0420362189675287,1.0300627287572504,1.0476507308804313,1.052308498093033,-0.9626386537989814,-1.0632618424463556,-1.0511154066769417,1.056341006165639,-1.043352392540528
228,-1.0686793076798353,1.1687190751085665,1.0731654930013974,1.0580470059124956,1.0442749226425436,1.056954739050195,1.062121289294811,-0.9872213810973044,-1.0721339348155274,-1.0637111318396535,1.0653972858609289,-1.0534691843869812
229,-1.0682056955911805,1.1432439967500567,1.067991233205208,1.0679484136284607,1.0500006985963313,1.055689650159642,1.0604189705818405,-1.0154773894861797,-1.0674446336922268,-1.063309226122911,1.059907787091784,-1.0543155307865872
230,-1.0694686611609268,1.1870546410608696,1.0728528489049507,1.0710452368928163,1.0590324285234374,1.06039770248651,1.0633931366090992,-1.0024796256272968,-1.0728038349759987,-1.0632770736655714,1.0673757346558996,-1.0641370855168988
231,-1.0681605896779751,1.1617418243479554,1.0723213539409915,1.0817471839560306,1.079140808361144,1.0652338650807762,1.0601450342372247,-1.026685606147101,-1.0750912989385843,-1.0634860646382776,1.0709703810580302,-1.0694119886586293
232,-1.0558128459380454,1.144379828269226,1.0675222670605387,1.0664948027084575,1.073006048410657,1.0570668355341681,1.0518388929308344,-1.0059645333285925,-1.0634742498143102,-1.0525863816002194,1.0636974918258126,-1.0604564628023332
233,-1.0543130743239717,1.1359422226982552,1.0643176650719621,1.0678641463287504,1.0805722523495904,1.0540402304668957,1.0492756314204994,-0.9890109282952657,-1.061301159049854,-1.0483583334600879,1.0666790977562621,-1.061696458690128
234,-1.0499490772213664,1.0991088291480544,1.0597061646493768,1.0750690004539853,1.099862664193899,1.0500047570438658,1.0441686752815882,-0.991083035577116,-1.0585071852098384,-1.0439454086902547,1.071304766769856,-1.066813902036583
235,-1.0443108380707136,1.1270178321904973,1.0567673101427797,1.0727516497119507,1.1006465501875722,1.0507093635145532,1.0439827899048846,-1.0038924260467421,-1.058915660917443,-1.0420403755928949,1.0680723715555374,-1.0613028092019392
236,-1.0336658425542808,1.119553796493099,1.043870741164363,1.077828754519499,1.1178579600486602,1.0477788411478293,1.038376878281137,-1.0398717433952431,-1.0532460180958916,-1.0373702311643462,1.0579014728208274,-1.0554767967767442
237,-1.0231674412557652,1.1077086963646208,1.0429640732846683,1.0608910272777197,1.0932166742475384,1.0493802194903012,1.0379170565598175,-1.0177378701572892,-1.0516447933220816,-1.0332707928535723,1.0572884323491465,-1.0504971307511555
238,-1.021577457815281,1.0806110015501555,1.0396344136575135,1.0696337596226684,1.1008510421859221,1.0481631719500226,1.0341406483804692,-1.045428758378389,-1.0497658050671004,-1.0333833264542602,1.061217464463103,-1.056086953483437
239,-1.0346017902532891,1.1344818678878945,1.043292349585937,1.0484194669205875,1.0596799865182107,1.0476026895301571,1.0415564965668578,-0.9633921473560189,-1.0517264884636026,-1.0387929774016151,1.0759583012594356,-1.0590196421704439
240,-1.0316699058949497,1.1320479432039603,1.031990265499397,1.0558560561200254,1.0669394524596205,1.0378823229913507,1.0292097941773823,-0.9709270829263854,-1.0435079572265982,-1.028375581223648,1.0613289263670447,-1.0549060050188706
241,-1.0277682444026979,1.1047879867439006,1.0324748638488892,1.0520850944579878,1.0742670824004794,1.032165402308725,1.0298946350389222,-0.9756364176578641,-1.0463999652364386,-1.0241234187405115,1.0516038752481034,-1.0485485657846205
242,-1.030271622585588,1.0882372988931486,1.0293171584747802,1.0584051419362643,1.0754599523908521,1.0295231280436459,1.025081182126385,-0.9759189777417532,-1.0423805642736095,-1.024276142912874,1.0489009240775093,-1.0486272956822584
243,-1.0352332730381624,1.0796374316765822,1.038696481368174,1.0538547077519056,1.0733127864081815,1.036296958432303,1.0330938202064013,-0.9679131086982382,-1.0467267458025225,-1.0306101770087364,1.0572884323491465,-1.0517764915877692
244,-1.0460812451640187,1.098784305856863,1.0470440787432949,1.0614808983756916,1.0825149263339113,1.0447362222971317,1.0377605215057513,-0.9917423424395237,-1.0510402492748265,-1.0389698159169818,1.0613567918430302,-1.0617948710621752
245,-1.0493965297846024,1.1211764129490556,1.0534063861059804,1.0621971704232303,1.0844916823179571,1.0481791857334473,1.0404509677475149,-0.9935318896374851,-1.0575105044832833,-1.0408025059853279,1.0620255632666826,-1.0593936091842233
246,-1.0495769534374233,1.1281536637096665,1.0581585763719668,1.05189549303364,1.0718813424197342,1.0467379452252221,1.0418206494705946,-0.9701735893693479,-1.0585725413230553,-1.0414294789034462,1.0576506835369581,-1.0568152050365864
247,-1.0733026637833707,1.152655172194602,1.080012398713575,1.0626395737467094,1.0528635865732252,1.0651217685968035,1.0673945639286677,-1.0184913637143267,-1.0762186918915733,-1.0684616574115504,1.0645613215813634,-1.0611059844578448
248,-1.0755805124002344,1.1296140185200272,1.0772454984600235,1.0638614495925096,1.051977454580377,1.063392279986933,1.068529443070648,-1.0335612348550598,-1.0732940058251241,-1.0705997958246207,1.065843133476697,-1.062759312308238
249,-1.0830680939923016,1.0965126428185246,1.075432162700634,1.0696758932725234,1.0551811625545207,1.0660345542520127,1.071444908452632,-1.0538113742004203,-1.0733920399949495,-1.074048146874272,1.0696607036867112,-1.0652393040838277
250,-1.0916720469361978,1.063898052053809,1.075666645772969,1.078839962116023,1.0564081145446182,1.0831693025164653,1.0811402983638603,-1.1138082986794662,-1.0756958429858392,-1.0873190736411111,1.0687690084551749,-1.0761827598554776
251,-1.093555218812516,1.0236571639461007,1.074697449073985,1.0904899163009791,1.068370896448067,1.088149589161554,1.0811500818047395,-1.1481864422192654,-1.0723626812117857,-1.090518243146382,1.06712494537203,-1.0821859145503574
252,-1.1032417136733377,1.0230081173637176,1.0892822961732125,1.0971680998030244,1.0751532143933276,1.0987827413555697,1.093105446559049,-1.1576051116822255,-1.0834732204586306,-1.1001077135478594,1.084122885723189,-1.08986207957004
253,-1.1033206490214469,1.0098649240704745,1.093174715173971,1.1023084050853549,1.0806744983487653,1.1005762850991385,1.096999256028947,-1.1795506115309176,-1.084502579241794,-1.1019243273875357,1.0921202773310292,-1.0926569909361805
254,-1.0994866463990027,1.0593547259771323,1.086218384028037,1.0904477826511239,1.0711997024252358,1.0887100715814195,1.087450617730906,-1.1804924784772144,-1.0729835642873449,-1.0926483434451173,1.0832869214436238,-1.084449399107443
255,-1.105282756245874,1.129776280165622,1.0990524241871649,1.0919435272209823,1.0698705044359633,1.0973575146307692,1.0978993325898279,-1.1537434572024112,-1.0877377068460221,-1.099488778744076,1.099922610606971,-1.090491918751142
256,-1.0852331778261521,1.1523306489034102,1.079871708870174,1.0772810170713825,1.061895316500331,1.0761232378095875,1.0786650878214377,-1.1417817469844551,-1.069715758626508,-1.0834447025317129,1.0822837643081453,-1.0778951351290988
257,-1.0790311147604341,1.1429194734588661,1.076542049243019,1.0663052012841097,1.0523182745776267,1.0717674887180633,1.0753191510407716,-1.1204955539981682,-1.0672322263242724,-1.0814673264053394,1.0763205524472472,-1.073131976322014
258,-1.0725809691720871,1.1266933088993059,1.0799342376894632,1.0577942040133643,1.0455018746326412,1.0707426065788808,1.0770312531946211,-1.0936523460287355,-1.071937866475877,-1.0815798600060276,1.0826738809719425,-1.0733878484893367
259,-1.0626351153103355,1.1021918004143705,1.0691167519524154,1.0624289054974334,1.061997562499506,1.0678921531292802,1.0691947170504297,-1.110135017588914,-1.0695523683434665,-1.0757039984272512,1.076432014351189,-1.078032912449965
260,-1.0585530301652628,1.0958635962361425,1.0715553759046978,1.0551608508974162,1.050307436593856,1.0714472130495685,1.0727754564121952,-1.0800894620020747,-1.074339703636592,-1.0768052200911258,1.0787169833820005,-1.0761433949066586
261,-1.059004089297315,1.0797996933221778,1.0681944518678983,1.0640721178417845,1.0689502904433903,1.0812476485054985,1.0704861312464762,-1.130102596850385,-1.0747971964291092,-1.077448269237914,1.076432014351189,-1.0863782815995686
262,-1.0832259646885198,1.1570362366256828,1.0880160875826044,1.0656731965362816,1.0779479383707713,1.0910000426111544,1.085503712995957,-1.1046721893003977,-1.0877540458743264,-1.0842887045368723,1.0695213763067835,-1.0868309785109858
263,-1.096656250345375,1.1750472792867943,1.102741624525233,1.0707081676939745,1.0737558524046051,1.1045156758216201,1.0999342882926892,-1.0971372537300312,-1.1029330031689129,-1.0940710896823862,1.081364203600624,-1.0923223888712201
264,-1.1066359336420308,1.1813754834650234,1.1096354268518775,1.077449551670802,1.080095104353442,1.112298374566035,1.1072425186294073,-1.1090989639479873,-1.1119194687362135,-1.1015063454421232,1.0859062761862612,-1.1012385497786974
265,-1.109782071088095,1.1899753506815898,1.1085724369239598,1.0974630353520098,1.1082468361262308,1.1159014758365975,1.1113515637986462,-1.1404631332596395,-1.1203177292845636,-1.1091827446319062,1.0940987261260002,-1.1073007518968057
266,-1.108564211431554,1.224699342839048,1.1100731285869025,1.1000753216430308,1.1056566041471367,1.1153890347670063,1.113073449393375,-1.150446922890375,-1.1222947517093698,-1.1144235951782293,1.096244367776884,-1.1037185415542872
267,-1.099791111313138,1.2162617372680773,1.1048207077666024,1.104688956302173,1.0940005602412115,1.1102325965042459,1.1082208627173211,-1.1459259615481556,-1.115154596340442,-1.1123417235655026,1.0914236404313915,-1.1038760013495628
268,-1.0941528721624851,1.1672587202982057,1.0930496575353927,1.101486798913179,1.089160916280272,1.1003520921311922,1.0996114347436776,-1.1371665989476059,-1.1013971345083193,-1.1036042932835195,1.0822558988321598,-1.099132525016887
269,-1.087364432225099,1.0952145496537595,1.091658391306206,1.0861080167160413,1.0739603444029548,1.096332632491587,1.0982906702249937,-1.0767929276900412,-1.097867904394616,-1.0970853825579552,1.080834759556899,-1.0889566857472055
270,-1.0892363276231158,1.0294985831875414,1.0864841315100169,1.099274782295783,1.0943754622381863,1.0929537241889706,1.0932815484948737,-1.0669033247539326,-1.0900905269218246,-1.0944971097421332,1.0799151988493774,-1.0875198651153162
271,-1.0869359260496494,0.989906741662216,1.0826386091237252,1.085665613392561,1.0798906123550922,1.0828650406313958,1.0884093949370617,-1.0169843766002544,-1.0827706422415504,-1.0868689392383595,1.077212247678783,-1.0727186443594157
272,-1.0936567071172276,1.0153818200207247,1.0825604480996136,1.1040990852041999,1.104395570157314,1.0900872569559452,1.0883800446144243,-1.0687870586465262,-1.0825582348735963,-1.0920535229843384,1.0767106691110444,-1.077363708320044
273,-1.0939498955530618,1.0846675426900452,1.0911894251615362,1.0921752622951855,1.0948185282346097,1.0965408116761086,1.0927336758056416,-1.0594625758781957,-1.0896493731576118,-1.0963780284964886,1.0797480059934645,-1.078957988747209
274,-1.091897576502224,1.0810977864869429,1.0886882723899645,1.0846965394458923,1.0923987062541403,1.0940586752452763,1.0918727330082774,-1.0426031575395014,-1.0837673229681057,-1.0943765380271107,1.075707511975566,-1.0753757784046905
275,-1.0925741652003023,1.068928163067272,1.0901889640529072,1.0784396924423991,1.0869455862981514,1.095131598734733,1.0931347968816867,-1.028004219871914,-1.0845352572984024,-1.0937977937950012,1.0793578893296674,-1.0744113371586277
276,-1.090386528409849,0.9989933938155696,1.0875002248234675,1.071403372916585,1.0785954963655446,1.0941227303789753,1.090874822038605,-1.0292286469021,-1.080662907590311,-1.0886453625063615,1.075763242927537,-1.0773243433712252
277,-1.0933973481162977,1.025928826984439,1.0865153959196616,1.0869717565380714,1.0924327882538654,1.0973415008473446,1.088986617948931,-1.0607811896030113,-1.0811367394111324,-1.0906468529757394,1.0723357893813197,-1.0830519434243728
278,-1.0940964897709786,1.007593261032136,1.088234938450117,1.0868664224134341,1.0986357122038015,1.096973183828576,1.0895344906381628,-1.0708591659283766,-1.0825418958452921,-1.0916033885815868,1.0726423096171602,-1.0834259104381523
279,-1.0867893318317323,1.0022386267274814,1.0854680381965656,1.064577721640047,1.074573820398003,1.0899751604719725,1.0853960951462864,-1.0376112627241334,-1.0771173384483033,-1.0846504196819406,1.0633352406380012,-1.0735453082846123
280,-1.10343341380446,1.0184647912870408,1.1017880600310717,1.091690725321851,1.108962558120454,1.1103286792047944,1.100961549584999,-1.0773580478578166,-1.0976554970266617,-1.1022378138465947,1.0847080607188844,-1.094763015697991
281,-1.1016742831894561,1.0465360559750794,1.107274963923707,1.0785028929171825,1.097272432214804,1.1086632457286234,1.1019301102320338,-1.065773084418379,-1.0992403827721673,-1.1002041709198773,1.0874946083174353,-1.0892716053377567
282,-1.1191753775130826,1.0614641273698748,1.1170138275280141,1.0974630353520098,1.1222545380131754,1.1208497349148367,1.1089350539014984,-1.0795243418342992,-1.107932745829993,-1.1094721167479609,1.1016781355940577,-1.103482351861374
283,-1.114721168584067,1.077203506992648,1.1154193426361374,1.0826741242528442,1.1064404901408098,1.1140438769593302,1.1081034614267713,-1.0440159579589439,-1.1072301676129128,-1.1012330495547384,1.0991145118033911,-1.0968493579853917
284,-1.1114848193115923,1.0874259906651709,1.1056023180077184,1.0842962697722682,1.1142111860780932,1.110024417319725,1.098867893236863,-1.0456171317676484,-1.0950739305546004,-1.0953973785476365,1.0934299547023478,-1.0950385703397232
285,-1.0949309491652752,1.107059649782239,1.1010220819947774,1.0611227623519228,1.0831965663284095,1.102866256128874,1.0956491411876255,-1.0549416145359762,-1.0890775071669652,-1.0910889492641562,1.0940987261260002,-1.0868309785109858
286,-1.088875480317474,1.0830449262340898,1.094862993294782,1.078060489593702,1.0977154982112285,1.1028342285620245,1.0925086566654216,-1.0980791206763278,-1.086397906525079,-1.0943283093411014,1.0958821165890724,-1.0936017497078339
287,-1.0825719289470441,1.0624376972434484,1.091580230282094,1.0815997161815367,1.0943072982387363,1.1014410294040735,1.0940544403243257,-1.1102292042835435,-1.0876069946195888,-1.0958796654077276,1.098557202283681,-1.095924281688148
288,-1.0678674012421412,1.0085668309057094,1.0792151562676366,1.0571832660904643,1.0623724644964796,1.085443259762776,1.084730821166505,-1.0865883439315174,-1.0768885920520446,-1.0869975490677173,1.0843736750070585,-1.079233543388941
289,-1.0708782209485899,1.008080045968922,1.0777144646046932,1.0746897976052883,1.07372177040488,1.0819682687596113,1.0849167065432086,-1.109475710726506,-1.080957010099786,-1.0904459001173683,1.086324258326044,-1.0818513124853968
290,-1.0721637394749388,1.006295167867371,1.0751038863993654,1.0809887782586367,1.0738921804035049,1.0793740358448063,1.0836448592289203,-1.1204013673035387,-1.079159716986326,-1.0900681087436304,1.0864914511819568,-1.0821465496015386
291,-1.0763247599681207,1.0275514434403945,1.0761825085321057,1.068601485201216,1.0562717865457183,1.0758830310582166,1.0863450889115631,-1.0963837601729938,-1.0788329364202425,-1.0894009452538376,1.0895287880643771,-1.0760843474834303
292,-1.0939837249879656,1.072822442561567,1.0838579210998665,1.086655754164158,1.0644173844799754,1.0828169992811216,1.0939370390337761,-1.1221909145014999,-1.083064744751026,-1.0994485881724017,1.0984736058557243,-1.0849611434420887
293,-1.106793804338249,1.117119871809166,1.0890478131008778,1.1030457439578207,1.0776752823729716,1.090871932343757,1.0975764790408162,-1.1467736417998229,-1.0881788606102352,-1.1065623193587448,1.1066660557954633,-1.0894093826586226
294,-1.0988438871358284,1.1231235526962025,1.087562753642757,1.0899421788528614,1.0699727504351382,1.08491480490976,1.091354210641683,-1.1284072363470534,-1.0828523373830714,-1.0994566262867365,1.098278547523826,-1.08208750217831
295,-1.0974456038264664,1.0978107359832894,1.0873282705704224,1.0952510187346138,1.0806744983487653,1.0856033975970234,1.092254287202564,-1.1415933735951957,-1.0819863688829499,-1.0988296533686182,1.0968574082485654,-1.0853547929302776
296,-1.099497922877304,1.0325815544538586,1.084358151654181,1.1070905743439179,1.0958750702260824,1.0873328862068934,1.0915890132227821,-1.1837890127892505,-1.080058363543056,-1.0992235209710257,1.0944052463618406,-1.0940347641448416
297,-1.107346351775013,1.0282004900227775,1.0942064406922445,1.1126943497746558,1.099964910193074,1.097645762732414,1.101949677113792,-1.1812459720342516,-1.0862345162420377,-1.1067150435311068,1.1037123153409998,-1.100825217816099
298,-1.100569188315928,1.004997074702606,1.0927057490293013,1.1060161662726105,1.0960113982249824,1.0945711163148675,1.097351459900596,-1.1441364143501944,-1.083522237543543,-1.1028889011077176,1.0966066189646955,-1.097439832217675
299,-1.1017532185375654,1.0387474969864907,1.0920335642219416,1.1096607269850824,1.0969316122175554,1.094907405766787,1.094357726991579,-1.1366956654744576,-1.0859894308174747,-1.102012746645219,1.0893894606844496,-1.0974988796409035
300,-1.0956639202548601,1.0611396040786834,1.0791057308338803,1.0938816751143199,1.0739944264026797,1.0841621570887983,1.0823534450328736,-1.1028826421024365,-1.0751893331084095,-1.0911211017214957,1.0713326322458416,-1.0855713001487814
301,-1.0876012382694265,1.0871014673739794,1.075275840652411,1.0727305828870237,1.0514321425847788,1.0768118304968504,1.0805532919111118,-1.0527753205594963,-1.0743887207215046,-1.0833482451596947,1.0679330441756096,-1.077088153678312
302,-1.0862142314383658,1.1127388073780848,1.0703204317237343,1.0758906066261613,1.056510360543793,1.0680522909635275,1.0731472271656024,-1.0383647562811684,-1.0729018691458239,-1.076363123802709,1.0615239846989435,-1.0740964175680767
303,-1.0771141134492122,1.138051624090998,1.0652868617709463,1.0653993278122231,1.0462857606263145,1.0569387252667701,1.065036754676795,-1.013499468898959,-1.0684576534470862,-1.0672237878039834,1.0559230240258564,-1.0641370855168988
304,-1.066604435672395,1.1313988966215784,1.0639268599514042,1.0499994787901563,1.0344252247220405,1.0493802194903012,1.0584133652016166,-0.991365595661005,-1.0637520132954812,-1.0590811779827793,1.0550313287943205,-1.0501034812629666
305,-1.067743359980827,1.1395119789013586,1.0638486989272924,1.072203912263833,1.0668031244607208,1.0554974847585452,1.0545684729361147,-1.0118982950902544,-1.067395616607314,-1.061524764740574,1.0674036001318852,-1.057287584422413
306,-1.0571660233342022,1.0963503811729287,1.0586119103118141,1.0570357983159704,1.0543972765608474,1.0485795303190653,1.0492854148613786,-0.9783678318021223,-1.061219463908333,-1.0514530074790054,1.072057134621465,-1.0527802977826506
307,-1.049193553175179,1.0676300699025083,1.0520463842864383,1.0576888698887257,1.0596118225187607,1.044031615826444,1.0421630699013642,-0.9818527395034178,-1.0531479839260662,-1.0447652963524094,1.0662053846645085,-1.0520717287039107
308,-1.0499603536996678,1.0801242166133684,1.0500767264788256,1.06900175487484,1.0741307544015797,1.0454088012009701,1.0423783056007057,-1.0007842651239651,-1.054994294124439,-1.045006439782455,1.067905178699624,-1.060003765890916
309,-1.0399242880115056,1.0653584068641697,1.0452776395983723,1.0529909679298743,1.061895316500331,1.0409249418420479,1.0363125722556383,-0.9777085249397172,-1.050174280774705,-1.0361645140141185,1.062889393022233,-1.0529771225267452
310,-1.041784906931221,1.0861278975004058,1.0471691363818731,1.054760581223791,1.0673825184560441,1.0436472850242509,1.038102941936521,-0.9805341257786023,-1.0516284542937773,-1.0379328991677859,1.0641712049175664,-1.0574056792688695
311,-1.0451678504216126,1.0922938400330393,1.0449493632971036,1.0657153301861366,1.082787582331711,1.044896360131379,1.0377800883875092,-0.9983354110635961,-1.0515630981805606,-1.0399986945518427,1.0657595370487403,-1.0598856710444593
312,-1.0432846785452945,1.0871014673739794,1.0508583367199418,1.062176103598302,1.0854118963105301,1.048355337351119,1.0418793501158692,-0.989481861768414,-1.0554027698320438,-1.0408025059853279,1.0685739501232765,-1.0610075720857977
313,-1.0397664173152872,1.1211764129490556,1.0488105178882174,1.054170710125819,1.0762779203842503,1.046225504155631,1.03845514580817,-0.9771434047719391,-1.0555824991433895,-1.0381981569408358,1.0630565858781462,-1.0563034607019408
314,-1.039901735054903,1.110142621048555,1.0492013230087756,1.0663052012841097,1.0977154982112285,1.0482272270837214,1.037271349461794,-0.9975819175065587,-1.0576738947663253,-1.0395244458060864,1.0597127287598855,-1.0618736009598129
315,-1.0340605192948265,1.1249084307977546,1.0464656871648688,1.065146525913092,1.1030663721680416,1.0462094903722061,1.0370365468806946,-0.9810050592517507,-1.060958039455466,-1.037265735677993,1.0583473204365956,-1.0596888463003649
316,-1.026742084877279,1.1093313128205773,1.0391029186935545,1.0434055625878227,1.0816969583405132,1.034231180370514,1.0281923163259516,-0.9579293190675027,-1.0497658050671004,-1.0269046063003702,1.0485108074137122,-1.0456552420464327
317,-1.0310722525449805,1.1288027102920484,1.0378054456933017,1.0618811680493156,1.097272432214804,1.0396598529514949,1.0259127746011119,-1.0004075183454464,-1.0502232978596175,-1.0294768028875225,1.050712180016567,-1.0523276008712334
318,-1.0321322415053034,1.121500936240247,1.0454964904658846,1.0562563257936506,1.091819312258816,1.0438554642087718,1.0343852344024476,-0.972245696651201,-1.0576085386531084,-1.0326277437067841,1.060966675179233,-1.0553783844046971
319,-1.0346807256013983,1.1229612910506066,1.0399157933443153,1.0580259390875675,1.0910013442654178,1.0378502954245012,1.0272041887971584,-1.0009726385132245,-1.0471188824818227,-1.0310040446111444,1.0501548704968566,-1.0516583967413125
320,-1.0432846785452945,1.0979729976288852,1.047528677092787,1.0569093973664059,1.083741878324009,1.0443999328452125,1.035177693113658,-0.9819469261980475,-1.054275376879055,-1.036043942299096,1.059907787091784,-1.0549256874932798
321,-1.0488778117827424,1.1163085635811871,1.0529843165757777,1.0590371466840913,1.0795157103581177,1.049796577859344,1.0404216174248775,-0.9835481000067494,-1.057853624077671,-1.0409311158146854,1.0659824608566242,-1.059964400942097
322,-1.052328414142942,1.1161463019355915,1.0543755828049646,1.0673164088806337,1.0851051583130056,1.0520545213222299,1.0419184838793858,-0.9988063445367419,-1.0584908461815343,-1.0448697918387624,1.067905178699624,-1.064274862837765
323,-1.055057321891858,1.1078709580102166,1.0592997273239961,1.0590371466840913,1.060123052514635,1.0561860774458085,1.0483853383004977,-0.9828887931443443,-1.06218346657828,-1.049973994441393,1.0692984524988995,-1.0639402607728043
324,-1.0711939623410265,1.120851889657864,1.0690698553379485,1.072793783361806,1.0615544965030816,1.0636324867383042,1.0587264353097492,-1.0417554772878341,-1.0676243630035729,-1.0661306042544436,1.0708310536781025,-1.0683097700917006
325,-1.0737875523503269,1.1421081652308873,1.0741346897003812,1.0674428098301993,1.0482625166103603,1.0683725666320218,1.0677467678003167,-1.0237658186135836,-1.0754834356178846,-1.0717492461745046,1.0760697631633775,-1.0665973948180791
326,-1.0762119951851077,1.1033276319335397,1.0717742267722106,1.0740577928574613,1.0542609485619476,1.0674918085436622,1.067061926938777,-1.0518334536131995,-1.0734083790232536,-1.0751493685381466,1.0734782738967255,-1.0678570731802834
327,-1.0933071362898872,1.070226256232037,1.0725089403988597,1.080630642234868,1.050409682593031,1.0818401584922135,1.0826958654636436,-1.0763219942168927,-1.0747645183725008,-1.0930743635048645,1.0875503392694061,-1.0754151433535093
328,-1.1035912845006781,1.0226835940725272,1.0752133118331217,1.0969152979038932,1.0641106464824517,1.0917046490818425,1.0910117902109129,-1.1248281419511283,-1.0768885920520446,-1.104223228087303,1.0899189047281743,-1.0864176465483875
329,-1.1135145854058273,0.9681636811524054,1.086734246787174,1.1155173043149518,1.0756985263889258,1.1028182147785996,1.1047575246461054,-1.1760657038296245,-1.0838816961662352,-1.1145441668932519,1.1032664677252315,-1.0961801538554707
330,-1.1144618095831371,0.9681636811524054,1.0887820656188985,1.115369836540459,1.077334462375723,1.0985585483876232,1.1038672315261036,-1.222970677755158,-1.0819700298546455,-1.1093997737189472,1.0995603594191594,-1.0987388755286982
331,-1.1037942611101017,1.0593547259771323,1.0889071232574767,1.102498006509704,1.0676892564535687,1.0883897959129247,1.0931445803225657,-1.1674005279237019,-1.0813818248356948,-1.099737960288456,1.0864914511819568,-1.0901966816350004
332,-1.1020125775384952,1.0682791164848902,1.090564136968643,1.0933971381409855,1.063906154484102,1.0881976305118284,1.0932130644087195,-1.135094491665753,-1.0839143742228434,-1.0982026804504994,1.0875503392694061,-1.089330652760985
333,-1.083417664819642,1.078988385094199,1.081044124231848,1.0809255777838545,1.0560672945473686,1.0802868215000152,1.0884974459049739,-1.1074977901392855,-1.0828033202981588,-1.091868646354637,1.0789956381418557,-1.0892125579145282
334,-1.0853797720440692,1.0629244821802357,1.0838891855095112,1.0769439478725407,1.062065726498956,1.0881656029449789,1.0921662362346516,-1.1017524017668803,-1.0862508552703416,-1.0963619522678187,1.0874110118894786,-1.0912398527787008
335,-1.084455100823362,1.0501058121781828,1.0832482651117956,1.0686646856759983,1.0695978484381645,1.0925213520365031,1.090317165908494,-1.1043896292165087,-1.0844699011851857,-1.0960002371227504,1.0925661249467973,-1.0915941373180709
336,-1.0812074750725862,1.0629244821802357,1.0829825176298165,1.0569304641913329,1.0708248004282612,1.091544511247595,1.085787432781452,-1.0902616250220698,-1.076300387033094,-1.0884765621053298,1.086379989278015,-1.0864963764460251
337,-1.079989615416045,1.11144071421332,1.0817632056536752,1.044522104308984,1.0718813424197342,1.0843543224898946,1.0792912280377027,-1.0366693957778368,-1.0690458584660367,-1.078091318384702,1.0704966679662764,-1.0732500711684705
338,-1.0872967733552912,1.1190670115563128,1.0866248213534175,1.050568283063201,1.081799204339688,1.089606843453204,1.0830872030988092,-1.024519312170621,-1.0749279086555426,-1.0799561609103876,1.073506139372711,-1.0757497454184697
339,-1.1011330122309935,1.1091690511749817,1.0959885120419894,1.070392165320061,1.1075651961317325,1.1015531258880467,1.090532401607835,-1.0484427326065335,-1.087280214053505,-1.0892803735388148,1.0798037369454354,-1.0874411352176785
340,-1.1078425168202706,1.09813525927448,1.1063370316343675,1.0739524587328226,1.1060655881438353,1.1094799486832843,1.0999832054970848,-1.0259321125900636,-1.0970346139511027,-1.0945774908854817,1.0926497213747535,-1.094900793018857
341,-1.1049331854185336,1.0871014673739794,1.1099168065386797,1.081620783006465,1.109030722119904,1.1118820161969922,1.1032215244280803,-1.0444868914320924,-1.1006455392063272,-1.102125280245907,1.0995324939431739,-1.0928734981546846
342,-1.0935439423342146,1.0856411125636198,1.097754951186912,1.0773652843710928,1.1042592421584143,1.101168795085853,1.0924303891383884,-1.0788650349718916,-1.0904663245728208,-1.0969165821569233,1.0862127964221018,-1.0845674939538998
343,-1.093295859811586,1.095052288008164,1.0979425376447796,1.0845069380215444,1.1106666581067002,1.104003234752029,1.094289242905425,-1.0821615692839277,-1.0941916230261746,-1.099585236116094,1.0872159535575803,-1.0870474857294896
344,-1.0905105696711634,1.085478850918024,1.0940970152584881,1.0896051096540207,1.1141430220786432,1.1033947109818893,1.0909530895656383,-1.0782999148041135,-1.0924760250542356,-1.0964342952968322,1.0884698999769278,-1.086220821804293
345,-1.0909954582381194,1.0578943711667714,1.0983177105605157,1.09485074906099,1.1113142161014744,1.1062451644314901,1.094357726991579,-1.0644544706935635,-1.0980966507908745,-1.0967558198702265,1.098167085619884,-1.088897638323977
346,-1.088029744444876,1.0389097586320866,1.0950036831381829,1.0953563528592514,1.1107348221061502,1.1029623388294219,1.0903660831128899,-1.0586148956265313,-1.094926879299863,-1.093757603223327,1.096885273724551,-1.088307164091694
347,-1.0868682671798418,1.0166799131854898,1.093612416908996,1.0967467633044723,1.1073607041333828,1.0975176524650168,1.0903367327902524,-1.0415671038985748,-1.0941752839978705,-1.0909764156634685,1.0952969415933769,-1.0847643186979943
348,-1.0988213341792257,1.0319325078714756,1.0956446035358984,1.113368488172338,1.1160516140632393,1.1005922988825634,1.0970579566742218,-1.063889350525788,-1.1020016785555744,-1.0998424557748092,1.0935692820822753,-1.0910430280346064
349,-1.097355392000056,1.059516987622728,1.0979269054399574,1.1065217700708732,1.104497816156489,1.0987827413555697,1.101020250230274,-1.0501380931098678,-1.104125752235118,-1.1005658860649459,1.095687058257174,-1.0883858939893316
350,-1.0998474937046445,1.066494238383339,1.1006312768742195,1.1062268345218866,1.1024528961729934,1.1004802023985902,1.1020181611999462,-1.0786766615826322,-1.106347860084487,-1.1039258178569136,1.0935135511303042,-1.094369366209802
351,-1.1014600301017314,1.1636889640951023,1.1058524332848754,1.0903003148766301,1.0822422703361116,1.10393917961833,1.1084556652984205,-1.0873418374885548,-1.111805095538084,-1.1061362992989976,1.0884420345009422,-1.0972430074735808
352,-1.1064329570326072,1.198737479543752,1.1096354268518775,1.1019713358865144,1.1013622721817955,1.108727300862322,1.111967920574032,-1.1204013673035387,-1.118667487425841,-1.1115459502463523,1.0901975594880293,-1.1029509250523188
353,-1.1099286653060119,1.2173975687872465,1.1123710626957843,1.1018660017618758,1.1046341441553889,1.1110653132423316,1.113856124663706,-1.119082753578723,-1.1230626860396666,-1.1134429452293773,1.0934299547023478,-1.1053718694046804
354,-1.1126124671417228,1.2021449741012595,1.1167637122508571,1.093481405440696,1.095500168229108,1.1119140437638417,1.1159986982162378,-1.0989268009279924,-1.1236182130020087,-1.1128079341969241,1.090671272579783,-1.1073794817944433
355,-1.09989259961785,1.210744841317826,1.1074781825863969,1.0748372653797822,1.0759711823867255,1.1001118853798215,1.1057847859384151,-1.0733080199887457,-1.1075732872073007,-1.101409888070105,1.077407306010682,-1.0923223888712201
356,-1.0904316343230542,1.2081486549882972,1.0978643766206684,1.0690228216997681,1.0735172784065312,1.0931298758066428,1.097009039469826,-1.0730254599048565,-1.0965117650453686,-1.0936691839656436,1.0725865786651891,-1.0845871764283093
357,-1.069446108204324,1.178454773844302,1.0846551635458048,1.0534544380782818,1.0653375984725484,1.0818561722756381,1.0830285024535344,-1.092522105693182,-1.0817739615149955,-1.0823595570965079,1.0733668119927833,-1.0774621206920911
358,-1.0630072390942784,1.084180757753259,1.0725558370133266,1.0616915666249676,1.0745397383982782,1.0820163101098856,1.0732450615743938,-1.1560981245681508,-1.07097386380593,-1.079602483879654,1.075707511975566,-1.0836621001310656
359,-1.0633004275301123,1.1004069223128183,1.0745880236402285,1.06333477896932,1.0563058685454434,1.0801106698823435,1.0790759923383615,-1.1019407751561396,-1.0812837906658699,-1.0824479763541914,1.0782432702902471,-1.0834849578613805
360,-1.065273811232841,1.1273423554816888,1.076104347507994,1.0731308525606478,1.0550107525558958,1.0709347719799778,1.0813164002996847,-1.0808429555591121,-1.0825092177886837,-1.0854703073440952,1.080165988133247,-1.078032912449965
361,-1.0803391862433855,1.1231235526962025,1.081231710689716,1.095314219209396,1.0785273323660947,1.0788615947752151,1.086071152566947,-1.136224732001309,-1.087803062959239,-1.0919811799553247,1.087048760701667,-1.085945267162561
362,-1.087364432225099,1.114523685479636,1.0854055093772763,1.0967467633044723,1.08098123634629,1.0854112321959264,1.0881452420333249,-1.1440422276555646,-1.0883585899215813,-1.0936209552796345,1.090671272579783,-1.088484306361379
363,-1.093927342596459,1.1146859471252317,1.087453328209001,1.1059740326227552,1.090081130272845,1.092345200418831,1.0906889366619015,-1.1783261845007342,-1.0874926214214595,-1.0970853825579552,1.094433111837826,-1.0960423765346046
364,-1.085853384132724,1.0801242166133684,1.0787305579181445,1.085665613392561,1.0704158164315627,1.0825767925297505,1.081551202880784,-1.183318079316102,-1.0732449887402116,-1.0882113043322796,1.0785776560020732,-1.0801389372117753
365,-1.1011668416658973,1.017815744704659,1.0877190756909803,1.1170762493595936,1.0984312202054518,1.100768450500235,1.096011128500154,-1.2174136627720122,-1.0858750576193454,-1.1019725560735447,1.096634484440681,-1.0977350693338168
366,-1.0957203026463667,1.0124611104000043,1.0859057399315908,1.090216047576921,1.0623724644964796,1.0931458895900676,1.0959426444139997,-1.1468678284944525,-1.082623590986813,-1.1001880946912077,1.088358438072986,-1.0870278032550802
367,-1.1023508718875346,1.0343664325554096,1.0858901077267684,1.109134056361893,1.0807767443479404,1.1000158026792732,1.0999049379700518,-1.1656109807257404,-1.0895676780160908,-1.10464924814705,1.0992259737073329,-1.0971249126271239
368,-1.0942430839888957,1.0504303354693743,1.0799967665087526,1.0827162579026994,1.0510572405878043,1.0911922080122511,1.0907182869845389,-1.1164455261290946,-1.0814635199772158,-1.0974631739316933,1.0882748416450294,-1.0856106650976003
369,-1.0898001515381812,1.06016603420511,1.071696065748099,1.0808413104841441,1.050477846592481,1.079277953144258,1.0825588972913358,-1.055035801230606,-1.0759899454953143,-1.091322054579867,1.0899467702041594,-1.0753757784046905
370,-1.0871501791373743,1.0757431521822873,1.0723213539409915,1.061544098850475,1.037731178695358,1.072183847087106,1.0780291641642934,-1.0194332306606235,-1.0747971964291092,-1.08575967946015,1.086602913085899,-1.0686050072078421
371,-1.0810947102895732,1.1554136201697276,1.0728841133145952,1.0733415208099226,1.0595436585193108,1.0633442386366594,1.0697132394170241,-1.0135936555935887,-1.0782283923729876,-1.0718135510891835,1.069800031066639,-1.0679161206035117
372,-1.0667623063686134,1.1249084307977546,1.0724307793747478,1.04892507071885,1.0445816606400684,1.0549850436889538,1.0593036583216184,-0.9941911964998928,-1.0705653880983257,-1.06362271258197,1.0716391524816822,-1.0467771430877708
373,-1.0684312251572066,1.1591456380184255,1.0718523877963222,1.0564669940429257,1.0462175966268645,1.0548409196381316,1.0567306133704046,-0.9879748746543418,-1.0685883656735196,-1.0635905601246307,1.068824739407146,-1.0476431719617862
374,-1.0616089557849167,1.175371802577986,1.0673815772171376,1.0411514123205703,1.0276088247770552,1.0480991168163236,1.0559772884227108,-0.968854975644535,-1.0668891067298842,-1.0569350014553738,1.056981912113306,-1.0488438029007623
375,-1.0412436359727582,1.1732624011852433,1.0636923768790691,1.0325350809251874,1.035958914709662,1.0381065159592966,1.0503224595945675,-0.9689491623391647,-1.0611050907102035,-1.0500463374704065,1.061663312078871,-1.050438083327927
376,-1.0317150118081548,1.1442175666236312,1.0523277639732402,1.017767236650949,1.024950428798511,1.0296352245276186,1.0374572348384978,-0.9873155677919341,-1.0483933266895489,-1.0391225400893438,1.0443031205399005,-1.0397504997236
377,-1.0418863952359327,1.1731001395396474,1.0539222488651172,1.0540653760011807,1.0464561706249393,1.0450084566153521,1.0479353000200573,-1.0631358569687506,-1.055533482058477,-1.04985342272637,1.048064959797944,-1.042466681192103
378,-1.0624772446141173,1.146164706370778,1.0642551362526729,1.0665158695333847,1.0561013765470935,1.0506132808140047,1.0547054411084225,-1.079995275307445,-1.0596672562194354,-1.060270818904337,1.052411974051683,-1.0520126812806825
379,-1.0726711809984977,1.155089096878536,1.0686165213981011,1.0700340292962922,1.0563740325448931,1.0583959795584201,1.0601939514416203,-1.069163805425045,-1.0622324836631922,-1.0657769272237103,1.0576506835369581,-1.0588621823751683
380,-1.0789634558906263,1.133508298014321,1.0730873319772858,1.0718668430649925,1.0526250125751513,1.0680042496132534,1.0666705893036115,-1.0709533526230062,-1.071741798136227,-1.07227172360627,1.066400442996407,-1.0629758195267418
381,-1.070404608859935,1.163851225740698,1.0608160511917617,1.0629977097704781,1.0320054027415704,1.0587642965771886,1.062268040907998,-1.0312065674893205,-1.0602227831817777,-1.063678979382314,1.0580965311527262,-1.0565396503948543
382,-1.0755354064870293,1.1192292732019087,1.066693760204955,1.0727516497119507,1.0536474725668992,1.0611823778743215,1.0645769329554753,-1.0502322798044976,-1.0694053170887288,-1.0692493926163658,1.061217464463103,-1.0595904339283178
383,-1.0732124519569604,1.1344818678878945,1.0694919248681511,1.061375564251054,1.0452633006345666,1.0594048479141773,1.063442053813495,-1.024519312170621,-1.0706144051832382,-1.067730189007079,1.0580686656767406,-1.05527997203265
384,-1.0730658577390433,1.1362667459894467,1.0716648013384542,1.0594795500075707,1.0451951366351175,1.0622072600135037,1.0661814172596544,-1.024236752086732,-1.0725914276080446,-1.0680195611231338,1.061997697790697,-1.0599447184676876
385,-1.0729192635211264,1.1383761473821894,1.0696951435308417,1.066368401758892,1.052045618579827,1.0667711882895499,1.0636964232763526,-1.0481601725226473,-1.0695523683434665,-1.0686867246129264,1.0650907656250883,-1.0638024834519384
386,-1.0712277917759305,1.111927499150106,1.0692418095909941,1.0649358576638157,1.0522160285784519,1.0693654212043546,1.0646943342460249,-1.0542823076735686,-1.0666113432487134,-1.069787946276801,1.0689083358351026,-1.065436128827922
387,-1.085627854566698,1.056920801293198,1.077933315472206,1.087224558437203,1.07385809840378,1.0854752873296254,1.0787824891119873,-1.1127722450385424,-1.074241669466767,-1.0849156774549906,1.077212247678783,-1.0826779764105934
388,-1.0797415328934163,1.0106762322984522,1.0717585945673882,1.0691070889994787,1.0551470805547956,1.0779167815531565,1.0722373671638425,-1.1013756549883615,-1.0624448910311466,-1.0795783695366497,1.0639482811096825,-1.0676799309105984
389,-1.0992836697895794,1.000129225334739,1.084514473702404,1.1130735526233526,1.090899098266243,1.0978059005666616,1.0925086566654216,-1.198482137151465,-1.0782937484862043,-1.100710572122973,1.0855161595224643,-1.0900589043141342
390,-1.1006819530989413,0.9913670964725756,1.0898606877516386,1.1048785577265208,1.0821741063366617,1.0976938040826882,1.0970481732333426,-1.1868029870173977,-1.0819863688829499,-1.0996334648021031,1.0909777928156235,-1.091121757932244
391,-1.1033883078912545,1.013921465210364,1.091908506583363,1.1127154165995827,1.090081130272845,1.0996955270107789,1.0999049379700518,-1.2088426735607192,-1.0846496304965316,-1.1006462672082942,1.0950182868335216,-1.0944284136330305
392,-1.1053053092024767,0.9959104225492524,1.088485053727274,1.1226800247903315,1.1049068001531877,1.0984784794705,1.0943675104324582,-1.2289986262114498,-1.0827543032132463,-1.0974631739316933,1.0921202773310292,-1.0971445951015335
393,-1.0918073646758135,1.0700639945864412,1.0851084974856524,1.0945768803369305,1.0760052643864506,1.0821604341607078,1.0874212674082686,-1.174181969937031,-1.0790943608731094,-1.0875682551854915,1.0849031190507827,-1.0830913083731917
394,-1.0942430839888957,1.1109539292765327,1.0936436813186408,1.0988534457972308,1.081015318346015,1.0852831219285286,1.0915498794592655,-1.1490341224709326,-1.0883259118649729,-1.0920454848700036,1.0924825285188406,-1.087913514603505
395,-1.0885146330118323,1.1182557033283351,1.087953558763315,1.083622131374586,1.0649286144758499,1.0808953452701546,1.0868049106328825,-1.1299142234611257,-1.0818556566565163,-1.0875280646138172,1.0835098452515077,-1.081103378457838
396,-1.0998136642697407,1.0908334852226784,1.097020237560263,1.09546168698389,1.0852074043121804,1.0938825236276046,1.09616766355422,-1.1303851569342742,-1.096364713790631,-1.0993360545717135,1.0903368868679566,-1.0962588837531086
397,-1.0914352408918706,1.062599958889044,1.0911268963422467,1.0772599502464542,1.068336814448342,1.0903594912741656,1.0954828226926803,-1.077546421247076,-1.0937177912053533,-1.0928010676174797,1.0887206892607975,-1.08809065687319
398,-1.0725696926937858,1.0280382283771818,1.0766358424719533,1.056551261342636,1.0711997024252358,1.0758349897079422,1.0770606035172587,-1.033184488076541,-1.0716274249380977,-1.0789433585041963,1.0704966679662764,-1.0728957866291007
399,-1.0735169168710954,1.0570830629387937,1.080262513990732,1.0624710391472885,1.0714723584230355,1.0826248338800246,1.0804261071796828,-1.0468415587978317,-1.0758755722971853,-1.0831071017296492,1.0748436822200156,-1.0781706897708312
400,-1.0637289337055622,1.0762299371190747,1.0753071050620557,1.05914248080873,1.058384870528664,1.0777566437189092,1.0710437873765872,-1.10401288243799,-1.0637029962105686,-1.0776894126679595,1.0690197977390448,-1.0745687969539033
401,-1.0620938443518728,1.083531711170876,1.077308027279313,1.0439322332110121,1.0492168126026582,1.0756428243068459,1.0732059278108772,-1.098738427538733,-1.0651081526447284,-1.0747796152787434,1.0726701750931458,-1.0717345206389435
402,-1.0766743307954612,1.0699017329408467,1.0832326329069732,1.0597744855565572,1.0858208803072296,1.0873969413405917,1.0788705400798997,-1.1102292042835435,-1.0715293907682726,-1.082198794809811,1.0885256309288989,-1.0896258898771265
403,-1.0738777641767374,1.119553796493099,1.0852179229194088,1.0562141921437955,1.0843212723193323,1.0828810544148204,1.0784400686812174,-1.0939349061126247,-1.075303706306539,-1.0793774166782784,1.0874110118894786,-1.0827567063082313
404,-1.0734492580012878,1.1120897607957019,1.0826855057381923,1.045280510006377,1.0761075103856255,1.0808953452701546,1.0771095207216543,-1.0689754320357856,-1.0748462135140218,-1.0765480004324106,1.0827853428758845,-1.0820284547550818
405,-1.0801474861122633,1.1539532653593667,1.0861714874135704,1.0586790106603226,1.0822081883363868,1.0855873838135985,1.0860809360078263,-1.0606870029083815,-1.0864959406949044,-1.0841118660215054,1.0817821857404064,-1.0848627310700414
406,-1.0820306579885814,1.175371802577986,1.0938937965957982,1.05250643095654,1.070143160433763,1.089174471300736,1.0909139558021217,-1.0450520115998703,-1.0917897858654597,-1.0857275270028106,1.0802217190852181,-1.082658293936184
407,-1.0824817171206338,1.175371802577986,1.0927526456437684,1.056129924844085,1.0697341764370645,1.0897189399371767,1.0879887069792586,-1.0688812453411558,-1.0903356123463874,-1.0843771237945556,1.0731438881848994,-1.0843706692098054
408,-1.0855038133053836,1.1729378778940518,1.0891728707394566,1.0674849434800546,1.0775389543740719,1.091480456113896,1.0888300828948645,-1.1081570970016932,-1.0903192733180835,-1.0875923695284961,1.068155967983494,-1.0852957455070493
409,-1.0970734800425235,1.2313520703084675,1.1038202466579734,1.0775548857954407,1.0750850503938776,1.0940266476784273,1.1022333968992872,-1.078394101498743,-1.104354498631377,-1.101474192984784,1.0724193858092763,-1.0861420919066553
410,-1.1010315239262816,1.2010091425820903,1.101491048139447,1.080209305736317,1.0794475463586677,1.0904876015415637,1.1006680463586247,-1.0754743139652256,-1.1006455392063272,-1.1006703815512988,1.064366263249465,-1.0905706486487796
411,-1.1091393118249206,1.1325347281407476,1.102444612633609,1.0853074773687923,1.1084854101243056,1.0956600535877488,1.1000125558197222,-1.0249902456437667,-1.09948546819673,-1.0978248890767615,1.08144780002858,-1.093956034247204
412,-1.0935664952908173,1.0441021312911452,1.0982239173315818,1.0869928233629997,1.1210275860230776,1.1000958715963969,1.0854547957915612,-1.044581078126722,-1.087525299478068,-1.0801088850827496,1.0825066881160297,-1.0873230403712217
413,-1.0831131999055068,1.048645457367822,1.0991618496209212,1.0654625282870054,1.1086899021226544,1.096700949510356,1.0806511263199032,-1.0202809109122881,-1.0834732204586306,-1.0713553785720968,1.0806954321769715,-1.074745939223588
414,-1.0877591089656446,1.0765544604102661,1.096222995114324,1.075785272501523,1.1230725060065734,1.0959803292562431,1.0790075082522077,-1.0503264664991272,-1.080957010099786,-1.0763792000313788,1.0799709298013482,-1.0797452877235867
415,-1.094299466380402,1.1198783197842905,1.0988179411148298,1.0572464665652466,1.0924668702535902,1.1029783526128467,1.092606491074213,-1.0139704023721074,-1.0903192733180835,-1.086627795808314,1.0906434071037974,-1.0812017908298852
416,-1.0959345557340916,1.1387006706733798,1.0980675952833583,1.0666422704829503,1.1032708641663913,1.1000318164626979,1.0913835609643203,-1.0386473163650574,-1.0872638750252008,-1.0887659342213845,1.0882748416450294,-1.0829141661035067
417,-1.0855827486534928,1.138051624090998,1.0917365523303175,1.0482719991460947,1.0771299703773733,1.0916566077315681,1.0879984904201379,-1.045428758378389,-1.079764261033581,-1.0851246684276967,1.0813920690766095,-1.079371320709807
418,-1.0831695822970133,1.1129010690236796,1.0889852842815886,1.0541075096510357,1.0786295783652697,1.0911601804454019,1.0878321719251922,-1.0660556445022682,-1.0777382215238622,-1.0869412822673732,1.0852653702385948,-1.084036067144845
419,-1.077587725537867,1.0496190272413966,1.0836390702323537,1.0570357983159704,1.0680300764508175,1.0916245801647186,1.0875680190214556,-1.0879069576563303,-1.0780486630616417,-1.088621248163357,1.0906155416278118,-1.0846855888003566
420,-1.0771366664058146,1.0217100241989527,1.0842330940156022,1.060743559503226,1.0672121084574193,1.090807877210058,1.0885952803137653,-1.093558159334106,-1.0813328077507824,-1.0901484898869787,1.091228582099493,-1.0834652753869711
421,-1.0738890406550388,1.0184647912870408,1.0801843529666202,1.0694230913733922,1.0673143544565942,1.0848827773429106,1.0885952803137653,-1.1004337880420674,-1.0836692887982806,-1.0910648349211518,1.0902254249640149,-1.0807294114440587
422,-1.0798091917632242,1.0160308666031066,1.0814192971475838,1.0949350163607003,1.0833328943273095,1.0861478662334636,1.0879691400975005,-1.1204013673035387,-1.0856789892796952,-1.0952928830612834,1.0941265916019858,-1.0857484424184665
423,-1.0818051284225554,1.0471851025574626,1.0852179229194088,1.087498427161261,1.0634630884876775,1.0857315078644207,1.0945240454865246,-1.0997744811796595,-1.0885709972895357,-1.0934762692216071,1.103851642720927,-1.0804341743279169
424,-1.1020125775384952,1.0504303354693743,1.0872813739559553,1.1057844311984073,1.0793793823592177,1.0918167455658156,1.096637268716419,-1.158076045155374,-1.0865776358364254,-1.1002523996058866,1.103851642720927,-1.0863389166507496
425,-1.1023170424526305,1.0565962780020066,1.094362762740468,1.0984531761236067,1.0699045864356882,1.0961564808739153,1.1009126323806033,-1.1256758222027954,-1.089845441497262,-1.1025352240769843,1.1065824593675067,-1.0848036836468131
426,-1.1026102308884644,1.0463737943294837,1.0934091982463061,1.1046678894772448,1.0790385623619692,1.0948753781999374,1.0978601988263113,-1.1450782812964913,-1.0878357410158475,-1.103363149853474,1.1084773117345215,-1.08385892487516
427,-1.1093873943475494,0.9621600002653677,1.0918459777640734,1.112146612326538,1.0852074043121804,1.1006563540162622,1.1010006833485155,-1.1690017017324037,-1.0819700298546455,-1.105782622268264,1.1059136879438545,-1.0877954197570485
428,-1.1047527617657127,0.9514507316560588,1.0862965450521487,1.113515955946832,1.0889223422821972,1.0938985374110293,1.093369599462786,-1.1700377553733303,-1.0754344185329723,-1.1011848208687294,1.0941265916019858,-1.0855122527255532
429,-1.1095339885654663,0.9884463868518553,1.0958947188130554,1.116991982059883,1.0866047663009029,1.1031224766636694,1.10299650528786,-1.1456434014642667,-1.0887507266008816,-1.106924034503813,1.1063874010356083,-1.0895865249283077
430,-1.1042565967204552,1.0157063433119162,1.0914395404386932,1.1013814647885414,1.0757666903883758,1.0961404670904904,1.0951012684983936,-1.108910590558728,-1.0850254281475278,-1.10113659218272,1.0941265916019858,-1.0827173413594122
431,-1.104324255590263,1.0397210668600643,1.085874475521946,1.1042254861537655,1.0786636603649946,1.093802454710481,1.0900725798865156,-1.1111710712298377,-1.0823785055622501,-1.0981062230784815,1.0835655762034788,-1.0838195599263412
432,-1.0999038760961513,1.0729847042071627,1.080887802183625,1.074184193807027,1.047546794616137,1.0829611233319438,1.0840948975093607,-1.0708591659283766,-1.0800747025713602,-1.0899073464569333,1.0787169833820005,-1.0699827804165032
433,-1.0850978600865366,1.078988385094199,1.0691480163620601,1.0699497619965819,1.0533066525696497,1.0703102344264135,1.0721297493141717,-1.066432391280787,-1.071856171334356,-1.0787182913028206,1.0723357893813197,-1.0590393246448533
434,-1.0741709526125713,1.0966749044641202,1.066443644927798,1.0579838054377122,1.0465584166241142,1.0591806549462313,1.063931225857452,-1.0364810223885774,-1.0673302604940973,-1.0691448971300128,1.0712769012938705,-1.0502412585838328
435,-1.065499340798867,1.11144071421332,1.067491002650894,1.0495781422916053,1.043116134651897,1.052166617806203,1.0580807282117262,-1.0067180268856273,-1.0671015140978388,-1.0624169954317424,1.0684624882193343,-1.0431162028476146
436,-1.0699648262061843,1.1372403158630202,1.0693199706151055,1.055118717247561,1.053068078571575,1.0533996791299065,1.05507721186183,-0.9959807436978567,-1.0669217847864927,-1.0587918058667245,1.059740594235871,-1.0499066565188722
437,-1.076336036446422,1.1766698957427508,1.072383882760281,1.0700340292962922,1.0669735344593445,1.0626396321659712,1.0615929834873374,-0.9909888488824863,-1.0762513699481817,-1.0625777577184394,1.0715555560537255,-1.0647078772747727
438,-1.0717352332994894,1.1597946846008085,1.0645990447587639,1.0732993871600685,1.0769595603787485,1.0566024358148511,1.0535901288482004,-1.0037040526574827,-1.0682942631640442,-1.057200259228424,1.0657038060967692,-1.0646291473771348
439,-1.061394702697192,1.1584965914360437,1.0610661664689187,1.0568461968916225,1.0593732485206868,1.050132867311263,1.0477494146433537,-0.9773317781611984,-1.063441571757702,-1.0486798580334817,1.0601307108996683,-1.0565593328692637
440,-1.0614398086103969,1.153141957131389,1.0612381207219643,1.0608699604527916,1.0658488284684227,1.0496364400250966,1.0477200643207163,-0.9869388210134153,-1.0638663864936106,-1.050351785815131,1.0590439573362331,-1.057779646282649
441,-1.0607519434340174,1.160768254474382,1.0637236412887137,1.0563827267432162,1.058316706529214,1.0511097081001712,1.0506453131435791,-0.9709270829263854,-1.06667669936193,-1.0502714046717823,1.0623320835025232,-1.0561656833810746
442,-1.0637965925753698,1.1659606271334408,1.06295766325242,1.0665158695333847,1.0686435524458666,1.050949570265924,1.0509388163699533,-1.0013493852917432,-1.0660721553146753,-1.0543788810968913,1.059573401379958,-1.0600824957885537
443,-1.0655782761469763,1.16709645865261,1.0690385909283038,1.0566565954672746,1.0535111445679994,1.054296451001691,1.057513288640736,-0.9794038854430488,-1.071839832306052,-1.05769058420285,1.0636974918258126,-1.0586850401054835
444,-1.0745092469616104,1.1606059928287862,1.0718680200011446,1.0692545567739713,1.0698364224362384,1.0573070422855388,1.0605657221950278,-1.0089785075567395,-1.0740292620988126,-1.0644024096724507,1.0629172584982185,-1.0627396298338285
445,-1.0757947654879594,1.1542777886505582,1.0748068745077413,1.0564880608678537,1.0443430866419936,1.0576593455208825,1.064890003063608,-0.9962633037817432,-1.0742906865516795,-1.0651258399625874,1.0635581644458854,-1.0601021782629634
446,-1.0835755355158603,1.1249084307977546,1.0725402048085042,1.0742052606319539,1.0577713945336147,1.0630079491847397,1.069429519631529,-1.0299821404591372,-1.077623848325733,-1.0729469252103974,1.0684067572673632,-1.0721478526015418
447,-1.0842972301271439,1.120851889657864,1.0713521572420077,1.0706871008690475,1.0427753146546472,1.0685006768994196,1.0752604503954966,-1.028286779955803,-1.0782120533446833,-1.0749966443657843,1.0680445060795518,-1.0741357825168956
448,-1.0956526437765588,1.0668187616745295,1.0766827390864198,1.0875405608111164,1.0599526425160104,1.08345755061811,1.0846329867577134,-1.0811255156430013,-1.0797969390901894,-1.0890874587947783,1.0692984524988995,-1.0876182774873635
449,-1.10041131761971,1.0473473642030582,1.0777769934239827,1.1058054980233343,1.0808108263476652,1.089815022637725,1.0876365031076096,-1.1446073478233427,-1.0785715119673756,-1.0961690375237823,1.072057134621465,-1.0900392218397248
450,-1.098934098962239,1.0103517090072607,1.0817006768343858,1.1040148179044895,1.0825830903333613,1.0899911742553972,1.0895247071972838,-1.1555330044003753,-1.077199033589824,-1.098347366508527,1.0750666060278993,-1.0903935063790948
451,-1.0979192159151212,0.972869268874678,1.0869218332450419,1.1005809254412935,1.0816287943410634,1.0929537241889706,1.09491538312169,-1.1609958326888887,-1.0809733491280904,-1.098564395595568,1.0860177380902034,-1.0957668218928724
452,-1.106128492118472,0.9623222619109635,1.0867811434016408,1.1231013612888836,1.1052817021501622,1.0961404670904904,1.0975275618364204,-1.220521823694789,-1.083064744751026,-1.1047778579764078,1.0899467702041594,-1.1035217168101927
453,-1.106579551250524,0.9861747238135169,1.0848114855940283,1.1072169752934835,1.0827535003319861,1.0914003871967723,1.098867893236863,-1.2075240598359063,-1.081300129694174,-1.1001398660051989,1.0921481428070148,-1.1004315683279102
454,-1.1030500135422154,1.021547762553358,1.0815130903765178,1.1102084644332004,1.0893654082786217,1.0861478662334636,1.0938685549476221,-1.2107264074533102,-1.0785715119673756,-1.0988537677116224,1.0861570654701307,-1.0970461827294862
455,-1.1049106324619309,1.0916447934506561,1.087453328209001,1.1019924027114414,1.076448330382874,1.0865642246025062,1.0960698291454287,-1.1585469786285199,-1.085842379562737,-1.0998585320034788,1.089361595208464,-1.0936804796054718
456,-1.1057112624213237,1.095052288008164,1.0929089676919916,1.1088180539879795,1.0834351403264844,1.0906317255923859,1.102076861845221,-1.14762132205149,-1.09288450076184,-1.1041106944866153,1.097303255864333,-1.101396009573973
457,-1.1013810947536222,1.09813525927448,1.0875471214379346,1.1056790970737687,1.0838782063229089,1.0875730929582639,1.0964122495761988,-1.153272523729263,-1.0895513389877864,-1.1014500786417796,1.0909220618636524,-1.1017896590621619
458,-1.0912209878041457,1.0900221769947007,1.084608266931338,1.0856445465676339,1.063906154484102,1.0803829042005635,1.093027179032016,-1.1054256828574351,-1.0871331627987677,-1.0957590936927049,1.0864635857059712,-1.0937592095031095
459,-1.0858421076544227,1.0796374316765822,1.0814974581716954,1.078797828466168,1.052113782579277,1.0783651674890486,1.091637930427178,-1.0989268009279924,-1.0858260405344329,-1.0932672782489008,1.0852375047626093,-1.0883858939893316
460,-1.0963066795180347,1.071524349396802,1.0890321808960555,1.0999278538685382,1.0759030183872758,1.0934821790419866,1.100844148294449,-1.1163513394344675,-1.0977698702247907,-1.103049663394415,1.0969967356284926,-1.1031674322708227
461,-1.093047777288957,1.0716866110423977,1.0872501095463105,1.0841066683479204,1.0615885785028065,1.0900552293890957,1.098408071515543,-1.1025058953239177,-1.0925413811674523,-1.1000996754335244,1.0941265916019858,-1.094723650749172
462,-1.0806323746792195,1.0499435505325871,1.0823259650272785,1.0591846144585852,1.0486715006070597,1.0814718414734448,1.0883311274100285,-1.0770754877739301,-1.081365485807391,-1.0898912702282637,1.0836770381074208,-1.0812017908298852
463,-1.07744113131995,1.0523774752165211,1.0813098717138279,1.0615862325003302,1.0651671884739236,1.0841621570887983,1.0836546426697995,-1.0926162923878118,-1.0800910415996645,-1.087978199016569,1.0819493785963192,-1.084843048595632
464,-1.0764149717945313,1.0457247477471017,1.0825604480996136,1.061333430601199,1.0723244084161585,1.086580238385931,1.0826175979366104,-1.082820876146333,-1.079698904920364,-1.0865795671223049,1.0824788226400441,-1.084390351684215
465,-1.0743400997870909,1.054324614963668,1.0857025212689007,1.0479770635971082,1.0564081145446182,1.0882776994289516,1.0849851906293626,-1.0662440178915276,-1.079617209778843,-1.0837501508764373,1.082868939303841,-1.080119254737366
466,-1.0689499431590666,1.0613018657242792,1.0809190665932698,1.0511792209861013,1.0729719664109318,1.0835856608855081,1.0776084762064906,-1.0706707925391172,-1.072019561617398,-1.079401531021283,1.0775466333906096,-1.0791548134913034
467,-1.075152006224785,1.0776902919294353,1.0853742449676316,1.057520335289306,1.0851392403127305,1.0896548848034777,1.0817664385801251,-1.0767929276900412,-1.0762186918915733,-1.0823193665248338,1.0876618011733479,-1.0829928960011446
468,-1.07493775313706,1.10884452788379,1.0891728707394566,1.058952879384381,1.0982948922065519,1.0897669812874509,1.079115126101878,-1.0552241746198654,-1.0762350309198774,-1.0790478539905493,1.08144780002858,-1.0774621206920911
469,-1.0745881823097196,1.1008937072496057,1.089923216570928,1.0680326809281713,1.1159152860643393,1.0892385264344349,1.0750745650187932,-1.064360283998934,-1.0753690624197556,-1.0741687185892947,1.0827853428758845,-1.0761237124322491
470,-1.0721186335617336,1.0694149480040593,1.091314482800115,1.061354497426126,1.1142111860780932,1.086019755966066,1.0692925514592209,-1.0491020394689414,-1.0696340634849872,-1.0654955932219903,1.072057134621465,-1.0714786484716208
471,-1.0816021518131318,1.0668187616745295,1.0935811524993513,1.07983010288762,1.1246402779939206,1.0942348268629485,1.0739103355541753,-1.0625707368009725,-1.0763167260613982,-1.0707605581113178,1.077407306010682,-1.0772849784224063
472,-1.0819968285536776,1.0418304682528068,1.0925181625714337,1.0680116141032443,1.1111097241031247,1.0916245801647186,1.0728537239392282,-1.040907797036167,-1.0731959716552992,-1.0684214668398762,1.0743421036522762,-1.0746672093259504
473,-1.0831808587753144,1.0473473642030582,1.0921273574508756,1.0622814377229395,1.0967271202192057,1.091608566381294,1.074154921576154,-1.028004219871914,-1.0736044473629038,-1.0688716012426278,1.0720014036694938,-1.0734665783869746
474,-1.0994866463990027,1.0919693167418476,1.1048363399714247,1.077007148347323,1.1111778881025747,1.097645762732414,1.0896812422513498,-1.0299821404591372,-1.0889794729971403,-1.0842083233935238,1.0765156107791456,-1.086299551701931
475,-1.1025651249752595,1.1236103376329898,1.1066340435259916,1.0722460459136882,1.1020779941760186,1.0957241087214478,1.0960698291454287,-0.9995598380937794,-1.0964300699038478,-1.0889829633084254,1.0841786166751597,-1.0857878073672853
476,-1.1075154989495326,1.1588211147272351,1.1066496757308137,1.0841698688227026,1.104600062155664,1.0970052113954254,1.101235485929615,-1.0202809109122881,-1.0991750266589506,-1.0973827927883448,1.08529323571458,-1.0919484218574407
477,-1.0994302640074964,1.1575230215624701,1.100224839548839,1.0802514393861722,1.0852414863119053,1.092473310686229,1.0994646831304904,-1.0471241188817206,-1.0957928477999845,-1.0944247667131195,1.0734225429447544,-1.0867522486133478
478,-1.0881086797929853,1.201820450810068,1.0934717270655954,1.0602800893548197,1.0598844785165604,1.0818561722756381,1.0934478669898189,-1.0373287026402445,-1.0887180485442731,-1.0881309231889311,1.0611060025591608,-1.0761827598554776
479,-1.0868795436581429,1.2384915827146743,1.0950193153430052,1.0630398434203334,1.0607365285096835,1.0821764479441325,1.0947784149493822,-1.0518334536131995,-1.091103546676684,-1.0910407205781472,1.0630287204021607,-1.0779541825523273
480,-1.0920328942418398,1.2302162387892983,1.0967857544879278,1.076206609000075,1.0751872963930524,1.0892385264344349,1.0957078418329005,-1.073778953461894,-1.0968875626963648,-1.0985242050238937,1.0734225429447544,-1.0864570114972063
481,-1.0748362648323484,1.1680700285261834,1.083404587160019,1.0629555761206229,1.0740966724018546,1.0852831219285286,1.0818642729889165,-1.1225676612800186,-1.0830484057227219,-1.084843334425977,1.0735340048486965,-1.081772582587759
482,-1.0693220669430097,1.1382138857365935,1.0849209110277842,1.0557717888203162,1.0688139624444914,1.0882296580786777,1.0841340312728773,-1.1055198695520647,-1.085303191628699,-1.0834205881887085,1.0842900785791019,-1.0865947888180725
483,-1.068262077982687,1.0997578757304365,1.078042740905962,1.062407838672505,1.075664444389201,1.0860998248831895,1.0783031005089094,-1.1321747041322354,-1.0798949732600143,-1.083332168931025,1.0816707238364645,-1.089330652760985
484,-1.0605489668245938,1.0845052810444504,1.074509862616117,1.0534965717281357,1.0589983465237123,1.0807992625696063,1.0764833805053893,-1.100904721515213,-1.0787349022504173,-1.0786539863881417,1.079134965521783,-1.0851382857117737
485,-1.0680703778515648,1.0921315783874435,1.0764638882189075,1.0809677114337097,1.0798565303553673,1.0844183776235936,1.0808761454601234,-1.1145617922365036,-1.087280214053505,-1.0864429191786125,1.085794814282319,-1.0913185826763385
486,-1.0635710630093438,1.1025163237055622,1.0729779065435294,1.0744791293560134,1.0678596664521935,1.0755467416062974,1.076796450613522,-1.1019407751561396,-1.0806792466186153,-1.0833643213883644,1.0799987952773338,-1.083780194977522
487,-1.0614172556537944,1.1077086963646208,1.069429396048862,1.0753218023531166,1.065780664468973,1.071014840897101,1.074634310179232,-1.1036361356594713,-1.0769866262218697,-1.0798918559957087,1.0781596738622905,-1.0797846526724053
488,-1.0675854892846086,1.1143614238340402,1.0775737747612923,1.0699497619965819,1.0620998084986808,1.073577046245057,1.0808370116966068,-1.0902616250220698,-1.082443861675467,-1.083492931217722,1.0862963928500584,-1.0833668630149238
489,-1.0685214369836171,1.131074373330387,1.0793714783158594,1.0718036425902089,1.0612477585055577,1.0725521641058746,1.0810326805141897,-1.100527974736697,-1.083342508232197,-1.085116630313362,1.0850424464307105,-1.0830322609499634
490,-1.0724907573456768,1.1313988966215784,1.0828418277864154,1.0790295635403722,1.0657465824692478,1.0767157477963025,1.08432970009046,-1.1072152300553963,-1.087361909195026,-1.0893607546821633,1.0875224737934206,-1.0832881331172861
491,-1.0800798272424554,1.1427572118132705,1.0803719394244884,1.0953352860343244,1.075664444389201,1.0774043404835654,1.0851906428878244,-1.1446073478233427,-1.0859894308174747,-1.0918525701259671,1.0845408678629713,-1.0846068589027187
492,-1.0767758191001728,1.1150104704164223,1.077308027279313,1.0841066683479204,1.0672461904571442,1.0711749787313483,1.079731482877264,-1.1401805731757504,-1.076823235938828,-1.0868287486666852,1.07593043578345,-1.0780132299755556
493,-1.0923824650691802,1.1125765457324892,1.0850616008711853,1.1000542548181038,1.0859912903058535,1.0841141157385241,1.087881089129588,-1.1623144464137043,-1.0834405424020221,-1.0932672782489008,1.0895287880643771,-1.0874805001664973
494,-1.0857631723063137,1.0613018657242792,1.0824197582562125,1.080820243659217,1.0632926784890526,1.083857895203728,1.0832437381528754,-1.1220025411122405,-1.0751566550518012,-1.0874235691274643,1.0847637916708555,-1.0789776712216184
495,-1.0972764566519468,1.0174912214134673,1.0856556246544338,1.1069852402192792,1.0893654082786217,1.0908238909934826,1.0918238158038815,-1.1861436801549898,-1.0813981638639991,-1.095968084665411,1.0878289940292611,-1.0925782610385428
496,-1.085526366261986,1.010189447361666,1.0809815954125588,1.0884043006331476,1.0647241224775,1.0822405030778315,1.0840851140684815,-1.1735226630746258,-1.0695687073717706,-1.0858400606034986,1.079190696473754,-1.082126867127129
497,-1.0927545888531232,1.0170044364766813,1.0820758497501215,1.1005177249665101,1.0793453003594928,1.0882616856455272,1.0871375476227734,-1.2080891800036817,-1.0730489204005618,-1.0898591177709243,1.0822558988321598,-1.0873427228456312
498,-1.0909616288032158,1.000129225334739,1.0855149348110327,1.1049838918511583,1.089944802273945,1.0897029261537519,1.0893877390249755,-1.2024379783259087,-1.076578150514265,-1.0940871659110558,1.0836491726314352,-1.0873624053200406
499,-1.106060833248664,0.9610241687461986,1.0864684993051945,1.1242389698349733,1.0966248742200306,1.1007364229333856,1.0991907467858744,-1.2197683301377515,-1.0822314543075127,-1.1082262090260588,1.0997832832270433,-1.095825869316101
500,-1.116931358331123,0.9610241687461986,1.093612416908996,1.1255661798054108,1.092807690250839,1.10970414165123,1.1117526848746908,-1.198387950456835,-1.0899598146953913,-1.1200422370982899,1.1104278950535065,-1.1025375930897205
501,-1.1111126955276491,0.9827672292560092,1.0926432202100123,1.1258400485294704,1.1010214521845458,1.1054284614768295,1.1041803016342362,-1.19047626810795,-1.089044829110357,-1.1107260625841975,1.0973311213403185,-1.1093083642865686
502,-1.0991032461367585,1.0374494038217257,1.0932059795836158,1.0989798467467964,1.0843212723193323,1.0948913919833623,1.0960306953819121,-1.0952535198374402,-1.0862508552703416,-1.101361659384096,1.09298410708658,-1.0924798486664955
503,-1.1093648413909467,1.0408568983792335,1.0986928834762515,1.1162546431874174,1.1014645181809704,1.1023057737090085,1.1018224923823634,-1.112301311565394,-1.0956621355735512,-1.1099142130363777,1.1112081283811006,-1.0962392012786992
504,-1.1067712513816463,1.0118120638176213,1.0891416063298118,1.0963675604557754,1.0685413064466918,1.094907405766787,1.092694542042125,-1.1127722450385424,-1.0806792466186153,-1.099850493889144,1.087048760701667,-1.0796271928771297
505,-1.1093535649126454,1.0213855009077624,1.0892197673539237,1.1095132592105899,1.076516494382324,1.100672367799687,1.0936924530117977,-1.1407456933435285,-1.0841921377040145,-1.1005337336076064,1.0878847249812322,-1.0864570114972063
506,-1.0855489192185888,1.0377739271129174,1.0877347078958026,1.089289107280106,1.0724948184147833,1.0930658206729438,1.08774412095728,-1.1090989639479873,-1.0841757986757103,-1.0887096674210404,1.0942380535059275,-1.0859059022137418
507,-1.0823689523376208,1.0150572967295333,1.0823415972321009,1.0841698688227026,1.068200486449442,1.089414678052107,1.0832339547119962,-1.1036361356594713,-1.077280728731345,-1.0864911478646215,1.0938758023181159,-1.086043679534608
508,-1.0872178380071822,1.0238194255916953,1.0763544627851511,1.0884043006331476,1.0685072244469669,1.0853471770622276,1.0809641964280357,-1.113714111984839,-1.0750749599102802,-1.0860008228901956,1.095687058257174,-1.089999856890906
509,-1.0822561875546075,1.070226256232037,1.070836294482871,1.0716772416406433,1.0426389866557475,1.076379458344383,1.0779508966372606,-1.0984558674548441,-1.0724116982966982,-1.0795622933079798,1.0837049035834063,-1.078879258849571
510,-1.0891799452316093,1.0890486071211274,1.0754008982909893,1.098663844372883,1.0703135704323878,1.0823365857783798,1.0832633050346336,-1.1539318305916706,-1.080662907590311,-1.087487874042143,1.0849867154787394,-1.084528129005081
511,-1.0918073646758135,1.0669810233201251,1.0834358515696638,1.095082484135193,1.058555280527288,1.0873809275571675,1.088155025474204,-1.135377051749642,-1.0826072519585088,-1.0870940064397352,1.088971478544667,-1.0831503557964202
512,-1.0925065063304946,1.0402078517968514,1.0793871105206818,1.103909483779852,1.0687117164453166,1.0844183776235936,1.0829502349265012,-1.1531783370346331,-1.0765291334293525,-1.0866599482656534,1.0805839702730298,-1.0857681248928759
513,-1.0904429108013556,1.0317702462258798,1.0785586036650987,1.0949771500105543,1.0635994164865772,1.0812316347220738,1.0807978779330902,-1.142064307068344,-1.0729508862307364,-1.0840314848781571,1.0815871274085078,-1.0847840011724037
514,-1.09281097124463,1.0403701134424472,1.0823415972321009,1.094303011612872,1.0623043004970296,1.084386350056744,1.086198337298376,-1.1165397128237242,-1.0769866262218697,-1.0834447025317129,1.090281155915986,-1.087460817692088
515,-1.0944235076417166,1.031607984580285,1.0907829878361557,1.093081135767072,1.0735172784065312,1.0883737821294999,1.0897986435418996,-1.1175757664646508,-1.0826726080717255,-1.0884846002196646,1.0932348963704495,-1.0878347847058671
516,-1.0898565339296877,1.0351777407833873,1.0819351599067206,1.097863305025635,1.084662092316582,1.0832653852170138,1.078469419003855,-1.1475271353568604,-1.075140316023497,-1.0852532782570543,1.0771007857748414,-1.0836227351822467
517,-1.0857067899148072,1.0567585396476022,1.0873126383656,1.0866978878140132,1.070279488432663,1.0832974127838633,1.083214387830238,-1.1212490475552057,-1.078538833910767,-1.0860249372332,1.0786055214780588,-1.0778754526546894
518,-1.0877140030524395,1.0437776079999548,1.083170104087684,1.0963043599809932,1.084662092316582,1.0810554831044021,1.0797510497590224,-1.1614667661620373,-1.0737188205610328,-1.086250004434576,1.075707511975566,-1.0822449619735857
519,-1.092078000155045,1.0548113999004554,1.0896105724744816,1.0976526367763588,1.0793453003594928,1.0901673258730689,1.0897888601010204,-1.1462085216320448,-1.085482920940045,-1.0915873123529172,1.0916465642392754,-1.0881103393475995
520,-1.0932056479851755,1.0514039053429478,1.085342980557987,1.1021398704859342,1.0861957823042032,1.086532197035657,1.0844862351445261,-1.1732401029907367,-1.0805648734204858,-1.089754622284571,1.087104491653638,-1.0877954197570485
521,-1.0928448006795337,1.0583811561035588,1.0896731012937706,1.1001385221178142,1.0842871903196074,1.0911121390951275,1.0897399428966248,-1.155721377789632,-1.0867410261194672,-1.09089603452012,1.0950461523095072,-1.088937003272796
522,-1.0957654085595718,1.0731469658527584,1.0916740235110283,1.0959672907821514,1.0803336783515158,1.092537365819928,1.092332554729597,-1.1438538542663053,-1.0896166951010033,-1.0934923454502767,1.0984178749037536,-1.0907871558672837
523,-1.0996332406169198,1.0922938400330393,1.0939094288006206,1.1076172449671076,1.0950230202329594,1.0964927703258343,1.0933206822583903,-1.1632563133600011,-1.091724429752243,-1.0956947887780262,1.0996718213231012,-1.0963572961251558
524,-1.0979981512632304,1.0978107359832894,1.0929714965112811,1.1020134695363684,1.0914784922615675,1.0935142066088361,1.091354210641683,-1.1501643628064886,-1.0914466662710718,-1.0941112802540605,1.0962165023008985,-1.0942906363121643
525,-1.095584984906751,1.123448075987394,1.0963324205480804,1.0959040903073691,1.0790385623619692,1.094042661461852,1.0950817016166354,-1.120872300776687,-1.0947144719319086,-1.0941193183683953,1.1001455344148547,-1.0917122321645274
526,-1.0955737084284496,1.1289649719376442,1.0949255221140712,1.1038252164801416,1.0892972442791717,1.0922010763680088,1.0903954334355273,-1.1411224401220472,-1.093162264243011,-1.0928171438461491,1.0977491034801012,-1.0914169950483859
527,-1.0948069079039608,1.1333460363687253,1.0935186236800625,1.1007915936905694,1.0876953902921005,1.0894467056189565,1.0882919936465119,-1.150070176111859,-1.0901722220633456,-1.0917721889826186,1.0923432011389131,-1.0883858939893316
528,-1.0956526437765588,1.1374025775086158,1.0968951799216842,1.0912272551734448,1.0744034103993794,1.0920569523171861,1.0908259048342093,-1.1212490475552057,-1.0925413811674523,-1.0936772220799784,1.0939593987460725,-1.0875789125385444
529,-1.1011781181441986,1.1571984982712786,1.0988961021389414,1.0978211713757797,1.0822081883363868,1.0962845911413126,1.0946707970997116,-1.1397096397026047,-1.0967731894982358,-1.0978972321057754,1.0930398380385506,-1.0913185826763385
530,-1.1056661565081185,1.131074373330387,1.1028510499589894,1.1110511374303036,1.0948526102343348,1.1003200645643427,1.0986330906557633,-1.1514829765313015,-1.1032107666500837,-1.1038695510565697,1.102235445113768,-1.098502685835785
531,-1.0959796616472968,1.1362667459894467,1.0950193153430052,1.0887835034818447,1.0638720724843769,1.0923131728519817,1.0927825930100374,-1.123038594753167,-1.093962876629916,-1.0958314367217186,1.089751711872261,-1.0853941578790964
532,-1.0889995215787884,1.1180934416827395,1.0863278094617934,1.0822106541044367,1.0631563504901538,1.0819842825430361,1.0852004263287036,-1.1191769402733527,-1.0836366107416722,-1.0886935911923707,1.0786891179060154,-1.0815363928948456
533,-1.0957654085595718,1.1270178321904973,1.0898294233419938,1.0935656727404064,1.0652353524733735,1.0879574237604572,1.09309566311817,-1.1114536313137269,-1.0912015808465092,-1.0961931518667867,1.091284313051464,-1.0900195393653154
534,-1.0896422808419628,1.1107916676309368,1.0854211415820987,1.0758484729763063,1.0522160285784519,1.0820643514601593,1.0903465162311314,-1.080937142253742,-1.0866920090345547,-1.09251973361576,1.0899467702041594,-1.085374475404687
535,-1.0885935683599415,1.1086822662381943,1.0836234380275314,1.0718247094151372,1.0490804846037585,1.0819362411927618,1.091295509996408,-1.0730254599048565,-1.0868390602892921,-1.092182132813696,1.0933463582743914,-1.0835440052846088
536,-1.087589961791125,1.0786638618030087,1.0771986018455566,1.0837906659740069,1.0601571345143601,1.0793900496282307,1.0869418788051906,-1.1179525132431696,-1.0821170811093834,-1.09144262629489,1.084624464290928,-1.0825401990897272
537,-1.0796287681104033,1.0187893145782323,1.0790588342194132,1.0890152385560476,1.0743352463999294,1.0830572060324921,1.0892312039709093,-1.1275595560953864,-1.0834895594869347,-1.0944006523701149,1.0910892547195652,-1.0829535310523255
538,-1.0764149717945313,1.0452379628103146,1.0764951526285522,1.066789738257444,1.0492168126026582,1.0771000785984957,1.084818872134417,-1.0853639169013316,-1.077297067759649,-1.090019880057621,1.0864357202299861,-1.0755726031487847
539,-1.0846806303893883,1.0940787181345903,1.080794008954691,1.0807149095345785,1.0626451204942793,1.0819202274093371,1.0892899046161844,-1.1079687236124338,-1.0834732204586306,-1.0946016052284862,1.0905319451998552,-1.0864766939716157
540,-1.0912886466739535,1.0760676754734788,1.0848583822084954,1.0930179352922897,1.0725629824142333,1.0869325416212754,1.094983867207844,-1.1218141677229811,-1.09128327598803,-1.1008874106383397,1.0952133451654202,-1.0971052301527144
541,-1.0766856072737625,1.0776902919294353,1.0826386091237252,1.0742473942818092,1.0604638725118838,1.0795662012459029,1.0877049871937636,-1.0902616250220698,-1.083326169203893,-1.090188680458653,1.085683352378377,-1.0824614691920895
542,-1.0699197202929789,1.068928163067272,1.0738064133991125,1.0717404421154266,1.0624747104956545,1.0703742895601123,1.0776084762064906,-1.104578002605768,-1.0740782791837251,-1.0829383013286173,1.0774909024386385,-1.0780722773987839
543,-1.0656910409299893,1.0710375644600159,1.0785117070506318,1.0638825164174366,1.0572601645377413,1.069813807140247,1.0805435084702326,-1.0694463655089315,-1.077983306948425,-1.0801249613114192,1.0804167774171165,-1.0737814979775255
544,-1.0541439271494522,1.0663319767377433,1.0741190574955588,1.05756246893916,1.0570556725393916,1.0601094543848653,1.0716894944746105,-1.0526811338648665,-1.073097937485474,-1.0694905360464113,1.0653136894329722,-1.0679358030779211
545,-1.0510541720948945,1.081584571423729,1.0726965268567277,1.0671268074562847,1.0733127864081815,1.0581077314567748,1.0682555067260322,-1.0733080199887457,-1.0705327100417172,-1.066219023512127,1.062220621598581,-1.070868491764928
546,-1.047017192863027,1.0501058121781828,1.0702266384948003,1.0601115547553988,1.0571238365388413,1.0595970133152741,1.0689990482328469,-1.0492904128582008,-1.0719542055041813,-1.0639442371553642,1.0643383977734797,-1.0707110319696527
547,-1.0563202874616042,1.0304721530611158,1.0736188269412443,1.0590582135090196,1.0498302885977076,1.0675238361105115,1.0728635073801072,-1.0446752648213518,-1.07648011634444,-1.0682687426675141,1.0717784798616095,-1.0744900670562654
548,-1.055903057764456,1.0549736615460512,1.0790432020145908,1.0677377453791848,1.0698023404365133,1.0621592186632296,1.0723841187770295,-1.0427915309287608,-1.0779179508352081,-1.0706560626249648,1.0766270726830878,-1.074647526851541
549,-1.065679764451688,1.0243062105284826,1.0734156082785544,1.0771756829467438,1.0698023404365133,1.072343984921353,1.0734602972737348,-1.1077803502231744,-1.0749932647687594,-1.0761702090586727,1.081057683364783,-1.0784462444125633
550,-1.071024815166507,1.0945655030713777,1.0769015899539325,1.0837274654992235,1.0779479383707713,1.071879585202036,1.0806511263199032,-1.0970430670354014,-1.08308108377933,-1.0851568208850362,1.0849588500027538,-1.0833471805405144
