t,s1
0.037,-2.9266
0.099,-3.8707
0.132,-4.6088
0.165,-5.0414
0.199,-5.193
0.232,-5.2233
0.265,-5.1381
0.299,-4.9606
0.332,-4.4873
0.365,-3.7707
0.399,-2.8194
0.432,-1.6811
0.47,-0.4797
0.485,0.5137
0.532,1.5096
0.565,2.6608
0.599,3.7061
0.666,4.6757
0.698,5.3905
0.732,5.7874
0.765,5.9412
0.798,5.9873
0.832,5.8301
0.866,5.6198
0.899,5.1523
0.931,4.2987
0.966,3.3168
0.999,2.1632
1.032,1.013
1.065,-0.0487
1.098,-1.0644
1.133,-2.2484
1.166,-3.4264
1.198,-4.7205
1.232,-5.4489
1.265,-5.865
1.298,-6.0274
1.332,-6.0939
1.365,-6.0519
1.399,-5.8909
1.432,-5.5966
1.465,-4.9794
1.498,-4.0491
1.532,-2.6354
1.565,-1.4391
1.599,-0.236
1.632,0.7666
1.665,1.8532
1.699,2.9666
1.732,3.8874
1.765,5.0361
1.798,5.7175
1.832,6.1138
1.865,6.2433
1.898,6.1538
1.932,6.0895
1.966,5.9886
1.999,5.6416
2.032,4.9951
2.066,4.2108
2.098,2.9336
2.132,1.8079
2.166,0.7611
2.198,-0.2459
2.232,-1.2841
2.266,-2.4443
2.299,-3.7758
2.332,-4.9635
2.366,-5.6127
2.399,-5.9842
2.432,-6.0866
2.465,-5.9968
2.499,-5.9747
2.532,-5.8329
2.566,-5.5005
2.599,-4.8602
2.632,-3.6988
2.671,-2.3201
2.686,-1.1681
2.737,-0.1167
2.751,0.879
2.799,1.8117
2.832,2.9082
2.852,4.1163
2.899,5.2008
2.932,5.777
2.966,6.1026
2.999,6.1904
3.032,6.1949
3.066,6.2392
3.099,6.0411
3.131,5.6244
3.165,4.9359
3.199,3.7769
3.232,2.5412
3.265,1.4664
3.298,0.4944
3.332,-0.5033
3.365,-1.6356
3.399,-2.7553
3.431,-4.2706
3.466,-5.2647
3.499,-5.8412
3.531,-6.0661
3.565,-6.1252
3.598,-6.1024
3.631,-6.1161
3.665,-5.9123
3.698,-5.4525
3.733,-4.7488
3.765,-3.2995
3.799,-2.015
3.832,-0.891
3.866,0.198
3.898,1.1847
3.931,2.2682
3.965,3.3289
3.999,4.4144
4.032,5.3067
4.065,5.8494
4.098,6.134
4.132,6.1622
4.165,6.0698
4.198,5.958
4.237,5.7083
4.251,5.1895
4.299,4.4808
4.332,3.3852
4.365,2.2027
4.398,1.0943
4.432,-0.0158
4.465,-1.0043
4.499,-2.0267
4.532,-3.1047
4.599,-4.1492
4.632,-4.8185
4.665,-5.2351
4.698,-5.3564
4.732,-5.3483
4.765,-5.2585
4.799,-4.9761
4.832,-4.5119
4.869,-3.782
4.883,-2.8488
4.932,-1.5592
4.965,-0.4297
4.999,0.5498
5.032,1.5185
5.065,2.5459
5.098,3.5152
5.166,4.4793
5.199,5.1578
5.232,5.5508
5.265,5.8466
5.298,5.8332
5.332,5.6521
5.369,5.4092
5.383,4.9264
5.432,4.1342
5.465,3.2333
5.499,2.1121
5.531,1.0085
5.565,0.032
5.599,-1.0985
5.632,-2.2199
5.665,-3.2244
5.699,-4.397
5.723,-5.0608
5.749,-5.4113
5.799,-5.5731
5.832,-5.6271
5.865,-5.5936
5.899,-5.5012
5.932,-5.2256
5.965,-4.6189
5.999,-3.835
6.032,-2.5113
6.065,-1.4289
6.099,-0.3038
6.132,0.6849
6.165,1.7396
6.199,2.8112
6.232,3.6977
6.265,4.743
6.281,5.3644
6.332,5.7501
6.37,5.8601
6.384,5.8354
6.432,5.743
6.465,5.634
6.499,5.2802
6.532,4.6589
6.566,3.92
6.599,2.761
6.632,1.7007
6.665,0.6687
6.699,-0.3019
6.732,-1.2811
6.765,-2.3784
6.799,-3.6936
6.832,-4.8198
6.87,-5.4323
6.883,-5.739
6.932,-5.8375
6.948,-5.7759
6.998,-5.7045
7.032,-5.5543
7.065,-5.2032
7.099,-4.5464
7.132,-3.3801
7.149,-2.034
7.199,-0.9091
7.232,0.0611
7.265,1.0318
7.298,2.0257
7.333,3.0214
7.365,4.0727
7.398,4.981
7.414,5.5487
7.465,5.8522
7.499,5.9156
7.532,5.9895
7.566,6.0188
7.599,5.8427
7.632,5.388
7.665,4.7612
7.681,3.7803
7.732,2.6788
7.765,1.6282
7.799,0.5438
7.832,-0.4266
7.866,-1.5632
7.898,-2.6412
7.932,-3.811
7.965,-4.8195
7.998,-5.3323
8.015,-5.5892
8.065,-5.6566
8.081,-5.6066
8.132,-5.4755
8.165,-5.2694
8.182,-4.8516
8.232,-4.1527
8.248,-3.0343
8.299,-1.7345
8.332,-0.6598
8.365,0.3105
8.398,1.2722
8.435,2.2514
8.449,3.2392
8.532,4.342
8.548,5.0835
8.599,5.5749
8.632,5.7658
8.665,5.8307
8.681,5.7296
8.732,5.5573
8.766,5.1493
8.799,4.4469
8.832,3.5804
8.866,2.3339
8.899,1.2514
8.931,0.226
8.948,-0.7534
8.999,-1.8137
9.016,-2.8326
9.081,-3.7448
9.132,-4.3958
9.148,-4.7798
9.198,-5.0049
9.214,-5.0217
9.266,-4.9012
9.299,-4.7314
9.332,-4.2469
9.365,-3.5423
9.386,-2.623
9.415,-1.5337
9.466,-0.4354
9.499,0.5351
9.532,1.5738
9.565,2.6189
9.599,3.4826
9.665,4.3809
9.681,4.9673
9.732,5.3216
9.748,5.4517
9.8,5.4967
9.832,5.3406
9.865,5.101
9.899,4.6398
9.915,3.8449
9.965,2.9966
9.998,1.9541
10.014,0.9786
10.066,0.017
10.098,-0.9532
10.115,-2.0557
10.166,-3.1537
10.199,-4.5142
10.215,-5.173
10.265,-5.5094
10.281,-5.6498
10.333,-5.6298
10.366,-5.6356
10.399,-5.5204
10.432,-5.2886
10.448,-4.6775
10.502,-3.7824
10.516,-2.3016
10.566,-1.2163
10.599,-0.1329
10.632,0.8195
10.665,1.7557
10.681,2.8121
10.732,3.9446
10.748,5.0549
10.799,5.6701
10.832,6.0852
10.848,6.2135
10.899,6.31
10.914,6.2337
10.966,6.1456
10.999,5.8003
11.015,5.1832
11.066,4.0968
11.099,2.9228
11.115,1.8573
11.165,0.7297
11.181,-0.2228
11.231,-1.3346
11.248,-2.3942
11.299,-3.6556
11.314,-4.6643
11.367,-5.2781
11.394,-5.4917
11.424,-5.5963
11.448,-5.4939
11.499,-5.3708
11.515,-5.2221
11.566,-4.8916
11.599,-4.2437
11.615,-3.1337
11.666,-1.915
11.699,-0.828
11.732,0.122
11.765,1.0745
11.798,2.0297
11.815,3.0384
11.866,4.1078
11.899,5.1792
11.914,5.7607
11.966,6.0528
11.999,6.1173
12.014,6.1855
12.065,6.1982
12.081,6.0028
12.133,5.5245
12.166,4.8695
12.198,3.8441
12.214,2.5746
12.265,1.5085
12.281,0.5612
12.332,-0.3911
12.365,-1.5247
12.399,-2.5764
12.466,-3.7142
12.499,-4.446
12.532,-4.9067
12.548,-5.0723
12.599,-5.0963
12.632,-5.0586
12.648,-4.9225
12.699,-4.5233
12.732,-3.843
12.748,-2.9638
12.782,-1.6802
12.832,-0.6093
12.848,0.352
12.899,1.3024
12.932,2.2784
12.948,3.2403
13.033,4.1857
13.065,4.8186
13.081,5.2156
13.133,5.3825
13.166,5.4598
13.198,5.3604
13.215,5.1439
13.265,4.7084
13.281,4.066
13.333,3.1939
13.366,2.1366
13.381,1.1248
13.432,0.1925
13.448,-0.8023
13.499,-1.9089
13.514,-2.891
13.566,-4.4563
13.599,-5.1862
13.615,-5.6832
13.666,-5.8626
13.698,-5.8754
13.714,-5.8059
13.766,-5.7461
13.799,-5.4524
13.815,-4.9104
13.866,-4.1794
13.899,-2.5564
13.932,-1.4398
13.965,-0.3477
13.981,0.5864
14.032,1.5132
14.066,2.5204
14.098,3.6125
14.115,4.627
14.166,5.3082
14.181,5.7119
14.215,5.896
14.265,5.8649
14.281,5.7137
14.332,5.617
14.366,5.304
14.399,4.7232
14.432,3.7962
14.448,2.7042
14.499,1.6317
14.532,0.6923
14.566,-0.2399
14.581,-1.1717
14.633,-2.1248
14.67,-3.3307
14.683,-4.4924
14.732,-5.129
14.748,-5.4333
14.799,-5.5687
14.821,-5.6015
14.849,-5.5849
14.899,-5.4895
14.914,-5.2113
14.965,-4.6142
14.981,-3.6059
15.032,-2.2949
15.065,-1.2107
15.081,-0.1785
15.133,0.7648
15.166,1.8043
15.199,2.7627
15.214,3.7988
15.266,4.7857
15.298,5.3541
15.314,5.7686
15.348,5.8798
15.399,5.8135
15.414,5.7457
15.465,5.581
15.481,5.1569
15.533,4.5696
15.565,3.6475
15.581,2.5188
15.633,1.5319
15.666,0.5589
15.681,-0.3752
15.733,-1.2999
15.765,-2.3457
15.781,-3.5301
15.832,-4.6027
15.848,-5.1724
15.899,-5.4271
15.914,-5.5079
15.966,-5.5508
15.981,-5.5652
16.032,-5.409
16.065,-5.0777
16.081,-4.4402
16.132,-3.3453
16.148,-2.0263
16.181,-0.9776
16.232,-0.0528
16.248,0.8781
16.299,1.9087
16.314,2.8756
16.399,4.0021
16.432,4.7598
16.448,5.2266
16.499,5.4535
16.514,5.4615
16.566,5.4087
16.598,5.2487
16.615,4.8831
16.665,4.255
16.681,3.4277
16.732,2.2273
16.748,1.2041
16.799,0.2821
16.814,-0.6429
16.865,-1.5654
16.899,-2.5579
16.966,-3.5545
16.999,-4.2047
17.014,-4.6326
17.065,-4.7797
17.085,-4.8408
17.132,-4.7723
17.148,-4.6463
17.199,-4.2421
17.232,-3.6181
17.248,-2.7664
17.299,-1.6177
17.314,-0.5852
17.365,0.3488
17.381,1.2692
17.432,2.3043
17.448,3.2423
17.533,4.196
17.565,4.8586
17.585,5.2393
17.615,5.4076
17.647,5.4389
17.699,5.3226
17.714,5.107
17.754,4.6786
17.799,3.9615
17.814,3.1033
17.865,2.0272
17.881,1.0737
17.933,0.1701
17.966,-0.7548
17.981,-1.7764
18.032,-2.8959
18.099,-3.8727
18.118,-4.5228
18.165,-4.8619
18.181,-5.0519
18.233,-5.021
18.248,-5.0111
18.299,-4.8352
18.314,-4.3779
18.365,-3.6557
18.381,-2.5935
18.433,-1.3727
18.465,-0.402
18.481,0.523
18.531,1.5239
18.548,2.4664
18.599,3.3238
18.615,4.2481
18.665,4.8463
18.681,5.2136
18.733,5.3614
18.766,5.3056
18.781,5.3565
18.832,5.2631
18.848,4.957
18.899,4.4204
18.914,3.7248
18.965,2.717
18.981,1.735
19.032,0.8407
19.065,-0.0845
19.081,-1.0478
19.114,-2.0632
19.165,-3.1404
19.181,-4.229
19.233,-4.8372
19.266,-5.1996
19.281,-5.3183
19.332,-5.2394
19.348,-5.2772
19.399,-5.1462
19.415,-4.8251
19.469,-4.2254
19.483,-3.3192
19.533,-2.0528
19.565,-1.0292
19.581,-0.045
19.632,0.8666
19.648,1.7486
19.699,2.7152
19.714,3.7152
19.765,4.6314
19.781,5.1683
19.833,5.5354
19.848,5.6089
19.899,5.5656
19.915,5.4964
19.966,5.3568
19.985,4.9713
20.032,4.4017
20.048,3.4391
20.099,2.398
20.114,1.4353
20.165,0.4839
20.181,-0.4321
20.232,-1.3752
20.248,-2.3124
20.299,-3.6238
20.332,-4.6922
20.348,-5.2494
20.4,-5.454
20.414,-5.5336
20.448,-5.533
20.488,-5.479
20.515,-5.2986
20.566,-4.9183
20.581,-4.267
20.632,-3.0465
20.648,-1.7311
20.699,-0.679
20.714,0.2459
20.766,1.2059
20.781,2.162
20.832,3.0284
20.899,3.9387
20.918,4.6497
20.965,5.0687
20.981,5.2718
21.033,5.3253
21.048,5.2349
21.099,5.0658
21.115,4.6504
21.165,4.0312
21.181,3.2326
21.232,2.2428
21.248,1.3153
21.299,0.3831
21.317,-0.5237
21.349,-1.5389
21.399,-2.4939
21.465,-3.5385
21.481,-4.2117
21.532,-4.6216
21.548,-4.7506
21.599,-4.764
21.615,-4.7303
21.666,-4.5609
21.681,-4.1364
21.732,-3.4659
21.748,-2.6181
21.781,-1.4261
21.815,-0.3865
21.865,0.5294
21.881,1.4491
21.933,2.3592
21.948,3.2
22.033,4.1129
22.066,4.7107
22.081,5.0675
22.134,5.2141
22.166,5.2311
22.185,5.1091
22.215,4.9109
22.265,4.4644
22.281,3.7913
22.332,3.004
22.348,1.986
22.399,1.0818
22.415,0.1837
22.465,-0.7321
22.481,-1.7256
22.533,-2.678
22.548,-3.8255
22.599,-4.5406
22.615,-4.9194
22.665,-5.0737
22.681,-5.0793
22.731,-5.1013
22.748,-5.0008
22.8,-4.7404
22.815,-4.1804
22.866,-3.4129
22.881,-2.1913
22.932,-1.1134
22.948,-0.207
22.999,0.6942
23.014,1.6023
23.066,2.5217
23.081,3.4406
23.132,4.3307
23.148,4.8758
23.199,5.2355
23.232,5.3759
23.251,5.3593
23.282,5.3835
23.316,5.2971
23.366,4.9611
23.381,4.4436
23.421,3.6128
23.449,2.6374
23.499,1.7478
23.514,0.8868
23.566,-0.0182
23.581,-0.9691
23.632,-1.945
23.648,-3.1773
23.699,-4.2648
23.718,-4.8655
23.766,-5.1264
23.781,-5.2507
23.832,-5.2315
23.848,-5.3006
23.899,-5.158
23.915,-4.8352
23.966,-4.2317
23.981,-3.1632
24.015,-1.9072
24.066,-0.9533
24.081,-0.0285
24.132,0.8729
24.151,1.7495
24.199,2.6844
24.214,3.6709
24.266,4.6383
24.281,5.1545
24.332,5.439
24.348,5.5243
24.399,5.525
24.415,5.4898
24.466,5.3184
24.481,4.9144
24.515,4.3431
24.566,3.4243
24.584,2.312
24.632,1.3839
24.648,0.405
24.699,-0.4908
24.714,-1.4137
24.765,-2.3593
24.781,-3.5118
24.832,-4.4781
24.848,-5.0004
24.899,-5.2468
24.914,-5.3102
24.965,-5.2499
24.981,-5.1238
25.037,-4.9418
25.051,-4.5349
25.099,-3.8945
25.115,-2.7863
25.15,-1.5708
25.199,-0.5779
25.215,0.338
25.265,1.269
25.281,2.1325
25.333,3.026
25.399,3.9527
25.415,4.6612
25.465,5.0451
25.481,5.2315
25.533,5.1986
25.548,5.1342
25.599,4.9643
25.615,4.553
25.67,3.9379
25.683,3.1358
25.733,2.1118
25.748,1.183
25.799,0.3051
25.815,-0.6449
25.866,-1.5469
25.881,-2.4851
25.966,-3.5097
25.981,-4.1664
26.033,-4.5701
26.066,-4.6987
26.081,-4.6838
26.115,-4.6664
26.166,-4.5015
26.181,-4.0319
26.232,-3.3752
26.248,-2.5313
26.298,-1.3716
26.318,-0.4437
26.347,0.457
26.381,1.3898
26.416,2.2984
26.465,3.1446
26.532,3.9633
26.548,4.5764
26.599,4.9216
26.615,5.0663
26.666,5.1045
26.681,5.0909
26.732,4.8725
26.748,4.3977
26.804,3.6892
26.817,2.8803
26.866,1.9326
26.881,0.9816
26.932,0.0946
26.948,-0.8453
26.999,-1.8346
27.015,-2.888
27.048,-4.2687
27.099,-4.9335
27.115,-5.2783
27.166,-5.4241
27.181,-5.4363
27.233,-5.3716
27.248,-5.2693
27.299,-5.0399
27.315,-4.4774
27.366,-3.6073
27.384,-2.126
27.415,-1.0745
27.466,-0.1862
27.481,0.7616
27.515,1.694
27.565,2.5517
27.581,3.5773
27.632,4.5632
27.648,5.1073
27.698,5.4208
27.714,5.5548
27.748,5.4999
27.799,5.5272
27.815,5.3406
27.866,4.9661
27.881,4.4552
27.933,3.4809
27.948,2.4659
27.999,1.5247
28.014,0.6242
28.066,-0.3222
28.081,-1.2343
28.133,-2.1983
28.148,-3.2884
28.183,-4.2947
28.237,-4.8751
28.251,-5.0919
28.299,-5.1957
28.315,-5.237
28.365,-5.1888
28.381,-4.9811
28.433,-4.6438
28.448,-4.0553
28.5,-3.076
28.515,-1.8523
28.548,-0.8623
28.599,0.0535
28.614,0.9792
28.665,1.9517
28.681,2.8519
28.732,3.8009
28.748,4.7856
28.799,5.2991
28.815,5.6227
28.866,5.6652
28.894,5.5987
28.915,5.4516
28.948,5.2245
29.0,4.8229
29.017,4.2548
29.048,3.3561
29.099,2.2251
29.115,1.3048
29.165,0.3935
29.181,-0.5373
29.232,-1.4368
29.248,-2.2622
29.332,-3.3551
29.351,-4.0163
29.382,-4.4498
29.415,-4.6154
29.448,-4.7342
29.482,-4.6764
29.517,-4.5356
29.549,-4.1145
29.599,-3.4842
29.614,-2.677
29.666,-1.4659
29.681,-0.4929
29.732,0.3991
29.748,1.3158
29.781,2.301
29.815,3.1075
29.899,3.9666
29.915,4.5909
29.95,4.9509
29.981,5.1143
30.033,5.1572
30.048,5.0356
30.082,4.8522
30.132,4.4236
30.148,3.788
30.198,3.0123
30.214,2.043
30.266,1.1517
30.281,0.2879
30.332,-0.6483
30.348,-1.627
30.4,-2.5043
30.466,-3.4205
30.481,-4.0047
30.532,-4.3491
30.548,-4.4582
30.582,-4.4656
30.615,-4.4427
30.665,-4.2698
30.681,-3.7755
30.732,-3.0925
30.748,-2.2703
30.781,-1.2315
30.815,-0.3614
30.848,0.5205
30.882,1.4139
30.915,2.2908
30.948,3.3214
30.982,4.2206
31.015,4.8325
31.049,5.2047
31.099,5.3766
31.115,5.4264
31.149,5.3885
31.182,5.3039
31.215,4.9992
31.266,4.5394
31.281,3.6477
31.332,2.6776
31.348,1.7228
31.399,0.8536
31.414,-0.0196
31.449,-0.9492
31.482,-1.8203
31.515,-2.9246
31.549,-3.9981
31.599,-4.5709
31.615,-4.8719
31.648,-5.0002
31.686,-5.0148
31.715,-5.0323
31.756,-4.9029
31.782,-4.6181
31.815,-4.0685
31.849,-3.1405
31.882,-1.9495
31.915,-1.1343
31.949,-0.2711
31.982,0.6258
32.015,1.5004
32.049,2.3619
32.082,3.2847
32.115,4.2122
32.149,4.7227
32.199,5.0511
32.215,5.1642
32.248,5.2354
32.281,5.2449
32.315,5.0777
32.348,4.752
32.382,4.2574
32.415,3.354
32.448,2.3383
32.499,1.533
32.514,0.7021
32.548,-0.1627
32.582,-1.0495
32.616,-1.9857
32.648,-3.1384
32.682,-4.183
32.715,-4.6878
32.748,-4.8784
32.781,-4.9728
32.815,-5.0468
32.849,-5.0561
32.882,-4.9013
32.932,-4.559
32.948,-3.9566
32.982,-2.8867
33.015,-1.636
33.048,-0.7933
33.082,0.087
33.115,0.9738
33.148,1.8265
33.181,2.6569
33.249,3.6953
33.281,4.3836
33.315,4.8154
33.349,5.0221
33.382,4.9953
33.415,5.0126
33.449,4.8602
33.499,4.5008
33.515,3.9579
33.549,3.2063
33.586,2.1222
33.615,1.3168
33.649,0.4428
33.682,-0.4215
33.715,-1.2979
33.748,-2.1939
33.816,-3.2189
33.849,-3.871
33.882,-4.2709
33.916,-4.4013
33.948,-4.4174
33.982,-4.4283
34.016,-4.2621
34.049,-3.9205
34.082,-3.297
34.115,-2.4953
34.148,-1.4299
34.182,-0.5395
34.219,0.3336
34.248,1.2158
34.282,2.0588
34.315,2.8579
34.383,3.6741
34.416,4.287
34.449,4.6829
34.482,4.8311
34.515,4.9608
34.548,4.9541
34.582,4.7582
34.615,4.3367
34.649,3.7025
34.682,2.9327
34.72,2.0408
34.748,1.1854
34.781,0.294
34.815,-0.5655
34.848,-1.5311
34.881,-2.5297
34.966,-3.4482
34.981,-4.0033
35.016,-4.3041
35.048,-4.4127
35.082,-4.4375
35.115,-4.3921
35.148,-4.2838
35.185,-3.8333
35.215,-3.1582
35.249,-2.2105
35.282,-1.1344
35.315,-0.2888
35.348,0.5679
35.382,1.4536
35.415,2.277
35.449,3.3386
35.482,4.2383
35.516,4.7724
35.549,5.1392
35.583,5.2771
35.615,5.2606
35.648,5.215
35.682,5.1254
35.715,4.8104
35.749,4.3192
35.782,3.3703
35.815,2.4415
35.849,1.5675
35.882,0.6383
35.915,-0.2089
35.949,-1.0428
35.982,-1.898
36.015,-2.8953
36.048,-3.8954
36.082,-4.4601
36.115,-4.7436
36.149,-4.8436
36.182,-4.8666
36.215,-4.7416
36.249,-4.6165
36.282,-4.3632
36.315,-3.7982
36.349,-2.9482
36.382,-1.8005
36.415,-0.9308
36.449,-0.0932
36.482,0.7581
36.515,1.6217
36.549,2.4351
36.582,3.4006
36.615,4.3513
36.649,4.8392
36.682,5.1015
36.715,5.1804
36.749,5.2077
36.782,5.2142
36.815,5.0452
36.849,4.6772
36.882,4.1254
36.915,3.2178
36.949,2.1476
36.982,1.2534
37.015,0.3587
37.049,-0.4796
37.082,-1.3415
37.115,-2.2567
37.149,-3.5436
37.182,-4.4578
37.214,-4.9596
37.248,-5.1774
37.281,-5.2478
37.315,-5.2158
37.348,-5.0474
37.382,-4.9098
37.421,-4.5397
37.448,-3.9463
37.482,-2.7082
37.515,-1.562
37.548,-0.6195
37.582,0.2279
37.615,1.0623
37.649,1.9128
37.682,2.7041
37.749,3.722
37.782,4.3764
37.816,4.8178
37.848,5.0064
37.882,4.9706
37.915,4.9174
37.949,4.7564
37.982,4.4066
38.015,3.8273
38.048,3.0528
38.082,1.9612
38.115,1.0505
38.149,0.1654
38.182,-0.6821
38.216,-1.5459
38.248,-2.4518
38.316,-3.4687
38.349,-4.0847
38.382,-4.4497
38.416,-4.585
38.449,-4.6498
38.482,-4.5724
38.516,-4.4434
38.549,-4.0636
38.582,-3.4402
38.615,-2.6471
38.648,-1.4949
38.682,-0.6294
38.715,0.22
38.748,1.0557
38.782,1.9835
38.815,2.8569
38.882,3.7151
38.916,4.2651
38.948,4.6039
38.982,4.7484
39.015,4.6997
39.048,4.6689
39.086,4.4632
39.115,4.062
39.149,3.4528
39.182,2.6086
39.215,1.6591
39.249,0.8517
39.282,0.0316
39.315,-0.8061
39.349,-1.6662
39.381,-2.5555
39.415,-3.8314
39.448,-4.4286
39.482,-4.8407
39.516,-4.9664
39.548,-4.9916
39.582,-5.0637
39.615,-4.9679
39.648,-4.7655
39.682,-4.2474
39.715,-3.5173
39.749,-2.1746
39.782,-1.2467
39.815,-0.3941
39.849,0.4351
39.881,1.2931
39.915,2.178
39.949,3.135
39.981,4.0142
40.015,4.5321
40.048,4.8821
40.082,5.0283
40.115,5.035
40.153,4.9972
40.181,4.8785
40.215,4.5395
40.248,4.0577
40.282,3.2053
40.316,2.2614
40.348,1.4133
40.382,0.5569
40.415,-0.2716
40.449,-1.1578
40.482,-1.9875
40.515,-3.1592
40.549,-4.1657
40.582,-4.7328
40.615,-5.0421
40.648,-5.1366
40.682,-5.1548
40.715,-5.1034
40.748,-4.9782
40.782,-4.6499
40.815,-4.0908
40.849,-3.0325
40.881,-1.8205
40.915,-0.9576
40.949,-0.065
40.982,0.766
41.015,1.6433
41.048,2.4636
41.082,3.3929
41.115,4.2832
41.148,4.7897
41.182,5.127
41.216,5.1836
41.249,5.2095
41.281,5.1689
41.315,4.9695
41.349,4.573
41.382,4.0159
41.415,3.1308
41.448,2.0975
41.482,1.2635
41.515,0.3822
41.548,-0.4439
41.582,-1.2935
41.615,-2.1721
41.649,-3.2501
41.681,-4.1512
41.716,-4.6207
41.749,-4.8248
41.782,-4.8945
41.816,-4.923
41.852,-4.8095
41.881,-4.6475
41.916,-4.2223
41.949,-3.6205
41.982,-2.5358
42.015,-1.4183
42.048,-0.5774
42.082,0.2675
42.115,1.1662
42.149,2.0368
42.182,2.8106
42.266,3.8313
42.282,4.4622
42.316,4.9065
42.348,5.072
42.382,5.065
42.415,5.0697
42.452,4.889
42.482,4.4525
42.515,3.8205
42.549,3.0446
42.583,2.0353
42.615,1.1672
42.649,0.2737
42.682,-0.5913
42.715,-1.4313
42.749,-2.2815
42.816,-3.1178
42.849,-3.6871
42.882,-4.049
42.911,-4.1639
42.948,-4.2364
42.982,-4.1584
43.015,-4.0538
43.049,-3.6181
43.082,-2.9728
43.115,-2.1817
43.149,-1.1853
43.182,-0.3441
43.215,0.5238
43.249,1.3398
43.282,2.1762
43.315,3.0528
43.386,3.9279
43.415,4.4799
43.449,4.7744
43.481,4.8832
43.516,4.8132
43.548,4.779
43.582,4.5666
43.615,4.1655
43.648,3.4991
43.682,2.5864
43.715,1.6933
43.749,0.8274
43.782,0.0156
43.815,-0.8436
43.848,-1.6559
43.881,-2.731
43.915,-3.899
43.948,-4.4963
43.981,-4.8392
44.015,-4.9592
44.048,-5.0225
44.082,-4.9601
44.116,-4.8549
44.149,-4.6195
44.181,-4.0867
44.216,-3.1603
44.248,-1.9038
44.282,-0.9532
44.315,-0.1006
44.349,0.785
44.382,1.6394
44.415,2.4271
44.449,3.3602
44.482,4.3425
44.516,4.8283
44.549,5.1708
44.582,5.3524
44.616,5.3776
44.649,5.2869
44.682,5.0806
44.716,4.7408
44.748,4.2489
44.782,3.34
44.815,2.3031
44.848,1.4468
44.882,0.5893
44.915,-0.2882
44.949,-1.1916
44.981,-1.9796
45.016,-3.0403
45.049,-3.9835
45.081,-4.5146
45.115,-4.739
45.149,-4.8401
45.182,-4.8349
45.215,-4.809
45.248,-4.6737
45.282,-4.3451
45.315,-3.7708
45.349,-2.7651
45.382,-1.6589
45.415,-0.814
45.449,0.0398
45.482,0.8851
45.516,1.6793
45.549,2.4669
45.616,3.4332
45.649,4.063
45.681,4.471
45.715,4.6942
45.748,4.7162
45.782,4.6422
45.815,4.5212
45.848,4.1917
45.882,3.689
45.915,3.0006
45.949,1.9777
45.986,1.1706
46.015,0.3419
46.049,-0.5594
46.082,-1.4055
46.115,-2.1742
46.182,-3.2137
46.216,-3.8432
46.249,-4.2191
46.281,-4.3624
46.316,-4.3567
46.348,-4.3223
46.382,-4.2176
46.416,-3.8191
46.448,-3.2169
46.482,-2.4531
46.515,-1.2979
46.548,-0.4576
46.582,0.4048
46.615,1.2246
46.648,1.9969
46.682,2.7592
46.749,3.6218
46.782,4.1364
46.815,4.4928
46.848,4.6173
46.881,4.5678
46.915,4.559
46.949,4.3372
46.982,3.9617
47.015,3.3976
47.048,2.6745
47.082,1.8128
47.116,1.0305
47.148,0.2004
47.182,-0.6564
47.215,-1.4843
47.25,-2.3118
47.316,-3.0781
47.353,-3.6521
47.382,-3.9589
47.415,-4.0662
47.449,-4.1005
47.482,-4.0585
47.515,-3.9571
47.549,-3.4893
47.581,-2.8485
47.615,-2.0718
47.648,-1.1575
47.681,-0.3102
47.716,0.5645
47.748,1.3864
47.782,2.1558
47.816,3.1883
47.848,4.0379
47.882,4.6649
47.915,5.0093
47.949,5.2037
47.986,5.1914
48.016,5.2359
48.049,5.0957
48.082,4.8136
48.116,4.349
48.149,3.4267
48.182,2.5623
48.215,1.6475
48.248,0.8257
48.282,-0.0281
48.315,-0.8722
48.349,-1.7686
48.387,-2.8671
48.415,-3.8264
48.448,-4.3916
48.482,-4.7139
48.515,-4.8186
48.549,-4.8608
48.582,-4.788
48.615,-4.6435
48.648,-4.3471
48.682,-3.8341
48.716,-2.8853
48.749,-1.8031
48.782,-0.9513
48.815,-0.1076
48.848,0.6901
48.882,1.4903
48.919,2.2573
48.949,3.0448
48.982,3.9248
49.015,4.4076
49.048,4.6981
49.082,4.8001
49.115,4.8365
49.149,4.8324
49.182,4.6866
49.215,4.3638
49.249,3.8404
49.282,3.0418
49.315,2.0466
49.348,1.2657
49.382,0.4526
49.415,-0.347
49.449,-1.1815
49.482,-2.0368
49.515,-3.2201
49.549,-4.1069
49.582,-4.5914
49.615,-4.8108
49.649,-4.8838
49.682,-4.9202
49.718,-4.8109
49.749,-4.6461
49.782,-4.2819
49.816,-3.7252
49.848,-2.5988
49.882,-1.5025
49.915,-0.6792
49.948,0.179
49.982,1.0252
50.015,1.8122
50.049,2.538
50.116,3.4903
50.149,4.1065
50.186,4.5262
50.215,4.7125
50.249,4.6991
50.282,4.6171
50.315,4.4489
50.349,4.0708
50.382,3.5514
50.415,2.8151
50.449,1.7703
50.482,0.9874
50.515,0.1514
50.549,-0.6572
50.582,-1.4895
50.615,-2.2435
50.683,-3.1105
50.715,-3.7008
50.751,-4.058
50.782,-4.1659
50.815,-4.2216
50.848,-4.2275
50.882,-4.0876
50.915,-3.7305
50.949,-3.1238
50.982,-2.3639
51.015,-1.4739
51.049,-0.6446
51.086,0.1622
51.115,0.9647
51.149,1.805
51.182,2.7555
51.249,3.6569
51.282,4.1715
51.315,4.4865
51.349,4.6173
51.382,4.6821
51.416,4.556
51.449,4.3415
51.483,3.9463
51.516,3.3843
51.548,2.4703
51.582,1.5318
51.615,0.7496
51.649,-0.0497
51.682,-0.8882
51.715,-1.6925
51.749,-2.6842
51.782,-3.6872
51.815,-4.327
51.849,-4.7145
51.882,-4.8347
51.915,-4.9179
51.949,-4.8804
51.982,-4.7324
52.016,-4.4949
52.049,-3.992
52.082,-3.0689
52.115,-1.9738
52.148,-0.9958
52.182,-0.1782
52.215,0.6105
52.248,1.4012
52.282,2.1485
52.315,3.0415
52.348,3.8889
52.382,4.3456
52.415,4.6749
52.449,4.8566
52.483,4.8029
52.518,4.7485
52.549,4.5772
52.582,4.2868
52.615,3.8432
52.649,2.9774
52.682,2.0998
52.715,1.362
52.749,0.5553
52.782,-0.2835
52.815,-1.0965
52.849,-1.8813
52.882,-2.9345
52.917,-3.8911
52.949,-4.4092
52.981,-4.6836
53.016,-4.7974
53.048,-4.8416
53.082,-4.8272
53.108,-4.6821
53.149,-4.3629
53.182,-3.8216
53.215,-2.8354
53.249,-1.7514
53.282,-0.9571
53.315,-0.1403
53.349,0.6393
53.382,1.4369
53.415,2.2316
53.449,3.0749
53.482,3.9331
53.515,4.3796
53.549,4.6923
53.582,4.808
53.615,4.8443
53.648,4.7445
53.682,4.5895
53.715,4.235
53.748,3.7266
53.782,2.886
53.815,1.8887
53.849,1.1228
53.881,0.2854
53.915,-0.5123
53.949,-1.323
53.982,-2.0586
54.049,-3.0449
54.082,-3.6606
54.115,-4.0849
54.149,-4.2055
54.182,-4.2085
54.215,-4.162
54.249,-4.0297
54.282,-3.6962
54.315,-3.1394
54.349,-2.4206
54.382,-1.3707
54.415,-0.5728
54.448,0.2774
54.482,1.0461
54.515,1.8292
54.549,2.5425
54.616,3.4559
54.649,4.0155
54.682,4.4274
54.715,4.5894
54.748,4.581
54.782,4.6072
54.816,4.4306
54.848,4.0824
54.882,3.5329
54.915,2.81
54.949,1.8569
54.982,1.0622
55.015,0.2154
55.049,-0.5823
55.082,-1.3645
55.115,-2.2965
55.149,-3.6291
55.182,-4.3183
55.215,-4.7337
55.249,-4.8768
55.282,-4.9588
55.316,-4.9304
55.349,-4.7762
55.382,-4.587
55.416,-4.149
55.448,-3.4405
55.483,-2.0507
55.515,-1.1838
55.548,-0.3767
55.586,0.4086
55.615,1.1864
55.648,1.9077
55.682,2.8523
55.715,3.6217
55.749,4.322
55.782,4.73
55.815,4.8676
55.849,4.9765
55.883,4.9492
55.915,4.859
55.949,4.5958
55.982,4.1839
56.015,3.2844
56.049,2.504
56.082,1.5699
56.116,0.7338
56.149,-0.0458
56.182,-0.8072
56.215,-1.5744
56.248,-2.5892
56.282,-3.5389
56.315,-4.0727
56.349,-4.3338
56.382,-4.4714
56.415,-4.5277
56.449,-4.4643
56.482,-4.2851
56.515,-4.0102
56.549,-3.5194
56.582,-2.6414
56.615,-1.5713
56.658,-0.7953
56.671,-0.0356
56.715,0.7379
56.749,1.4975
56.782,2.2634
56.816,3.1753
56.849,3.9186
56.882,4.4046
56.916,4.74
56.949,4.8392
56.982,4.904
57.016,4.8133
57.049,4.6784
57.082,4.3861
57.115,3.8673
57.149,2.9994
57.186,2.1579
57.215,1.3762
57.249,0.5444
57.282,-0.217
57.315,-1.0158
57.349,-1.7531
57.382,-2.9836
57.416,-3.8122
57.449,-4.2853
57.481,-4.5299
57.516,-4.6474
57.549,-4.6645
57.585,-4.5738
57.615,-4.3799
57.649,-4.005
57.683,-3.4546
57.716,-2.2816
57.749,-1.2699
57.782,-0.4834
57.816,0.2632
57.848,1.0182
57.882,1.7506
57.915,2.5132
57.982,3.4455
58.015,4.0404
58.048,4.3997
58.082,4.5576
58.115,4.5506
58.149,4.4794
58.182,4.3754
58.216,4.0807
58.249,3.6022
58.282,2.8856
58.315,1.8784
58.349,1.0899
58.382,0.3194
58.416,-0.433
58.448,-1.2064
58.482,-1.9326
58.549,-2.801
58.582,-3.3744
58.615,-3.7495
58.649,-3.8912
58.682,-3.9194
58.716,-3.8623
58.749,-3.7021
58.781,-3.3574
58.816,-2.7899
58.849,-2.0569
58.882,-1.1159
58.915,-0.3381
58.949,0.4447
58.982,1.1821
59.016,1.975
59.049,2.9363
59.116,3.8633
59.149,4.4103
59.182,4.7767
59.216,4.8892
59.249,4.8753
59.282,4.7971
59.32,4.6392
59.349,4.3
59.382,3.6818
59.416,2.7176
59.449,1.6699
59.482,0.8599
59.516,0.0289
59.549,-0.7582
59.582,-1.5295
59.615,-2.3042
59.649,-3.5034
59.682,-4.0794
59.715,-4.4183
59.749,-4.5892
59.782,-4.6175
59.816,-4.5812
59.849,-4.4486
59.883,-4.2413
59.916,-3.7205
59.952,-3.0427
59.981,-1.7794
60.006,-0.9729
60.048,-0.1834
60.082,0.596
60.115,1.4121
60.148,2.1704
60.182,3.0952
60.215,3.8664
60.249,4.3618
60.283,4.7284
60.316,4.8585
60.349,4.9069
60.382,4.8344
60.415,4.7168
60.448,4.4041
60.482,3.9313
60.515,3.0502
60.549,2.2801
60.582,1.4679
60.615,0.6524
60.649,-0.1181
60.682,-0.898
60.715,-1.6265
60.748,-2.8268
60.782,-3.7776
60.815,-4.3164
60.849,-4.5642
60.882,-4.7162
60.916,-4.7367
60.949,-4.6642
60.982,-4.5354
61.016,-4.2703
61.049,-3.7763
61.082,-2.6634
61.115,-1.5788
61.149,-0.7922
61.181,-0.0228
61.215,0.7681
61.249,1.5273
61.282,2.2461
61.315,3.0363
61.348,3.9037
61.382,4.3552
61.415,4.5964
61.449,4.6733
61.482,4.7212
61.515,4.6305
61.549,4.4782
61.582,4.1251
61.616,3.6353
61.649,2.8312
61.682,1.9193
61.715,1.1666
61.749,0.4142
61.782,-0.3675
61.815,-1.1185
61.849,-1.8267
61.915,-2.7575
61.949,-3.3283
61.982,-3.7291
62.015,-3.7793
62.048,-3.8377
62.082,-3.7815
62.115,-3.6529
62.149,-3.3025
62.182,-2.7884
62.215,-2.1202
62.249,-1.1704
62.281,-0.4192
62.315,0.3418
62.349,1.1277
62.382,1.8846
62.415,2.5695
62.483,3.4739
62.515,4.0207
62.548,4.3561
62.582,4.5065
62.616,4.5327
62.649,4.4524
62.682,4.3274
62.716,3.921
62.749,3.3704
62.782,2.6861
62.815,1.7146
62.849,0.9364
62.881,0.184
62.915,-0.5907
62.948,-1.3386
62.982,-2.0892
63.05,-2.8525
63.082,-3.3752
63.117,-3.6981
63.149,-3.7799
63.178,-3.7769
63.215,-3.6844
63.249,-3.5656
63.281,-3.1764
63.316,-2.6111
63.349,-1.8298
63.382,-1.0165
63.415,-0.2598
63.449,0.5004
63.482,1.27
63.515,2.0208
63.549,2.7913
63.616,3.6033
63.648,4.1048
63.682,4.3872
63.715,4.476
63.749,4.4876
63.782,4.4201
63.815,4.2334
63.848,3.7901
63.882,3.2065
63.915,2.3943
63.949,1.5622
63.982,0.783
64.019,0.0259
64.048,-0.7349
64.082,-1.4632
64.115,-2.3697
64.149,-3.4745
64.182,-3.9751
64.215,-4.3032
64.249,-4.4361
64.282,-4.5103
64.315,-4.4559
64.349,-4.2783
64.382,-4.0518
64.416,-3.5348
64.449,-2.7213
64.482,-1.5242
64.519,-0.8086
64.548,-0.061
64.582,0.7634
64.615,1.5569
64.649,2.2851
64.682,3.1417
64.715,3.9577
64.748,4.3768
64.782,4.7148
64.816,4.9214
64.848,4.9951
64.882,4.9149
64.915,4.7153
64.949,4.3737
64.982,3.8835
65.015,3.0003
65.048,2.1625
65.082,1.41
65.115,0.6085
65.148,-0.2663
65.182,-1.0215
65.216,-1.7181
65.249,-2.8054
65.282,-3.6155
65.315,-4.0565
65.352,-4.2731
65.382,-4.3607
65.415,-4.3767
65.449,-4.2861
65.481,-4.1168
65.516,-3.8026
65.549,-3.2987
65.582,-2.2878
65.616,-1.3154
65.648,-0.5869
65.681,0.1706
65.716,0.8656
65.748,1.605
65.782,2.2865
65.815,3.0203
65.849,3.8496
65.882,4.2711
65.915,4.5771
65.949,4.6379
65.986,4.6651
66.016,4.5497
66.048,4.3785
66.082,4.0063
66.116,3.5062
66.148,2.7756
66.182,1.8295
66.215,1.0831
66.249,0.2665
66.282,-0.4602
66.315,-1.2038
66.349,-1.8785
66.415,-2.691
66.449,-3.2351
66.482,-3.5975
66.515,-3.6767
66.549,-3.708
66.581,-3.6336
66.616,-3.5328
66.649,-3.221
66.682,-2.6893
66.715,-2.0289
66.749,-1.1833
66.782,-0.4366
66.815,0.3154
66.848,1.0726
66.881,1.7995
66.915,2.5415
66.982,3.4183
67.016,3.9319
67.048,4.2346
67.082,4.3674
67.115,4.3995
67.148,4.3373
67.182,4.1829
67.215,3.7758
67.249,3.2315
67.282,2.48
67.315,1.6102
67.349,0.8653
67.382,0.131
67.418,-0.6233
67.448,-1.3498
67.482,-2.2731
67.515,-3.4182
67.549,-4.038
67.581,-4.3889
67.615,-4.5697
67.649,-4.6402
67.682,-4.6119
67.715,-4.457
67.749,-4.2657
67.782,-3.8371
67.815,-3.025
67.849,-1.8225
67.882,-0.9265
67.915,-0.1692
67.948,0.5732
67.982,1.2682
68.015,1.9542
68.048,2.7192
68.081,3.49
68.115,3.9717
68.148,4.2922
68.182,4.4272
68.215,4.4265
68.249,4.355
68.282,4.2573
68.32,3.9918
68.349,3.5822
68.382,2.8885
68.416,2.1217
68.452,1.4101
68.477,0.6638
68.515,-0.1141
68.548,-0.8585
68.582,-1.5477
68.615,-2.5604
68.648,-3.4694
68.682,-4.0112
68.715,-4.3317
68.749,-4.4987
68.782,-4.534
68.816,-4.4603
68.849,-4.2789
68.882,-3.956
68.916,-3.4988
68.949,-2.5803
68.982,-1.5365
69.015,-0.7503
69.048,0.0057
69.082,0.8202
69.115,1.5168
69.148,2.1571
69.182,2.8884
69.216,3.5902
69.248,4.0232
69.282,4.2902
69.316,4.4221
69.349,4.4736
69.382,4.3839
69.419,4.1894
69.449,3.8949
69.482,3.4597
69.515,2.7068
69.55,1.8576
69.581,1.1471
69.615,0.4092
69.648,-0.3988
69.682,-1.1468
69.715,-1.8222
69.782,-2.7474
69.816,-3.3191
69.848,-3.6987
69.882,-3.7699
69.916,-3.7915
69.949,-3.7452
69.981,-3.6564
70.016,-3.3212
70.048,-2.8249
70.082,-2.2012
70.115,-1.2335
70.148,-0.493
70.183,0.2433
70.215,0.931
70.248,1.6102
70.282,2.2663
70.35,3.1062
70.381,3.594
70.415,3.9456
70.448,4.1067
70.482,4.1247
70.515,4.035
70.549,3.8987
70.582,3.5906
70.615,3.1234
70.649,2.4345
70.682,1.5724
70.715,0.886
70.748,0.149
70.782,-0.5976
70.815,-1.323
70.849,-2.129
70.915,-2.9296
70.949,-3.4426
70.982,-3.6987
71.015,-3.7476
71.049,-3.7584
71.082,-3.6758
71.115,-3.6164
71.149,-3.2518
71.182,-2.7306
71.215,-1.9048
71.249,-0.9734
71.281,-0.2249
71.316,0.4264
71.349,1.1471
71.381,1.826
71.415,2.6456
71.482,3.5166
71.516,3.9766
71.549,4.32
71.582,4.4277
71.615,4.3617
71.649,4.2912
71.685,4.1179
71.715,3.7395
71.752,3.2342
71.781,2.3448
71.815,1.5146
71.848,0.8176
71.882,0.0505
71.915,-0.6957
71.948,-1.3878
71.982,-2.2488
72.015,-3.2123
72.048,-3.7137
72.082,-4.0583
72.115,-4.1063
72.148,-4.1598
72.182,-4.1134
72.215,-4.0072
72.248,-3.7904
72.282,-3.3572
72.315,-2.6027
72.348,-1.5552
72.382,-0.8695
72.415,-0.1353
72.449,0.5172
72.482,1.2254
72.515,1.8964
72.548,2.775
72.586,3.4433
72.615,3.9094
72.648,4.2081
72.682,4.3172
72.715,4.3914
72.748,4.3276
72.782,4.2371
72.815,3.9267
72.849,3.4855
72.882,2.639
72.915,1.9388
72.949,1.2222
72.981,0.492
73.016,-0.2518
73.048,-0.9745
73.081,-1.6852
73.115,-2.7115
73.148,-3.4918
73.182,-3.9404
73.215,-4.1556
73.248,-4.221
73.282,-4.2291
73.315,-4.1463
73.348,-3.9651
73.383,-3.6663
73.415,-3.1559
73.448,-2.2072
73.482,-1.2711
73.519,-0.5618
73.548,0.1702
73.582,0.8671
73.615,1.5516
73.648,2.1921
73.716,3.0586
73.749,3.6126
73.782,4.005
73.816,4.214
73.848,4.2327
73.882,4.1963
73.915,4.1124
73.948,3.802
73.982,3.3499
74.015,2.6843
74.048,1.8074
74.082,1.1209
74.115,0.3736
74.148,-0.4068
74.182,-1.1209
74.216,-1.8015
74.282,-2.6633
74.316,-3.1841
74.349,-3.5487
74.382,-3.6638
74.416,-3.6997
74.449,-3.6353
74.482,-3.5757
74.515,-3.2258
74.549,-2.7175
74.581,-2.0495
74.616,-1.1319
74.649,-0.3757
74.682,0.3782
74.715,1.1334
74.749,1.8048
74.782,2.5017
74.849,3.3594
74.882,3.824
74.915,4.1332
74.948,4.2929
74.982,4.3238
75.015,4.1921
75.049,4.0238
75.089,3.699
75.106,3.2215
75.149,2.4518
75.182,1.6116
75.215,0.9283
75.249,0.2074
75.282,-0.55
75.315,-1.2857
75.349,-2.1087
75.416,-2.8563
75.449,-3.3545
75.482,-3.6799
75.515,-3.6887
75.548,-3.6739
75.582,-3.5913
75.616,-3.4906
75.649,-3.0998
75.682,-2.5691
75.716,-1.6884
75.749,-0.8414
75.782,-0.0951
75.815,0.6537
75.849,1.3185
75.882,1.9422
75.915,2.6415
75.982,3.3067
76.015,3.7158
76.049,3.9736
76.082,4.0607
76.115,4.0342
76.149,3.9711
76.182,3.7762
76.215,3.4117
76.248,2.8779
76.286,2.1233
76.315,1.4425
76.349,0.7536
76.382,0.057
76.415,-0.6332
76.449,-1.3204
76.482,-2.2253
76.515,-3.0947
76.548,-3.6024
76.581,-3.8712
76.616,-3.9235
76.649,-3.9361
76.681,-3.8636
76.716,-3.715
76.749,-3.5167
76.782,-3.0646
76.815,-2.2563
76.849,-1.2957
76.886,-0.5145
76.915,0.2222
76.949,0.8839
76.982,1.5519
77.016,2.1693
77.049,2.8699
77.082,3.6163
77.115,4.0496
77.149,4.3071
77.182,4.4431
77.22,4.4415
77.236,4.3377
77.282,4.2131
77.316,3.9308
77.348,3.5208
77.381,2.7655
77.415,1.9745
77.449,1.242
77.482,0.5334
77.515,-0.1614
77.548,-0.8704
77.582,-1.52
77.649,-2.3758
77.682,-2.9278
77.715,-3.3111
77.749,-3.3625
77.782,-3.4157
77.815,-3.3441
77.849,-3.2218
77.881,-2.9826
77.915,-2.5163
77.94,-1.9037
77.983,-1.0011
78.015,-0.3275
78.048,0.374
78.082,1.0658
78.115,1.7605
78.149,2.4196
78.215,3.2129
78.249,3.7344
78.282,4.1175
78.316,4.2546
78.348,4.2329
78.382,4.2915
78.415,4.1943
78.448,3.8697
78.482,3.3984
78.515,2.7399
78.548,1.8891
78.582,1.1646
78.615,0.4429
78.648,-0.1917
78.682,-0.8669
78.715,-1.7202
78.783,-2.5113
78.815,-3.0004
78.849,-3.3218
78.882,-3.4394
78.916,-3.4579
78.949,-3.3763
78.981,-3.2985
79.015,-3.022
79.048,-2.5179
79.082,-1.7574
79.115,-0.8722
79.149,-0.1805
79.182,0.5067
79.215,1.2563
79.249,1.9581
79.282,2.6694
79.349,3.4497
79.382,3.9303
79.415,4.2599
79.449,4.3486
79.482,4.2802
79.515,4.2082
79.549,4.0486
79.586,3.6583
79.615,3.1109
79.649,2.3741
79.682,1.5795
79.715,0.8575
79.749,0.1369
79.782,-0.5424
79.815,-1.1898
79.849,-1.993
79.882,-3.0597
79.915,-3.5686
79.948,-3.8695
79.982,-4.0081
80.015,-4.0917
80.048,-4.0633
80.082,-3.9594
80.12,-3.7828
80.134,-3.3823
80.182,-2.6658
80.215,-1.5275
80.248,-0.8442
80.282,-0.1642
80.316,0.5166
80.349,1.2696
80.381,1.9583
80.415,2.7605
80.448,3.4039
80.481,3.9259
80.516,4.2561
80.55,4.344
80.578,4.4166
80.608,4.3541
80.649,4.2627
80.682,3.9279
80.715,3.4816
80.749,2.693
80.782,2.0486
80.815,1.292
80.849,0.5497
80.885,-0.0835
80.915,-0.7671
80.949,-1.4116
80.982,-2.4246
81.015,-3.184
81.049,-3.6374
81.082,-3.8474
81.115,-3.9977
81.149,-4.0239
81.182,-3.9596
81.215,-3.8374
81.249,-3.5323
81.282,-3.087
81.315,-2.1715
81.349,-1.2613
81.382,-0.5803
81.414,0.0911
81.449,0.7815
81.485,1.4732
81.5,2.0975
81.55,2.7549
81.582,3.4453
81.615,3.8367
81.648,4.1384
81.682,4.1966
81.715,4.2523
81.748,4.1625
81.782,4.0228
81.818,3.6802
81.849,3.2422
81.881,2.5191
81.915,1.6979
81.949,1.0245
81.982,0.2864
82.015,-0.4151
82.048,-1.0973
82.082,-1.7307
82.149,-2.5927
82.183,-3.0887
82.215,-3.4394
82.248,-3.5506
82.287,-3.5851
82.303,-3.53
82.349,-3.4702
82.382,-3.1547
82.415,-2.6969
82.448,-2.0875
82.482,-1.1679
82.515,-0.4862
82.548,0.2121
82.581,0.9593
82.615,1.6122
82.648,2.2713
82.716,3.0766
82.749,3.5309
82.782,3.8712
82.816,4.0044
82.849,3.9969
82.882,3.8967
82.915,3.7553
82.937,3.4185
82.982,2.9595
83.015,2.2192
83.034,1.4165
83.082,0.7591
83.115,0.0112
83.148,-0.6849
83.182,-1.3521
83.215,-2.1718
83.283,-2.9724
83.315,-3.4325
83.349,-3.7564
83.382,-3.7484
83.416,-3.8114
83.449,-3.7768
83.482,-3.6791
83.515,-3.3083
83.549,-2.8058
83.582,-1.939
83.615,-1.0749
83.649,-0.3903
83.682,0.3105
83.715,0.9731
83.749,1.662
83.782,2.4022
83.814,3.1127
83.849,3.6071
83.881,3.9204
83.916,4.0505
83.949,4.1024
83.982,4.0478
84.015,3.9823
84.053,3.7236
84.069,3.3391
84.115,2.7378
84.149,1.9818
84.182,1.2864
84.215,0.6202
84.248,-0.029
84.282,-0.7134
84.315,-1.3614
84.349,-2.3084
84.381,-3.3291
84.416,-3.8479
84.448,-4.152
84.481,-4.1531
84.516,-4.1992
84.549,-4.1531
84.582,-4.0608
84.616,-3.7699
84.648,-3.3358
84.682,-2.5089
84.716,-1.3714
84.749,-0.6569
84.782,0.0185
84.816,0.6453
84.849,1.3071
84.882,1.9311
84.915,2.6395
84.949,3.3715
84.982,3.7984
85.015,4.069
85.049,4.1388
85.082,4.2116
85.115,4.1388
85.149,4.0451
85.182,3.7483
85.216,3.3252
85.25,2.6087
85.282,1.7234
85.315,1.0463
85.348,0.3633
85.382,-0.3153
85.415,-0.9919
85.448,-1.6626
85.486,-2.6204
85.501,-3.318
85.549,-3.7641
85.582,-3.9361
85.62,-3.9707
85.635,-3.9879
85.682,-3.9071
85.715,-3.7691
85.749,-3.4807
85.782,-2.9763
85.815,-2.091
85.848,-1.2298
85.882,-0.5313
85.915,0.156
85.949,0.8233
85.982,1.4824
86.015,2.1497
86.082,3.0008
86.115,3.5299
86.149,3.8775
86.182,4.0346
86.215,4.0328
86.249,3.9873
86.283,3.8775
86.315,3.5875
86.348,3.137
86.386,2.4137
86.401,1.5443
86.449,0.8756
86.482,0.2131
86.515,-0.4739
86.549,-1.1275
86.582,-1.8477
86.649,-2.5905
86.682,-3.0887
86.715,-3.4119
86.749,-3.4803
86.782,-3.4765
86.815,-3.4441
86.849,-3.4264
86.882,-3.1139
86.915,-2.6516
86.949,-1.9168
86.982,-1.0889
87.015,-0.4141
87.048,0.2729
87.082,0.9689
87.115,1.6211
87.149,2.3514
87.215,3.1695
87.249,3.6309
87.281,3.9255
87.316,4.0109
87.348,3.9628
87.382,3.9523
87.416,3.7952
87.449,3.4658
87.481,2.9587
87.515,2.1912
87.548,1.4152
87.582,0.756
87.615,0.054
87.648,-0.608
87.682,-1.2392
87.716,-2.0775
87.782,-2.786
87.816,-3.2154
87.848,-3.4766
87.882,-3.489
87.915,-3.5044
87.949,-3.4579
87.982,-3.3054
88.016,-2.9358
88.049,-2.4005
88.082,-1.5809
88.116,-0.7839
88.148,-0.1053
88.182,0.6086
88.215,1.2442
88.249,1.8691
88.282,2.6386
88.315,3.3387
88.349,3.8376
88.382,4.0977
88.415,4.228
88.449,4.2693
88.482,4.1964
88.515,4.0833
88.548,3.8421
88.582,3.4583
88.615,2.7442
88.649,1.9985
88.682,1.2914
88.715,0.5925
88.743,-0.1141
88.767,-0.782
88.815,-1.4207
88.848,-2.2475
88.866,-3.0484
88.915,-3.5226
88.949,-3.7473
88.982,-3.87
89.015,-3.9155
89.049,-3.8085
89.082,-3.6898
89.119,-3.4227
89.134,-2.9592
89.182,-2.2342
89.215,-1.3051
89.249,-0.6171
89.282,0.0837
89.315,0.7825
89.348,1.4147
89.382,2.0363
89.449,2.8991
89.482,3.4299
89.515,3.7557
89.548,3.9538
89.582,3.9876
89.616,3.9694
89.648,3.8652
89.682,3.6189
89.715,3.2256
89.749,2.5757
89.782,1.6985
89.815,1.0211
89.849,0.3369
89.882,-0.3674
89.916,-1.0407
89.949,-1.7115
90.019,-2.5282
90.034,-3.0205
90.082,-3.3746
90.115,-3.4181
90.149,-3.4412
90.182,-3.367
90.215,-3.2906
90.231,-2.9759
90.282,-2.5236
90.315,-1.8857
90.349,-1.0075
90.381,-0.3368
90.398,0.3551
90.449,0.9792
90.482,1.6218
90.515,2.2435
90.581,3.034
90.598,3.4604
90.649,3.742
90.681,3.8924
90.698,3.8839
90.749,3.8554
90.782,3.7095
90.798,3.4297
90.849,3.0025
90.882,2.3085
90.915,1.5112
90.949,0.8944
90.982,0.2052
91.016,-0.4809
91.049,-1.1401
91.082,-1.9835
91.149,-2.7412
91.182,-3.195
91.215,-3.5016
91.248,-3.5193
91.265,-3.5236
91.316,-3.5002
91.348,-3.4049
91.382,-3.0465
91.415,-2.5431
91.448,-1.7313
91.465,-0.8627
91.515,-0.1904
91.531,0.5003
91.582,1.1201
91.62,1.7577
91.649,2.4694
91.715,3.1896
91.731,3.5551
91.782,3.7868
91.798,3.8812
91.848,3.8417
91.864,3.8048
91.916,3.6167
91.949,3.3118
91.982,2.7973
92.015,2.0454
92.048,1.3348
92.064,0.6628
92.116,-0.0206
92.149,-0.6926
92.181,-1.322
92.216,-2.1933
92.253,-2.781
92.268,-3.3035
92.315,-3.5496
92.348,-3.6396
92.382,-3.6634
92.398,-3.556
92.449,-3.4433
92.465,-3.2502
92.516,-2.84
92.549,-2.091
92.582,-1.4054
92.615,-0.6555
92.634,0.0116
92.683,0.6876
92.715,1.2868
92.749,1.9074
92.781,2.5955
92.798,3.4317
92.848,3.8254
92.864,4.0417
92.916,4.1216
92.948,4.1362
92.964,4.0847
93.02,3.9853
93.035,3.7563
93.082,3.3494
93.115,2.6632
93.148,1.7545
93.164,1.1239
93.215,0.4687
93.231,-0.2007
93.282,-0.852
93.298,-1.4818
93.349,-2.1446
93.382,-2.9359
93.398,-3.3445
93.449,-3.4921
93.482,-3.5361
93.515,-3.591
93.549,-3.4655
93.582,-3.3422
93.602,-3.068
93.649,-2.6232
93.682,-2.0171
93.715,-1.0726
93.731,-0.4221
93.782,0.2568
93.798,0.8801
93.849,1.4915
93.882,2.0907
93.948,2.9037
93.965,3.3725
94.016,3.6484
94.049,3.7806
94.064,3.769
94.116,3.7439
94.149,3.6383
94.164,3.3831
94.22,3.0193
94.235,2.36
94.282,1.532
94.315,0.8918
94.331,0.2429
94.382,-0.4161
94.415,-1.0486
94.431,-1.8298
94.516,-2.6271
94.548,-3.0875
94.564,-3.4339
94.615,-3.4638
94.631,-3.4904
94.683,-3.4334
94.715,-3.3591
94.731,-3.0402
94.783,-2.5783
94.815,-1.8264
94.848,-0.9393
94.888,-0.2916
94.903,0.3857
94.949,0.9949
94.982,1.6104
95.001,2.3101
95.082,3.0585
95.115,3.4515
95.131,3.6992
95.183,3.8043
95.216,3.7548
95.248,3.7329
95.268,3.584
95.316,3.2897
95.349,2.8733
95.364,2.126
95.416,1.4217
95.449,0.7648
95.464,0.0968
95.516,-0.5567
95.548,-1.1739
95.564,-2.0233
95.649,-2.73
95.668,-3.1473
95.716,-3.4368
95.749,-3.4374
95.764,-3.4408
95.816,-3.3565
95.848,-3.2367
95.864,-2.8905
95.916,-2.4026
95.931,-1.5856
95.983,-0.7674
96.015,-0.1088
96.048,0.5682
96.064,1.169
96.116,1.7361
96.149,2.3793
96.182,3.0253
96.215,3.5133
96.231,3.7431
96.282,3.8574
96.298,3.8682
96.349,3.8229
96.382,3.7293
96.415,3.5144
96.431,3.161
96.486,2.5754
96.501,1.8991
96.549,1.1844
96.583,0.533
96.598,-0.1316
96.649,-0.7767
96.664,-1.4171
96.716,-2.2577
96.748,-3.024
96.764,-3.4744
96.816,-3.7009
96.849,-3.7474
96.865,-3.7839
96.917,-3.6792
96.949,-3.5781
96.982,-3.3304
96.998,-2.9006
97.049,-2.1477
97.064,-1.2478
97.116,-0.5427
97.132,0.1391
97.182,0.7547
97.216,1.3642
97.248,1.9862
97.316,2.8563
97.349,3.3598
97.364,3.663
97.415,3.8353
97.435,3.8377
97.483,3.8081
97.515,3.7106
97.531,3.4893
97.582,3.1281
97.616,2.474
97.648,1.5974
97.664,0.9497
97.716,0.3035
97.748,-0.3545
97.765,-0.9846
97.816,-1.6941
97.883,-2.488
97.916,-3.0274
97.952,-3.3746
97.968,-3.4233
98.015,-3.4568
98.048,-3.4276
98.065,-3.3363
98.116,-3.0421
98.149,-2.6066
98.187,-1.9601
98.203,-1.1033
98.249,-0.409
98.265,0.261
98.315,0.8777
98.331,1.4975
98.382,2.1777
98.449,2.9299
98.464,3.3222
98.516,3.5844
98.531,3.7249
98.582,3.7091
98.599,3.7429
98.649,3.6121
98.682,3.3467
98.715,2.9509
98.731,2.2572
98.782,1.4893
98.798,0.8784
98.849,0.2294
98.882,-0.4362
98.898,-1.0612
98.953,-1.9256
99.016,-2.6624
99.049,-3.1113
99.065,-3.4254
99.116,-3.452
99.131,-3.469
99.182,-3.4125
99.198,-3.3267
99.249,-2.9932
99.282,-2.5184
99.315,-1.741
99.331,-0.9191
99.382,-0.2563
99.398,0.4239
99.449,1.0241
99.468,1.6458
99.515,2.4457
99.582,3.1633
99.598,3.5346
99.649,3.7669
99.665,3.8693
99.716,3.8171
99.731,3.781
99.782,3.6059
99.815,3.2979
99.831,2.8204
99.882,1.9836
99.916,1.262
99.931,0.6201
99.982,-0.0363
99.998,-0.7074
100.049,-1.2949
100.065,-2.1626
100.115,-2.6722
100.131,-3.1866
100.183,-3.4517
100.215,-3.5465
100.231,-3.6033
100.282,-3.5389
100.301,-3.4324
100.349,-3.2189
100.382,-2.827
100.398,-2.0758
100.449,-1.4773
100.464,-0.7403
100.515,-0.0539
100.531,0.6165
100.582,1.257
100.598,1.8777
100.649,2.5188
100.682,3.4053
100.701,3.7875
100.749,4.0068
100.764,4.0972
100.815,4.1011
100.831,3.9918
100.883,3.8656
100.915,3.6161
100.931,3.1974
100.982,2.5918
100.998,1.6305
101.049,1.005
101.064,0.3668
101.115,-0.2906
101.132,-0.9069
101.186,-1.5279
101.232,-2.3066
101.265,-2.8519
101.315,-3.1927
101.331,-3.333
101.383,-3.3784
101.398,-3.3638
101.449,-3.31
101.483,-3.0681
101.498,-2.6708
101.549,-2.0981
101.564,-1.2619
101.615,-0.6091
101.631,0.0339
101.686,0.6912
101.702,1.3261
101.749,1.9685
101.815,2.7587
101.831,3.2289
101.882,3.5359
101.898,3.6952
101.949,3.6509
101.964,3.7115
102.016,3.6057
102.031,3.3409
102.082,2.9234
102.098,2.2676
102.132,1.4893
102.183,0.8623
102.215,0.2567
102.231,-0.3906
102.282,-0.979
102.298,-1.6991
102.383,-2.4108
102.415,-2.8823
102.431,-3.1777
102.483,-3.2565
102.515,-3.2948
102.531,-3.2543
102.566,-3.2463
102.616,-2.9407
102.631,-2.4981
102.681,-1.8717
102.698,-1.0556
102.749,-0.429
102.764,0.2293
102.815,0.8714
102.831,1.5141
102.882,2.2332
102.931,3.018
102.982,3.3969
102.998,3.6554
103.049,3.7521
103.064,3.6717
103.098,3.6894
103.149,3.5251
103.181,3.2332
103.198,2.7462
103.248,1.9745
103.264,1.2149
103.315,0.6309
103.331,-0.014
103.382,-0.6406
103.398,-1.2196
103.448,-2.0064
103.464,-2.8498
103.516,-3.4305
103.548,-3.6933
103.564,-3.7787
103.616,-3.8448
103.648,-3.86
103.664,-3.7629
103.716,-3.5797
103.731,-3.2066
103.782,-2.563
103.801,-1.66
103.833,-0.8607
103.872,-0.2391
103.898,0.4174
103.949,1.038
103.964,1.6655
104.015,2.3098
104.031,2.9845
104.083,3.4177
104.098,3.6401
104.149,3.7243
104.165,3.7163
104.216,3.6608
104.235,3.5685
104.266,3.3605
104.316,2.9828
104.331,2.3973
104.382,1.647
104.398,0.9693
104.449,0.3444
104.464,-0.2847
104.516,-0.8989
104.531,-1.4917
104.582,-2.3672
104.598,-3.2977
104.649,-3.7783
104.665,-3.9824
104.698,-4.0768
104.749,-4.122
104.765,-4.0698
104.815,-3.9725
104.831,-3.7371
104.882,-3.3151
104.898,-2.5273
104.949,-1.4797
104.964,-0.7615
105.015,-0.1277
105.032,0.5155
105.065,1.1372
105.116,1.7893
105.182,2.5911
105.198,3.0945
105.249,3.3755
105.265,3.5293
105.316,3.5217
105.331,3.4809
105.382,3.3996
105.398,3.1877
105.452,2.8455
105.467,2.2169
105.516,1.402
105.548,0.7568
105.564,0.1376
105.616,-0.4896
105.649,-1.0866
105.664,-1.7442
105.749,-2.5254
105.782,-3.036
105.798,-3.3823
105.849,-3.4876
105.864,-3.4683
105.916,-3.4409
105.931,-3.3721
105.982,-3.0902
105.998,-2.6618
106.049,-2.0319
106.064,-1.1814
106.115,-0.5432
106.131,0.1121
106.182,0.7543
106.198,1.3275
106.249,1.9972
106.316,2.7156
106.331,3.1295
106.382,3.3889
106.398,3.5218
106.432,3.4795
106.482,3.5
106.498,3.3682
106.549,3.1137
106.568,2.7163
106.604,2.0594
106.632,1.3623
106.682,0.7826
106.698,0.1454
106.749,-0.5049
106.765,-1.0911
106.816,-1.9002
106.882,-2.6253
106.898,-3.0552
106.949,-3.3462
106.965,-3.4288
107.016,-3.4687
107.031,-3.4154
107.082,-3.2105
107.098,-2.8769
107.148,-2.4354
107.164,-1.6748
107.216,-0.8182
107.231,-0.2104
107.282,0.4603
107.298,1.1062
107.349,1.7209
107.364,2.3621
107.415,2.8511
107.431,3.3323
107.487,3.6085
107.502,3.7457
107.548,3.7597
107.565,3.7726
107.599,3.6715
107.648,3.4666
107.665,3.1305
107.698,2.5725
107.748,1.9425
107.765,1.2506
107.816,0.6244
107.831,-0.0142
107.882,-0.6706
107.898,-1.2941
107.948,-2.0975
107.964,-2.9983
108.016,-3.4582
108.031,-3.7238
108.082,-3.7827
108.098,-3.8
108.149,-3.7314
108.164,-3.605
108.198,-3.3447
108.232,-2.9562
108.265,-2.2547
108.298,-1.2661
108.332,-0.575
108.365,0.0335
108.398,0.7015
108.432,1.3031
108.465,1.9438
108.499,2.4909
108.532,3.1719
108.583,3.5606
108.598,3.8045
108.649,3.9275
108.664,3.9115
108.716,3.882
108.731,3.7919
108.782,3.5899
108.798,3.1502
108.848,2.6111
108.865,1.8229
108.916,1.2082
108.932,0.5732
108.982,-0.0744
108.998,-0.6338
109.049,-1.2387
109.064,-2.2309
109.116,-2.9033
109.131,-3.2837
109.182,-3.4349
109.198,-3.5367
109.249,-3.5597
109.265,-3.4576
109.316,-3.347
109.331,-3.0673
109.381,-2.6286
109.398,-1.7382
109.449,-0.9737
109.464,-0.3627
109.498,0.297
109.532,0.9483
109.565,1.5514
109.615,2.1614
109.682,2.9133
109.698,3.3417
109.749,3.6389
109.765,3.8118
109.816,3.7711
109.857,3.7999
109.874,3.6438
109.898,3.363
109.949,3.0232
109.967,2.3785
110.016,1.6197
110.031,1.027
110.082,0.3875
110.098,-0.2526
110.149,-0.7897
110.164,-1.524
110.249,-2.1983
110.282,-2.6337
110.298,-2.976
110.349,-3.0229
110.365,-3.0395
110.403,-3.005
110.432,-2.9234
110.482,-2.6136
110.498,-2.1965
110.549,-1.5377
110.564,-0.771
110.616,-0.138
110.631,0.4903
110.682,1.0847
110.698,1.6506
110.736,2.2908
110.816,2.9775
110.831,3.3391
110.882,3.5723
110.898,3.69
110.949,3.6809
110.964,3.6965
111.015,3.5292
111.031,3.2883
111.082,2.8782
111.098,2.208
111.149,1.5145
111.164,0.8894
111.199,0.2805
111.253,-0.3408
111.269,-0.9683
111.298,-1.7854
111.366,-2.4098
111.399,-2.8662
111.432,-3.0849
111.483,-3.1507
111.498,-3.1628
111.549,-3.0922
111.564,-2.9335
111.616,-2.5737
111.631,-2.0547
111.682,-1.2818
111.698,-0.4833
111.732,0.1506
111.765,0.7393
111.815,1.3292
111.831,1.8965
111.865,2.4548
111.899,3.0279
111.948,3.4153
111.964,3.5915
112.016,3.6596
112.031,3.6019
112.065,3.5525
112.098,3.486
112.149,3.3049
112.165,2.9802
112.216,2.4871
112.231,1.8088
112.265,1.1381
112.3,0.5334
112.348,-0.0913
112.365,-0.6884
112.399,-1.3151
112.432,-2.1153
112.465,-2.8762
112.516,-3.3444
112.531,-3.569
112.565,-3.6504
112.599,-3.676
112.649,-3.6187
112.665,-3.5446
112.699,-3.3141
112.732,-2.8775
112.765,-2.1804
112.799,-1.3297
112.849,-0.6173
112.864,-0.0146
112.898,0.5789
112.932,1.1504
112.965,1.7427
113.032,2.6007
113.065,3.0233
113.119,3.2794
113.133,3.4075
113.182,3.3962
113.198,3.3913
113.249,3.3265
113.265,3.1421
113.316,2.8092
113.331,2.1937
113.365,1.3216
113.403,0.7425
113.431,0.161
113.465,-0.4285
113.516,-0.9873
113.531,-1.7377
113.599,-2.4991
113.632,-2.9939
113.665,-3.2849
113.699,-3.3383
113.731,-3.3389
113.765,-3.2858
113.799,-3.2459
113.849,-2.9995
113.865,-2.5816
113.898,-1.91
113.932,-1.0598
113.982,-0.4117
113.998,0.1814
114.032,0.7693
114.082,1.3351
114.098,1.9427
114.183,2.632
114.198,3.0526
114.232,3.2691
114.265,3.3505
114.299,3.3011
114.332,3.3153
114.365,3.2285
114.399,2.9957
114.432,2.6288
114.465,1.9737
114.499,1.3017
114.532,0.7012
114.565,0.105
114.599,-0.4912
114.632,-1.0708
114.67,-1.8624
114.732,-2.5536
114.765,-2.9575
114.799,-3.2267
114.832,-3.25
114.865,-3.2609
114.899,-3.2219
114.932,-3.1388
114.965,-2.8064
114.999,-2.3533
115.032,-1.6308
115.065,-0.8235
115.099,-0.2134
115.132,0.401
115.165,0.98
115.198,1.5808
115.231,2.1047
115.316,2.7264
115.332,3.0477
115.365,3.2402
115.398,3.3045
115.432,3.2299
115.466,3.186
115.499,3.0138
115.532,2.7413
115.567,2.2621
115.605,1.7072
115.633,1.0693
115.666,0.4803
115.699,-0.118
115.734,-0.7071
115.765,-1.3213
115.799,-2.0815
115.832,-2.7233
115.865,-3.2034
115.903,-3.4196
115.932,-3.4761
115.966,-3.5083
115.998,-3.4557
116.033,-3.3708
116.066,-3.1578
116.098,-2.7361
116.133,-2.0643
116.166,-1.319
116.199,-0.5994
116.232,0.0013
116.265,0.6024
116.298,1.1985
116.332,1.816
116.398,2.6494
116.432,3.1527
116.465,3.4411
116.499,3.5997
116.531,3.618
116.565,3.6284
116.599,3.5395
116.632,3.3213
116.665,2.9761
116.699,2.3901
116.732,1.5472
116.765,0.9299
116.799,0.3451
116.832,-0.2521
116.865,-0.8327
116.899,-1.5217
116.982,-2.2153
116.998,-2.6836
117.032,-2.9899
117.065,-3.0918
117.099,-3.1069
117.133,-3.0692
117.165,-3.0403
117.199,-2.7986
117.232,-2.4134
117.265,-1.8562
117.299,-1.1037
117.332,-0.4748
117.365,0.1329
117.399,0.7306
117.432,1.3021
117.465,1.9148
117.549,2.7069
117.565,3.1601
117.599,3.4253
117.632,3.5326
117.665,3.4972
117.703,3.4916
117.731,3.355
117.765,3.0868
117.799,2.7006
117.831,2.055
117.865,1.2835
117.899,0.6524
117.932,0.059
117.965,-0.5125
117.998,-1.0573
118.032,-1.8112
118.115,-2.4751
118.131,-2.8738
118.166,-3.135
118.198,-3.1832
118.232,-3.2062
118.265,-3.1781
118.303,-3.1049
118.332,-2.8082
118.369,-2.3899
118.402,-1.6926
118.433,-0.9122
118.466,-0.3375
118.499,0.256
118.534,0.8355
118.565,1.3984
118.599,1.9954
118.683,2.646
118.698,3.0022
118.733,3.2259
118.766,3.2943
118.816,3.2217
118.832,3.2221
118.871,3.0793
118.898,2.8064
118.932,2.3736
118.966,1.7244
118.998,1.0434
119.032,0.4387
119.065,-0.1593
119.099,-0.7454
119.132,-1.2977
119.165,-2.0875
119.198,-2.9008
119.232,-3.4346
119.266,-3.6727
119.298,-3.7254
119.332,-3.7615
119.369,-3.7215
119.398,-3.6682
119.432,-3.4949
119.465,-3.1339
119.498,-2.4613
119.532,-1.5885
119.566,-0.8188
119.598,-0.2504
119.632,0.3415
119.665,0.9202
119.698,1.4827
119.731,2.0901
119.765,2.6329
119.799,3.0303
119.832,3.2338
119.865,3.3168
119.899,3.27
119.932,3.2872
119.965,3.206
119.998,3.0077
120.032,2.6738
120.065,2.1452
120.098,1.4951
120.132,0.8323
120.166,0.2387
120.199,-0.3522
120.233,-0.9098
120.265,-1.5495
120.299,-2.2673
120.332,-2.9585
120.366,-3.3944
120.399,-3.5648
120.432,-3.5995
120.465,-3.6122
120.499,-3.5724
120.536,-3.5194
120.565,-3.3066
120.599,-2.8889
120.632,-2.2262
120.665,-1.4176
120.698,-0.7083
120.732,-0.118
120.765,0.4648
120.798,1.0348
120.832,1.6692
120.899,2.4132
120.931,2.8969
120.965,3.1537
120.999,3.2767
121.032,3.258
121.065,3.2302
121.098,3.1407
121.132,2.9258
121.166,2.6046
121.199,2.0076
121.232,1.2753
121.265,0.6498
121.299,0.091
121.333,-0.4874
121.362,-1.0353
121.399,-1.8313
121.47,-2.5792
121.499,-3.0314
121.532,-3.3296
121.565,-3.4208
121.599,-3.4386
121.633,-3.3999
121.666,-3.3512
121.699,-3.0618
121.732,-2.6567
121.766,-1.9384
121.798,-1.1182
121.832,-0.4895
121.865,0.0959
121.899,0.6667
121.932,1.2215
121.965,1.8195
122.049,2.4827
122.065,2.809
122.099,3.0197
122.132,3.1127
122.165,3.0927
122.199,3.0772
122.232,2.9578
122.265,2.7172
122.299,2.3727
122.332,1.7502
122.365,1.078
122.398,0.5122
122.432,-0.0654
122.465,-0.6536
122.499,-1.2424
122.536,-2.0855
122.565,-2.9595
122.598,-3.5156
122.632,-3.8271
122.666,-3.8894
122.698,-3.9277
122.732,-3.89
122.766,-3.8012
122.799,-3.6404
122.832,-3.2809
122.866,-2.5694
122.899,-1.6569
122.932,-0.8694
122.965,-0.2492
122.999,0.3399
123.032,0.9082
123.07,1.4494
123.098,2.0259
123.132,2.5106
123.165,2.9225
123.199,3.1481
123.232,3.258
123.265,3.236
123.298,3.1844
123.332,3.1024
123.365,2.924
123.398,2.6286
123.432,2.1356
123.465,1.5645
123.498,0.9189
123.532,0.3358
123.565,-0.2576
123.599,-0.8277
123.632,-1.4257
123.665,-2.2016
123.699,-2.9569
123.732,-3.4394
123.766,-3.6349
123.798,-3.6872
123.832,-3.7083
123.865,-3.6601
123.899,-3.5915
123.933,-3.3338
123.965,-2.9191
123.999,-2.2167
124.032,-1.3585
124.065,-0.5956
124.116,-0.0049
124.132,0.5864
124.165,1.1555
124.198,1.7527
124.232,2.3214
124.266,2.8524
124.299,3.1735
124.337,3.3675
124.365,3.4389
124.399,3.3808
124.432,3.3621
124.466,3.2383
124.499,3.0387
124.532,2.6454
124.566,2.1389
124.6,1.4424
124.632,0.8606
124.665,0.2702
124.699,-0.3151
124.732,-0.8898
124.765,-1.6089
124.831,-2.2919
124.866,-2.7829
124.899,-3.0827
124.931,-3.1954
124.965,-3.2147
124.999,-3.1688
125.032,-3.1227
125.065,-2.8775
125.098,-2.468
125.132,-1.8423
125.165,-1.1009
125.198,-0.4321
125.232,0.1629
125.265,0.7428
125.299,1.3356
125.332,1.9413
125.399,2.6603
125.432,3.0551
125.465,3.2735
125.499,3.4037
125.532,3.4232
125.565,3.3651
125.599,3.2346
125.632,2.9906
125.665,2.6018
125.698,1.9824
125.732,1.2849
125.765,0.7037
125.799,0.136
125.832,-0.4588
125.865,-1.0434
125.899,-1.7769
125.965,-2.4333
125.998,-2.8372
126.032,-3.0828
126.065,-3.1384
126.099,-3.1494
126.132,-3.1113
126.165,-3.0246
126.199,-2.7192
126.233,-2.2521
126.265,-1.5763
126.299,-0.8182
126.332,-0.1988
126.365,0.3777
126.398,0.9425
126.432,1.4989
126.465,2.0756
126.532,2.6993
126.565,3.0425
126.598,3.2141
126.632,3.2919
126.665,3.2973
126.699,3.2778
126.732,3.1517
126.765,2.8727
126.803,2.4306
126.831,1.836
126.865,1.1868
126.898,0.5968
126.932,0.0208
126.965,-0.5419
126.999,-1.167
127.032,-1.9145
127.065,-2.8197
127.1,-3.2902
127.127,-3.5052
127.17,-3.5578
127.198,-3.6008
127.232,-3.5508
127.266,-3.4821
127.298,-3.2861
127.333,-2.9023
127.366,-2.2643
127.399,-1.3188
127.432,-0.5457
127.465,0.0242
127.499,0.5961
127.532,1.1589
127.565,1.7405
127.599,2.2591
127.632,2.6998
127.665,3.0649
127.699,3.2521
127.733,3.3368
127.766,3.259
127.799,3.2963
127.833,3.1828
127.865,3.0111
127.899,2.6278
127.932,2.1637
127.965,1.6106
127.999,1.0009
128.032,0.4113
128.065,-0.1546
128.099,-0.7177
128.132,-1.4322
128.216,-2.1466
128.231,-2.6788
128.266,-2.9687
128.299,-3.087
128.332,-3.097
128.365,-3.0649
128.398,-3.017
128.432,-2.8018
128.465,-2.4475
128.499,-1.8519
128.532,-1.0934
128.565,-0.381
128.598,0.178
128.632,0.7423
128.665,1.2938
128.698,1.8675
128.781,2.5719
128.798,3.002
128.833,3.2585
128.865,3.3776
128.899,3.3964
128.932,3.3519
128.965,3.2405
128.999,3.0361
129.032,2.6962
129.065,2.0836
129.098,1.3596
129.132,0.7629
129.165,0.2037
129.199,-0.3808
129.232,-0.9547
129.265,-1.7305
129.336,-2.3907
129.365,-2.8346
129.399,-3.0951
129.432,-3.1258
129.465,-3.1153
129.499,-3.0831
129.533,-3.0043
129.566,-2.7283
129.599,-2.3053
129.632,-1.6494
129.666,-0.9021
129.698,-0.2666
129.732,0.3029
129.769,0.8517
129.798,1.3924
129.826,1.9943
129.916,2.599
129.934,2.9312
129.965,3.1188
129.999,3.2126
130.033,3.2359
130.066,3.1672
130.099,3.0139
130.133,2.7669
130.166,2.3659
130.199,1.7243
130.232,1.081
130.266,0.5145
130.299,-0.0394
130.332,-0.5896
130.366,-1.2155
130.399,-2.035
130.432,-2.8437
130.465,-3.3734
130.499,-3.6054
130.532,-3.6457
130.565,-3.6765
130.599,-3.6378
130.632,-3.5859
130.666,-3.4301
130.699,-3.0603
130.732,-2.3382
130.766,-1.4705
130.799,-0.7102
130.832,-0.1425
130.866,0.4152
130.899,0.9597
130.932,1.5297
130.965,2.1025
130.999,2.5935
131.032,2.9627
131.066,3.1666
131.098,3.2559
131.132,3.2217
131.165,3.2305
131.199,3.1391
131.232,2.9639
131.265,2.6134
131.303,2.1278
131.332,1.5358
131.366,0.924
131.399,0.3422
131.432,-0.2135
131.465,-0.761
131.499,-1.4489
131.532,-2.1346
131.565,-2.8916
131.599,-3.3054
131.632,-3.4818
131.665,-3.5243
131.699,-3.5419
131.732,-3.486
131.766,-3.429
131.804,-3.1552
131.832,-2.6923
131.866,-2.0659
131.899,-1.2112
131.932,-0.4986
131.966,0.0446
131.999,0.5974
132.032,1.131
132.065,1.7198
132.132,2.3446
132.165,2.7388
132.199,2.971
132.232,3.1107
132.27,3.1229
132.298,3.0722
132.332,3.0119
132.365,2.8289
132.4,2.5244
132.438,1.9602
132.471,1.3266
132.498,0.7244
132.532,0.1824
132.565,-0.3819
132.599,-0.9357
132.632,-1.6918
132.716,-2.4581
132.733,-2.9459
132.766,-3.2246
132.799,-3.3161
132.832,-3.3318
132.866,-3.305
132.899,-3.2568
132.932,-2.9644
132.97,-2.5703
132.998,-1.9101
133.033,-1.0919
133.065,-0.4109
133.099,0.13
133.132,0.6625
133.165,1.1845
133.199,1.7576
133.283,2.3844
133.3,2.6791
133.332,2.8636
133.365,2.9265
133.399,2.9258
133.432,2.8562
133.466,2.7537
133.499,2.5459
133.532,2.2223
133.566,1.6112
133.599,0.9356
133.632,0.3767
133.665,-0.1563
133.699,-0.679
133.731,-1.268
133.765,-2.0289
133.799,-2.8344
133.833,-3.4223
133.862,-3.6797
133.899,-3.7165
133.933,-3.7062
133.966,-3.6666
133.999,-3.6313
134.032,-3.4982
134.065,-3.1435
134.104,-2.4953
134.132,-1.6481
134.165,-0.8695
134.199,-0.3367
134.232,0.207
134.266,0.7281
134.299,1.3078
134.332,1.9049
134.366,2.3762
134.399,2.7825
134.432,2.9689
134.466,3.0487
134.499,3.0125
134.532,3.0399
134.565,2.974
134.599,2.82
134.632,2.4704
134.669,1.9633
134.698,1.3995
134.732,0.7417
134.765,0.21
134.799,-0.3309
134.832,-0.8392
134.865,-1.4511
134.899,-2.1341
134.932,-2.8496
134.965,-3.2849
134.998,-3.4274
135.032,-3.4414
135.065,-3.4334
135.099,-3.3957
135.132,-3.3735
135.166,-3.1945
135.199,-2.8266
135.232,-2.2131
135.265,-1.4025
135.29,-0.6941
135.332,-0.162
135.366,0.3766
135.398,0.8986
135.432,1.4848
135.466,2.0949
135.498,2.5366
135.532,2.8788
135.566,3.0593
135.598,3.1085
135.632,3.0493
135.665,3.0577
135.699,2.9629
135.732,2.7799
135.766,2.3804
135.799,1.86
135.832,1.2859
135.865,0.6954
135.899,0.1351
135.932,-0.3959
135.966,-0.9225
135.999,-1.6312
136.066,-2.2995
136.099,-2.7543
136.132,-3.0097
136.166,-3.1045
136.199,-3.0733
136.232,-3.0376
136.267,-2.9943
136.299,-2.7626
136.332,-2.4031
136.37,-1.7955
136.398,-1.0687
136.432,-0.399
136.465,0.1244
136.499,0.6511
136.532,1.1733
136.565,1.7417
136.632,2.3936
136.665,2.8015
136.699,3.0266
136.732,3.1213
136.765,3.133
136.799,3.0449
136.832,2.9574
136.865,2.7541
136.903,2.4156
136.931,1.8252
136.965,1.1714
136.998,0.5858
137.032,0.0513
137.065,-0.4603
137.099,-1.032
137.132,-1.7153
137.198,-2.3444
137.232,-2.7081
137.265,-2.9326
137.303,-2.9596
137.331,-2.9403
137.365,-2.9479
137.399,-2.842
137.432,-2.5605
137.465,-2.1203
137.499,-1.4817
137.532,-0.7615
137.565,-0.1628
137.598,0.3634
137.631,0.903
137.665,1.4323
137.699,1.9492
137.765,2.5397
137.799,2.854
137.832,3.0296
137.865,3.0892
137.91,3.1319
137.927,3.0374
137.965,2.9205
137.999,2.6751
138.031,2.2871
138.065,1.7725
138.099,1.1295
138.132,0.5887
138.165,0.0393
138.199,-0.4665
138.232,-1.0862
138.265,-1.6981
138.299,-2.4111
138.332,-2.891
138.366,-3.1148
138.399,-3.1353
138.432,-3.1486
138.465,-3.118
138.499,-3.0846
138.532,-2.9031
138.566,-2.5606
138.599,-2.0263
138.632,-1.27
138.666,-0.5582
138.699,-0.0159
138.732,0.5001
138.766,1.0038
138.798,1.5445
138.899,2.1494
138.932,2.5175
138.965,2.7596
138.999,2.8638
139.032,2.946
139.065,2.8441
139.099,2.6998
139.132,2.4572
139.165,2.0504
139.198,1.454
139.232,0.8656
139.265,0.3575
139.298,-0.1554
139.332,-0.665
139.365,-1.3374
139.431,-1.9901
139.465,-2.4322
139.498,-2.7219
139.532,-2.8395
139.565,-2.7993
139.599,-2.7853
139.632,-2.77
139.665,-2.5589
139.699,-2.2221
139.732,-1.6774
139.768,-0.9785
139.799,-0.3413
139.832,0.1592
139.866,0.6646
139.899,1.1641
139.932,1.7224
139.999,2.454
140.033,2.8324
140.065,3.0626
140.099,3.1459
140.132,3.2127
140.165,3.1435
140.199,3.0797
140.232,2.8829
140.265,2.5636
140.298,1.9934
140.332,1.2414
140.366,0.6887
140.398,0.1599
140.431,-0.3358
140.466,-0.9336
140.499,-1.6553
140.566,-2.3222
140.6,-2.7069
140.639,-2.9512
140.669,-2.9819
140.699,-2.9568
140.732,-2.9572
140.767,-2.9237
140.799,-2.6711
140.832,-2.2813
140.866,-1.6599
140.899,-0.9359
140.932,-0.3207
140.965,0.1632
140.999,0.6486
141.032,1.1481
141.066,1.7646
141.133,2.3438
141.166,2.6501
141.199,2.8124
141.232,2.8816
141.266,2.9162
141.299,2.8223
141.332,2.7311
141.366,2.521
141.398,2.1598
141.432,1.5156
141.466,0.9166
141.499,0.381
141.532,-0.1095
141.565,-0.5862
141.599,-1.1989
141.632,-1.8353
141.665,-2.5195
141.699,-3.0136
141.732,-3.2486
141.765,-3.2467
141.799,-3.2564
141.832,-3.2457
141.865,-3.2381
141.899,-3.0986
141.932,-2.7432
141.965,-2.227
141.998,-1.4809
142.032,-0.7853
142.066,-0.2234
142.103,0.2324
142.132,0.7126
142.165,1.2627
142.266,1.8552
142.298,2.2618
142.332,2.4672
142.365,2.5954
142.398,2.6474
142.432,2.5985
142.465,2.4286
142.499,2.2195
142.532,1.8651
142.565,1.3036
142.598,0.7092
142.632,0.1842
142.665,-0.2811
142.699,-0.7717
142.732,-1.4036
142.798,-2.1583
142.832,-2.6014
142.865,-2.8659
142.899,-3.0004
142.932,-2.9763
142.965,-2.9656
142.999,-2.9509
143.032,-2.7628
143.065,-2.4553
143.1,-1.9515
143.132,-1.1919
143.166,-0.5637
143.199,-0.0438
143.232,0.4349
143.265,0.9242
143.299,1.4836
143.365,1.9963
143.399,2.3783
143.432,2.5997
143.471,2.7206
143.491,2.8092
143.533,2.7879
143.566,2.716
143.598,2.5746
143.632,2.3056
143.665,1.7695
143.699,1.2591
143.732,0.7238
143.765,0.2421
143.799,-0.2396
143.832,-0.8175
143.865,-1.4878
143.933,-2.1046
143.966,-2.5286
143.999,-2.7781
144.032,-2.7974
144.065,-2.7534
144.099,-2.7316
144.132,-2.6941
144.166,-2.4393
144.199,-2.0417
144.232,-1.4332
144.265,-0.7545
144.298,-0.109
144.332,0.3933
144.365,0.8813
144.399,1.3829
144.432,1.9022
144.499,2.5005
144.532,2.8291
144.566,2.9975
144.598,3.0503
144.632,3.1143
144.665,3.0206
144.698,2.8967
144.732,2.7407
144.766,2.3911
144.798,1.8621
144.832,1.2625
144.866,0.7331
144.898,0.2487
144.932,-0.2382
144.965,-0.8575
144.999,-1.5433
145.065,-2.0684
145.098,-2.4423
145.132,-2.6454
145.165,-2.6299
145.199,-2.6164
145.232,-2.6331
145.266,-2.5356
145.299,-2.2275
145.332,-1.817
145.366,-1.1618
145.399,-0.5198
145.432,0.0451
145.465,0.5628
145.499,1.0548
145.532,1.5795
145.566,2.0508
145.599,2.4113
145.632,2.7261
145.665,2.9381
145.7,3.046
145.732,3.0936
145.765,3.0598
145.799,2.9649
145.837,2.7805
145.865,2.5228
145.899,2.2049
145.932,1.7463
145.966,1.1833
146.003,0.6767
146.02,0.1567
146.066,-0.3964
146.099,-0.9881
146.132,-1.7545
146.165,-2.5112
146.199,-2.9407
146.233,-3.1341
146.266,-3.1251
146.299,-3.1131
146.333,-3.0879
146.365,-3.0652
146.399,-2.8382
146.433,-2.4803
146.466,-1.7277
146.498,-0.8378
146.532,-0.236
146.565,0.2777
146.599,0.7901
146.632,1.2551
146.665,1.8101
146.732,2.2462
146.765,2.6432
146.799,2.916
146.832,3.0384
146.865,3.0974
146.899,3.0747
146.932,3.0298
146.966,2.864
146.998,2.5727
147.032,2.0345
147.065,1.5679
147.099,0.9998
147.132,0.4988
147.165,-0.0368
147.199,-0.6155
147.236,-1.2081
147.299,-1.8545
147.332,-2.294
147.365,-2.5453
147.399,-2.6044
147.432,-2.5561
147.465,-2.5665
147.499,-2.5583
147.532,-2.34
147.565,-2.0128
147.599,-1.5112
147.632,-0.8643
147.665,-0.2612
147.699,0.3141
147.732,0.8032
147.77,1.3027
147.798,1.8788
147.866,2.4914
147.898,2.8555
147.932,3.0866
147.965,3.1835
147.999,3.2774
148.032,3.1767
148.065,2.9839
148.098,2.7909
148.132,2.4386
148.165,1.8673
148.203,1.2282
148.232,0.6705
148.265,0.144
148.299,-0.3632
148.332,-0.9637
148.366,-1.6923
148.432,-2.2532
148.465,-2.6372
148.498,-2.8529
148.532,-2.8803
148.565,-2.8647
148.599,-2.8773
148.632,-2.7987
148.666,-2.5394
148.699,-2.151
148.732,-1.4509
148.771,-0.7721
148.799,-0.1586
148.831,0.3251
148.856,0.822
148.899,1.3499
148.932,1.848
149.0,2.3771
149.032,2.6717
149.066,2.8183
149.099,2.8662
149.132,2.8654
149.166,2.7411
149.198,2.6117
149.232,2.3725
149.266,1.9435
149.298,1.4523
149.333,0.8434
149.366,0.3106
149.398,-0.1953
149.432,-0.6928
149.466,-1.3126
149.499,-1.9411
149.533,-2.5622
149.571,-2.9551
149.598,-3.167
149.632,-3.2061
149.665,-3.1945
149.699,-3.1866
149.732,-3.1889
149.765,-3.0401
149.799,-2.6542
149.832,-2.1331
149.865,-1.4513
149.898,-0.8443
149.932,-0.2699
149.966,0.2146
149.999,0.7094
150.033,1.2671
150.065,1.783
150.098,2.1608
150.137,2.4645
150.165,2.6296
150.198,2.6654
150.232,2.6898
150.266,2.6399
150.299,2.5738
150.332,2.3748
150.365,2.0135
150.399,1.5838
150.432,1.0488
150.465,0.4717
150.499,-0.0353
150.532,-0.501
150.565,-1.0386
150.599,-1.6378
150.666,-2.3602
150.699,-2.8313
150.732,-3.0932
150.766,-3.1654
150.799,-3.1211
150.832,-3.1176
150.866,-3.0942
150.899,-2.9032
150.932,-2.6247
150.966,-2.1238
150.999,-1.3849
151.032,-0.7452
151.065,-0.2165
151.099,0.2578
151.132,0.7605
151.165,1.3426
151.232,1.9505
151.27,2.3469
151.298,2.6135
151.332,2.7091
151.365,2.784
151.399,2.7465
151.432,2.6434
151.466,2.4555
151.499,2.1249
151.532,1.5967
151.565,0.9579
151.599,0.3824
151.632,-0.1298
151.665,-0.6096
151.699,-1.1785
151.732,-1.8412
151.799,-2.413
151.837,-2.7755
151.856,-2.9601
151.895,-2.9944
151.926,-2.9414
151.966,-2.9277
151.999,-2.8346
152.032,-2.5799
152.066,-2.2088
152.099,-1.606
152.132,-0.9556
152.166,-0.3537
152.199,0.1491
152.232,0.6505
152.266,1.179
152.304,1.684
152.366,2.1981
152.399,2.5214
152.432,2.7168
152.466,2.8162
152.499,2.8588
152.532,2.7663
152.566,2.627
152.599,2.3854
152.632,2.0014
152.666,1.5008
152.699,0.9161
152.738,0.3779
152.765,-0.1205
152.799,-0.6236
152.832,-1.1881
152.865,-1.8924
152.899,-2.5244
152.932,-2.9423
152.966,-3.1647
152.999,-3.1676
153.032,-3.1606
153.067,-3.1211
153.098,-3.0995
153.132,-2.9351
153.166,-2.6116
153.199,-1.9936
153.232,-1.2994
153.265,-0.6703
153.299,-0.073
153.332,0.397
153.365,0.8786
153.399,1.4204
153.432,2.0555
153.466,2.406
153.499,2.7526
153.532,2.937
153.565,3.0093
153.599,3.0788
153.632,3.0129
153.665,2.9517
153.699,2.7816
153.732,2.4578
153.765,1.9323
153.799,1.4536
153.832,0.8912
153.865,0.39
153.899,-0.1073
153.932,-0.6899
153.97,-1.2779
154.032,-2.0811
154.065,-2.5226
154.099,-2.8018
154.132,-2.9121
154.165,-2.8767
154.199,-2.8696
154.232,-2.8747
154.265,-2.6652
154.299,-2.3423
154.332,-1.865
154.365,-1.0421
154.399,-0.4415
154.432,0.1072
154.465,0.5735
154.498,1.0385
154.532,1.5923
154.599,2.1229
154.632,2.5366
154.665,2.7638
154.699,2.8708
154.732,2.9773
154.765,2.9324
154.799,2.8001
154.832,2.6555
154.865,2.3708
154.904,1.8808
154.934,1.3323
154.965,0.7547
154.999,0.2709
155.032,-0.2336
155.067,-0.8301
155.099,-1.4468
155.166,-2.0137
155.199,-2.4059
155.232,-2.6348
155.266,-2.6939
155.299,-2.6375
155.332,-2.6464
155.365,-2.5852
155.399,-2.3399
155.432,-1.9929
155.466,-1.4257
155.499,-0.7921
155.532,-0.1907
155.565,0.3194
155.6,0.7734
155.632,1.2772
155.665,1.8001
155.732,2.3495
155.765,2.6817
155.799,2.8927
155.832,2.9754
155.865,3.0187
155.899,2.9207
155.932,2.7924
155.965,2.5711
155.999,2.1869
156.032,1.6702
156.065,1.0316
156.099,0.5258
156.131,0.0496
156.166,-0.4439
156.198,-1.0105
156.232,-1.7055
156.298,-2.2258
156.331,-2.5588
156.365,-2.7329
156.398,-2.7238
156.432,-2.6645
156.466,-2.6816
156.499,-2.5621
156.532,-2.3207
156.566,-1.9175
156.599,-1.2477
156.632,-0.6267
156.665,-0.0174
156.698,0.4689
156.732,0.9458
156.765,1.444
156.803,2.0191
156.866,2.4827
156.898,2.7775
156.932,2.8919
156.965,3.0238
156.999,3.0233
157.032,2.9046
157.065,2.761
157.1,2.4938
157.132,2.1038
157.165,1.5248
157.199,0.9656
157.232,0.4722
157.265,0.0305
157.298,-0.5298
157.336,-1.1006
157.399,-1.7879
157.432,-2.228
157.466,-2.4875
157.504,-2.6341
157.522,-2.6011
157.566,-2.5976
157.599,-2.585
157.632,-2.4017
157.665,-2.1371
157.699,-1.6736
157.732,-0.9788
157.766,-0.3816
157.799,0.1801
157.832,0.6394
157.865,1.1049
157.899,1.6258
157.966,2.1892
157.998,2.5728
158.032,2.8084
158.066,2.9013
158.099,3.0086
158.132,2.9727
158.165,2.8166
158.199,2.6766
158.232,2.3966
158.265,1.9413
158.298,1.3434
158.332,0.8037
158.365,0.3452
158.399,-0.1152
158.431,-0.6959
158.465,-1.2616
158.532,-1.8346
158.565,-2.2246
158.599,-2.4702
158.632,-2.5447
158.665,-2.4994
158.699,-2.5189
158.732,-2.4747
158.765,-2.2483
158.799,-1.8961
158.832,-1.4127
158.865,-0.7935
158.899,-0.2257
158.932,0.3103
158.965,0.7445
159.003,1.2255
159.019,1.749
159.099,2.2912
159.133,2.6125
159.165,2.786
159.198,2.8928
159.232,2.9508
159.265,2.8735
159.299,2.7227
159.332,2.5598
159.365,2.2311
159.398,1.7425
159.432,1.1471
159.465,0.6331
159.499,0.1622
159.532,-0.3458
159.565,-0.9009
159.599,-1.3553
159.665,-1.88
159.699,-2.2507
159.732,-2.4484
159.765,-2.472
159.799,-2.4368
159.832,-2.4489
159.866,-2.35
159.899,-2.0714
159.932,-1.6857
159.965,-1.2592
159.998,-0.6426
160.032,-0.0393
160.065,0.4463
160.098,0.9061
160.132,1.4064
160.165,1.9846
160.232,2.4754
160.253,2.7271
160.299,2.8518
160.331,2.9852
160.365,2.994
160.399,2.8732
160.432,2.7406
160.465,2.5167
160.498,2.1479
160.532,1.5614
160.565,0.9782
160.598,0.4997
160.632,0.0558
160.667,-0.5186
160.689,-1.0544
160.799,-1.5595
160.832,-1.9433
160.865,-2.1959
160.899,-2.341
160.932,-2.3202
160.965,-2.3125
160.999,-2.154
161.032,-1.8794
161.066,-1.4941
161.099,-1.0286
161.132,-0.476
161.165,0.0989
161.198,0.5667
161.232,1.057
161.265,1.5676
161.332,2.1563
161.365,2.5258
161.399,2.7585
161.432,2.8733
161.465,3.0027
161.499,3.0032
161.532,2.8454
161.565,2.6915
161.599,2.4225
161.632,2.0032
161.665,1.4065
161.699,0.8927
161.732,0.3963
161.765,-0.0573
161.798,-0.6217
161.832,-1.1844
161.898,-1.7924
161.932,-2.1899
161.965,-2.4672
161.999,-2.5637
162.032,-2.5397
162.065,-2.5564
162.099,-2.5184
162.132,-2.3149
162.165,-1.9914
162.199,-1.5199
162.232,-0.8679
162.265,-0.309
162.299,0.2405
162.332,0.6829
162.365,1.1582
162.398,1.7013
162.465,2.3734
162.499,2.7006
162.532,2.8839
162.565,3.0208
162.599,3.0786
162.632,3.0218
162.665,2.8713
162.699,2.7032
162.732,2.4055
162.765,1.8926
162.799,1.1724
162.832,0.6694
162.865,0.2209
162.899,-0.2805
162.932,-0.8188
162.965,-1.412
163.032,-1.9485
163.065,-2.3235
163.098,-2.5425
163.132,-2.5674
163.169,-2.5217
163.193,-2.5409
163.222,-2.4595
163.253,-2.2095
163.299,-1.8429
163.332,-1.2902
163.353,-0.6877
163.399,-0.093
163.432,0.4284
163.465,0.8761
163.499,1.3605
163.532,1.8009
163.599,2.2875
163.632,2.5482
163.665,2.6799
163.699,2.8258
163.733,2.8498
163.765,2.7441
163.799,2.5809
163.832,2.3525
163.866,2.0215
163.889,1.6017
163.932,1.0125
163.966,0.536
163.998,0.0922
164.032,-0.4691
164.066,-1.0117
164.166,-1.5505
164.199,-1.9514
164.234,-2.1766
164.265,-2.3367
164.299,-2.3361
164.332,-2.3155
164.365,-2.1784
164.399,-1.9548
164.433,-1.5779
164.466,-1.096
164.499,-0.5147
164.532,0.0637
164.565,0.5279
164.599,1.0085
164.632,1.5111
164.737,2.0543
164.757,2.4011
164.799,2.6366
164.833,2.8127
164.866,2.8557
164.899,2.7939
164.932,2.6063
164.966,2.3461
164.998,1.9538
165.032,1.4217
165.065,0.883
165.098,0.3827
165.132,-0.0916
165.165,-0.6674
165.198,-1.1926
165.266,-1.9269
165.298,-2.3506
165.332,-2.583
165.365,-2.6837
165.399,-2.6464
165.432,-2.6708
165.465,-2.6561
165.499,-2.4754
165.532,-2.1574
165.565,-1.7241
165.599,-0.9572
165.632,-0.3974
165.665,0.1465
165.699,0.6051
165.732,1.1047
165.765,1.6408
165.833,2.1611
165.874,2.5506
165.906,2.7701
165.924,2.9514
165.966,3.0148
166.004,2.9671
166.021,2.7976
166.065,2.5932
166.099,2.2661
166.132,1.8134
166.165,1.2581
166.199,0.7276
166.232,0.2671
166.27,-0.2891
166.288,-0.8278
166.333,-1.409
166.4,-1.9378
166.433,-2.3025
166.466,-2.5277
166.499,-2.5771
166.532,-2.5312
166.565,-2.5458
166.599,-2.4663
166.632,-2.2159
166.666,-1.8585
166.698,-1.3278
166.736,-0.7319
166.753,-0.1574
166.799,0.3941
166.832,0.9044
166.865,1.3953
166.898,1.8622
166.965,2.3579
166.998,2.6413
167.032,2.7884
167.065,2.9363
167.098,2.967
167.132,2.885
167.165,2.6861
167.199,2.4091
167.232,2.0568
167.265,1.5958
167.299,0.969
167.332,0.4852
167.366,0.0427
167.398,-0.499
167.432,-1.0555
167.465,-1.707
167.532,-2.2208
167.565,-2.5424
167.598,-2.7319
167.632,-2.7249
167.666,-2.6746
167.699,-2.7
167.732,-2.5752
167.765,-2.3121
167.799,-1.9092
167.832,-1.2879
167.865,-0.6689
167.899,-0.0958
167.932,0.4186
167.965,0.8944
167.998,1.4169
168.099,1.9733
168.132,2.3607
168.165,2.606
168.199,2.7982
168.232,2.858
168.265,2.7885
168.299,2.5774
168.336,2.3166
168.353,1.9433
168.399,1.4024
168.432,0.8526
168.466,0.3486
168.498,-0.1502
168.532,-0.703
168.565,-1.228
168.632,-1.8534
168.665,-2.2503
168.699,-2.5419
168.732,-2.6719
168.765,-2.6487
168.799,-2.6581
168.832,-2.6558
168.865,-2.4778
168.898,-2.1799
168.937,-1.7641
168.967,-1.117
168.998,-0.5834
169.019,-0.0157
169.066,0.4826
169.099,0.9841
169.132,1.5459
169.199,2.0026
169.232,2.3472
169.265,2.6261
169.299,2.8046
169.332,2.8774
169.365,2.8407
169.385,2.6644
169.433,2.4427
169.465,2.118
169.498,1.6374
169.532,1.1417
169.565,0.6275
169.599,0.0934
169.632,-0.4598
169.665,-0.9974
169.703,-1.5806
169.766,-2.117
169.799,-2.4891
169.832,-2.7264
169.866,-2.8163
169.899,-2.7891
169.932,-2.8085
169.965,-2.7327
169.999,-2.5044
170.032,-2.1668
170.065,-1.6711
170.099,-1.0967
170.132,-0.5468
170.165,-0.0128
170.199,0.4644
170.237,0.9769
170.253,1.4737
170.332,1.9894
170.365,2.3115
170.399,2.505
170.432,2.6738
170.465,2.71
170.499,2.6286
170.532,2.431
170.565,2.1909
170.599,1.8186
170.632,1.3605
170.65,0.7268
170.699,0.1951
170.732,-0.296
170.765,-0.8401
170.799,-1.345
170.832,-1.895
170.899,-2.3825
170.932,-2.7027
170.965,-2.8905
170.999,-2.9317
171.015,-2.9086
171.066,-2.9057
171.099,-2.7864
171.132,-2.5222
171.166,-2.1759
171.199,-1.6472
171.232,-1.0647
171.265,-0.5287
171.299,-0.0007
171.332,0.5287
171.365,1.1008
171.399,1.5785
171.432,1.9099
171.465,2.2413
171.499,2.4776
171.532,2.6029
171.565,2.6651
171.598,2.6207
171.632,2.4791
171.666,2.2528
171.699,1.9175
171.732,1.5651
171.765,1.1298
171.799,0.5567
171.832,0.0289
171.865,-0.4863
171.896,-1.0057
171.922,-1.5288
171.999,-2.1447
172.021,-2.5469
172.065,-2.8083
172.099,-2.9217
172.132,-2.9212
172.165,-2.9281
172.199,-2.8944
172.232,-2.702
172.265,-2.4023
172.299,-1.9703
172.332,-1.3133
172.365,-0.7561
172.4,-0.1858
172.432,0.3271
172.465,0.8768
172.499,1.4588
172.566,1.9297
172.599,2.2968
172.632,2.5347
172.649,2.7404
172.699,2.8265
172.732,2.8014
172.765,2.6507
172.798,2.4276
172.832,2.0989
172.865,1.6522
172.899,1.1672
172.932,0.6749
172.965,0.2031
172.998,-0.3296
173.032,-0.871
173.065,-1.4164
173.132,-1.9498
173.165,-2.3191
173.199,-2.5579
173.232,-2.6337
173.265,-2.5808
173.299,-2.6073
173.337,-2.5546
173.353,-2.3129
173.399,-1.9495
173.432,-1.4514
173.465,-0.8481
173.499,-0.2633
173.531,0.3089
173.565,0.8123
173.599,1.3067
173.632,1.8053
173.699,2.2933
173.732,2.5919
173.765,2.8174
173.799,3.0108
173.832,3.0533
173.865,2.961
173.898,2.7575
173.916,2.5173
173.966,2.1887
173.999,1.7607
174.032,1.2121
174.065,0.7364
174.098,0.2454
174.132,-0.314
174.165,-0.8343
174.199,-1.3748
174.265,-1.8384
174.281,-2.1549
174.332,-2.3372
174.365,-2.3698
174.399,-2.3348
174.432,-2.3632
174.465,-2.2773
174.499,-2.0499
174.532,-1.6576
174.566,-1.1062
174.598,-0.5126
174.632,-0.0166
174.67,0.4688
174.687,0.9576
174.716,1.446
174.764,1.8437
174.833,2.2793
174.872,2.5648
174.889,2.7183
174.915,2.7972
174.966,2.8064
174.999,2.7804
175.032,2.6446
175.066,2.4257
175.099,2.0494
175.132,1.6658
175.165,1.121
175.183,0.6583
175.232,0.1861
175.266,-0.2885
175.282,-0.8014
175.332,-1.5051
175.365,-2.1542
175.399,-2.506
175.432,-2.6472
175.465,-2.6615
175.499,-2.6104
175.532,-2.6363
175.55,-2.6338
175.599,-2.4363
175.632,-2.091
175.666,-1.4422
175.7,-0.7344
175.732,-0.2068
175.765,0.2767
175.799,0.7713
175.832,1.2264
175.865,1.7103
175.932,2.0767
175.965,2.3749
175.999,2.569
176.014,2.6774
176.065,2.745
176.099,2.7274
176.132,2.6451
176.165,2.4805
176.199,2.2518
176.235,1.8485
176.252,1.4821
176.299,1.0044
176.332,0.5488
176.365,0.0939
176.399,-0.4096
176.432,-0.9399
176.499,-1.6739
176.532,-2.0664
176.565,-2.3223
176.599,-2.3913
176.632,-2.364
176.665,-2.3697
176.699,-2.3734
176.736,-2.1929
176.754,-1.8702
176.799,-1.4328
176.832,-0.6748
176.85,-0.1457
176.899,0.3718
176.932,0.8428
176.965,1.3091
176.999,1.6702
177.065,2.0981
177.081,2.4001
177.133,2.5871
177.17,2.7682
177.186,2.8108
177.232,2.7537
177.265,2.5823
177.281,2.3841
177.338,2.0738
177.367,1.7327
177.399,1.2822
177.419,0.804
177.448,0.3249
177.5,-0.224
177.517,-0.7545
177.566,-1.3549
177.632,-1.8469
177.665,-2.2052
177.699,-2.4086
177.733,-2.4041
177.754,-2.4049
177.782,-2.4235
177.833,-2.3026
177.866,-2.0605
177.899,-1.7075
177.915,-1.163
177.966,-0.6135
177.999,-0.085
178.032,0.4367
178.065,0.9064
178.099,1.4181
178.132,1.7751
178.204,2.1638
178.223,2.4647
178.248,2.7092
178.299,2.8252
178.332,2.8484
178.365,2.7616
178.399,2.5425
178.432,2.2758
178.448,1.931
178.499,1.5871
178.531,1.0682
178.548,0.5422
178.599,-0.0007
178.632,-0.5188
178.648,-1.0296
178.699,-1.5326
178.766,-1.9386
178.799,-2.2274
178.818,-2.4429
178.866,-2.4732
178.898,-2.4992
178.914,-2.5184
178.966,-2.3574
178.998,-2.092
179.015,-1.7476
179.066,-1.2823
179.099,-0.793
179.132,-0.2963
179.165,0.2594
179.199,0.7641
179.232,1.2738
179.332,1.7859
179.348,2.1184
179.399,2.3849
179.432,2.5341
179.448,2.5596
179.499,2.4966
179.515,2.3086
179.57,1.9819
179.587,1.5926
179.615,1.0786
179.666,0.5303
179.685,0.0291
179.732,-0.4886
179.765,-0.9744
179.799,-1.4972
179.865,-2.0449
179.881,-2.4308
179.937,-2.6765
179.954,-2.792
179.982,-2.7889
180.032,-2.8149
180.05,-2.8004
180.099,-2.6033
180.137,-2.3045
180.191,-1.7923
180.215,-1.1671
180.266,-0.5858
180.299,-0.0237
180.315,0.5069
180.366,0.9482
180.433,1.5011
180.465,2.0295
180.482,2.3475
180.533,2.5701
180.565,2.6227
180.581,2.5656
180.615,2.4092
180.666,2.1414
180.699,1.7913
180.717,1.3904
180.766,0.8709
180.783,0.3213
180.832,-0.188
180.848,-0.6951
180.899,-1.1803
180.936,-1.6821
180.999,-2.1362
181.032,-2.437
181.049,-2.64
181.099,-2.6756
181.132,-2.6702
181.166,-2.663
181.199,-2.538
181.232,-2.2807
181.249,-1.9405
181.3,-1.4755
181.317,-0.9445
181.365,-0.4509
181.382,0.0875
181.433,0.6217
181.465,1.1974
181.483,1.7165
181.566,2.17
181.584,2.4713
181.633,2.726
181.665,2.8805
181.682,2.9139
181.732,2.8353
181.765,2.626
181.786,2.3601
181.815,1.9984
181.866,1.5227
181.898,0.9507
181.915,0.4479
181.966,-0.1019
181.998,-0.6153
182.014,-1.0917
182.133,-1.5885
182.149,-1.9304
182.199,-2.1928
182.232,-2.3653
182.248,-2.3892
182.298,-2.3535
182.315,-2.1995
182.366,-1.9322
182.403,-1.5959
182.42,-1.173
182.449,-0.6242
182.499,-0.1155
182.533,0.4129
182.548,0.9405
182.599,1.4957
182.699,2.0487
182.715,2.4035
182.765,2.678
182.781,2.8528
182.832,2.9035
182.848,2.8522
182.899,2.675
182.914,2.3982
182.949,2.0096
182.982,1.4782
183.015,0.9062
183.049,0.4132
183.099,-0.0977
183.132,-0.6043
183.15,-1.1054
183.233,-1.404
183.265,-1.7519
183.282,-2.017
183.333,-2.1605
183.365,-2.1485
183.382,-2.1509
183.416,-2.1255
183.467,-1.933
183.511,-1.6275
183.542,-1.2073
183.559,-0.8865
183.582,-0.3911
183.641,0.1363
183.659,0.668
183.681,1.1651
183.733,1.5519
183.799,1.7129
183.821,2.0367
183.849,2.3003
183.882,2.4787
183.915,2.5568
183.967,2.5202
183.991,2.3524
184.033,2.062
184.055,1.7154
184.1,1.4147
184.122,1.1951
184.167,0.6936
184.189,0.1821
184.233,-0.3526
184.256,-0.8562
184.305,-1.5098
184.366,-2.019
184.388,-2.3169
184.426,-2.5161
184.458,-2.5877
184.491,-2.5886
184.524,-2.6134
184.57,-2.5243
184.601,-2.3002
184.635,-1.9759
184.674,-1.3637
184.716,-0.7811
184.753,-0.2828
184.784,0.2664
184.815,0.7908
184.847,1.3285
184.88,1.7336
184.935,2.1288
184.972,2.4706
185.01,2.7265
185.04,2.8643
185.069,2.8782
185.098,2.8129
185.128,2.6167
185.157,2.3147
185.202,1.9586
185.23,1.5969
185.258,1.098
185.302,0.5717
185.331,0.0541
185.359,-0.4594
185.401,-0.9458
185.429,-1.5389
185.502,-2.0411
185.53,-2.3091
185.558,-2.4733
185.602,-2.4779
185.636,-2.4768
185.666,-2.4677
185.693,-2.3264
185.735,-2.0747
185.77,-1.7113
185.797,-1.138
185.825,-0.5672
185.868,-0.0708
185.898,0.4463
185.925,0.9323
185.968,1.468
186.075,1.9865
186.105,2.3343
186.133,2.6097
186.161,2.754
186.202,2.7978
186.229,2.7391
186.26,2.5632
186.302,2.2715
186.33,1.889
186.357,1.3618
186.393,0.8088
186.435,0.326
186.464,-0.1812
186.493,-0.6791
186.535,-1.1689
186.602,-1.7369
186.632,-2.1119
186.66,-2.3824
186.702,-2.5127
186.735,-2.5016
186.763,-2.5034
186.802,-2.4697
186.829,-2.2845
186.863,-1.9869
186.896,-1.601
186.925,-1.0109
186.968,-0.5185
186.996,-0.0227
187.046,0.4968
187.099,0.9721
187.171,1.3518
187.238,1.7706
187.297,2.0323
187.327,2.1689
187.368,2.1958
187.403,2.0832
187.431,1.8769
187.458,1.5053
187.501,0.9739
187.531,0.4733
187.559,0.1064
187.601,-0.3966
187.629,-0.9347
187.656,-1.4547
187.735,-2.0909
187.763,-2.4365
187.79,-2.6771
187.826,-2.7645
187.868,-2.7666
187.896,-2.767
187.923,-2.6724
187.957,-2.4396
187.992,-2.0905
188.035,-1.6469
188.063,-0.9657
188.09,-0.4593
188.134,0.0593
188.163,0.5669
188.189,1.0636
188.224,1.3667
188.301,1.7652
188.328,2.0604
188.368,2.3032
188.396,2.4414
188.422,2.4676
188.457,2.3936
188.499,2.2074
188.528,1.9289
188.568,1.6027
188.595,1.3461
188.635,0.8184
188.662,0.3077
188.689,-0.2099
188.724,-0.7177
188.758,-1.2098
188.801,-1.6891
188.867,-2.1229
188.889,-2.4284
188.933,-2.6234
188.955,-2.6692
189.0,-2.6578
189.021,-2.6696
189.067,-2.5371
189.093,-2.2701
189.122,-1.923
189.167,-1.4777
189.188,-0.9731
189.233,-0.4729
189.254,0.0474
189.3,0.5557
189.321,1.0549
189.433,1.5526
189.454,1.9392
189.488,2.2121
189.522,2.376
189.55,2.4312
189.586,2.3704
189.624,2.2001
189.659,1.9119
189.7,1.5078
189.721,1.0259
189.767,0.5089
189.789,-0.0272
189.833,-0.5627
189.855,-1.0494
189.9,-1.5082
189.966,-2.0395
189.987,-2.3889
190.021,-2.6541
190.067,-2.7777
190.088,-2.7984
190.133,-2.8045
190.156,-2.7398
190.2,-2.5378
190.221,-2.2554
190.267,-1.8857
190.289,-1.329
190.333,-0.8532
190.353,-0.36
190.383,0.1474
190.433,0.6669
190.457,1.0947
190.533,1.4519
190.556,1.7842
190.6,2.0466
190.621,2.2093
190.667,2.2707
190.689,2.2422
190.734,2.1146
190.755,1.8656
190.8,1.5463
190.821,1.2361
190.867,0.8249
190.894,0.2837
190.923,-0.2418
190.967,-0.7745
190.988,-1.2515
191.033,-1.7601
191.1,-2.2375
191.122,-2.5792
191.166,-2.8342
191.188,-2.937
191.234,-2.979
191.256,-2.9507
191.299,-2.8317
191.321,-2.565
191.367,-2.2534
191.389,-1.7984
191.433,-1.2768
191.46,-0.7764
191.489,-0.2598
191.533,0.2576
191.554,0.8053
191.6,1.2142
191.666,1.5707
191.688,1.8774
191.733,2.1336
191.755,2.2549
191.8,2.2857
191.821,2.2183
191.867,2.0527
191.888,1.7785
191.933,1.4349
191.954,1.0994
191.987,0.6066
192.017,0.0754
192.066,-0.4568
192.089,-0.9647
192.133,-1.4358
192.155,-1.9081
192.233,-2.349
192.255,-2.6583
192.3,-2.8489
192.321,-2.9329
192.366,-2.9356
192.388,-2.892
192.433,-2.7446
192.46,-2.474
192.489,-2.1296
192.533,-1.6811
192.556,-1.153
192.6,-0.6549
192.618,-0.1499
192.666,0.3865
192.683,0.927
192.799,1.4238
192.817,1.8122
192.849,2.0718
192.882,2.2254
192.915,2.2781
192.949,2.2358
192.982,2.0786
193.02,1.8171
193.048,1.4456
193.082,0.9658
193.116,0.4153
193.148,-0.1109
193.182,-0.613
193.215,-1.1153
193.249,-1.5785
193.332,-2.1291
193.349,-2.4823
193.382,-2.7729
193.415,-2.9413
193.449,-2.9831
193.482,-2.9845
193.515,-2.9104
193.549,-2.7068
193.581,-2.3972
193.615,-2.0303
193.649,-1.4682
193.682,-0.9867
193.715,-0.4711
193.749,0.0582
193.782,0.5773
193.815,1.0104
193.883,1.2629
193.915,1.6017
193.948,1.8621
193.982,2.027
194.015,2.0816
194.049,2.063
194.082,1.9404
194.115,1.6845
194.149,1.3979
194.182,1.1012
194.233,0.7804
194.25,0.2302
194.283,-0.2898
194.333,-0.7857
194.35,-1.2647
194.383,-1.7828
194.466,-2.2422
194.483,-2.5689
194.515,-2.8269
194.548,-2.9378
194.581,-2.9691
194.616,-2.9532
194.666,-2.8186
194.685,-2.5719
194.716,-2.2484
194.749,-1.7839
194.782,-1.2796
194.816,-0.7899
194.849,-0.2986
194.882,0.2099
194.915,0.7564
194.949,1.1059
195.032,1.4552
195.051,1.7529
195.082,1.9999
195.115,2.1082
195.149,2.1436
195.182,2.0852
195.215,1.9444
195.249,1.6834
195.284,1.35
195.316,1.0885
195.359,0.6046
195.4,0.0696
195.422,-0.4514
195.457,-0.953
195.485,-1.4337
195.533,-1.8909
195.6,-2.3362
195.621,-2.6326
195.666,-2.8468
195.688,-2.9279
195.733,-2.946
195.755,-2.8879
195.8,-2.7427
195.822,-2.4559
195.867,-2.1058
195.888,-1.6757
195.918,-1.1522
195.966,-0.668
195.988,-0.1462
196.034,0.3715
196.055,0.8939
196.1,1.2567
196.167,1.6237
196.188,1.8982
196.232,2.1016
196.255,2.1995
196.282,2.1993
196.332,2.0978
196.35,1.8972
196.383,1.6275
196.433,1.2874
196.455,0.9517
196.499,0.4267
196.518,-0.0995
196.549,-0.6093
196.582,-1.1038
196.615,-1.5637
196.699,-2.068
196.717,-2.4569
196.748,-2.7539
196.782,-2.9026
196.815,-2.9776
196.849,-2.9504
196.882,-2.8572
196.915,-2.6522
196.948,-2.3569
196.982,-1.9811
197.015,-1.4558
197.05,-0.9519
197.083,-0.4564
197.133,0.047
197.15,0.5825
197.183,0.9989
197.266,1.3332
197.283,1.6763
197.315,1.9553
197.349,2.1135
197.382,2.1748
197.416,2.1437
197.454,2.0399
197.499,1.8034
197.516,1.4949
197.549,1.1911
197.582,0.8015
197.616,0.2601
197.649,-0.2567
197.682,-0.759
197.715,-1.2314
197.748,-1.7152
197.833,-2.1315
197.85,-2.4549
197.882,-2.7103
197.915,-2.8216
197.949,-2.843
197.982,-2.8109
198.015,-2.6799
198.049,-2.441
198.082,-2.1193
198.116,-1.6731
198.148,-1.2272
198.182,-0.7635
198.216,-0.2511
198.252,0.2687
198.29,0.7966
198.325,1.2012
198.4,1.5264
198.427,1.8374
198.454,2.0809
198.5,2.1932
198.522,2.2286
198.566,2.1851
198.594,2.0303
198.623,1.7613
198.652,1.4317
198.7,1.1169
198.721,0.6772
198.767,0.1481
198.788,-0.3725
198.833,-0.8861
198.853,-1.3543
198.882,-1.7612
198.966,-2.1989
198.983,-2.5075
199.015,-2.7044
199.048,-2.7865
199.082,-2.793
199.115,-2.7471
199.148,-2.5961
199.182,-2.3028
199.216,-1.9483
199.266,-1.574
199.286,-1.0574
199.316,-0.5616
199.366,-0.0814
199.383,0.4277
199.416,0.9388
199.532,1.4352
199.551,1.8246
199.582,2.0795
199.615,2.2413
199.653,2.3076
199.682,2.2578
199.715,2.1182
199.75,1.8942
199.8,1.5471
199.822,1.1112
199.866,0.5861
199.885,0.088
199.916,-0.3706
199.966,-0.8757
199.983,-1.3357
200.066,-1.8603
200.084,-2.2228
200.115,-2.515
200.148,-2.6684
200.182,-2.7404
200.215,-2.7264
200.248,-2.6617
200.282,-2.4836
200.316,-2.1584
200.35,-1.7841
200.382,-1.2303
200.416,-0.7457
200.449,-0.2472
200.499,0.2288
200.517,0.7605
200.549,1.1848
200.666,1.6327
200.687,1.9787
200.715,2.1932
200.749,2.3149
200.782,2.3473
200.815,2.2743
200.848,2.1105
200.882,1.8474
200.916,1.4564
200.949,1.0614
200.999,0.5261
201.017,0.0192
201.05,-0.4563
201.082,-0.9183
201.115,-1.5126
201.199,-2.0055
201.219,-2.3336
201.257,-2.5641
201.296,-2.6597
201.32,-2.6929
201.366,-2.657
201.394,-2.5569
201.423,-2.3199
201.453,-1.9882
201.5,-1.449
201.522,-0.904
201.566,-0.4367
201.589,0.0469
201.617,0.5475
201.666,1.0985
201.766,1.4292
201.79,1.8484
201.819,2.13
201.848,2.2995
201.9,2.3969
201.922,2.3841
201.952,2.2828
201.999,2.0831
202.017,1.7577
202.049,1.3121
202.087,0.9666
202.115,0.4165
202.149,-0.0593
202.182,-0.5298
202.215,-0.9858
202.248,-1.5059
202.333,-2.0816
202.351,-2.3826
202.382,-2.5633
202.415,-2.6424
202.448,-2.6363
202.482,-2.5878
202.515,-2.4485
202.548,-2.1827
202.587,-1.8443
202.615,-1.3256
202.666,-0.6592
202.683,-0.1911
202.716,0.2647
202.75,0.7912
202.783,1.3344
202.9,1.8693
202.918,2.2408
202.948,2.497
202.982,2.6429
203.015,2.6867
203.066,2.6517
203.085,2.525
203.116,2.2999
203.149,1.942
203.183,1.4373
203.216,0.8731
203.248,0.3461
203.282,-0.123
203.316,-0.5936
203.349,-1.0505
203.466,-1.4478
203.484,-1.7812
203.515,-2.0117
203.549,-2.1831
203.582,-2.2125
203.615,-2.1282
203.648,-1.9507
203.682,-1.7318
203.715,-1.3914
203.748,-0.9617
203.783,-0.5132
203.833,-0.0343
203.852,0.4658
203.883,0.9925
203.933,1.5022
204.032,1.9495
204.052,2.2986
204.081,2.5217
204.116,2.6316
204.174,2.6324
204.198,2.5656
204.221,2.3716
204.251,2.0594
204.285,1.677
204.333,1.182
204.355,0.6558
204.384,0.148
204.433,-0.3274
204.455,-0.787
204.484,-1.2822
204.572,-1.7823
204.596,-2.0751
204.619,-2.2741
204.667,-2.3899
204.69,-2.4109
204.719,-2.3871
204.75,-2.2666
204.8,-2.0312
204.822,-1.7091
204.851,-1.2494
204.9,-0.7093
204.922,-0.2605
204.951,0.1853
205.004,0.6975
205.022,1.2304
205.132,1.7132
205.151,2.1011
205.182,2.3844
205.215,2.548
205.248,2.6105
205.282,2.6018
205.315,2.4987
205.349,2.3149
205.386,1.9814
205.415,1.5361
205.45,1.0876
205.483,0.5498
205.532,0.0583
205.55,-0.4043
205.583,-0.8525
205.682,-1.3847
205.715,-1.7322
205.749,-1.9755
205.782,-2.1539
205.815,-2.2481
205.848,-2.2824
205.881,-2.1001
205.915,-1.8867
205.949,-1.5894
205.982,-1.2062
206.015,-0.6731
206.048,-0.2186
206.082,0.2179
206.115,0.7239
206.149,1.2378
206.249,1.8369
206.282,2.2024
206.315,2.4402
206.348,2.5893
206.382,2.6325
206.415,2.5873
206.449,2.4548
206.482,2.2258
206.515,1.872
206.549,1.4156
206.582,0.7872
206.616,0.2706
206.649,-0.1931
206.683,-0.6928
206.72,-1.1378
206.833,-1.5386
206.85,-1.8898
206.882,-2.1423
206.915,-2.3463
206.949,-2.4055
206.983,-2.3615
207.016,-2.2068
207.048,-1.9696
207.082,-1.6214
207.116,-1.2277
207.149,-0.7897
207.183,-0.3115
207.216,0.1776
207.249,0.7232
207.4,1.2155
207.418,1.6652
207.448,1.9246
207.482,2.0572
207.515,2.115
207.548,2.0731
207.583,1.9726
207.615,1.7625
207.648,1.4216
207.682,0.9086
207.715,0.3895
207.749,-0.1169
207.782,-0.5985
207.815,-1.0412
207.848,-1.3876
207.923,-1.7073
207.946,-2.0346
208.0,-2.3133
208.022,-2.4881
208.049,-2.5239
208.083,-2.4976
208.116,-2.3707
208.149,-2.1269
208.183,-1.825
208.216,-1.5242
208.25,-1.1722
208.283,-0.7385
208.317,-0.2572
208.35,0.2323
208.383,0.7332
208.516,1.2184
208.548,1.5524
208.582,1.7477
208.615,1.8723
208.653,1.9009
208.681,1.8542
208.715,1.6995
208.748,1.4689
208.782,1.0515
208.815,0.5564
208.848,0.0096
208.881,-0.5099
208.915,-0.9842
208.948,-1.4203
208.982,-1.9134
209.049,-2.3429
209.082,-2.6289
209.115,-2.8711
209.148,-2.9391
209.181,-2.9525
209.215,-2.8757
209.249,-2.6353
209.282,-2.3578
209.316,-2.0292
209.349,-1.5737
209.382,-1.0756
209.416,-0.6197
209.449,-0.1317
209.483,0.3467
209.516,0.8898
209.633,1.3378
209.651,1.626
209.682,1.8381
209.715,1.9689
209.748,2.0386
209.782,1.9928
209.815,1.8646
209.853,1.6598
209.881,1.3865
209.915,0.9044
209.949,0.4412
209.982,-0.0352
210.016,-0.4722
210.049,-0.9311
210.082,-1.3585
210.166,-1.8324
210.183,-2.1473
210.215,-2.4249
210.248,-2.6038
210.282,-2.6426
210.315,-2.6426
210.349,-2.5642
210.382,-2.3506
210.416,-2.0373
210.449,-1.6826
210.482,-1.1618
210.516,-0.718
210.549,-0.2428
210.582,0.1991
210.616,0.6569
210.649,0.9329
210.749,1.3404
210.781,1.6193
210.815,1.8239
210.849,1.9576
210.882,1.9854
210.916,1.9156
210.95,1.7817
210.983,1.5763
211.016,1.2889
211.049,1.0575
211.088,0.606
211.12,0.1606
211.156,-0.2805
211.191,-0.7905
211.214,-1.2906
211.284,-1.7924
211.316,-2.1699
211.349,-2.3879
211.383,-2.5242
211.416,-2.5504
211.45,-2.5083
211.483,-2.3737
211.516,-2.1512
211.55,-1.8322
211.584,-1.4245
211.616,-0.8632
211.649,-0.3449
211.685,0.0482
211.716,0.4655
211.749,0.9171
211.783,1.1486
211.85,1.2969
211.883,1.5398
211.916,1.7351
211.949,1.9066
211.982,1.9479
212.015,1.8362
212.049,1.7048
212.082,1.4631
212.115,1.2266
212.15,0.9965
212.182,0.7495
212.215,0.302
212.249,-0.0938
212.282,-0.5396
212.315,-1.0567
212.348,-1.486
212.416,-1.8795
212.448,-2.1683
212.482,-2.3845
212.515,-2.4342
212.548,-2.4629
212.582,-2.4105
212.616,-2.2275
212.648,-1.9545
212.683,-1.6082
212.716,-1.1761
212.748,-0.7074
212.783,-0.1792
212.817,0.2803
212.849,0.7091
212.882,1.1359
212.999,1.427
213.017,1.6561
213.048,1.8603
213.082,2.0683
213.115,2.1001
213.148,2.0684
213.182,1.8671
213.216,1.5873
213.255,1.3116
213.286,0.9311
213.316,0.6215
213.35,0.2088
213.383,-0.2631
213.415,-0.8119
213.448,-1.251
213.516,-1.7445
213.548,-2.0998
213.582,-2.3929
213.615,-2.521
213.649,-2.5742
213.682,-2.5702
213.715,-2.5192
213.748,-2.3672
213.782,-2.0755
213.816,-1.7228
213.849,-1.2403
213.882,-0.781
213.916,-0.2903
213.949,0.0906
213.982,0.5465
214.015,0.7965
214.082,1.0319
214.115,1.3058
214.149,1.5466
214.182,1.6951
214.216,1.7638
214.249,1.8248
214.306,1.7998
214.331,1.613
214.353,1.3581
214.383,1.1764
214.416,0.8829
214.45,0.463
214.483,0.0177
214.516,-0.3869
214.549,-0.7657
214.583,-1.3675
214.65,-1.9327
214.683,-2.1807
214.716,-2.4003
214.75,-2.5151
214.783,-2.5005
214.816,-2.4684
214.849,-2.3216
214.883,-2.0992
214.916,-1.8405
214.949,-1.2995
214.983,-0.7079
215.016,-0.2658
215.049,0.1272
215.083,0.54
215.116,0.992
215.15,1.2522
215.216,1.4056
215.249,1.6652
215.282,1.8448
215.316,1.9581
215.349,1.9735
215.381,1.9034
215.415,1.8241
215.449,1.6718
215.482,1.4129
215.515,1.226
215.548,0.9746
215.582,0.5088
215.615,0.0786
215.649,-0.4142
215.682,-0.8609
215.715,-1.3861
215.783,-1.8645
215.815,-2.1775
215.848,-2.4033
215.882,-2.5155
215.915,-2.5298
215.949,-2.5021
215.982,-2.323
216.016,-2.0463
216.049,-1.7188
216.082,-1.2041
216.115,-0.6605
216.148,-0.2094
216.182,0.2378
216.216,0.6459
216.249,1.0545
216.349,1.3515
216.381,1.5901
216.415,1.7304
216.448,1.8396
216.481,1.8719
216.52,1.819
216.548,1.6765
216.582,1.4666
216.615,1.2109
216.649,0.8536
216.683,0.5314
216.715,0.0918
216.748,-0.3024
216.783,-0.7637
216.815,-1.1861
216.882,-1.6884
216.915,-2.0197
216.948,-2.317
216.982,-2.503
217.015,-2.5942
217.049,-2.5943
217.111,-2.4105
217.15,-2.1624
217.183,-1.8361
217.218,-1.4629
217.249,-0.9387
217.283,-0.4834
217.316,0.0154
217.348,0.4763
217.388,0.7941
217.45,1.0671
217.483,1.3163
217.516,1.5108
217.55,1.6552
217.583,1.6852
217.616,1.6455
217.65,1.5257
217.683,1.3215
217.716,1.0721
217.749,0.8796
217.783,0.5875
217.816,0.1489
217.85,-0.345
217.882,-0.8248
217.917,-1.277
217.95,-1.7436
218.016,-2.2174
218.048,-2.5458
218.081,-2.824
218.115,-3.015
218.149,-3.0589
218.182,-3.0284
218.215,-2.864
218.248,-2.6216
218.283,-2.2926
218.316,-1.8636
218.35,-1.3529
218.382,-0.9117
218.415,-0.4321
218.449,0.0556
218.483,0.5347
218.515,0.8392
218.583,1.0298
218.615,1.2756
218.648,1.4476
218.682,1.5496
218.715,1.5842
218.749,1.5432
218.783,1.4233
218.816,1.2153
218.849,0.9353
218.882,0.7082
218.916,0.4153
218.949,-0.0465
218.987,-0.5386
219.015,-1.0275
219.049,-1.4811
219.149,-1.8919
219.181,-2.2659
219.215,-2.5347
219.248,-2.742
219.282,-2.821
219.315,-2.7673
219.35,-2.5907
219.382,-2.2972
219.415,-1.9482
219.448,-1.552
219.482,-1.1206
219.516,-0.652
219.549,-0.1973
219.582,0.2749
219.616,0.7492
219.716,1.0717
219.748,1.3659
219.781,1.5525
219.815,1.6804
219.848,1.7189
219.882,1.6851
219.915,1.5687
219.948,1.3801
219.982,1.0961
220.016,0.7082
220.049,0.3395
220.082,-0.1135
220.136,-0.548
220.16,-1.0072
220.182,-1.4111
220.249,-1.8462
220.283,-2.1784
220.316,-2.4478
220.349,-2.617
220.383,-2.7173
220.416,-2.7043
220.45,-2.5835
220.483,-2.3687
220.517,-2.0501
220.55,-1.7049
220.583,-1.2618
220.616,-0.8226
220.649,-0.3593
220.683,0.0847
220.716,0.5519
220.749,0.8208
220.816,1.0146
220.849,1.2787
220.883,1.4711
220.915,1.6018
220.95,1.668
220.983,1.6507
221.016,1.5382
221.049,1.3807
221.082,1.1391
221.116,0.9761
221.149,0.7435
221.187,0.2924
221.215,-0.1451
221.249,-0.5507
221.282,-0.9788
221.315,-1.4437
221.382,-1.8692
221.415,-2.1874
221.448,-2.4062
221.481,-2.5545
221.515,-2.6262
221.549,-2.5816
221.582,-2.4328
221.615,-2.2037
221.649,-1.888
221.682,-1.463
221.715,-0.9866
221.749,-0.5473
221.782,-0.1257
221.815,0.3321
221.849,0.8101
221.949,1.07
221.982,1.3817
222.015,1.5897
222.048,1.7402
222.082,1.82
222.115,1.8098
222.149,1.7178
222.182,1.5427
222.215,1.3051
222.248,0.9447
222.281,0.6701
222.315,0.2314
222.349,-0.2203
222.381,-0.6474
222.415,-1.0554
222.516,-1.5399
222.548,-1.8623
222.582,-2.1189
222.615,-2.3296
222.649,-2.4002
222.681,-2.321
222.715,-2.1349
222.749,-1.8681
222.782,-1.5544
222.815,-1.2161
222.848,-0.6832
222.882,-0.249
222.915,0.2004
222.949,0.6608
222.983,1.0062
223.082,1.2657
223.115,1.5247
223.148,1.7171
223.182,1.8258
223.215,1.8814
223.248,1.8312
223.282,1.7052
223.315,1.512
223.349,1.2384
223.382,0.9584
223.415,0.6365
223.449,0.1925
223.482,-0.2648
223.515,-0.7003
223.549,-1.2237
223.656,-1.6832
223.68,-1.9671
223.716,-2.2134
223.749,-2.3874
223.784,-2.4383
223.816,-2.3361
223.849,-2.1331
223.883,-1.8617
223.916,-1.5392
223.95,-1.0358
223.983,-0.5207
224.016,-0.1124
224.054,0.3331
224.084,0.8024
224.217,1.1925
224.249,1.5114
224.283,1.7169
224.315,1.8535
224.349,1.9286
224.383,1.8973
224.415,1.7862
224.453,1.6132
224.471,1.3232
224.516,0.9145
224.549,0.511
224.582,0.0609
224.617,-0.3653
224.649,-0.7904
224.682,-1.2547
224.749,-1.6843
224.782,-1.9889
224.815,-2.2264
224.848,-2.3726
224.883,-2.4196
224.916,-2.4084
224.948,-2.2483
224.983,-1.9974
225.016,-1.6928
225.049,-1.2701
225.083,-0.7943
225.115,-0.3601
225.149,0.0755
225.182,0.5256
225.215,0.9613
225.349,1.357
225.382,1.6339
225.415,1.8139
225.448,1.9337
225.482,1.9594
225.516,1.8964
225.549,1.7555
225.582,1.5536
225.616,1.2317
225.65,0.8111
225.683,0.372
225.716,-0.065
225.749,-0.4921
225.782,-0.9203
225.882,-1.4337
225.915,-1.7348
225.948,-1.9856
225.982,-2.1867
226.019,-2.2526
226.048,-2.1576
226.082,-1.9633
226.115,-1.7136
226.149,-1.4069
226.182,-1.0292
226.215,-0.4855
226.248,-0.0675
226.282,0.3455
226.316,0.7905
226.348,1.128
226.449,1.2717
226.482,1.5358
226.515,1.7056
226.553,1.8211
226.572,1.8609
226.616,1.8196
226.648,1.7018
226.683,1.525
226.715,1.2543
226.75,0.9616
226.785,0.7396
226.821,0.2811
226.846,-0.1372
226.883,-0.5544
226.921,-1.0775
227.016,-1.4508
227.05,-1.7465
227.083,-1.9816
227.116,-2.1417
227.15,-2.206
227.183,-2.122
227.216,-1.9025
227.251,-1.6472
227.283,-1.3177
227.316,-0.8108
227.35,-0.3842
227.383,0.0361
227.416,0.4806
227.449,0.9191
227.582,1.3073
227.615,1.6183
227.649,1.8036
227.682,1.9311
227.715,1.9657
227.749,1.9182
227.782,1.7954
227.816,1.596
227.848,1.2995
227.883,0.876
227.915,0.481
227.949,0.0265
227.983,-0.3858
228.015,-0.7999
228.116,-1.2747
228.148,-1.5821
228.181,-1.8405
228.215,-2.057
228.249,-2.1746
228.281,-2.1596
228.315,-2.0283
228.349,-1.7961
228.383,-1.508
228.416,-1.1634
228.45,-0.6907
228.483,-0.3041
228.516,0.1098
228.55,0.5468
228.582,0.9548
228.716,1.3454
228.748,1.5982
228.781,1.8033
228.815,1.9102
228.848,1.9394
228.881,1.8889
228.915,1.7613
228.948,1.5578
228.982,1.2471
229.015,0.8483
229.048,0.4275
229.083,0.0092
229.116,-0.4193
229.149,-0.8386
229.249,-1.3977
229.282,-1.7194
229.315,-1.9816
229.348,-2.1818
229.382,-2.2468
229.415,-2.1625
229.448,-1.9929
229.483,-1.7462
229.516,-1.4559
229.549,-1.0916
229.586,-0.5095
229.619,-0.0959
229.65,0.3148
229.683,0.7482
229.71,1.0726
229.816,1.3106
229.849,1.556
229.883,1.7235
229.916,1.8245
229.949,1.853
229.983,1.8153
230.016,1.6884
230.05,1.5156
230.083,1.2586
230.116,0.9731
230.15,0.6356
230.183,0.1919
230.216,-0.2235
230.25,-0.6129
230.283,-1.0808
230.383,-1.4342
230.416,-1.7117
230.449,-1.9496
230.484,-2.1265
230.516,-2.1829
230.548,-2.0746
230.583,-1.8555
230.616,-1.6038
230.65,-1.3047
230.683,-0.8492
230.716,-0.4385
230.749,-0.0349
230.788,0.3878
230.818,0.7974
230.949,1.1576
230.982,1.4454
231.015,1.6204
231.048,1.7538
231.082,1.8159
231.115,1.7732
231.148,1.6489
231.182,1.4747
231.215,1.199
231.248,0.8383
231.282,0.4704
231.315,0.0321
231.349,-0.3742
231.383,-0.7903
231.482,-1.2515
231.515,-1.5777
231.549,-1.8562
231.582,-2.0617
231.615,-2.1589
231.648,-2.1195
231.682,-1.9879
231.716,-1.739
231.749,-1.4602
231.783,-1.1193
231.816,-0.658
231.849,-0.265
231.882,0.1421
231.916,0.5678
231.949,0.8746
232.049,1.0336
232.082,1.2769
232.115,1.4707
232.148,1.5942
232.182,1.6399
232.215,1.6026
232.248,1.5094
232.282,1.3545
232.315,1.1142
232.348,0.8834
232.381,0.6512
232.415,0.2726
232.449,-0.1557
232.483,-0.5676
232.515,-1.0234
232.616,-1.3967
232.648,-1.6979
232.683,-1.9495
232.728,-2.1354
232.753,-2.2325
232.783,-2.1416
232.816,-1.9704
232.849,-1.7138
232.883,-1.4053
232.916,-0.996
232.949,-0.6008
232.983,-0.1996
233.016,0.2267
233.05,0.6397
233.083,0.8713
233.183,0.9554
233.216,1.1658
233.249,1.3049
233.282,1.3936
233.315,1.4275
233.348,1.371
233.382,1.2538
233.415,1.0698
233.448,0.8035
233.482,0.6434
233.516,0.4533
233.548,0.0382
233.582,-0.372
233.616,-0.7693
233.648,-1.1941
233.716,-1.5687
233.748,-1.8509
233.782,-2.0933
233.815,-2.2686
233.849,-2.3362
233.883,-2.321
233.916,-2.197
233.949,-1.9662
233.983,-1.6932
234.016,-1.3316
234.049,-0.9359
234.082,-0.5727
234.116,-0.1749
234.15,0.2449
234.183,0.6138
234.216,0.8592
234.282,1.0108
234.315,1.173
234.348,1.3156
234.382,1.4164
234.415,1.451
234.448,1.4199
234.482,1.3193
234.516,1.1565
234.55,0.9576
234.583,0.8216
234.617,0.6248
234.65,0.2793
234.683,-0.1282
234.716,-0.5379
234.749,-0.8953
234.849,-1.3255
234.882,-1.6275
234.915,-1.8992
234.949,-2.1029
234.986,-2.2076
235.004,-2.1879
235.049,-2.0671
235.082,-1.8453
235.116,-1.5691
235.149,-1.2767
235.182,-0.8473
235.215,-0.4886
235.262,-0.0864
235.285,0.2873
235.316,0.5612
235.416,0.7253
235.45,0.9514
235.483,1.116
235.516,1.2176
235.549,1.2509
235.583,1.223
235.616,1.1205
235.649,0.9562
235.683,0.7511
235.716,0.5311
235.75,0.2697
235.783,-0.0903
235.815,-0.4913
235.849,-0.8831
235.882,-1.2378
235.982,-1.6156
236.015,-1.897
236.049,-2.1342
236.081,-2.3022
236.115,-2.375
236.148,-2.2783
236.182,-2.14
236.215,-1.9098
236.249,-1.6252
236.282,-1.2948
236.315,-0.8945
236.348,-0.5166
236.382,-0.1468
236.415,0.2022
236.45,0.4645
236.549,0.5868
236.581,0.7971
236.615,0.9349
236.649,1.0107
236.682,1.0154
236.715,0.9696
236.749,0.8532
236.782,0.6872
236.816,0.4714
236.849,0.2699
236.882,0.0498
236.915,-0.3638
236.949,-0.7741
236.983,-1.1772
237.016,-1.5725
237.082,-1.9385
237.115,-2.2401
237.148,-2.4876
237.183,-2.6793
237.215,-2.7433
237.25,-2.6752
237.283,-2.5263
237.316,-2.2735
237.349,-1.973
237.383,-1.6257
237.415,-1.2376
237.449,-0.8263
237.482,-0.4181
237.516,-0.0027
237.549,0.308
237.583,0.5024
237.65,0.6614
237.683,0.7984
237.716,0.928
237.75,1.0133
237.783,1.0344
237.816,0.9937
237.851,0.9016
237.883,0.7488
237.916,0.5932
237.95,0.4353
237.982,0.2412
238.022,-0.0538
238.053,-0.4279
238.083,-0.8119
238.116,-1.235
238.216,-1.6131
238.249,-1.9145
238.283,-2.1473
238.316,-2.3149
238.349,-2.3863
238.383,-2.3532
238.416,-2.2148
238.45,-1.9808
238.488,-1.6849
238.513,-1.2847
238.549,-0.8832
238.583,-0.4933
238.616,-0.0964
238.649,0.2671
238.682,0.4235
238.782,0.5093
238.815,0.6871
238.848,0.8623
238.882,0.9787
238.915,1.0201
238.949,1.0017
238.982,0.9205
239.015,0.7718
239.049,0.5906
239.082,0.5113
239.116,0.3531
239.149,0.0501
239.182,-0.3294
239.216,-0.7133
239.249,-1.1356
239.349,-1.4414
239.382,-1.7057
239.415,-1.9107
239.448,-2.0682
239.481,-2.1476
239.515,-2.0629
239.548,-1.8989
239.582,-1.6536
239.615,-1.3492
239.648,-0.9376
239.682,-0.5768
239.715,-0.1771
239.749,0.1272
239.782,0.4326
239.816,0.6527
239.882,0.7859
239.915,0.8193
239.948,0.9214
239.982,0.9745
240.015,1.05
240.048,1.0562
240.082,0.984
240.116,0.9345
240.149,0.8405
240.182,0.7708
240.216,0.6545
240.248,0.4642
240.282,0.1298
240.315,-0.1841
240.349,-0.644
240.383,-1.0966
240.449,-1.5277
240.482,-1.8696
240.515,-2.0755
240.549,-2.2273
240.582,-2.2985
240.616,-2.2524
240.649,-2.0765
240.683,-1.8569
240.716,-1.5049
240.75,-1.0746
240.783,-0.5895
240.816,-0.1293
240.85,0.2405
240.882,0.5716
240.916,0.8277
240.949,0.9861
241.007,1.0304
241.05,1.1062
241.083,1.1801
241.11,1.2599
241.149,1.2709
241.183,1.2193
241.216,1.1307
241.25,1.0102
241.283,0.9047
241.316,0.7971
241.349,0.6278
241.383,0.3506
241.416,-0.0022
241.45,-0.4261
241.483,-0.9178
241.583,-1.4078
241.616,-1.7911
241.65,-2.0305
241.683,-2.2276
241.716,-2.3381
241.749,-2.3116
241.783,-2.1592
241.816,-1.9398
241.849,-1.6879
241.883,-1.3194
241.916,-0.8636
241.948,-0.4684
241.983,-0.1264
242.016,0.1882
242.049,0.362
242.149,0.4593
242.182,0.569
242.215,0.6791
242.248,0.7672
242.286,0.8005
242.304,0.7456
242.348,0.6473
242.382,0.4909
242.415,0.3277
242.45,0.2023
242.482,0.0431
242.517,-0.2156
242.548,-0.6183
242.582,-1.0166
242.615,-1.3965
242.716,-1.7306
242.748,-2.0129
242.782,-2.1692
242.815,-2.2836
242.848,-2.3465
242.882,-2.2434
242.915,-2.0924
242.948,-1.7989
242.982,-1.4753
243.015,-1.1071
243.049,-0.7178
243.082,-0.3392
243.116,-0.0244
243.149,0.2096
243.182,0.4272
243.249,0.528
243.282,0.5594
243.315,0.6665
243.348,0.7415
243.382,0.7794
243.415,0.7499
243.448,0.6729
243.483,0.5423
243.515,0.4422
243.55,0.3522
243.582,0.2066
243.616,0.0602
243.65,-0.2238
243.682,-0.6085
243.715,-1.0402
243.816,-1.4001
243.848,-1.7162
243.883,-1.9875
243.928,-2.1447
243.954,-2.2446
243.976,-2.2553
244.016,-2.1613
244.043,-2.0135
244.083,-1.736
244.116,-1.3686
244.15,-1.0151
244.183,-0.6451
244.216,-0.2694
244.249,0.0518
244.283,0.1815
244.383,0.3232
244.405,0.4075
244.45,0.5623
244.483,0.6646
244.516,0.6985
244.55,0.7019
244.582,0.6454
244.616,0.5358
244.648,0.3629
244.681,0.3626
244.715,0.222
244.749,0.0146
244.782,-0.3022
244.815,-0.6814
244.848,-1.0897
244.949,-1.4681
244.982,-1.767
245.015,-1.9612
245.048,-2.0746
245.082,-2.1886
245.115,-2.1218
245.148,-1.9652
245.182,-1.7877
245.216,-1.5048
245.25,-1.1225
245.283,-0.7391
245.316,-0.3758
245.349,-0.0704
245.383,0.195
245.416,0.3548
245.516,0.3675
245.548,0.4795
245.582,0.5881
245.615,0.6812
245.648,0.711
245.683,0.6934
245.715,0.6139
245.748,0.5096
245.782,0.3746
245.814,0.2433
245.834,0.13
245.883,-0.1466
245.916,-0.4473
245.949,-0.7651
245.982,-1.1413
246.082,-1.5124
246.115,-1.7378
246.148,-1.9388
246.182,-2.0846
246.215,-2.1194
246.248,-2.0047
246.282,-1.8514
246.315,-1.6311
246.348,-1.3697
246.382,-1.0017
246.415,-0.601
246.448,-0.2954
246.482,0.0107
246.515,0.1671
246.65,0.2567
246.683,0.4173
246.716,0.5485
246.75,0.6075
246.783,0.6184
246.816,0.584
246.839,0.5108
246.883,0.3996
246.916,0.2486
246.949,0.0735
246.988,-0.0397
247.012,-0.3369
247.05,-0.6712
247.083,-1.1293
247.216,-1.4612
247.249,-1.7518
247.283,-1.9807
247.315,-2.1604
247.348,-2.2862
247.382,-2.1389
247.415,-1.9592
247.448,-1.749
247.469,-1.4684
247.515,-1.021
247.548,-0.6618
247.582,-0.2813
247.615,0.042
247.783,0.3034
247.814,0.6058
247.848,0.7618
247.882,0.8485
247.915,0.8823
247.948,0.8642
247.982,0.7899
248.015,0.6757
248.048,0.4859
248.081,0.2305
248.115,-0.0314
248.149,-0.3925
248.182,-0.8222
248.349,-1.1616
248.382,-1.444
248.415,-1.6559
248.449,-1.8322
248.482,-1.8756
248.515,-1.8467
248.548,-1.6855
248.582,-1.4533
248.615,-1.1647
248.648,-0.7694
248.682,-0.4031
248.716,-0.0362
248.734,0.2554
248.882,0.302
248.915,0.4945
248.948,0.661
248.981,0.7702
249.019,0.8265
249.039,0.8264
249.083,0.773
249.115,0.6711
249.148,0.519
249.182,0.2492
249.215,0.1997
249.248,-0.0984
249.282,-0.44
249.315,-0.7691
249.449,-1.156
249.481,-1.4293
249.515,-1.6598
249.548,-1.8512
249.581,-1.9741
249.6,-1.8546
249.649,-1.6605
249.682,-1.447
249.715,-1.1603
249.748,-0.8459
249.782,-0.4425
249.815,-0.0842
249.849,0.2633
249.883,0.3457
250.016,0.4114
250.048,0.6288
250.083,0.7593
250.126,0.8309
250.164,0.8473
250.186,0.8163
250.207,0.7391
250.25,0.588
250.275,0.4027
250.316,0.3641
250.35,0.2658
250.383,-0.1009
250.416,-0.4514
250.582,-0.7749
250.616,-1.062
250.648,-1.2782
250.682,-1.4618
250.701,-1.5447
250.749,-1.5101
250.782,-1.3385
250.815,-1.1068
250.849,-0.8325
250.882,-0.5135
250.916,-0.1627
250.949,0.2044
250.983,0.5532
251.149,0.8879
251.182,1.1518
251.215,1.3065
251.248,1.3994
251.282,1.4362
251.315,1.4167
251.348,1.3511
251.382,1.2274
251.415,0.9993
251.449,0.6813
251.482,0.3462
251.515,-0.0128
251.548,-0.3491
251.715,-0.6575
251.734,-0.9411
251.783,-1.1662
251.815,-1.3197
251.848,-1.3556
251.882,-1.2657
251.915,-1.0832
251.949,-0.8394
251.982,-0.543
252.015,-0.2103
252.048,0.1252
252.082,0.4396
252.115,0.616
252.249,0.5914
252.281,0.741
252.3,0.8416
252.349,0.8786
252.382,0.8531
252.415,0.7796
252.449,0.6483
252.482,0.4828
252.515,0.3199
252.548,0.1828
252.582,0.1771
252.602,-0.1241
252.649,-0.4403
252.693,-0.9941
252.816,-1.4987
252.845,-1.7223
252.872,-1.8978
252.916,-2.0524
252.95,-2.1374
252.984,-2.0601
253.016,-1.9307
253.05,-1.7477
253.083,-1.5049
253.116,-0.9767
253.149,-0.3708
253.183,-0.0079
253.216,0.2876
253.249,0.3945
253.383,0.4415
253.416,0.6751
253.45,0.8285
253.469,0.9671
253.517,0.9893
253.55,0.9669
253.572,0.824
253.616,0.6429
253.649,0.4426
253.683,0.3297
253.715,0.2312
253.749,-0.1531
253.782,-0.4801
253.949,-0.8108
253.982,-1.1093
254.019,-1.3286
254.037,-1.4904
254.082,-1.5667
254.115,-1.5127
254.149,-1.3146
254.182,-1.0671
254.215,-0.7691
254.248,-0.4512
254.281,-0.1084
254.315,0.2972
254.348,0.6371
254.516,0.9291
254.548,1.1807
254.566,1.3357
254.615,1.4368
254.648,1.4641
254.682,1.4191
254.715,1.3286
254.748,1.1662
254.781,0.9094
254.819,0.6102
254.838,0.2881
254.882,-0.0701
254.915,-0.5627
255.049,-0.9522
255.082,-1.243
255.116,-1.4911
255.148,-1.6888
255.182,-1.7775
255.215,-1.7595
255.248,-1.6257
255.282,-1.4202
255.315,-1.1703
255.348,-0.722
255.381,-0.3312
255.399,0.0142
255.449,0.3705
255.482,0.4697
255.616,0.6565
255.649,0.8753
255.688,1.0302
255.709,1.119
255.75,1.1612
255.783,1.1268
255.816,1.0359
255.849,0.8795
255.883,0.6658
255.916,0.6119
255.94,0.3631
255.983,0.0111
256.016,-0.3482
256.049,-0.7358
256.182,-1.1725
256.215,-1.4419
256.232,-1.6329
256.282,-1.7935
256.319,-1.8422
256.337,-1.7591
256.382,-1.5879
256.415,-1.3576
256.433,-1.0909
256.482,-0.7423
256.515,-0.2878
256.548,0.0506
256.582,0.3578
256.615,0.5347
256.753,0.5539
256.772,0.7343
256.798,0.855
256.849,0.9209
256.882,0.9296
256.915,0.9004
256.949,0.8155
256.982,0.6802
257.015,0.4683
257.048,0.3415
257.065,0.2282
257.116,-0.1116
257.148,-0.4484
257.165,-0.8029
257.282,-1.1458
257.301,-1.4006
257.331,-1.6267
257.383,-1.8115
257.415,-1.8696
257.432,-1.8214
257.482,-1.6451
257.515,-1.4364
257.532,-1.1867
257.582,-0.8653
257.615,-0.5006
257.648,-0.1927
257.683,0.1415
257.7,0.3318
257.849,0.4561
257.882,0.6092
257.899,0.7284
257.949,0.8158
257.982,0.8493
257.999,0.827
258.049,0.7652
258.086,0.6623
258.104,0.475
258.131,0.3742
258.182,0.2038
258.202,-0.0745
258.231,-0.3841
258.282,-0.7074
258.416,-1.0076
258.435,-1.2633
258.482,-1.4988
258.515,-1.6887
258.532,-1.755
258.582,-1.7222
258.615,-1.5657
258.632,-1.3509
258.682,-1.097
258.715,-0.8001
258.732,-0.4915
258.782,-0.1648
258.815,0.1364
258.849,0.2648
258.987,0.4058
259.008,0.5594
259.039,0.689
259.076,0.7537
259.116,0.7767
259.14,0.7469
259.175,0.6909
259.216,0.5591
259.25,0.3914
259.283,0.323
259.316,0.1053
259.349,-0.1852
259.383,-0.5007
259.416,-0.8494
259.516,-1.1956
259.534,-1.4633
259.565,-1.6986
259.616,-1.8929
259.649,-1.9933
259.682,-1.9601
259.715,-1.8084
259.749,-1.6124
259.782,-1.3779
259.815,-1.0672
259.849,-0.717
259.882,-0.4092
259.899,-0.0878
259.949,0.1953
259.982,0.3524
260.082,0.4487
260.101,0.5436
260.131,0.6661
260.183,0.7264
260.215,0.751
260.231,0.7275
260.282,0.6765
260.315,0.5651
260.332,0.4515
260.365,0.3846
260.416,0.2462
260.448,-0.0155
260.466,-0.334
260.516,-0.6485
260.549,-0.9839
260.649,-1.2975
260.681,-1.5549
260.702,-1.7648
260.731,-1.9344
260.782,-1.9852
260.815,-1.9209
260.833,-1.7347
260.882,-1.5171
260.916,-1.2511
260.948,-0.9342
260.966,-0.5974
261.015,-0.3082
261.048,0.0028
261.065,0.1924
261.116,0.3242
261.216,0.3842
261.234,0.474
261.265,0.5797
261.316,0.6263
261.348,0.63
261.382,0.6024
261.4,0.5535
261.432,0.4405
261.482,0.3981
261.514,0.2827
261.533,0.1256
261.582,-0.1363
261.601,-0.4601
261.632,-0.8852
261.783,-1.2977
261.821,-1.5657
261.844,-1.7762
261.873,-1.9401
261.918,-1.9951
261.94,-1.9361
261.983,-1.77
262.005,-1.5588
262.05,-1.3088
262.083,-0.9161
262.116,-0.4703
262.138,-0.1542
262.183,0.1221
262.204,0.2783
262.35,0.3757
262.373,0.5416
262.416,0.6133
262.433,0.6724
262.466,0.6891
262.516,0.6697
262.534,0.5905
262.566,0.4725
262.603,0.3106
262.632,0.1934
262.665,0.0339
262.699,-0.2654
262.732,-0.551
262.782,-0.8911
262.882,-1.2131
262.915,-1.5905
262.932,-1.8108
262.982,-1.9943
263.015,-2.0546
263.049,-2.0031
263.066,-1.8612
263.098,-1.6784
263.132,-1.4248
263.165,-1.1144
263.198,-0.7811
263.232,-0.3543
263.265,-0.0382
263.298,0.0899
263.332,0.2114
263.449,0.2913
263.468,0.3476
263.498,0.4648
263.532,0.5204
263.565,0.5438
263.598,0.5195
263.632,0.4632
263.682,0.3523
263.699,0.3907
263.748,0.3196
263.782,0.1796
263.799,-0.0481
263.833,-0.3627
263.865,-0.6743
263.899,-0.9859
264.016,-1.2936
264.048,-1.5323
264.066,-1.7375
264.098,-1.8743
264.132,-1.8993
264.165,-1.8278
264.198,-1.6336
264.233,-1.4125
264.282,-1.1442
264.315,-0.8469
264.333,-0.504
264.366,-0.2319
264.416,0.0492
264.433,0.1631
264.583,0.2593
264.615,0.4037
264.633,0.5132
264.669,0.5825
264.7,0.607
264.751,0.5946
264.776,0.5345
264.816,0.4538
264.838,0.3213
264.871,0.2763
264.916,0.1204
264.95,-0.1453
264.972,-0.4495
265.016,-0.7897
265.149,-1.052
265.183,-1.325
265.21,-1.5387
265.249,-1.6621
265.271,-1.6886
265.317,-1.625
265.336,-1.4556
265.383,-1.2332
265.415,-0.9785
265.432,-0.6482
265.482,-0.3563
265.499,-0.02
265.533,0.2387
265.582,0.375
265.682,0.4573
265.702,0.5
265.731,0.5947
265.765,0.6567
265.798,0.6913
265.832,0.6855
265.866,0.6299
265.898,0.5393
265.949,0.4582
265.981,0.3948
266.001,0.2767
266.033,0.1146
266.066,-0.1704
266.116,-0.4762
266.139,-0.7992
266.249,-1.1077
266.267,-1.4895
266.298,-1.7042
266.332,-1.8553
266.365,-1.8973
266.398,-1.8296
266.432,-1.6749
266.465,-1.4673
266.499,-1.2152
266.532,-0.9081
266.565,-0.5931
266.598,-0.1476
266.632,0.1701
266.665,0.3095
266.816,0.4148
266.835,0.5365
266.865,0.6765
266.898,0.7658
266.932,0.8041
266.965,0.8001
266.998,0.7588
267.037,0.6686
267.064,0.5209
267.099,0.4599
267.131,0.3091
267.165,0.0711
267.198,-0.2697
267.231,-0.6583
267.382,-0.9771
267.4,-1.379
267.432,-1.5893
267.465,-1.7645
267.499,-1.8136
267.532,-1.771
267.565,-1.6208
267.599,-1.422
267.646,-1.1568
267.67,-0.7968
267.716,-0.4449
267.738,0.0247
267.77,0.3138
267.816,0.4561
267.949,0.5159
267.97,0.6961
267.999,0.8308
268.049,0.908
268.066,0.9305
268.1,0.9048
268.132,0.8196
268.166,0.6885
268.198,0.5445
268.232,0.4751
268.265,0.3241
268.299,0.0231
268.331,-0.3069
268.365,-0.6555
268.516,-1.0727
268.533,-1.3205
268.565,-1.5129
268.598,-1.6092
268.632,-1.6473
268.664,-1.5655
268.703,-1.3641
268.731,-1.1543
268.765,-0.8848
268.798,-0.5365
268.832,-0.0773
268.865,0.2627
268.899,0.3202
269.082,0.3232
269.101,0.5357
269.133,0.6648
269.183,0.7291
269.206,0.7506
269.25,0.7166
269.278,0.6219
269.316,0.4734
269.339,0.2516
269.386,0.2415
269.408,0.1522
269.438,-0.1886
269.483,-0.6388
269.649,-0.9512
269.672,-1.2152
269.716,-1.4351
269.734,-1.5558
269.782,-1.5711
269.8,-1.5049
269.833,-1.3817
269.883,-1.1678
269.901,-0.9241
269.949,-0.5243
269.969,-0.2372
270.015,0.0337
270.034,0.0418
270.216,0.2313
270.234,0.3465
270.265,0.4391
270.298,0.4738
270.332,0.4807
270.365,0.4374
270.398,0.3338
270.432,0.218
270.465,0.0406
270.499,0.0407
270.533,-0.2501
270.582,-0.5272
270.783,-0.9461
270.802,-1.1689
270.831,-1.3766
270.865,-1.453
270.898,-1.4675
270.932,-1.4446
270.965,-1.3343
270.998,-1.1269
271.032,-0.8577
271.071,-0.5854
271.132,-0.0995
271.35,0.1767
271.373,0.4125
271.4,0.5588
271.45,0.6815
271.472,0.7653
271.516,0.815
271.539,0.7962
271.575,0.7194
271.604,0.5534
271.633,0.277
271.665,0.0078
271.716,-0.3125
271.882,-0.5927
271.9,-0.8351
271.931,-1.0427
271.966,-1.194
271.999,-1.2241
272.037,-1.1996
272.065,-1.0628
272.116,-0.8768
272.135,-0.6201
272.166,-0.2635
272.216,0.0753
272.233,0.346
272.266,0.3166
272.454,0.2407
272.473,0.386
272.498,0.49
272.532,0.5458
272.565,0.5616
272.598,0.5092
272.632,0.4355
272.665,0.298
272.698,0.1397
272.731,0.164
272.765,0.1761
272.798,-0.2797
272.831,-0.8116
273.017,-1.2456
273.037,-1.4787
273.065,-1.667
273.098,-1.7541
273.132,-1.7609
273.166,-1.7064
273.216,-1.5294
273.235,-1.3321
273.282,-0.935
273.304,-0.4315
273.334,-0.0175
273.382,0.0033
273.583,0.1701
273.602,0.3503
273.631,0.4459
273.665,0.4998
273.698,0.5278
273.737,0.5117
273.764,0.4325
273.798,0.3209
273.831,0.1545
273.865,0.1332
273.898,-0.0489
273.932,-0.4354
274.15,-0.6815
274.17,-0.9167
274.199,-1.1355
274.241,-1.2028
274.275,-1.2193
274.316,-1.193
274.34,-1.0781
274.375,-0.8809
274.404,-0.6462
274.449,-0.3071
274.472,-0.0896
274.516,-0.1002
274.682,-0.1244
274.702,-0.0299
274.732,0.0648
274.765,0.1152
274.799,0.1366
274.849,0.1179
274.867,0.0484
274.898,-0.0487
274.932,-0.1403
274.982,-0.1297
275.0,-0.1313
275.032,-0.3719
275.065,-0.6313
275.249,-0.9272
275.269,-1.2244
275.299,-1.4302
275.332,-1.5026
275.365,-1.5233
275.398,-1.5007
275.432,-1.3355
275.465,-1.1439
275.498,-0.9173
275.532,-0.6854
275.569,-0.3827
275.598,-0.207
275.816,-0.1424
275.835,-0.0402
275.865,0.0493
275.899,0.1047
275.932,0.1281
275.966,0.1202
275.998,0.0641
276.031,-0.0188
276.065,-0.1489
276.098,-0.2624
276.132,-0.3294
276.165,-0.6036
276.198,-0.9135
276.349,-1.2047
276.371,-1.4668
276.398,-1.6543
276.432,-1.8248
276.465,-1.8479
276.498,-1.8138
276.531,-1.6518
276.565,-1.4787
276.598,-1.2201
276.632,-0.931
276.666,-0.6552
276.698,-0.3842
276.732,-0.3175
276.916,-0.1971
276.948,-0.1059
276.97,-0.0359
277.016,0.0065
277.039,0.0583
277.087,0.0542
277.112,0.0202
277.149,-0.0353
277.172,-0.1147
277.217,-0.1113
277.239,-0.2167
277.283,-0.4365
277.305,-0.733
277.349,-1.0005
277.449,-1.2865
277.466,-1.4728
277.498,-1.6411
277.531,-1.7703
277.565,-1.8159
277.603,-1.7334
277.632,-1.5738
277.683,-1.3933
277.703,-1.1011
277.75,-0.8316
277.769,-0.5675
277.799,-0.3727
277.849,-0.2057
277.868,-0.1621
278.049,-0.1358
278.069,-0.0722
278.098,-0.0315
278.131,-0.0058
278.165,-0.0307
278.198,-0.0521
278.232,-0.0929
278.265,-0.1361
278.298,-0.1569
278.331,-0.2632
278.365,-0.3893
278.398,-0.6666
278.432,-0.9872
278.582,-1.258
278.601,-1.5819
278.631,-1.8272
278.665,-2.0036
278.698,-2.046
278.732,-2.0803
278.769,-1.8997
278.798,-1.7197
278.832,-1.4813
278.865,-1.1799
278.898,-0.9089
278.931,-0.5744
278.965,-0.447
278.998,-0.3133
279.149,-0.2923
279.168,-0.2533
279.198,-0.1913
279.232,-0.1371
279.265,-0.1154
279.298,-0.1261
279.332,-0.1652
279.365,-0.216
279.398,-0.1582
279.431,-0.1831
279.465,-0.3314
279.499,-0.5069
279.532,-0.7784
279.565,-1.069
279.715,-1.3222
279.733,-1.5821
279.765,-1.7604
279.798,-1.8964
279.831,-1.9072
279.865,-1.855
279.898,-1.7021
279.932,-1.5171
279.965,-1.2826
279.998,-1.019
280.032,-0.7719
280.065,-0.5216
280.098,-0.3806
280.137,-0.2624
280.283,-0.2883
280.309,-0.2576
280.338,-0.2019
280.366,-0.1692
280.399,-0.1548
280.45,-0.1796
280.473,-0.2095
280.502,-0.2465
280.55,-0.2571
280.573,-0.3383
280.601,-0.4406
280.649,-0.6468
280.678,-0.9454
280.816,-1.1982
280.834,-1.4973
280.865,-1.6812
280.898,-1.8585
280.931,-1.9131
280.965,-1.9263
280.998,-1.8305
281.032,-1.6532
281.065,-1.4435
281.116,-1.1479
281.134,-0.8999
281.166,-0.5877
281.199,-0.507
281.232,-0.3616
281.383,-0.2998
281.404,-0.3226
281.431,-0.2927
281.465,-0.2774
281.498,-0.2413
281.531,-0.2637
281.565,-0.2953
281.598,-0.3533
281.632,-0.3007
281.665,-0.3414
281.699,-0.5189
281.732,-0.6481
281.766,-0.9431
281.799,-1.1988
281.949,-1.4787
281.969,-1.7218
281.998,-1.9389
282.032,-2.0588
282.065,-2.0681
282.099,-2.034
282.132,-1.8604
282.166,-1.6362
282.204,-1.3213
282.233,-1.0611
282.282,-0.8227
282.3,-0.6172
282.332,-0.4889
282.382,-0.3663
282.482,-0.316
282.5,-0.3394
282.532,-0.3518
282.565,-0.336
282.598,-0.3504
282.632,-0.2992
282.665,-0.2696
282.699,-0.2337
282.733,-0.1389
282.776,-0.1539
282.808,-0.2196
282.837,-0.2917
282.866,-0.4522
282.916,-0.691
282.939,-0.9404
283.083,-1.2743
283.111,-1.5109
283.135,-1.6945
283.183,-1.7481
283.206,-1.6946
283.236,-1.5879
283.283,-1.4065
283.304,-1.1313
283.332,-0.799
283.382,-0.4651
283.402,-0.1504
283.433,0.026
283.465,0.1575
283.498,0.1947
283.616,0.1564
283.638,0.0532
283.664,0.0427
283.698,0.0313
283.732,-0.0519
283.765,-0.0791
283.798,-0.0586
283.832,-0.0061
283.865,0.0616
283.898,0.0385
283.931,-0.1099
283.965,-0.2251
283.998,-0.4418
284.032,-0.7459
284.183,-1.0185
284.202,-1.2896
284.231,-1.5411
284.265,-1.7036
284.298,-1.7679
284.332,-1.7477
284.365,-1.5606
284.398,-1.3329
284.432,-1.0971
284.465,-0.789
284.498,-0.5248
284.531,-0.3782
284.565,-0.2947
284.604,-0.1841
284.749,-0.1567
284.767,-0.1854
284.798,-0.1873
284.832,-0.2053
284.865,-0.2018
284.898,-0.2092
284.932,-0.2167
284.965,-0.164
284.998,-0.0917
285.032,-0.1428
285.065,-0.2604
285.098,-0.4279
285.131,-0.7123
285.165,-0.9695
285.316,-1.2594
285.335,-1.5903
285.365,-1.7656
285.399,-1.842
285.431,-1.8693
285.464,-1.8197
285.498,-1.6588
285.531,-1.4463
285.566,-1.1322
285.599,-0.8553
285.632,-0.5738
285.666,-0.3644
285.699,-0.2762
285.732,-0.2072
285.849,-0.1578
285.868,-0.216
285.898,-0.3373
285.932,-0.2965
285.966,-0.2855
285.999,-0.291
286.032,-0.3376
286.065,-0.2825
286.098,-0.2446
286.133,-0.3255
286.165,-0.4169
286.198,-0.6055
286.249,-0.7431
286.269,-1.0219
286.399,-1.308
286.451,-1.595
286.475,-1.7636
286.504,-1.9283
286.532,-2.004
286.566,-1.9749
286.616,-1.9068
286.639,-1.6316
286.669,-1.3679
286.716,-1.1145
286.739,-0.8431
286.769,-0.587
286.816,-0.4416
286.839,-0.2944
286.97,-0.2099
286.998,-0.175
287.032,-0.1305
287.065,-0.0946
287.099,-0.0968
287.132,-0.094
287.165,-0.138
287.199,-0.1727
287.231,-0.2102
287.265,-0.2805
287.303,-0.4278
287.331,-0.6122
287.366,-0.8968
287.399,-1.1516
287.549,-1.3906
287.567,-1.6691
287.598,-1.8734
287.632,-1.9518
287.665,-1.9739
287.7,-1.9126
287.731,-1.7658
287.77,-1.5555
287.798,-1.2698
287.832,-1.0242
287.865,-0.8066
287.898,-0.6226
287.932,-0.467
287.965,-0.3686
288.116,-0.2781
288.135,-0.3165
288.165,-0.2586
288.198,-0.2339
288.232,-0.234
288.265,-0.2606
288.298,-0.2745
288.332,-0.2421
288.365,-0.2754
288.398,-0.3722
288.432,-0.533
288.465,-0.6629
288.503,-0.9001
288.531,-1.1327
288.649,-1.3543
288.668,-1.5751
288.698,-1.7865
288.732,-1.917
288.765,-1.9285
288.8,-1.8879
288.832,-1.7593
288.865,-1.5579
288.898,-1.3522
288.932,-1.125
288.965,-0.8717
288.998,-0.6419
289.031,-0.4424
289.065,-0.296
289.216,-0.2058
289.234,-0.1501
289.265,-0.1641
289.298,-0.1322
289.332,-0.086
289.37,-0.0802
289.401,-0.1226
289.439,-0.1507
289.469,-0.1702
289.498,-0.2306
289.531,-0.36
289.565,-0.523
289.598,-0.6968
289.632,-0.9222
289.766,-1.1658
289.798,-1.4626
289.832,-1.6055
289.865,-1.69
289.904,-1.7026
289.931,-1.6587
289.965,-1.5212
289.998,-1.3429
290.032,-1.0852
290.065,-0.8485
290.099,-0.6213
290.132,-0.3911
290.165,-0.3544
290.198,-0.2615
290.349,-0.2265
290.369,-0.2117
290.398,-0.1854
290.432,-0.1491
290.465,-0.1669
290.498,-0.171
290.531,-0.208
290.565,-0.1689
290.598,-0.1287
290.631,-0.1972
290.67,-0.3344
290.698,-0.4549
290.732,-0.7059
290.916,-0.9296
290.936,-1.2261
290.965,-1.4235
290.998,-1.4923
291.031,-1.5438
291.065,-1.4826
291.098,-1.4089
291.132,-1.2369
291.165,-1.0696
291.198,-0.8007
291.231,-0.6023
291.265,-0.372
291.298,-0.2357
291.466,-0.228
291.498,-0.2
291.531,-0.1693
291.565,-0.1198
291.598,-0.0972
291.631,-0.1077
291.664,-0.1526
291.698,-0.2017
291.732,-0.2286
291.765,-0.308
291.798,-0.3764
291.832,-0.6243
291.865,-0.8457
291.998,-1.0857
292.032,-1.3288
292.073,-1.5175
292.092,-1.6623
292.132,-1.7177
292.165,-1.7028
292.198,-1.62
292.232,-1.4894
292.265,-1.1846
292.298,-0.934
292.332,-0.7057
292.365,-0.5382
292.399,-0.4558
292.616,-0.3936
292.636,-0.3627
292.665,-0.2674
292.698,-0.1945
292.732,-0.1298
292.765,-0.1274
292.798,-0.1989
292.832,-0.2901
292.865,-0.3479
292.898,-0.3986
292.931,-0.4934
292.965,-0.6326
293.15,-0.8687
293.169,-1.1941
293.198,-1.3808
293.231,-1.5183
293.265,-1.5315
293.298,-1.5138
293.331,-1.3879
293.365,-1.1952
293.399,-0.9573
293.432,-0.7044
293.465,-0.4873
293.498,-0.3191
293.75,-0.2815
293.769,-0.1168
293.798,-0.0241
293.831,0.0741
293.865,0.0866
293.898,0.0713
293.932,-0.001
293.965,-0.091
293.998,-0.2279
294.031,-0.2562
294.065,-0.3473
294.099,-0.6004
294.283,-0.8629
294.303,-1.0686
294.331,-1.2544
294.369,-1.3514
294.398,-1.3555
294.431,-1.3035
294.465,-1.1595
294.498,-0.9746
294.532,-0.7347
294.565,-0.4824
294.598,-0.2808
294.632,-0.2422
294.85,-0.1181
294.87,-0.0625
294.898,0.024
294.931,0.0684
294.962,0.0946
294.998,0.0701
295.032,0.0251
295.065,-0.0547
295.099,-0.1084
295.132,-0.1479
295.165,-0.2565
295.198,-0.4435
295.383,-0.706
295.401,-0.9525
295.431,-1.1396
295.465,-1.2516
295.498,-1.3016
295.532,-1.292
295.565,-1.2216
295.599,-1.0401
295.632,-0.8499
295.665,-0.5924
295.699,-0.3424
295.737,-0.263
295.983,-0.2561
296.005,-0.1156
296.031,-0.0152
296.065,0.0492
296.098,0.0724
296.135,0.0699
296.164,-0.002
296.198,-0.1234
296.231,-0.2585
296.265,-0.2868
296.298,-0.4366
296.331,-0.6685
296.5,-0.9316
296.531,-1.1313
296.565,-1.3226
296.599,-1.43
296.632,-1.4376
296.665,-1.3605
296.698,-1.2538
296.732,-1.0639
296.765,-0.7498
296.798,-0.5099
296.832,-0.3704
296.865,-0.3398
297.065,-0.2298
297.098,-0.2113
297.132,-0.1402
297.165,-0.0945
297.198,-0.0668
297.232,-0.0969
297.265,-0.1125
297.298,-0.2014
297.332,-0.2238
297.365,-0.272
297.398,-0.382
297.432,-0.5084
297.6,-0.7514
297.631,-0.9957
297.665,-1.1985
297.698,-1.3895
297.731,-1.453
297.765,-1.4512
297.798,-1.3481
297.832,-1.1749
297.865,-0.9695
297.898,-0.7374
297.932,-0.5554
297.966,-0.4294
298.003,-0.3196
298.204,-0.268
298.231,-0.2704
298.265,-0.2277
298.298,-0.2335
298.332,-0.1894
298.365,-0.2158
298.399,-0.3048
298.431,-0.3567
298.465,-0.396
298.498,-0.5383
298.532,-0.6843
298.565,-0.8389
298.75,-1.034
298.77,-1.3237
298.798,-1.5242
298.831,-1.6584
298.865,-1.6815
298.898,-1.6485
298.932,-1.5607
298.965,-1.3623
298.998,-1.0935
299.031,-0.8798
299.065,-0.7469
299.098,-0.5723
299.299,-0.4487
299.331,-0.4651
299.365,-0.4585
299.398,-0.3921
299.431,-0.3666
299.465,-0.3856
299.498,-0.4152
299.531,-0.4719
299.565,-0.509
299.599,-0.5757
299.632,-0.7318
299.665,-0.8836
299.698,-1.0019
299.866,-1.2174
299.898,-1.4124
299.932,-1.5761
299.964,-1.6325
299.998,-1.6437
300.032,-1.577
300.065,-1.4238
300.098,-1.2293
300.131,-0.9302
300.165,-0.7577
300.198,-0.636
300.231,-0.5091
300.45,-0.4408
300.47,-0.4224
300.498,-0.363
300.531,-0.3401
300.565,-0.3201
300.598,-0.3457
300.631,-0.4074
300.665,-0.4754
300.698,-0.5825
300.731,-0.7103
300.765,-0.7934
300.798,-0.9339
300.832,-1.1404
300.983,-1.35
301.003,-1.5377
301.026,-1.7061
301.065,-1.8209
301.099,-1.8192
301.132,-1.6948
301.165,-1.5347
301.198,-1.3657
301.232,-1.1585
301.265,-0.9445
301.298,-0.7404
301.332,-0.6643
301.365,-0.5228
301.533,-0.4122
301.565,-0.4623
301.599,-0.4795
301.632,-0.4451
301.665,-0.4249
301.699,-0.4395
301.732,-0.4732
301.765,-0.54
301.798,-0.4948
301.832,-0.6035
301.865,-0.824
301.898,-0.9345
301.932,-1.0753
302.099,-1.2758
302.132,-1.4645
302.165,-1.6028
302.198,-1.6895
302.232,-1.697
302.265,-1.6696
302.298,-1.5316
302.336,-1.2627
302.356,-1.0383
302.399,-0.8974
302.432,-0.769
302.466,-0.6299
302.498,-0.5105
302.633,-0.4447
302.665,-0.413
302.698,-0.5023
302.732,-0.5231
302.765,-0.535
302.798,-0.5379
302.832,-0.4989
302.87,-0.4874
302.897,-0.5122
302.931,-0.6046
302.965,-0.7253
302.998,-0.8439
303.032,-0.9125
303.065,-1.0663
303.199,-1.2643
303.235,-1.3827
303.264,-1.5205
303.298,-1.6338
303.332,-1.6539
303.365,-1.5918
303.398,-1.4625
303.432,-1.3266
303.465,-1.1542
303.498,-0.9947
303.532,-0.8992
303.565,-0.8606
303.598,-0.7443
303.766,-0.6237
303.799,-0.6258
303.836,-0.706
303.864,-0.6969
303.899,-0.7051
303.932,-0.7295
303.965,-0.7408
303.998,-0.7037
304.032,-0.6948
304.066,-0.8256
304.098,-0.9654
304.131,-1.1171
304.165,-1.1846
304.299,-1.363
304.331,-1.5379
304.365,-1.6774
304.399,-1.8216
304.432,-1.87
304.465,-1.8679
304.498,-1.7461
304.532,-1.5894
304.565,-1.3624
304.598,-1.167
304.632,-1.0567
304.665,-0.9722
304.698,-0.8924
304.732,-0.7517
304.866,-0.675
304.898,-0.6536
304.936,-0.7236
304.957,-0.7902
304.999,-0.8719
305.032,-0.8815
305.065,-0.8197
305.098,-0.7256
305.131,-0.7057
305.165,-0.8106
305.199,-0.9523
305.231,-1.1546
305.265,-1.24
305.299,-1.3539
305.432,-1.4638
305.464,-1.6836
305.498,-1.914
305.531,-2.1318
305.565,-2.1408
305.598,-2.0522
305.631,-1.9002
305.665,-1.6803
305.698,-1.4816
305.731,-1.3048
305.765,-1.2367
305.798,-1.135
305.831,-0.9322
305.999,-0.7431
306.024,-0.7395
306.065,-0.8187
306.098,-0.8428
306.132,-0.8613
306.165,-0.8575
306.198,-0.8304
306.231,-0.7422
306.265,-0.6815
306.298,-0.7396
306.331,-0.9434
306.365,-1.0957
306.398,-1.1658
306.533,-1.3338
306.565,-1.4992
306.599,-1.7395
306.651,-1.9324
306.673,-2.0478
306.693,-2.0965
306.732,-2.0044
306.765,-1.7498
306.798,-1.5036
306.832,-1.3443
306.865,-1.2081
306.898,-1.059
306.932,-0.8871
306.965,-0.75
307.099,-0.6272
307.132,-0.5758
307.165,-0.6744
307.198,-0.8064
307.232,-0.8726
307.265,-0.859
307.298,-0.7536
307.332,-0.7054
307.365,-0.6671
307.398,-0.6927
307.431,-0.8272
307.465,-0.93
307.498,-1.0232
307.532,-1.0925
307.666,-1.2416
307.698,-1.4378
307.732,-1.6217
307.765,-1.7562
307.798,-1.8153
307.832,-1.7354
307.865,-1.5884
307.898,-1.4559
307.932,-1.2574
307.965,-1.0723
307.998,-0.9063
308.032,-0.7977
308.065,-0.6904
308.099,-0.5847
308.232,-0.547
308.264,-0.6337
308.298,-0.7418
308.331,-0.7702
308.365,-0.8007
308.398,-0.8089
308.431,-0.7532
308.465,-0.6466
308.503,-0.618
308.523,-0.7237
308.565,-0.8438
308.598,-1.0159
308.632,-1.089
308.799,-1.2282
308.832,-1.3625
308.865,-1.4596
308.898,-1.5517
308.932,-1.5819
308.965,-1.5704
308.999,-1.4669
309.032,-1.3225
309.066,-1.122
309.105,-0.9654
309.131,-0.8912
309.165,-0.8133
309.198,-0.7431
309.332,-0.7199
309.365,-0.732
309.398,-0.8355
309.432,-0.868
309.465,-0.8897
309.498,-0.8619
309.532,-0.8882
309.565,-0.8048
309.598,-0.7999
309.632,-0.8571
309.665,-0.983
309.698,-1.1854
309.732,-1.2845
309.766,-1.3956
309.899,-1.5496
309.931,-1.7672
309.965,-1.9476
309.998,-2.0761
310.031,-2.0778
310.065,-2.0769
310.099,-1.945
310.132,-1.7749
310.165,-1.5916
310.198,-1.5101
310.232,-1.4399
310.265,-1.3114
310.298,-1.123
310.332,-0.9962
310.466,-0.9669
310.502,-0.9248
310.521,-0.9961
310.565,-1.0113
310.598,-1.0353
310.631,-0.9387
310.665,-0.8543
310.698,-0.7943
310.732,-0.8122
310.765,-0.8671
310.798,-0.9506
310.831,-1.1169
310.865,-1.1981
311.032,-1.3117
311.064,-1.5114
311.098,-1.7168
311.131,-1.8146
311.165,-1.8406
311.198,-1.806
311.232,-1.7504
311.265,-1.6259
311.298,-1.4857
311.336,-1.3719
311.356,-1.2755
311.399,-1.1282
311.432,-0.9827
311.6,-0.9166
311.631,-0.9492
311.665,-0.9834
311.698,-1.0296
311.731,-1.0507
311.765,-1.0025
311.798,-0.9691
311.832,-0.9281
311.865,-0.9181
311.898,-0.9777
311.932,-1.1377
311.965,-1.2348
312.132,-1.3463
312.164,-1.4514
312.198,-1.5909
312.236,-1.6977
312.264,-1.7543
312.307,-1.7499
312.327,-1.697
312.365,-1.6069
312.399,-1.3944
312.431,-1.2783
312.465,-1.1641
312.499,-1.0953
312.531,-0.9879
312.733,-0.9159
312.765,-0.9564
312.798,-0.9961
312.831,-1.0102
312.865,-0.9947
312.898,-1.0162
312.932,-0.9816
312.965,-0.9809
312.998,-0.9882
313.032,-1.1666
313.065,-1.3135
313.299,-1.404
313.331,-1.4793
313.365,-1.5887
313.398,-1.6299
313.431,-1.6502
313.465,-1.6319
313.498,-1.5781
313.531,-1.4777
313.565,-1.3183
313.598,-1.2409
313.631,-1.1084
313.833,-0.9843
313.864,-0.9473
313.898,-0.974
313.932,-1.0167
313.965,-1.0217
313.998,-1.0258
314.031,-1.0478
314.064,-1.0249
314.098,-0.9241
314.131,-0.9718
314.165,-1.1499
314.199,-1.2336
314.231,-1.3335
314.399,-1.423
314.432,-1.6464
314.465,-1.7394
314.498,-1.8808
314.531,-1.8753
314.565,-1.8485
314.598,-1.7239
314.632,-1.5192
314.665,-1.3558
314.698,-1.319
314.732,-1.2812
315.0,-1.1734
315.032,-1.1165
315.065,-0.9451
315.102,-0.906
315.131,-0.9231
315.165,-0.9482
315.198,-0.9868
315.231,-1.091
315.265,-1.1182
315.298,-1.1482
315.533,-1.1742
315.564,-1.3635
315.598,-1.5352
315.631,-1.6115
315.664,-1.6421
315.698,-1.6532
315.731,-1.6054
315.765,-1.5063
315.798,-1.3981
315.831,-1.3527
316.133,-1.3267
316.164,-1.2498
316.203,-1.1612
316.221,-1.0797
316.265,-1.091
316.298,-1.0878
316.331,-1.213
316.365,-1.4119
316.398,-1.5948
316.666,-1.7045
316.699,-1.7969
316.731,-1.8589
316.765,-1.7899
316.798,-1.8425
316.832,-1.8254
316.865,-1.8192
316.898,-1.8466
316.931,-1.7538
317.233,-1.6999
317.265,-1.6224
317.298,-1.5616
317.332,-1.3331
317.365,-1.3006
317.398,-1.2568
317.431,-1.3126
317.465,-1.5135
317.498,-1.5908
317.801,-1.5537
317.833,-1.5212
317.865,-1.4862
317.898,-1.319
317.931,-1.2982
317.964,-1.2881
317.998,-1.2365
318.031,-1.1657
318.064,-1.1354
318.365,-1.0895
318.398,-1.0642
318.431,-0.9401
318.465,-0.8165
318.498,-0.7879
318.531,-0.835
318.566,-1.0734
318.598,-1.3488
318.631,-1.5582
318.9,-1.604
318.932,-1.6661
318.965,-1.6795
318.998,-1.7555
319.032,-1.7367
319.065,-1.7489
319.098,-1.6736
319.131,-1.5647
319.165,-1.4873
319.5,-1.395
319.532,-1.24
319.565,-1.0224
319.598,-0.975
319.631,-0.9334
319.664,-1.1729
319.698,-1.4017
319.732,-1.6946
320.033,-1.8197
320.066,-1.8984
320.098,-1.9759
320.131,-1.8448
320.164,-1.7767
320.198,-1.6911
320.231,-1.6625
320.264,-1.5691
320.298,-1.5382
320.6,-1.4928
320.631,-1.3516
320.665,-1.1017
320.698,-0.8406
320.731,-0.9067
320.765,-0.9216
320.798,-1.0212
320.831,-1.0418
320.865,-0.9998
321.133,-1.0596
321.165,-1.0734
321.198,-1.0393
321.231,-1.1785
321.264,-1.2378
321.302,-1.3027
321.32,-1.2712
321.365,-1.2754
321.398,-1.3424
321.733,-1.4162
321.764,-1.2322
321.798,-1.0211
321.831,-1.0567
321.864,-0.9623
321.898,-0.9926
321.931,-1.0222
321.965,-1.3868
322.266,-1.6236
322.299,-1.6228
322.331,-1.5897
322.365,-1.56
322.398,-1.6018
322.439,-1.5143
322.46,-1.487
322.498,-1.6269
322.532,-1.7064
322.833,-1.5823
322.865,-1.456
322.898,-1.4886
322.931,-1.3824
322.965,-1.5369
322.998,-1.5511
323.031,-1.6684
323.065,-1.8842
323.4,-1.8207
323.431,-1.7412
323.465,-1.678
323.498,-1.527
323.531,-1.3956
323.565,-1.3852
323.598,-1.2761
323.631,-1.3685
323.966,-1.3693
323.998,-1.2301
324.031,-1.2631
324.064,-1.1715
324.098,-1.1719
324.131,-1.2425
324.165,-1.4507
324.198,-1.6676
324.5,-1.9008
324.521,-1.979
324.565,-1.9309
324.598,-1.9292
324.631,-1.819
324.665,-1.7628
324.698,-1.6539
324.732,-1.701
324.764,-1.6056
325.067,-1.5069
325.098,-1.2112
325.131,-0.9936
325.165,-0.9475
325.197,-0.8456
325.231,-0.8115
325.264,-0.8974
325.298,-0.9731
325.331,-0.9727
325.364,-0.9737
325.598,-0.9841
325.631,-1.1854
325.665,-1.403
325.703,-1.4333
325.72,-1.5196
325.765,-1.4672
325.798,-1.4365
325.831,-1.345
325.865,-1.3297
325.898,-1.2298
326.166,-1.133
326.199,-1.0404
326.231,-0.8229
326.265,-0.9176
326.302,-0.8715
326.32,-0.9575
326.365,-0.9879
326.398,-1.1897
326.431,-1.267
326.465,-1.3621
326.733,-1.4589
326.764,-1.4103
326.798,-1.4703
326.831,-1.5012
326.865,-1.5946
326.898,-1.7038
326.931,-1.6582
326.965,-1.5184
326.998,-1.4406
327.3,-1.4321
327.331,-1.4213
327.364,-1.3609
327.398,-1.3311
327.432,-1.1924
327.464,-1.1448
327.498,-1.1129
327.531,-1.3138
327.565,-1.4633
327.598,-1.4614
327.833,-1.4719
327.864,-1.4856
327.898,-1.6091
327.932,-1.6551
327.964,-1.6527
327.998,-1.6696
328.031,-1.5771
328.065,-1.4228
328.098,-1.3044
328.131,-1.2226
328.4,-1.1407
328.431,-1.1147
328.465,-1.1315
328.498,-1.1176
328.531,-1.1806
328.565,-1.1956
328.598,-1.2728
328.631,-1.4271
328.665,-1.4526
328.698,-1.5492
328.933,-1.6173
328.965,-1.6283
328.998,-1.6901
329.031,-1.7673
329.078,-1.7509
329.097,-1.7666
329.131,-1.7361
329.165,-1.5815
329.187,-1.5867
329.232,-1.5043
329.533,-1.4788
329.564,-1.4801
329.598,-1.3398
329.632,-1.2777
329.665,-1.2937
329.698,-1.3715
329.731,-1.4335
329.765,-1.5098
329.798,-1.5101
329.831,-1.5949
330.066,-1.6367
330.098,-1.714
330.132,-1.7607
330.165,-1.7913
330.198,-1.7753
330.231,-1.6818
330.265,-1.6046
330.298,-1.5283
330.331,-1.4438
330.365,-1.3446
330.633,-1.2466
330.666,-1.1693
330.698,-1.1229
330.731,-1.0772
330.764,-1.0936
330.798,-1.0936
330.831,-1.218
330.865,-1.2794
330.899,-1.4403
330.931,-1.54
331.167,-1.6208
331.198,-1.6345
331.231,-1.6801
331.265,-1.7419
331.298,-1.7252
331.331,-1.7405
331.365,-1.6317
331.415,-1.6637
331.434,-1.5254
331.452,-1.4401
331.733,-1.3591
331.764,-1.2744
331.798,-1.2137
331.831,-1.1516
331.865,-1.137
331.898,-1.1374
331.931,-1.1527
331.965,-1.1206
331.998,-1.2596
332.031,-1.3289
332.3,-1.4251
332.332,-1.5619
332.365,-1.701
332.398,-1.7465
332.431,-1.7615
332.465,-1.8085
332.498,-1.7462
332.532,-1.6845
332.565,-1.536
332.598,-1.4518
332.866,-1.3547
332.898,-1.289
332.932,-1.1651
332.964,-1.2133
332.998,-1.2296
333.031,-1.12
333.065,-1.2752
333.098,-1.4147
333.132,-1.5305
333.165,-1.6311
333.433,-1.7315
333.456,-1.8083
333.498,-1.8065
333.531,-1.8369
333.565,-1.8362
333.598,-1.8053
333.632,-1.635
333.665,-1.5425
333.698,-1.4133
333.999,-1.3263
334.02,-1.3116
334.064,-1.2658
334.098,-1.2205
334.131,-1.2056
334.165,-1.1584
334.198,-1.2044
334.231,-1.3895
334.265,-1.4024
334.533,-1.4851
334.564,-1.6356
334.598,-1.7123
334.631,-1.7427
334.665,-1.7729
334.698,-1.6164
334.731,-1.7258
334.769,-1.804
334.788,-1.6559
334.832,-1.5734
335.1,-1.5057
335.131,-1.4271
335.165,-1.2411
335.198,-1.0857
335.231,-1.0557
335.265,-1.1022
335.298,-0.993
335.331,-0.9299
335.365,-1.0021
335.398,-1.085
335.666,-1.1666
335.689,-1.2598
335.732,-1.3207
335.764,-1.4915
335.783,-1.5069
335.832,-1.4915
335.865,-1.5858
335.883,-1.6493
336.266,-1.6648
336.29,-1.6988
336.332,-1.6718
336.364,-1.6409
336.398,-1.7511
336.431,-1.6571
336.464,-1.828
336.805,-2.0001
336.828,-2.0625
336.849,-2.0313
336.898,-1.9997
336.931,-2.0146
336.964,-1.9838
336.998,-1.9366
337.366,-1.9095
337.386,-1.9577
337.431,-1.9124
337.464,-1.7881
337.497,-1.7571
337.531,-1.7729
337.564,-1.8822
337.934,-1.9918
337.957,-2.1321
337.998,-2.2258
338.031,-2.2529
338.064,-2.2993
338.098,-2.36
338.135,-2.4833
338.502,-2.5149
338.525,-2.5781
338.565,-2.4695
338.598,-2.2979
338.635,-2.1883
338.653,-2.1419
339.067,-2.1728
339.091,-2.1728
339.131,-2.1425
339.164,-2.1271
339.198,-2.0796
339.231,-2.11
339.601,-2.2198
339.624,-2.1524
339.665,-2.0281
339.698,-1.8701
339.731,-1.6663
339.748,-1.4926
339.798,-1.3615
340.168,-1.4457
340.192,-1.539
340.231,-1.5855
340.265,-1.6299
340.298,-1.8063
340.331,-2.0394
340.348,-2.2297
340.733,-2.4354
340.757,-2.6434
340.78,-2.759
340.832,-2.6605
340.868,-2.5986
340.886,-2.5367
341.301,-2.5537
341.326,-2.5537
341.349,-2.5994
341.398,-2.5512
341.431,-2.5641
341.449,-2.5472
341.834,-2.5857
341.858,-2.5542
341.898,-2.445
341.931,-2.319
341.965,-2.2249
341.998,-2.2094
342.014,-2.2256
342.435,-2.3189
342.459,-2.3035
342.482,-2.348
342.532,-2.2221
342.548,-2.1507
342.968,-2.1275
342.991,-2.1441
343.014,-2.0744
343.064,-2.0011
343.08,-1.8426
343.131,-1.7801
343.535,-1.8442
343.559,-1.7829
343.582,-1.8078
343.632,-1.9874
343.673,-2.0023
343.69,-2.1298
344.099,-2.1851
344.124,-2.2114
344.147,-2.2777
344.197,-2.1968
344.214,-2.1173
344.264,-2.1203
344.281,-2.1447
344.668,-2.0822
344.691,-2.1997
344.714,-2.1656
344.765,-2.1795
344.782,-2.1949
345.167,-2.0889
345.195,-2.104
345.218,-2.0117
345.264,-1.9767
345.298,-1.9514
345.331,-1.936
345.364,-1.8577
345.381,-1.8355
345.432,-1.7995
345.448,-1.7773
345.766,-1.897
345.79,-1.9005
345.814,-1.9304
345.865,-1.8821
345.881,-1.9291
345.932,-1.8978
345.949,-1.8414
345.998,-1.7427
346.265,-1.6737
346.283,-1.6532
346.332,-1.6075
346.364,-1.6395
346.381,-1.6024
346.415,-1.5854
346.465,-1.6161
346.484,-1.6445
346.531,-1.7415
346.548,-1.8446
346.799,-1.9136
346.821,-1.9501
346.847,-1.9798
346.899,-1.9781
346.915,-2.0615
346.964,-2.0583
346.981,-2.0116
347.032,-1.9828
347.049,-1.9008
347.098,-1.813
347.403,-1.7453
347.422,-1.6446
347.447,-1.6149
347.498,-1.6007
347.514,-1.5198
347.565,-1.6038
347.582,-1.6323
347.631,-1.6203
347.648,-1.6873
347.699,-1.7584
347.9,-1.8276
347.92,-1.9149
347.947,-1.9481
347.998,-1.9778
348.015,-2.0588
348.065,-2.0582
348.082,-2.0297
348.131,-2.0417
348.15,-2.0307
348.198,-1.9626
348.216,-1.8785
348.466,-1.7817
348.488,-1.6764
348.514,-1.564
348.565,-1.5183
348.582,-1.4392
348.631,-1.4551
348.648,-1.4029
348.699,-1.4493
348.716,-1.4377
348.765,-1.5155
348.783,-1.617
349.032,-1.6885
349.053,-1.7581
349.084,-1.7776
349.114,-1.7928
349.165,-1.7239
349.182,-1.7757
349.231,-1.6817
349.25,-1.6799
349.281,-1.6653
349.332,-1.5947
349.349,-1.5096
349.566,-1.4388
349.585,-1.3365
349.614,-1.3148
349.665,-1.337
349.682,-1.2596
349.731,-1.3235
349.749,-1.4081
349.781,-1.4328
349.831,-1.5332
349.848,-1.6251
349.898,-1.7139
349.916,-1.8007
350.166,-1.846
350.186,-1.8838
350.214,-1.9846
350.265,-2.0142
350.283,-2.0138
350.332,-2.0128
350.349,-1.9658
350.398,-1.922
350.416,-1.834
350.465,-1.7606
350.482,-1.6572
350.7,-1.5541
350.72,-1.4498
350.752,-1.3389
350.781,-1.3087
350.832,-1.2942
350.849,-1.31
350.881,-1.3626
350.932,-1.4752
350.949,-1.5904
350.998,-1.7115
351.015,-1.7951
351.266,-1.8645
351.29,-1.9376
351.314,-1.9463
351.365,-1.9914
351.383,-2.0062
351.432,-1.9899
351.449,-1.9434
351.481,-1.8758
351.532,-1.8325
351.549,-1.7639
351.598,-1.6783
351.8,-1.5899
351.818,-1.5163
351.848,-1.4066
351.898,-1.3595
351.916,-1.345
351.948,-1.3459
351.981,-1.3976
352.014,-1.4328
352.065,-1.5261
352.082,-1.6504
352.114,-1.7412
352.165,-1.8325
352.4,-1.9207
352.421,-1.977
352.447,-2.0016
352.499,-2.0132
352.518,-2.0126
352.548,-2.0117
352.599,-1.9039
352.616,-1.8419
352.665,-1.7679
352.683,-1.6747
352.731,-1.554
352.933,-1.4336
352.957,-1.3449
352.981,-1.2843
353.032,-1.255
353.05,-1.1768
353.098,-1.2728
353.116,-1.2593
353.148,-1.3535
353.181,-1.4773
353.215,-1.5875
353.265,-1.6809
353.499,-1.7561
353.52,-1.8012
353.552,-1.7946
353.581,-1.8882
353.631,-1.8388
353.648,-1.823
353.698,-1.7924
353.716,-1.6698
353.765,-1.5155
353.783,-1.424
353.815,-1.3295
354.066,-1.2559
354.088,-1.1973
354.114,-1.1522
354.148,-1.1858
354.181,-1.2506
354.231,-1.2005
354.251,-1.3121
354.281,-1.4631
354.332,-1.5425
354.349,-1.6255
354.381,-1.7128
354.6,-1.7709
354.62,-1.781
354.647,-1.7721
354.698,-1.751
354.716,-1.7864
354.748,-1.7223
354.799,-1.7271
354.816,-1.7262
354.864,-1.6919
354.883,-1.617
354.916,-1.5437
354.946,-1.4505
355.166,-1.3789
355.186,-1.3042
355.215,-1.2543
355.248,-1.2863
355.299,-1.2868
355.32,-1.2394
355.348,-1.3045
355.399,-1.3813
355.418,-1.4541
355.448,-1.5495
355.482,-1.6242
355.733,-1.6905
355.754,-1.7446
355.781,-1.7371
355.831,-1.7458
355.849,-1.8051
355.899,-1.717
355.92,-1.6644
355.948,-1.652
355.982,-1.6028
356.015,-1.528
356.065,-1.4435
356.3,-1.3705
356.323,-1.2984
356.35,-1.2105
356.381,-1.1796
356.431,-1.2519
356.449,-1.3078
356.481,-1.2863
356.531,-1.332
356.549,-1.4072
356.581,-1.5001
356.614,-1.5922
356.866,-1.6661
356.887,-1.7199
356.914,-1.7088
356.948,-1.6643
356.982,-1.6016
357.031,-1.5948
357.048,-1.5997
357.098,-1.5655
357.116,-1.4886
357.148,-1.3987
357.4,-1.3071
357.421,-1.2355
357.448,-1.1986
357.481,-1.1189
357.532,-1.1469
357.549,-1.2091
357.582,-1.2065
357.632,-1.1793
357.649,-1.2692
357.698,-1.3443
357.716,-1.4187
357.966,-1.473
357.989,-1.5151
358.014,-1.601
358.07,-1.5538
358.089,-1.5199
358.121,-1.5164
358.151,-1.5317
358.181,-1.4286
358.232,-1.3535
358.254,-1.2963
358.281,-1.226
358.533,-1.1386
358.553,-1.0805
358.581,-1.0649
358.631,-0.974
358.648,-0.8854
358.699,-0.8835
358.716,-0.8989
358.748,-0.8984
358.799,-0.8954
358.815,-0.9666
359.101,-1.0524
359.128,-1.1076
359.146,-1.1508
359.181,-1.2248
359.232,-1.268
359.251,-1.2677
359.281,-1.2657
359.331,-1.279
359.348,-1.2805
359.399,-1.2081
359.666,-1.1531
359.687,-1.0969
359.714,-0.9956
359.765,-0.9646
359.783,-0.958
359.815,-0.9006
359.848,-0.9157
359.881,-0.9466
359.914,-1.0057
359.965,-1.0777
360.2,-1.1319
360.22,-1.1873
360.247,-1.3039
360.298,-1.3324
360.316,-1.3782
360.348,-1.4629
360.382,-1.4626
360.415,-1.4302
360.448,-1.3699
360.482,-1.2985
360.766,-1.2267
360.784,-1.1702
360.814,-1.1246
360.848,-1.1068
360.881,-1.0954
360.915,-1.1093
360.948,-1.1388
360.982,-1.1985
361.032,-1.2556
361.051,-1.3258
361.333,-1.3969
361.362,-1.4533
361.38,-1.5266
361.414,-1.4702
361.468,-1.4682
361.485,-1.4559
361.514,-1.4103
361.548,-1.3511
361.581,-1.2938
361.632,-1.2219
361.905,-1.1668
361.927,-1.1111
361.944,-1.0378
361.981,-1.1117
362.015,-1.1145
362.047,-1.0986
362.098,-1.1439
362.115,-1.1741
362.148,-1.2311
362.467,-1.3022
362.488,-1.3601
362.514,-1.413
362.548,-1.4718
362.581,-1.4847
362.615,-1.4372
362.648,-1.3366
362.681,-1.2911
362.715,-1.2304
362.748,-1.158
363.0,-1.0873
363.02,-1.0132
363.047,-0.9736
363.081,-0.93
363.114,-0.8872
363.148,-0.8471
363.181,-0.9484
363.219,-0.988
363.248,-1.0615
363.282,-1.1324
363.6,-1.2018
363.626,-1.2715
363.659,-1.3123
363.688,-1.2988
363.714,-1.2953
363.748,-1.3361
363.785,-1.2204
363.814,-1.163
363.848,-1.0893
364.133,-1.0178
364.161,-0.9636
364.179,-0.8524
364.214,-0.8093
364.248,-0.8651
364.282,-0.8237
364.314,-0.8518
364.348,-0.9795
364.382,-1.0524
364.733,-1.1213
364.755,-1.1633
364.781,-1.1343
364.814,-1.2767
364.848,-1.2764
364.881,-1.1467
364.915,-1.1754
364.948,-1.118
365.233,-1.0455
365.256,-0.989
365.28,-0.936
365.315,-0.9232
365.348,-0.9675
365.381,-0.968
365.414,-0.9264
365.448,-1.0238
365.481,-1.0803
365.514,-1.1522
365.866,-1.2076
365.89,-1.2496
365.914,-1.3253
365.948,-1.3241
365.981,-1.3224
366.015,-1.2503
366.048,-1.263
366.081,-1.2069
366.367,-1.1346
366.389,-1.0787
366.414,-1.053
366.448,-1.0246
366.481,-0.9782
366.514,-1.0228
366.548,-1.0514
366.581,-1.0803
366.615,-1.1527
366.966,-1.2224
366.989,-1.2935
367.014,-1.378
367.048,-1.3768
367.081,-1.3762
367.115,-1.3605
367.148,-1.3022
367.181,-1.2444
367.466,-1.186
367.49,-1.1314
367.514,-1.0788
367.548,-1.0511
367.581,-0.9969
367.618,-1.0288
367.647,-1.0611
367.681,-1.1026
367.715,-1.1621
368.033,-1.2332
368.058,-1.3071
368.081,-1.3649
368.115,-1.4047
368.147,-1.4216
368.182,-1.4223
368.214,-1.4056
368.248,-1.3606
368.281,-1.306
368.315,-1.2315
368.6,-1.1768
368.621,-1.1191
368.647,-1.0747
368.681,-1.0502
368.714,-1.0513
368.748,-1.0636
368.781,-1.095
368.814,-1.1545
368.848,-1.211
369.166,-1.2844
369.189,-1.3415
369.214,-1.3845
369.248,-1.4268
369.281,-1.4686
369.314,-1.4532
369.348,-1.4097
369.381,-1.351
369.414,-1.2921
369.701,-1.2196
369.725,-1.1633
369.756,-1.1059
369.792,-1.0759
369.809,-1.0359
369.848,-1.0212
369.881,-1.0341
369.914,-1.0931
369.948,-1.1498
369.981,-1.2063
370.266,-1.2788
370.287,-1.3371
370.314,-1.396
370.348,-1.3557
370.381,-1.356
370.414,-1.3295
370.448,-1.2455
370.481,-1.1893
370.515,-1.1336
370.548,-1.0612
370.833,-1.0064
370.856,-0.9486
370.881,-0.9044
370.914,-0.9482
370.948,-0.977
370.981,-1.0046
371.014,-1.0915
371.048,-1.1493
371.081,-1.2054
371.367,-1.2783
371.386,-1.3343
371.414,-1.3773
371.448,-1.4085
371.481,-1.3922
371.515,-1.362
371.548,-1.3195
371.581,-1.2885
371.615,-1.2295
371.648,-1.159
371.933,-1.0861
371.956,-1.0298
371.981,-1.0023
372.015,-0.9749
372.048,-0.9917
372.081,-0.9943
372.114,-1.0404
372.148,-1.0732
372.189,-1.1318
372.5,-1.204
372.523,-1.2797
372.548,-1.3256
372.581,-1.3568
372.615,-1.3697
372.648,-1.3705
372.682,-1.3705
372.715,-1.3393
372.748,-1.2939
372.782,-1.2186
373.066,-1.1612
373.089,-1.1177
373.114,-1.0885
373.148,-1.0878
373.181,-1.1016
373.214,-1.1466
373.248,-1.175
373.281,-1.2182
373.315,-1.275
373.633,-1.3507
373.654,-1.4106
373.681,-1.4432
373.715,-1.5037
373.748,-1.4896
373.781,-1.4635
373.815,-1.4197
373.848,-1.3758
373.881,-1.3196
374.15,-1.2446
374.181,-1.202
374.215,-1.16
374.248,-1.13
374.281,-1.0479
374.315,-1.0649
374.348,-1.095
374.381,-1.138
374.415,-1.1969
374.448,-1.252
374.733,-1.3277
374.754,-1.3862
374.781,-1.4441
374.814,-1.4738
374.848,-1.5514
374.881,-1.5644
374.915,-1.495
374.948,-1.4485
374.981,-1.3866
375.015,-1.3278
375.266,-1.2867
375.287,-1.2146
375.314,-1.1546
375.348,-1.1408
375.381,-1.1158
375.414,-1.0856
375.448,-1.1086
375.481,-1.1425
375.514,-1.206
375.548,-1.2664
375.581,-1.3211
375.833,-1.3928
375.856,-1.4371
375.881,-1.4658
375.919,-1.4812
375.948,-1.5021
375.981,-1.5478
376.015,-1.5478
376.048,-1.5227
376.081,-1.4658
376.114,-1.3963
376.383,-1.3397
376.414,-1.2817
376.453,-1.2352
376.481,-1.2235
376.514,-1.2191
376.548,-1.2235
376.581,-1.2574
376.615,-1.2844
376.648,-1.3442
376.681,-1.4158
376.949,-1.4586
376.981,-1.5191
377.014,-1.5676
377.048,-1.5684
377.081,-1.5706
377.115,-1.5698
377.148,-1.5226
377.181,-1.4936
377.214,-1.45
377.248,-1.394
377.533,-1.3518
377.554,-1.3213
377.581,-1.3062
377.615,-1.3029
377.648,-1.3165
377.681,-1.3289
377.715,-1.373
377.748,-1.402
377.781,-1.4617
378.051,-1.5182
378.082,-1.5777
378.114,-1.6086
378.148,-1.6391
378.186,-1.6679
378.215,-1.6529
378.263,-1.6394
378.281,-1.5937
378.315,-1.563
378.348,-1.5039
378.616,-1.448
378.649,-1.4033
378.682,-1.3721
378.714,-1.3409
378.748,-1.3118
378.783,-1.3263
378.814,-1.3535
378.848,-1.383
378.882,-1.4124
378.919,-1.4676
379.2,-1.5252
379.222,-1.5546
379.247,-1.5959
379.282,-1.6241
379.315,-1.6375
379.348,-1.6211
379.381,-1.5911
379.415,-1.5454
379.448,-1.5002
379.733,-1.4442
379.755,-1.3854
379.781,-1.3557
379.814,-1.3291
379.848,-1.2999
379.882,-1.285
379.915,-1.3141
379.948,-1.3433
379.981,-1.3869
380.015,-1.4444
380.305,-1.5009
380.326,-1.5744
380.342,-1.6295
380.381,-1.6725
380.415,-1.6858
380.448,-1.6858
380.481,-1.6698
380.514,-1.6392
380.548,-1.6097
380.581,-1.5499
380.849,-1.4915
380.881,-1.4314
380.914,-1.389
380.948,-1.3738
380.981,-1.3591
381.014,-1.3716
381.115,-1.264
381.148,-1.3066
