t,s1,s2
0.0,-0.0,-0.0
0.02,-0.0,-0.0
0.04,-0.0,-0.0
0.06,-0.0,-0.0
0.08,-0.0,-0.0
0.1,-0.0,-0.0
0.12,-0.0,-0.0
0.14,-0.0,-0.0
0.16,-0.0,-0.0
0.18,-0.0,-0.0
0.2,-0.0,-0.0
0.22,-0.0,-0.0
0.24,-0.0,-0.0
0.26,-0.0,-0.0
0.28,-0.0,-0.0
0.3,-0.0,-0.0
0.32,-0.0,-0.0
0.34,-0.0,-0.0
0.36,-0.0,-0.0
0.38,-0.0,-0.0
0.4,-0.0,-0.0
0.42,-0.0,-0.0
0.44,-0.0,-0.0
0.46,-0.0,-0.0
0.48,-0.0,-0.0
0.5,-0.0,-0.0
0.52,-0.0,-0.0
0.54,-0.0,-0.0
0.56,-0.0,-0.0
0.58,-0.0,-0.0
0.6,-0.0,-0.0
0.62,-0.0,-0.0
0.64,-0.0,-0.0
0.66,-0.0,-0.0
0.68,-0.0,-0.0
0.7000000000000001,-0.0,-0.0
0.72,-0.0,-0.0
0.74,-0.0,-0.0
0.76,-0.0,-0.0
0.78,-0.0,-0.0
0.8,-0.0,-0.0
0.82,-0.0,-0.0
0.8399999999999999,-0.0,-0.0
0.86,-0.0,-0.0
0.88,-0.0,-0.0
0.9,-0.0,-0.0
0.92,-0.0,-0.0
0.94,-0.0,-0.0
0.96,-0.0,-0.0
0.98,-0.0,-0.0
1.0,-0.0,-0.0
1.02,-0.0,-0.0
1.04,-0.0,-0.0
1.06,-0.0,-0.0
1.08,-0.0,-0.0
1.1,-0.0,-0.0
1.12,-0.0,-0.0
1.14,-0.0,-0.0
1.16,-0.0,-0.0
1.18,-0.0,-0.0
1.2,-0.0,-0.0
1.22,-0.0,-0.0
1.24,-0.0,-0.0
1.26,-0.0,-0.0
1.28,-0.0,-0.0
1.3,-0.0,-0.0
1.32,-0.0,-0.0
1.34,-0.0,-0.0
1.36,-0.0,-0.0
1.38,-0.0,-0.0
1.4,-0.0,-0.0
1.42,-0.0,-0.0
1.44,-0.0,-0.0
1.46,-0.0,-0.0
1.48,-0.0,-0.0
1.5,-0.0,-0.0
1.52,-0.0,-0.0
1.54,-0.0,-0.0
1.56,-0.0,-0.0
1.58,-0.0,-0.0
1.6,-0.0,-0.0
1.62,-0.0,-0.0
1.64,-0.0,-0.0
1.66,-0.0,-0.0
1.68,-0.0,-0.0
1.7,-0.0,-0.0
1.72,-0.0,-0.0
1.74,-0.0,-0.0
1.76,-0.0,-0.0
1.78,-0.0,-0.0
1.8,-0.0,-0.0
1.82,-0.0,-0.0
1.84,-0.0,-0.0
1.86,-0.0,-0.0
1.88,-0.0,-0.0
1.9,-0.0,-0.0
1.92,-0.0,-0.0
1.94,-0.0,-0.0
1.96,-0.0,-0.0
1.98,-0.0,-0.0
2.0,-0.0,-0.0
2.02,-0.0,-0.0
2.04,-0.0,-0.0
2.06,-0.0,-0.618331515216548
2.08,-0.0,-1.4120880956300568
2.1,-0.0,-2.9463066512363048
2.12,-0.0,-4.650684818287729
2.14,-0.2948212320786325,-6.355760783059782
2.16,-0.2948212320786325,-8.211236926820886
2.18,-0.5875826945934357,-10.1056028857468
2.2,-0.8823363410391619,-12.398664887860807
2.22,-1.174980677476018,-15.12759260058964
2.24,-1.478652254915442,-18.218162176564277
2.26,-1.7736229761660176,-21.60305186091708
2.28,-1.7620706429355424,-25.219317700595106
2.3,-1.7620706429355424,-29.537780082517543
2.32,-1.7736229761660176,-34.36014500241045
2.34,-1.478652254915442,-40.26081920286102
2.36,-1.478652254915442,-46.61016589065952
2.38,-1.478652254915442,-52.383620308755056
2.4,-1.7620706429355424,-57.95703293085835
2.42,-2.952380242030185,-62.35042643041766
2.44,-4.126710620785276,-66.90882322123907
2.46,-5.299106022055767,-70.95210854634145
2.48,-6.210352374498681,-75.62458078748003
2.5,-6.795781859844352,-80.11159170441346
2.52,-7.670002402435877,-84.39102779796289
2.54,-8.587841665401635,-88.15409155955075
2.56,-9.170158730189373,-91.79296983321517
2.58,-10.090255980771888,-96.13437059667261
2.6,-10.95960808707864,-101.27792856259389
2.62,-11.884082183022617,-105.99093916299812
2.64,-13.098776872511433,-110.77428850279132
2.66,-14.3154024718727,-115.41074112124336
2.68,-15.811803991387727,-120.31385159528186
2.7,-17.305661462541767,-125.58615052039536
2.72,-19.16288784764305,-130.76188523104037
2.74,-21.396852874913215,-135.21792440079298
2.76,-23.639425384029497,-139.98989466877867
2.78,-25.875582243205045,-144.31745467925742
2.8,-28.246619804563,-148.0062627141303
2.82,-30.46799596215476,-151.6143495190273
2.84,-32.585271023408204,-154.98112782109473
2.86,-35.1079493274729,-158.96434625690003
2.88,-37.63266491093376,-162.65106325312004
2.9,-40.339847218459056,-166.7560650606034
2.92,-43.04666793871608,-170.27187865692372
2.94,-45.537614251110384,-173.93197970264575
2.96,-47.831034040909714,-177.07381620679567
2.98,-50.31647595685138,-179.70751585431327
3.0,-52.83776703904217,-183.33018118899608
3.02,-55.77232101727886,-186.714449569746
3.04,-59.1966003145203,-189.3051014653544
3.06,-62.224710893874125,-192.05308078953644
3.08,-65.50887483808107,-194.11050639113327
3.1,-68.66967148945955,-196.25144076468757
3.12,-72.10870356722094,-197.94925605466423
3.14,-75.45691015130998,-199.56772251605489
3.16,-79.08680193351918,-200.95342728108
3.18,-82.65438926035709,-201.7423076376029
3.2,-86.18566778479583,-202.5671028455997
3.22,-89.70718251488134,-202.66262466515377
3.24,-93.22869724496688,-202.9734042995777
3.26,-97.04863868899743,-203.24915498320735
3.28,-100.61354603372727,-203.3955835203924
3.3,-104.24076181328616,-202.86597214326127
3.32,-107.863726930767,-202.3700044681331
3.34,-111.67141578372792,-201.998435092085
3.36,-115.48522180975375,-201.06678680856487
3.38,-119.16085524180228,-200.49062768571315
3.4,-123.23255012798572,-199.35102667917252
3.42,-126.98933483894449,-198.5187891942905
3.44,-130.97565580597816,-197.02079941237193
3.46,-134.91352778560787,-195.85329099898527
3.48,-138.84983181468485,-193.9672955341861
3.5,-142.83640077537487,-191.91826478502168
3.52,-147.07749753559105,-190.1202085497848
3.54,-151.3070363044669,-187.82580134368155
3.56,-155.7749396457332,-185.01812345464504
3.58,-160.52692522076853,-182.12232740697715
3.6,-165.17185169685183,-179.1628831280265
3.62,-169.37742369882892,-176.62980639584643
3.64,-173.52683565472094,-174.3911715277785
3.66,-176.7714578227387,-172.79458107410397
3.68,-179.11954379768412,-172.1676698723106
3.7,-180.58959032508605,-172.85306276294583
3.72,-181.46960438947008,-174.11243148153383
3.74,-181.46960438947008,-174.92856451347373
3.76,-181.46960438947008,-176.6088518454504
3.78,-181.17698577565716,-178.1111927715433
3.8,-181.174980677476,-179.2610894719207
3.82,-180.88233634103915,-179.62667033548598
3.84,-180.88233634103915,-180.86104186633517
3.86,-180.88233634103915,-181.2711487927652
3.88,-181.174980677476,-181.33458295230628
3.9,-181.17698577565716,-181.479890136606
3.92,-181.46960438947008,-181.61992649671967
3.94,-181.46960438947008,-181.8890199773639
3.96,-181.76207064293553,-181.8890199773639
3.98,-181.76407194929865,-182.02343039408527
4.0,-182.05650223647447,-182.170309493415
4.02,-182.05650223647447,-182.170309493415
4.04,-182.34872967262825,-182.45143922248093
4.06,-182.34872967262825,-182.79742914336956
4.08,-182.35072593561293,-182.45885610357703
4.1,-182.642907207024,-182.84798955799403
4.12,-182.642907207024,-182.7987956940974
4.14,-182.642907207024,-182.66073493124927
4.16,-182.65796162388767,-182.66073493124927
4.18,-182.642907207024,-182.7987956940974
4.2,-182.642907207024,-182.9463066512363
4.22,-182.642907207024,-182.9450316568632
4.24,-182.642907207024,-182.84798955799403
4.26,-182.642907207024,-182.9450316568632
4.28,-182.642907207024,-182.8097673108642
4.3,-182.642907207024,-182.55842126706975
4.32,-182.35072593561293,-182.65846842628997
4.34,-182.34872967262825,-182.56573549836443
4.36,-182.34872967262825,-182.56108367599364
4.38,-182.05650223647447,-182.55536791623712
4.4,-182.05650223647447,-182.5489407746711
4.42,-181.76407194929865,-182.56108367599364
4.44,-181.76407194929865,-182.65846842628997
4.46,-181.76407194929865,-182.4135527391987
4.48,-181.76407194929865,-182.170309493415
4.5,-181.76407194929865,-182.170309493415
4.52,-181.76407194929865,-182.3113842282502
4.54,-181.76407194929865,-182.170309493415
4.56,-181.76207064293553,-182.170309493415
4.58,-181.76207064293553,-182.170309493415
4.6000000000000005,-181.46960438947008,-182.3095235593647
4.62,-181.46960438947008,-182.4245193923632
4.64,-181.46960438947008,-182.56108367599364
4.66,-181.76207064293553,-182.95979260295704
4.68,-181.76207064293553,-183.19991371965048
4.7,-181.76407194929865,-183.4617790190802
4.72,-182.05650223647447,-184.0865440603802
4.74,-182.05650223647447,-184.51956209020943
4.76,-182.34872967262825,-185.00913469271967
4.78,-182.642907207024,-185.66722866712627
4.8,-182.642907207024,-186.56390166381536
4.82,-182.93682536794333,-187.52985704761028
4.84,-183.22869724496687,-188.57677082794376
4.86,-183.5222485754102,-190.26729075455387
4.88,-183.8137510641004,-191.88606507167935
4.9,-184.12839439576376,-194.10315099748172
4.92,-184.42193703358632,-196.79669443938047
4.94,-184.71506682397165,-200.05652910707337
4.96,-185.00810903140703,-203.8983523836848
4.98,-185.30068844777009,-208.8831938420896
5.0,-185.30068844777009,-214.61139271195248
5.02,-185.5931703479096,-221.82760303390447
5.04,-185.88514008832456,-230.22113353737447
5.06,-186.17700250005447,-239.86637506279783
5.08,-187.086843613206,-251.44958230541212
5.1000000000000005,-188.25150586419855,-264.14413661977744
5.12,-190.0381104335561,-278.7151865838927
5.14,-193.31691441069353,-295.057744147351
5.16,-197.9552975073932,-313.280675932572
5.18,-204.56476214895648,-333.4570124148522
5.2,-212.98934821157223,-355.8653414809243
5.22,-224.08266734762384,-379.41006513025866
5.24,-236.9182708074448,-403.0248473725128
5.26,-251.64550816167508,-427.6516001522208
5.28,-267.9355874454308,-451.8877446784314
5.3,-285.8963887719083,-477.63800200997474
5.32,-305.2786696373879,-505.51050650942864
5.34,-325.19676745446094,-536.6958612125833
5.36,-344.8127066390444,-572.9323857867288
5.38,-360.8823363410392,-614.3281589521873
5.4,-370.6696359717612,-659.3931338474005
5.42,-371.88408218302266,-712.2751440225245
5.44,-368.5878416654016,-770.8599683938658
5.46,-372.4581353074069,-819.9460943251061
5.48,-384.29664067343634,-864.5714739479558
5.5,-400.7553438453174,-906.186325848275
5.52,-419.60082073081173,-945.8149666765347
5.54,-438.5113113937648,-984.1918689751718
5.56,-454.6886201851137,-1022.3646322702988
5.58,-466.9392862174725,-1058.9495167081664
5.6000000000000005,-473.90815410603994,-1092.989612267919
5.62,-475.4852218097537,-1125.5078256439976
5.64,-471.9414037160521,-1159.7071866483648
5.66,-463.60036225979434,-1197.4935702592359
5.68,-455.5632969975524,-1233.3250256277613
5.7,-449.99753199316007,-1265.3970430456775
5.72,-446.18566778479584,-1297.1544887093796
5.74,-444.43319538971673,-1331.4530492520853
5.76,-442.65438926035694,-1367.9289464054384
5.78,-437.01876076980824,-1400.7772528573498
5.8,-426.277041171352,-1433.7535078111769
5.82,-409.4875717777308,-1474.756245300507
5.84,-389.16257164936167,-1520.5910761870532
5.86,-373.3864569705677,-1554.0649755197803
5.88,-360.2948212320786,-1580.8455632563312
5.9,-348.45475694268407,-1603.9546867859315
5.92,-336.9730596025408,-1627.9270312106255
5.94,-325.44185811463126,-1653.237856539888
5.96,-312.199391994653,-1682.8627736297994
5.98,-296.00819971070024,-1721.5287891795858
6.0,-278.9270764380527,-1764.5521647937176
6.02,-267.9357127748473,-1799.1942808212402
6.04,-262.61858316991834,-1831.686608385428
6.06,-262.61858316991834,-1867.2518311728484
6.08,-265.87357337883145,-1906.95647626261
6.1000000000000005,-268.5320286887235,-1943.548864322264
6.12,-268.5320286887235,-1976.3413286045347
6.140000000000001,-266.16762334633137,-2008.9444668067272
6.16,-261.40945796819733,-2044.967728670888
6.18,-256.60168951602515,-2082.916908272464
6.2,-255.7431809318402,-2117.4240151618737
6.22,-259.9549255864784,-2149.3955800740623
6.24,-269.41436502976273,-2179.5812276384413
6.26,-283.38645697056774,-2207.7600001224328
6.28,-300.1131608782273,-2232.102141090673
6.3,-318.6888862960821,-2249.6930782884006
6.32,-337.0876623610865,-2258.0208596927196
6.34,-355.57959081236964,-2255.312186876803
6.36,-373.95473068744593,-2241.710298974432
6.38,-394.0497044165365,-2215.9123783332184
6.4,-415.53166386184046,-2183.005042817456
6.42,-433.0357765170584,-2159.0665393497875
6.44,-447.36971484317354,-2143.1925651264382
6.46,-459.11898474458656,-2131.821230124496
6.48,-469.71496693737873,-2122.803605429996
6.5,-478.76125923871274,-2114.5283423187116
6.52,-486.8094961183817,-2106.2384885586553
6.54,-493.25908596198286,-2097.3244464309164
6.56,-498.65902118444546,-2089.2969625761366
6.58,-503.2477315655748,-2081.2098672943525
6.6000000000000005,-507.236413188691,-2074.261026031684
6.62,-510.90882918169257,-2068.0407539947255
6.640000000000001,-513.9288202917672,-2063.6867693906133
6.66,-516.1614492145836,-2061.1530440398205
6.68,-518.3934446140897,-2060.050808582432
6.7,-519.5992506728845,-2060.7375958727243
6.72,-520.9006001940537,-2063.4077552937238
6.74,-521.4574491213002,-2067.8536053207217
6.76,-521.8273170746454,-2074.295731002588
6.78,-522.1082204467201,-2082.5526537801097
6.8,-522.3882440833667,-2093.1883764418185
6.82,-522.7561178170455,-2105.7259803130746
6.84,-523.5997800350955,-2120.499005506967
6.86,-524.5297099877017,-2136.3472447885815
6.88,-525.45691015131,-2153.580338391496
6.9,-525.7431809318401,-2169.4957774974832
6.92,-524.8887881661503,-2184.047935623706
6.94,-523.0357765170584,-2196.272880408488
6.96,-519.9732221816384,-2205.797063919534
6.98,-515.8940314340903,-2213.985930288468
7.0,-510.90882918169257,-2220.5208019110914
7.02,-505.1235660530084,-2226.4394965603187
7.04,-498.4387092237845,-2231.367415294941
7.06,-490.56453321507786,-2236.612183000475
7.08,-481.52558806852096,-2242.474942144863
7.1000000000000005,-471.018092079217,-2250.2277304621753
7.12,-458.2075985719697,-2259.704517553753
7.140000000000001,-444.43319538971673,-2269.389217067747
7.16,-429.325386465693,-2275.5830984606982
7.18,-414.0694317120863,-2275.9509986448384
7.2,-398.2736340937667,-2269.1475421493265
7.219999999999998,-382.71270099643135,-2253.8260919283607
7.24,-368.5878416654016,-2229.7405853383443
7.259999999999998,-357.9357127748473,-2197.318246817432
7.28,-351.11820565640573,-2156.9684098397965
7.3,-345.74140143987694,-2115.192791148339
7.32,-336.70166403333127,-2079.837607690354
7.34,-324.54574446439,-2052.430786510238
7.36,-310.9480965276015,-2032.601626426044
7.38,-297.3282574979569,-2019.205965665152
7.4,-283.7431866580645,-2012.4521599916025
7.42,-271.48785677964094,-2010.2119814980704
7.44,-260.53561238531074,-2011.4581283282555
7.46,-250.4307669655693,-2014.9003328389867
7.48,-241.82563591547847,-2019.558029960348
7.5,-234.54574446439,-2024.3780893933
7.52,-228.46573820035337,-2028.6490365610052
7.54,-223.66505125323152,-2032.72865727196
7.56,-219.7011743981372,-2036.465533117412
7.58,-216.98933483894447,-2040.4177512253368
7.6,-214.86862056537268,-2045.088462140652
7.62,-213.80629013508735,-2050.193474032991
7.64,-213.39725004086117,-2056.6326659353495
7.66,-213.39725004086117,-2064.0775803208858
7.679999999999999,-214.69920271344,-2072.616094506264
7.7,-216.98933483894444,-2082.372113192718
7.719999999999998,-220.11663932927527,-2092.982734724042
7.74,-224.70718251488137,-2104.566512815756
7.759999999999998,-230.9555541799196,-2116.6977683962405
7.78,-238.793462480926,-2128.794883912294
7.8,-248.56334485795392,-2139.7125804260863
7.82,-259.9549255864784,-2148.108551266848
7.84,-272.9702315020149,-2152.808764719357
7.86,-288.048359974539,-2152.127193361972
7.88,-305.03659207533383,-2143.8672721875064
7.9,-325.03029336373726,-2126.9571084056083
7.92,-345.74140143987694,-2109.7042836531177
7.94,-365.29910602205575,-2101.9470294653547
7.96,-383.2529158151791,-2105.784602340977
7.98,-399.9267932520319,-2119.721528073216
8.0,-414.066900752172,-2142.1132020579444
8.019999999999998,-423.9288202917672,-2171.665746629936
8.040000000000001,-428.7743151213041,-2206.5088698303616
8.06,-429.6996429398697,-2245.9944299728263
8.08,-431.1790695781157,-2282.7099293172923
8.099999999999998,-434.88878816615033,-2315.0216303256716
8.120000000000001,-440.87165733262015,-2345.520000153912
8.14,-448.53796207842686,-2375.7259803130746
8.16,-457.3405131021127,-2406.347457109656
8.179999999999998,-466.9365153399691,-2437.8116458732375
8.199999999999998,-475.7465518632061,-2470.61960883672
8.22,-481.77283671970355,-2501.111786923807
8.24,-484.29079897675433,-2527.6971327151377
8.259999999999998,-482.9893482115722,-2551.566412721624
8.279999999999998,-478.50553584807005,-2574.6675532649288
8.3,-470.63723979080703,-2599.21311299781
8.32,-459.69839587781854,-2627.0559810952873
8.34,-447.95365611853674,-2653.9556394187543
8.359999999999998,-436.38287593463934,-2676.1758320000004
8.38,-425.2391633022911,-2693.6905344931865
8.4,-413.2502370241636,-2707.1342031549475
8.42,-399.9267932520319,-2716.710547324274
8.439999999999998,-385.2194913910961,-2721.4082918062595
8.46,-369.1695047229069,-2726.4186499251846
8.48,-353.8207848760288,-2734.354634592112
8.5,-339.22016832155066,-2748.0702417571533
8.519999999999998,-325.03029336373726,-2768.7677692626185
8.540000000000001,-308.64164464506337,-2798.5759609532333
8.56,-290.57556255017573,-2835.7434420461927
8.58,-276.53806783056484,-2867.1862844493485
8.599999999999998,-266.756403405875,-2892.6596142443145
8.620000000000001,-261.11820565640573,-2917.6069467726006
8.64,-258.7447290580015,-2944.676377998905
8.66,-259.03301725008544,-2974.2725022497857
8.679999999999998,-259.9549255864784,-3002.3880491227187
8.700000000000001,-260.24486030685574,-3028.185229993981
8.72,-259.66515887935185,-3051.9113339312
8.74,-258.45475694268407,-3075.5172670868023
8.759999999999998,-256.9552794564495,-3100.1282228819255
8.779999999999998,-255.09896255789,-3126.50930846785
8.8,-254.1670084319526,-3153.016780465069
8.82,-256.02790805919494,-3177.881525368665
8.84,-260.8265233643611,-3200.499086554136
8.859999999999998,-268.8247747046767,-3220.8552689433054
8.88,-279.80087899186407,-3237.6587732059525
8.9,-293.3718104908649,-3249.891459608932
8.92,-308.8297899082382,-3255.147449393237
8.939999999999998,-326.5096167226649,-3251.799457627458
8.96,-346.31378140815025,-3238.9576142383753
8.98,-367.6700024024359,-3222.0475091604485
9.0,-386.9301900577024,-3212.6351829166647
9.02,-404.29198844019993,-3213.5447229236524
9.040000000000001,-419.60082073081173,-3223.558135511806
9.06,-432.7561178170455,-3240.0
9.08,-442.65536365479943,-3261.89916332583
9.1,-449.12251141456153,-3287.597888538314
9.120000000000001,-451.1665837125934,-3316.335530175464
9.14,-450.87640295133593,-3347.8228925055446
9.16,-450.2918536152012,-3377.3171113004255
9.18,-450.5821485229503,-3404.6251097140007
9.2,-452.0446501865893,-3430.9309334122813
9.22,-454.6905840076615,-3457.691901555248
9.24,-457.92052501930755,-3486.4031538697955
9.26,-462.10908782725215,-3517.118549245003
9.28,-465.0880084243802,-3548.4582096764325
9.3,-464.807419212987,-3576.497523252882
9.32,-460.61465868086566,-3602.0903797470296
9.34,-452.9175885575589,-3627.609863903157
9.36,-440.87165733262015,-3657.5550366354473
9.38,-424.971368127048,-3692.5571684584806
9.4,-409.9021041547505,-3720.908688938993
9.420000000000002,-396.8103304370096,-3742.3047622490662
9.44,-383.6394253840295,-3757.485136686793
9.46,-369.1695047229069,-3767.00633180372
9.48,-354.1113140466473,-3772.679946872104
9.5,-338.9449257028036,-3777.8710360252953
9.52,-325.1986595272129,-3786.641168682818
9.540000000000001,-312.81950535543206,-3800.15421031674
9.56,-300.77414570149665,-3818.3631093545177
9.58,-288.7046402784259,-3842.1149786821775
9.6,-275.03551129533486,-3871.9198323542873
9.620000000000001,-262.5821661659796,-3902.3228114265057
9.64,-254.45118791467797,-3928.3651051578154
9.66,-249.87473054427505,-3952.1925647970006
9.68,-248.66967148945952,-3977.210910558877
9.7,-251.73774642414887,-4006.03763389416
9.72,-257.8185244752534,-4037.062618695967
9.74,-265.87357337883145,-4069.1874002664217
9.76,-273.5616745638794,-4099.957945907491
9.78,-280.3813477796773,-4128.955431880204
9.8,-285.53024268794206,-4157.52633119084
9.82,-289.2609901054713,-4187.370408365912
9.84,-290.85102017180884,-4220.902894935023
9.86,-290.5740432365161,-4257.750026880989
9.88,-293.09936222426984,-4293.140713906464
9.9,-299.70880468761555,-4323.398471629959
9.920000000000002,-311.14214115970424,-4347.972223202647
9.94,-325.44300893174386,-4366.148067767584
9.96,-341.73774642414884,-4375.672278008384
9.98,-359.11954379768406,-4375.404739095591
10.0,-378.2352954516471,-4364.900958137384
10.02,-398.0456495382674,-4347.388653900239
10.04,-416.4250168181905,-4332.54267650561
10.06,-431.8296545647887,-4326.031870160122
10.08,-445.3094640385659,-4325.656592279637
10.1,-457.0500640855744,-4330.206211519446
10.12,-466.9392862174725,-4337.23912971753
10.14,-475.4852218097537,-4346.280311196124
10.16,-481.93099069507394,-4356.332703250893
10.18,-486.8114174205876,-4365.766874784892
10.2,-490.3398472184591,-4374.771240307323
10.22,-492.63208366859766,-4382.765303057721
10.24,-493.46177468411264,-4389.850950612815
10.26,-493.0448994730314,-4395.459832123141
10.28,-491.80326242595066,-4400.389342422346
10.3,-489.32544981672487,-4404.424420335267
10.32,-485.7556359835815,-4407.276659265349
10.34,-481.12062611283886,-4409.966029995566
10.36,-475.0926738749234,-4412.9333974200445
10.38,-467.58587911072266,-4416.286195541096
10.4,-458.54270769714253,-4420.348417519625
10.42,-448.24778131716926,-4424.943759192991
10.44,-436.38287593463934,-4428.350195860761
10.46,-423.6678131665566,-4428.554585208537
10.48,-410.3141237613768,-4424.538929830091
10.5,-396.5765979907206,-4414.340417585441
10.52,-383.6394253840295,-4397.388062285616
10.54,-371.88408218302266,-4373.934451891265
10.56,-362.9523802420302,-4343.746424162362
10.58,-355.87357337883145,-4308.991887727927
10.6,-348.1657601107023,-4275.971514502442
10.62,-338.0146660176446,-4248.646274509772
10.64,-326.0152546759261,-4228.384984699381
10.66,-313.23787029656006,-4214.027920484769
10.68,-300.3667676176828,-4206.055396103461
10.7,-288.32998834552427,-4202.607540541849
10.72,-276.8321988637832,-4202.781495958082
10.74,-266.46198478773255,-4205.512723064653
10.76,-257.5302828467401,-4208.686238425826
10.78,-250.15337492429143,-4212.36482561584
10.8,-244.3335095028936,-4214.811464455327
10.82,-240.10812262816904,-4217.051325706892
10.84,-237.07848408338288,-4219.447243413353
10.86,-235.19865952721293,-4221.958202768795
10.88,-234.54574446439,-4224.875221003475
10.9,-234.95667504739103,-4227.994024961507
10.92,-236.67049963048703,-4231.818848455975
10.94,-239.45074535135203,-4235.850183967016
10.96,-243.80129844196568,-4240.271615274361
10.98,-249.1161182422176,-4244.1502266936
11.0,-256.6685259318584,-4247.808252968237
11.02,-265.28597063399894,-4250.273683887215
11.04,-276.2438161636784,-4250.8001843524835
11.06,-288.7046402784259,-4249.165447590921
11.08,-302.49525401379356,-4247.6161079768335
11.1,-317.21497303510967,-4248.413078200301
11.12,-332.08610753180574,-4253.987601679094
11.14,-346.3155881572513,-4265.301694440097
11.16,-359.41235613178225,-4283.768297730308
11.18,-370.6696359717612,-4308.219159901258
11.2,-379.5396344854877,-4337.266298610848
11.22,-387.4515051250948,-4366.97089491358
11.24,-396.5765979907206,-4393.299454436704
11.26,-406.5697416019949,-4414.717043085281
11.28,-417.23641318869096,-4430.920703632283
11.3,-428.12184884905986,-4442.945830751646
11.32,-437.93810037848584,-4451.384772358821
11.34,-446.7904073688503,-4457.427401079465
11.36,-454.39794829684087,-4461.505527603086
11.38,-460.61465868086566,-4464.597590336703
11.4,-465.7330499633311,-4467.731274258222
11.42,-469.1631887872049,-4471.288252809741
11.44,-471.018092079217,-4474.98198565526
11.46,-471.6714157837279,-4479.902158219246
11.48,-470.63723979080703,-4485.503430846779
11.5,-468.2352954516471,-4491.695630145894
11.52,-464.5255768636124,-4498.172245811562
11.54,-459.69839587781854,-4504.9534048393225
11.56,-453.5202661091531,-4510.930933412281
11.58,-445.8940989206096,-4516.099295539267
11.6,-436.7342586431023,-4518.402762245792
11.62,-425.6256373133286,-4517.949256054665
11.64,-412.60102619763853,-4512.969190876642
11.66,-397.6317014159529,-4502.256310227602
11.68,-381.0179745823121,-4486.003546687535
11.7,-363.83448431147025,-4463.816510793254
11.72,-346.95259569759446,-4435.327724692373
11.74,-332.7456741319816,-4402.543781479438
11.76,-323.548997075073,-4365.7351225451275
11.78,-320.35592760292826,-4325.055191823564
11.8,-324.13443368314,-4276.990991152926
11.82,-327.3282326407361,-4230.474026489606
11.84,-325.44300893174386,-4190.910813306233
11.86,-318.46573820035337,-4152.536176301578
11.88,-308.45684752560555,-4113.604088696528
11.9,-297.0657040960083,-4072.2721222961286
11.92,-287.3061445830426,-4032.4328363098975
11.94,-282.7458390979043,-3996.2135886695687
11.96,-283.9574548784527,-3962.8832060446975
11.98,-290.8481546529014,-3926.554800167863
12.0,-303.314650829216,-3883.5242233861536
12.02,-314.29100737229635,-3845.2867206956175
12.04,-321.8319486136041,-3813.198425110764
12.06,-327.0758114378172,-3782.1900436828464
12.08,-330.76545515070046,-3749.6671884055704
12.1,-335.3849093151152,-3717.391803498773
12.12,-343.2351667239876,-3686.2227985314776
12.14,-354.40588569454894,-3651.588344665564
12.16,-371.88408218302266,-3606.761237735505
12.18,-388.10732872529576,-3563.3717365933444
12.2,-398.0456495382674,-3529.842062519758
12.22,-403.4617746841127,-3497.514717498318
12.24,-405.1223765895628,-3462.777161079658
12.26,-406.3654641866772,-3428.2816197691754
12.28,-408.852381689144,-3395.822220165168
12.3,-414.066900752172,-3363.108177685186
12.32,-422.3556819723767,-3325.8482914087926
12.34,-432.10822044672005,-3283.986641433348
12.36,-437.020561552481,-3247.5811636747485
12.38,-436.38287593463934,-3214.4133593033057
12.4,-430.2511762425577,-3180.524632149147
12.42,-418.946369067608,-3145.1741713134406
12.44,-404.29198844019993,-3109.1807862242754
12.46,-388.10732872529576,-3072.3095965566185
12.48,-372.4590855733132,-3035.6042849833475
12.5,-359.41235613178225,-2997.265427515615
12.52,-351.11820565640573,-2957.55837479446
12.54,-349.3241090489908,-2914.756245300507
12.56,-354.40588569454894,-2863.5455388693304
12.58,-357.34580785670573,-2815.087484436611
12.6,-353.53075562071933,-2773.98075570159
12.62,-344.2449328971338,-2735.1008807886606
12.64,-331.1666494771944,-2695.9545254037607
12.66,-316.16480156406845,-2656.400763137712
12.68,-303.15123218380694,-2617.6665450794253
12.7,-293.3718104908649,-2580.546541207613
12.72,-288.88619054069204,-2545.850370309883
12.74,-290.5740432365161,-2510.981643432562
12.76,-297.9883763974024,-2471.110250088522
12.78,-308.64164464506337,-2428.0057607295694
12.8,-315.9616341375629,-2392.4230806524547
12.82,-320.1277777986437,-2359.6396397098074
12.84,-321.8319486136041,-2325.712107852048
12.86,-322.42503019081823,-2289.238852581973
12.88,-325.2005514561969,-2255.520000153912
12.9,-331.82510302705606,-2222.5126461635887
12.92,-344.1670084319526,-2185.238144116363
12.94,-361.174980677476,-2138.160159375458
12.96,-375.16943213262886,-2097.8961330428274
12.98,-383.9096542969325,-2065.2607102637417
13.0,-388.50553584807005,-2032.6474839095983
13.02,-390.47165896128047,-1997.696293935552
13.04,-392.9893482115722,-1964.8322861745528
13.06,-397.2218851611962,-1932.8638721601033
13.08,-404.70918824824633,-1898.5378517770368
13.1,-415.9364538455482,-1857.3199307111208
13.12,-425.89403143409027,-1816.03385999336
13.14,-429.97449301522033,-1780.784772465484
13.16,-428.3963904474506,-1746.7300822340799
13.18,-421.30703630446686,-1710.7573837783389
13.2,-409.67761059857094,-1671.5329388992127
13.22,-396.8103304370096,-1632.7327779142936
13.24,-385.48554473799544,-1594.1386899944607
13.26,-377.95529750739325,-1556.06868609946
13.28,-374.8839350777292,-1516.420465760976
13.3,-377.95529750739325,-1470.2942807445183
13.32,-382.5991684326711,-1421.1299254470443
13.34,-381.0179745823121,-1379.8900662378671
13.36,-373.3864569705677,-1342.5883622174647
13.38,-360.8823363410392,-1307.541922299648
13.4,-345.74140143987694,-1275.3845341684555
13.42,-329.45074535135205,-1245.3671914263186
13.44,-313.8707774907411,-1217.400846192663
13.46,-299.4503059827536,-1190.36645790269
13.48,-286.46404936497254,-1163.382570705722
13.5,-276.2438161636784,-1137.0387357215775
13.52,-269.11954379768406,-1110.9992181850375
13.54,-265.87357337883145,-1086.3351352685247
13.56,-265.87357337883145,-1062.7749791746592
13.58,-270.0005048397654,-1038.1236445937054
13.6,-277.7117712614776,-1010.1741288062811
13.62,-287.4854461462086,-980.2086575574463
13.64,-297.3299231129124,-953.9198679072211
13.66,-306.1035750272405,-932.4198958260544
13.68,-314.70718251488137,-913.8643935875853
13.7,-323.31079000252214,-897.6866066488247
13.72,-332.87768995449994,-883.9960433766825
13.74,-343.3167969443202,-870.5048596044492
13.76,-354.1113140466473,-857.0382477336758
13.78,-365.00847933521374,-839.9862676121328
13.8,-376.7446675669945,-818.4957055513848
13.82,-390.47165896128047,-789.9542009798141
13.84,-406.782281361165,-753.4467016660003
13.86,-420.65310579104994,-720.0
13.88,-429.6996429398697,-693.6683511502987
13.9,-434.88878816615033,-668.9915541596214
13.92,-436.38287593463934,-642.9211136085379
13.94,-435.1736032164766,-614.6866828308836
13.96,-432.4750788122902,-586.2234039898984
13.98,-429.5992506728846,-559.2438831847818
14.0,-427.4701359016324,-533.243955498157
14.02,-426.54731520067344,-507.5560890269364
14.04,-426.54731520067344,-480.2250727988048
14.06,-428.1261226558531,-449.98058836570146
14.08,-429.97449301522033,-417.49592204257806
14.1,-429.32255948899274,-386.8985967570103
14.12,-424.58469387617737,-360.2596918886901
14.14,-416.181814901777,-337.545488214335
14.16,-404.70918824824633,-319.31228005235124
14.18,-391.27615364419967,-306.9624051948412
14.2,-376.7446675669945,-301.7149586943612
14.22,-360.8823363410392,-305.2068947652581
14.24,-343.88412234182067,-316.99099115292614
14.26,-326.26313284595574,-335.19214975827214
14.28,-309.8909362508242,-351.63410615783545
14.3,-296.00981083747826,-360.515901998783
14.32,-283.9574548784527,-364.187495261448
14.34,-273.85615982324407,-364.2356238231148
14.36,-265.28597063399894,-361.301213358482
14.38,-258.1657601107023,-357.09461665846106
14.4,-252.29997940094827,-352.3868786355312
14.42,-248.18105090606983,-347.65242384835096
14.44,-245.65533204314195,-343.18906047018595
14.46,-244.8496028808062,-339.9108607484675
14.48,-244.9941699905492,-337.04921317183926
14.5,-246.584860788895,-335.46048273316734
14.52,-249.77333935159848,-334.15603039536035
14.54,-254.5297099877018,-333.8488970689671
14.56,-260.24486030685574,-332.41321025362225
14.58,-267.92650825012174,-330.5587711602032
14.6,-277.125702122106,-326.55911751637774
14.62,-288.32998834552427,-319.618096143427
14.64,-301.58677936190406,-308.9514681604203
14.66,-316.79531464608334,-296.4303896486726
14.68,-331.82283298572537,-288.23198441313895
14.7,-346.66764295567606,-286.4145340885541
14.72,-360.8823363410392,-291.9105519431524
14.74,-374.24076181328616,-305.2642023019446
14.76,-385.8784005729704,-325.076245902009
14.78,-394.29079897675433,-351.14781316785405
14.8,-399.0978890729113,-382.4810732768872
14.82,-400.97565580597814,-417.114633403798
14.84,-403.87486256476734,-449.3538625857888
14.86,-408.24510127614616,-476.94149618533146
14.88,-414.3064157022898,-501.243728344368
14.9,-420.9088291816926,-523.269429980348
14.92,-427.85192213100464,-543.3659399893613
14.94,-434.6069458167757,-561.9238994903201
14.96,-440.58312326305855,-579.51007461158
14.98,-445.8940989206096,-597.3983511445438
15.0,-449.99753199316007,-614.8982706188267
15.02,-453.2286972449669,-633.4444607752127
15.04,-454.981169640046,-650.3406516811876
15.06,-454.39794829684087,-667.1058876981523
15.08,-451.76207064293544,-681.8925759329392
15.1,-447.36971484317354,-696.4975232528822
15.12,-440.29284695804125,-711.14810950667
15.14,-430.90218465884544,-728.744017716392
15.16,-418.2910529657957,-750.7323527519006
15.18,-402.2196240054649,-778.3011435384199
15.2,-386.7967113094568,-801.9727180752453
15.22,-372.74672207408656,-817.399997635582
15.24,-359.11954379768406,-826.0577373755286
15.26,-345.09896255789005,-827.3568014510146
15.28,-330.767169822042,-821.8402093182934
15.3,-317.0150655356455,-809.7957882778848
15.32,-303.56165618704614,-793.0614010626606
15.34,-292.44130542722195,-772.8736623178944
15.36,-283.6711840979225,-750.7148768453367
15.38,-278.33962500115246,-727.2159798879968
15.4,-276.53806783056484,-703.225969592874
15.42,-278.2948218878189,-677.5805964167948
15.44,-284.02990249308493,-648.2392823810744
15.46,-291.5085920012331,-618.4705905941219
15.48,-297.9883763974024,-591.9733690152432
15.5,-303.5590043559007,-569.1748374438084
15.52,-308.64164464506337,-547.5699284107744
15.54,-313.8707774907411,-527.1623276355716
15.56,-318.88180543587816,-506.31130104604154
15.58,-325.2001110654716,-486.20278587608686
15.6,-332.48300139887084,-466.05773737552863
15.62,-341.73774642414884,-443.8714767257534
15.64,-353.204012655264,-418.125805932691
15.66,-368.54270769714253,-383.28392752105447
15.68,-385.22261470033874,-344.44295851412886
15.7,-397.6355883635844,-314.5322939413269
15.72,-406.3654641866772,-289.4315099982612
15.74,-412.1924798685664,-266.00314530686484
15.76,-415.1235660530084,-241.8018321521826
15.78,-416.82909400635447,-216.95634872557113
15.8,-417.88877696124166,-192.57993110155732
15.82,-419.59808904963006,-168.98171519167417
15.84,-421.5655812826196,-144.82751119617228
15.86,-424.58469387617737,-119.83693794417827
15.88,-428.7743151213041,-91.51279144184959
15.9,-433.12316775425336,-60.33595958929609
15.92,-435.1736032164766,-31.635630997143643
15.94,-433.0385532871376,-6.19756463931801
15.96,-427.4729613137106,16.632135320949068
15.98,-418.94270606848227,37.39679249155597
16.0,-407.61110260381207,54.01170504488186
16.02,-394.70108459588,65.51942075899935
16.04,-381.0179745823121,70.57059727569495
16.06,-366.5021437391004,68.13900516326206
16.08,-351.45229128737725,57.9433357397636
16.1,-334.84960288080623,39.41384702264449
16.12,-318.269943985484,17.501573046025566
16.14,-303.56165618704614,0.5305617720446785
16.16,-292.16812599089945,-10.274794793538732
16.18,-282.17211535694634,-16.416610037927114
16.2,-273.85615982324407,-20.557815509679298
16.22,-266.756403405875,-22.878154909832844
16.24,-261.4100375450445,-24.42334918049892
16.26,-257.24224967281634,-25.854904424084626
16.28,-254.81370955603973,-27.643931614555544
16.3,-253.8824008717179,-29.832864253785953
16.32,-254.81370955603973,-33.42642579870054
16.34,-257.24224967281634,-36.97698747303449
16.36,-261.11820565640573,-41.364060487877
16.38,-266.46198478773255,-45.867352162472606
16.4,-273.26509765143646,-50.19468966323877
16.42,-281.53555537973693,-52.789309756723895
16.44,-290.9576880220146,-53.85276257261664
16.46,-301.4312394928897,-51.52925167774313
16.48,-313.03472883222526,-45.285519543781376
16.5,-326.2620642021423,-33.17022666006867
16.52,-341.0856031483938,-13.806894207656663
16.54,-359.11954379768406,13.061700182068673
16.56,-376.0958775642111,36.6493794352853
16.58,-390.2169805495093,50.832328012293935
16.6,-403.0489008430856,58.84603821958783
16.62,-415.1235660530084,60.77653148203464
16.64,-426.1614492145837,58.74323601906807
16.66,-436.0974506190692,52.6421339113969
16.68,-444.72574484464894,44.63430396404387
16.7,-451.4607089112261,35.43105706746054
16.72,-457.0500640855744,25.999799724628154
16.74,-460.61465868086566,16.61341272067945
16.76,-462.39380347728166,7.539451119387664
16.78,-462.39380347728166,-1.0259985122265218
16.8,-460.61465868086566,-8.610882796219542
16.82,-457.04863868899736,-16.106503102573594
16.84,-451.76207064293544,-23.69933743714938
16.86,-445.01641673292175,-33.044542294626346
16.88,-435.81400276996834,-44.41831996758282
16.9,-424.3216911548392,-59.083805463444406
16.92,-411.36871549149527,-74.40308352157761
16.94,-398.0456495382674,-86.53719331674456
16.96,-384.9549321165597,-92.93646383190979
16.98,-371.53555537973693,-92.49219888281804
17.0,-358.2393843522867,-85.61508167031516
17.02,-345.74140143987694,-71.85794938742833
17.04,-334.72439136205566,-52.16009615069184
17.06,-326.5096167226649,-27.04190475796497
17.08,-321.5991150499492,2.9924904891205086
17.1,-321.4170193226383,38.14064404460425
17.12,-321.83244913978746,73.33441368605696
17.14,-319.9389555919031,104.27384150994222
17.16,-316.16480156406845,131.29839167166955
17.18,-311.1444210442787,156.2527874719945
17.2,-305.03851385379767,180.387140395473
17.22,-299.0483089718968,202.81152112574887
17.24,-292.44130542722195,226.31370499458143
17.26,-286.74466756699445,249.36859452272864
17.28,-282.7458390979043,272.56853183029455
17.3,-280.6715083137164,294.0274647593663
17.32,-281.2467555657647,313.67408215780887
17.34,-284.600655473723,332.8044890643485
17.36,-290.85102017180884,352.68991173959614
17.38,-300.3667676176828,375.5549114762604
17.400000000000002,-313.03472883222526,404.19744576787696
17.42,-327.57681588790706,433.7249778020002
17.44,-340.1518031511476,456.0514118179883
17.46,-351.45229128737725,471.6453190743191
17.48,-362.9523802420302,482.46549133474304
17.5,-374.60065547372295,487.7982851130351
17.52,-386.5334381769491,489.1769899394696
17.54,-398.2736340937667,487.3158805455108
17.56,-409.4875717777308,484.0641599280398
17.58,-419.59808904963006,480.1345538549233
17.6,-428.3963904474506,476.88886765951287
17.62,-435.5326195403413,473.88847415364125
17.64,-441.1628591655641,472.1858618139527
17.66,-445.01641673292175,471.2549358373652
17.68,-447.06563535713445,470.7103936390393
17.7,-447.6522943868272,470.7103936390393
17.72,-446.77145782273874,471.249541538589
17.74,-444.1430600545504,472.5821877896085
17.76,-439.7185182488427,474.3770753302044
17.78,-433.9635091926198,476.89524342374307
17.8,-426.54731520067344,480.1398683406807
17.82,-417.4833743346888,484.18277518983626
17.84,-407.19474102429774,489.3353341035186
17.86,-395.51834643752255,493.61713299307894
17.88,-383.6394253840295,496.51549493485726
17.900000000000002,-371.2467555657648,497.2866285039143
17.92,-359.70718251488137,494.21422754092856
17.94,-348.45475694268407,486.45113567773615
17.96,-337.6322473036034,473.6561553551954
17.98,-326.67049963048703,455.8873883745063
18.0,-314.70718251488137,431.6430022139705
18.02,-301.83849946998293,402.8208571060832
18.04,-291.5085920012331,376.65549324521766
18.06,-284.600655473723,355.4090547926341
18.08,-280.66963597176124,336.24658958736984
18.1,-279.7492061504108,316.5328058083079
18.12,-281.53555537973693,296.26567408565086
18.14,-286.0958775642111,274.3832341700673
18.16,-293.09936222426984,251.53636133065072
18.18,-301.178402782566,228.00680628309567
18.2,-310.72721677094256,204.16021269979967
18.22,-320.5417678300953,179.28503268600264
18.24,-329.8533960985714,154.03330223157735
18.26,-338.2880927259068,126.395163391152
18.28,-344.1670084319526,96.98295148636669
18.3,-346.95259569759446,63.7792772866726
18.32,-345.45691015131,24.840162454642275
18.34,-343.3167969443202,-16.17145014470366
18.36,-345.09896255789005,-51.69522594785113
18.38,-351.4100375450445,-82.2043942519561
18.4,-360.58758269459344,-108.61772207150082
18.42,-371.88408218302266,-130.76188523104037
18.44,-383.90665412434976,-148.74580408670306
18.46,-395.34493331767646,-162.0913272900255
18.48,-405.5395024649953,-171.53632715165455
18.5,-414.71328043388263,-176.93307292208587
18.52,-421.96285990466794,-179.0087231058588
18.54,-428.12184884905986,-179.35523638484955
18.56,-432.4750788122902,-178.04075399472603
18.58,-435.1736032164766,-175.4846368561575
18.6,-436.7342586431023,-171.98304454294527
18.62,-436.7342586431023,-168.6516387885443
18.64,-435.1736032164766,-164.01096542508023
18.66,-432.4778496897936,-159.02693100378332
18.68,-428.39627295054567,-152.9107979419826
18.7,-423.2738464631388,-145.74310241977165
18.72,-416.8309207626708,-136.5427306659608
18.74,-409.67761059857094,-125.10061441237922
18.76,-402.2196240054649,-110.39267248241777
18.78,-395.10794932747285,-92.03939088252899
18.8,-388.7612592387128,-70.26020749997343
18.82,-383.6394253840295,-44.23691474225828
18.84,-379.5396344854877,-15.200480457775528
18.86,-374.5228512492728,12.739084817317867
18.88,-367.0868436132061,36.92496135787773
18.9,-357.6522943868272,55.58302814628212
18.92,-346.95259569759446,69.15153536112167
18.94,-335.3849093151152,77.51224716876973
18.96,-324.13443368314,80.74980878268934
18.98,-312.61905038367934,79.42362990190841
19.0,-301.83849946998293,74.79469879002868
19.02,-292.16812599089945,69.2456768772879
19.04,-283.7431866580645,63.869199703035754
19.06,-277.125702122106,59.33999193562535
19.08,-272.3614534333301,56.23964913857271
19.1,-269.1164834526877,53.72976336350895
19.12,-267.34580785670573,51.531233731244974
19.14,-267.34580785670573,49.81947712884509
19.16,-268.82321739055106,48.150666476290326
19.18,-271.7757911402496,47.028603019621904
19.2,-276.53806783056484,46.5044812633632
19.22,-282.7458390979043,47.307638096091885
19.24,-291.2333141236929,49.63336260350777
19.26,-300.77054927832296,53.655360571881246
19.28,-312.199391994653,58.39205944404809
19.3,-324.3758511759649,62.00996843112696
19.32,-336.70166403333127,62.532565433336046
19.34,-348.74285671604633,58.05436769092868
19.36,-360.2948212320786,48.1657205806307
19.38,-370.6696359717612,33.167058891246626
19.4,-379.16288784764305,13.367247131120743
19.42,-385.48554473799544,-10.842917372680745
19.44,-389.8162759801326,-37.5204073681968
19.46,-394.29079897675433,-62.9370392136664
19.48,-399.28658723111903,-85.83507128412765
19.5,-405.1223765895628,-105.0038021141036
19.52,-410.95555417991955,-121.3076629848113
19.54,-416.82909400635447,-134.52449595151285
19.56,-421.96285990466794,-146.21622498011683
19.58,-426.1614492145837,-156.00997883736335
19.6,-429.32255948899274,-164.94318072960957
19.62,-431.27541387562337,-172.3912854839544
19.64,-432.10822044672005,-179.2159275573565
19.66,-431.5506380989957,-185.50515573363657
19.68,-429.6996429398697,-190.97303118159567
19.7,-426.1614492145837,-195.3892599579457
19.72,-421.30703630446686,-198.51352379110287
19.74,-414.71704406367223,-200.21647875173025
19.76,-406.782281361165,-199.2952918875693
19.78,-396.9893348389445,-196.1893347782416
19.8,-386.14051856662394,-189.73658265165471
19.82,-373.9574548784527,-181.43649678433567
19.84,-361.174980677476,-171.63231577883317
19.86,-348.1657601107023,-160.0873820795426
19.88,-335.3849093151152,-147.32116513815635
19.9,-323.31079000252214,-134.1875007221173
19.92,-311.7817907043588,-119.83771773676584
19.94,-301.4312394928897,-104.66504324763562
19.96,-293.09936222426984,-89.67920515550276
19.98,-285.8145849946672,-73.88582774710872
20.0,-280.6715083137164,-58.579942233103694
20.02,-277.7103782231471,-43.17837828251068
20.04,-276.8327011799182,-28.775058391784317
20.06,-278.34157965224705,-14.520295036341548
20.08,-282.17211535694634,0.418341042562472
20.1,-288.32998834552427,16.216335049559287
20.12,-297.3282574979569,35.602260399939006
20.14,-308.64164464506337,58.48102062180058
20.16,-321.0013530481811,80.08191474019142
20.18,-332.2219127539619,96.72953614842771
20.2,-343.31848746555164,107.12512857234309
20.22,-354.699298205791,112.52679818738783
20.24,-366.79332915293946,112.38920193551816
20.26,-378.88494147886786,106.55882685516464
20.28,-390.87186365595375,95.23228027896525
20.3,-402.21563521658845,79.75646664793987
20.32,-411.7787766661783,60.891853628677474
20.34,-418.946369067608,39.88220161132437
20.36,-423.2738464631388,17.148807459192692
20.38,-423.9291432200089,-7.422357808310547
20.4,-420.9088291816926,-34.68496238261617
20.42,-414.71704406367223,-65.8451742778068
20.44,-408.24510127614616,-95.36337799962809
20.46,-403.0489008430856,-120.55608220956687
20.48,-399.100241268386,-143.41824135408007
20.5,-395.9290609078181,-164.43001214500939
20.52,-392.9893482115722,-185.2443913686748
20.54,-389.8162759801326,-205.41411292265127
20.56,-386.27182997595173,-226.70987528292883
20.58,-381.39969901211816,-246.49752325288213
20.6,-375.16495497335274,-267.4568562509532
20.62,-366.504109298246,-291.0720748947805
20.64,-355.28597063399894,-320.3958511157819
20.66,-340.80673408221963,-357.27112092508014
20.68,-329.0475974120799,-389.97765405063245
20.7,-320.77031239494573,-415.6137952509776
20.72,-315.74931377653115,-439.42130036638815
20.74,-313.87083688501434,-462.92580716484025
20.76,-314.08266734762384,-487.16313477030866
20.78,-315.9616341375629,-512.9193822413033
20.8,-318.0490083455112,-537.6866066488249
20.82,-319.7131906316254,-562.1605036278523
20.84,-320.35592760292826,-586.1575129729403
20.86,-319.7131906316254,-611.5729145589086
20.88,-317.6301411912516,-640.347886572963
20.9,-313.45273089219984,-673.3007743835493
20.92,-310.72547873368063,-705.9387209600488
20.94,-311.36512061853944,-734.4224019512999
20.96,-315.74722217704465,-759.1254285967245
20.98,-323.7227490434016,-780.9859678527528
21.0,-333.40616531906244,-798.838071694657
21.02,-344.8127066390444,-812.5986264164117
21.04,-356.756403405875,-820.7132258858621
21.06,-368.2515058641986,-823.2430152865194
21.08,-379.81511435687815,-819.9399020231824
21.1,-390.87186365595375,-811.0051395828035
21.12,-402.6320836685976,-797.1366387001707
21.14,-414.0694317120863,-778.7997410023141
21.16,-424.58469387617737,-760.2490869056973
21.18,-433.0357765170584,-744.3113762727095
21.2,-438.80081899603533,-731.233379191732
21.22,-442.3657263407654,-719.5465906740856
21.24,-444.1430600545504,-708.5719851520931
21.26,-443.8534182387684,-697.5252833810172
21.28,-441.7854311648168,-686.6732039519117
21.3,-437.87880965002574,-675.9782456030101
21.32,-432.10822044672005,-665.607481087729
21.34,-424.58469387617737,-656.7844442718545
21.36,-416.1791957580221,-649.7413374384123
21.38,-406.3694655567312,-646.1537835603536
21.4,-396.1666334641879,-645.5485214476787
21.42,-385.2210529424156,-649.429402724305
21.44,-373.67118409792255,-659.3213131984521
21.46,-360.8823363410392,-675.0463908023893
21.48,-346.02790805919494,-698.1601593754579
21.5,-330.767169822042,-722.9943238867489
21.52,-318.46573820035337,-742.1752917711043
21.54,-308.64164464506337,-755.1344118081633
21.56,-300.1131608782273,-765.0568204781828
21.58,-293.75903298662075,-772.1388723903411
21.6,-288.048359974539,-778.0365491622168
21.62,-283.95745487845267,-782.9958476232947
21.64,-281.2486049190604,-787.4731422533971
21.66,-280.3813477796773,-792.4710394339457
21.68,-280.95960808707866,-796.9685493554974
21.7,-282.7458390979043,-802.3177068657045
21.72,-286.3785885127044,-807.2034106303905
21.74,-291.7820752168005,-811.8948691365916
21.76,-297.9883763974024,-817.258333532107
21.78,-305.45113064819833,-821.3573137435894
21.8,-314.28693778080213,-823.8506784130867
21.82,-323.31079000252214,-824.612441590443
21.84,-332.7456741319816,-821.7752063445174
21.86,-342.6696974627683,-815.045271040948
21.88,-352.9102557315167,-804.2593617236724
21.9,-364.12839439576373,-788.0628829768639
21.92,-377.0249771670664,-765.3379780410529
21.94,-391.27615364419967,-737.0780954309527
21.96,-403.67151097179686,-711.9157388266348
21.98,-412.8377670390421,-692.8201027890428
22.0,-419.59808904963006,-676.93892061137
22.02,-424.31889077383835,-662.3242762462523
22.04,-427.2004978870325,-648.6851542098283
22.06,-427.85192213100464,-634.8205009081175
22.08,-426.81806491058035,-620.3330859265633
22.1,-424.31889077383835,-604.9919116947088
22.12,-420.25179338040107,-589.3722490694513
22.14,-414.71704406367223,-574.0659145689983
22.16,-408.4387092237845,-557.5509127753942
22.18,-401.388939263232,-539.4859483756344
22.2,-394.0471020611652,-520.2459417718957
22.22,-386.7967113094568,-499.5703152117314
22.24,-380.09180554077005,-476.6593971972493
22.26,-375.4501940880072,-451.0051395828036
22.28,-373.0305967808643,-421.94466785322857
22.3,-373.67118409792255,-388.2383274313099
22.32,-375.16943213262886,-351.7175503537408
22.34,-374.24076181328616,-319.3608474057602
22.36,-369.45821400009913,-291.6912988759067
22.38,-362.3487296726282,-268.16945343452426
22.4,-353.204012655264,-248.66290258625395
22.42,-343.3167969443202,-233.05756941164603
22.44,-333.5359644567923,-221.98588551317025
22.46,-324.7881306379427,-214.76427339880593
22.48,-316.5800058839764,-210.97885726431852
22.5,-309.8909362508242,-210.24946048023256
22.52,-304.38143848140214,-212.41989582605453
22.54,-300.110388218721,-215.67660062622411
22.56,-297.3282574979569,-220.9479419829984
22.58,-295.3485838069408,-226.77012006415052
22.6,-294.6884221210974,-233.91986790722103
22.62,-295.08085552686913,-241.70746985438356
22.64,-296.4051636641556,-250.3286202193032
22.66,-299.0483089718968,-260.01075383122884
22.68,-301.83849946998293,-270.8689990197108
22.7,-306.1035750272405,-282.4764234401821
22.72,-310.9480965276015,-295.71529200752525
22.74,-316.5800058839764,-309.55802996034805
22.76,-323.3094486929028,-323.9198679072211
22.78,-330.5073542483598,-337.58632279371915
22.8,-338.9447528046428,-350.74265653045086
22.82,-348.45475694268407,-361.9512383315801
22.84,-358.8247747046767,-371.39559434373786
22.86,-369.45943944328434,-378.8744972787102
22.88,-380.09180554077005,-385.5536775070667
22.9,-390.47165896128047,-391.3785907199334
22.92,-399.9267932520319,-397.49702084910297
22.94,-408.4387092237845,-404.27080866584777
22.96,-415.36466061322625,-411.54616546220274
22.98,-421.30703630446686,-419.53320451610256
23.0,-425.2393571984368,-428.0628829768638
23.02,-428.1261226558531,-437.25419086568417
23.04,-429.6996429398697,-446.1094584850056
23.06,-429.6996429398697,-455.12811041941626
23.08,-428.39627295054567,-463.8889555816697
23.1,-426.1614492145837,-471.6485200784617
23.12,-423.0109197084896,-478.91847841689696
23.14,-418.5425013738089,-484.9579851983452
23.16,-413.0131435629004,-489.2929957498499
23.18,-406.5697416019949,-490.984279715445
23.2,-399.0978890729113,-490.4534433161746
23.22,-390.47165896128047,-486.2135886695695
23.24,-381.39969901211816,-478.2093619432033
23.26,-372.17211535694634,-465.9875207889164
23.28,-363.2464925082373,-449.26028806841737
23.3,-355.28597063399894,-428.6812876181593
23.32,-349.9549255864784,-403.97878153999113
23.34,-347.5302828467401,-374.37642031770946
23.36,-347.8185244752533,-340.7481195893749
23.38,-347.5302828467401,-308.60552830798525
23.4,-345.09896255789005,-280.5845906171296
23.42,-340.1518031511476,-256.9046796149005
23.44,-334.06578122282195,-236.4011649654708
23.46,-327.3246723712708,-218.5369018486394
23.48,-320.35592760292826,-202.89296364335803
23.5,-314.08266734762384,-189.9488686979316
23.52,-308.8297899082382,-178.74481771792347
23.54,-304.62623439182005,-168.95543188020412
23.56,-301.58677936190406,-160.4918926922723
23.58,-299.9653776933663,-153.18530232270592
23.6,-299.70806150020707,-146.72889200918675
23.62,-300.77234740038,-141.12868726430955
23.64,-302.9047483070978,-136.21463440985215
23.66,-306.932090087964,-132.33134002878015
23.68,-311.9813805633206,-128.95292373655255
23.7,-318.0490083455112,-125.18635705311311
23.72,-325.6088254780183,-121.31570561107829
23.74,-333.1397090929735,-116.00153313838744
23.76,-341.1790695781157,-107.9492560546642
23.78,-349.66446881403505,-96.59030419620807
23.8,-358.8247747046767,-81.42330389652611
23.82,-369.45943944328434,-61.58605588952141
23.84,-381.9414037160521,-35.19696722683135
23.86,-394.9395739242802,-6.034412790366636
23.88,-405.1223765895628,18.0476130719198
23.9,-412.1924798685664,37.1595342619219
23.92,-416.58461973573696,54.5220740058363
23.94,-419.19738448025345,70.77743424267487
23.96,-419.59808904963006,87.35073535388706
23.98,-417.88877696124166,104.22871774649715
24.0,-414.47479110548255,121.62936437399873
24.02,-409.9004944267083,139.4472003551653
24.04,-404.29198844019993,157.33429397548937
24.06,-397.86538934607654,175.98871662351598
24.08,-391.12062611283886,195.90149640781183
24.1,-384.5647621489565,216.7251418952087
24.12,-378.886190540692,239.38440099624327
24.14,-374.60065547372295,264.0103590641527
24.16,-372.4590855733132,291.67224526164205
24.18,-373.3864569705677,323.59602183955246
24.2,-376.0958775642111,359.5060630603428
24.22,-376.6582472127173,392.49781181279343
24.24,-373.67118409792255,420.2670014534502
24.26,-367.6700024024359,444.58929420757966
24.28,-359.70718251488137,465.2430080417567
24.3,-350.53561238531074,482.48401149172633
24.32,-341.0856031483938,495.9012782944301
24.34,-332.08610753180574,505.3009591087082
24.36,-324.1356953923748,511.5577597245113
24.38,-317.21479545819244,514.3212775368154
24.4,-311.56171715578665,514.3212775368154
24.42,-307.1666811595343,512.3479461692649
24.44,-303.9725069151314,508.76160521923606
24.46,-301.83849946998293,503.58576346848
24.48,-301.178402782566,497.85501221496565
24.5,-301.68089844935207,490.83502687511856
24.52,-302.49525401379356,482.486574932651
24.54,-304.62623439182005,472.91785319823106
24.56,-307.5819158899753,461.8451618762484
24.58,-311.14214115970424,449.271750721033
24.6,-314.9140292189508,434.6199418465574
24.62,-318.88180543587816,418.48102062180055
24.64,-323.7227490434016,400.8283642880184
24.66,-328.3898898966947,382.93814783284176
24.68,-335.11640639369114,366.41477879381415
24.7,-342.6696974627683,352.31171204156516
24.72,-351.74242830895236,340.7604742497457
24.74,-361.76207064293544,332.335896558664
24.76,-372.4590855733132,326.96199175621626
24.78,-383.2529158151791,324.34963871769594
24.8,-393.64204401248384,322.9227341378236
24.82,-403.4617746841127,321.79215648298396
24.84,-411.7807201898427,319.52853363319844
24.86,-418.94270606848227,316.0701050766843
24.88,-424.1933120873471,311.75866440707154
24.9,-428.12184884905986,306.06212204717866
24.92,-430.2511762425577,299.4188461034404
24.94,-430.6240204465532,292.3052550838818
24.96,-429.6996429398697,284.6513149462959
24.98,-427.2004978870325,276.39009196152745
25.0,-423.5359644567923,268.73379542855935
25.02,-418.94270606848227,261.61306300518834
25.04,-413.0131435629004,256.1294617215351
25.06,-406.3694655567312,252.3686485955297
25.08,-399.0978890729113,251.16147417004336
25.1,-390.87186365595375,253.4231275368357
25.12,-382.3266908322808,259.3469944304319
25.14,-373.67118409792255,268.9995519088496
25.16,-365.00847933521374,282.7458091343158
25.18,-357.9357127748473,301.1958100435924
25.2,-352.3255709217677,323.3402849103532
25.22,-349.32221464116145,350.1224196762708
25.24,-348.1657601107023,379.7287583421541
25.26,-346.3155881572513,408.4213286766585
25.28,-342.9514335856824,432.7800243951651
25.3,-338.2880927259068,454.0804305779631
25.32,-332.48300139887084,470.89589157743507
25.34,-326.5096167226649,485.7729189261213
25.36,-320.35592760292826,497.3071749784661
25.38,-314.9160349523158,506.76214346011193
25.4,-310.72721677094256,513.7791179453081
25.42,-307.3485896240882,519.3008507896045
25.44,-305.45113064819833,523.5381769190572
25.46,-304.62623439182005,526.0752430406067
25.48,-305.0404357679937,527.6986099667089
25.5,-306.9335103222014,527.6986099667089
25.52,-310.3066547796229,526.0680840828882
25.54,-314.70718251488137,523.2318478770575
25.56,-320.35592760292826,517.7459117658326
25.58,-327.0758114378172,510.0463920510923
25.6,-334.7259429086653,499.6214322588205
25.62,-342.6696974627683,485.51143215993613
25.64,-350.53561238531074,468.6320443194156
25.66,-357.34580785670573,448.1266083674313
25.68,-362.3632828385944,424.8776470848844
25.7,-364.71506682397165,397.4926354104353
25.72,-364.12839439576373,364.92181368720384
25.74,-362.6579616238877,331.201455249648
25.76,-363.24674168343125,300.9161945365556
25.78,-366.79578185984434,275.577760405678
25.8,-372.17211535694634,253.02205631149525
25.82,-378.6076309475431,233.9597149014032
25.84,-385.87558224320503,217.5482618206929
25.86,-392.9893482115722,203.34417208789313
25.88,-399.100241268386,192.0879981538136
25.9,-404.70718251488137,182.51716333479553
25.92,-409.07283732724784,174.8228012396338
25.94,-412.1924798685664,168.52344067593384
25.96,-413.6587290461812,163.89434647974346
25.98,-414.0694317120863,160.2393354667127
26.0,-413.0131435629004,158.0805730516821
26.02,-410.72598481635976,156.4823324397322
26.04,-406.782281361165,156.45505810066493
26.06,-401.5855526550124,158.2065961127
26.08,-395.10794932747285,161.17287548241117
26.1,-387.4515051250948,165.54944237893952
26.12,-378.886190540692,170.93883411226471
26.14,-369.7498962157276,177.9818611558256
26.16,-360.0,185.46081763830793
26.18,-350.2442062995733,193.6886628700385
26.2,-340.80673408221963,202.04411376919643
26.22,-331.5639110793996,210.8887390938774
26.24,-323.4846957107242,219.55466809987573
26.26,-316.1764947332026,228.52385039736296
26.28,-309.8909362508242,237.36114470402933
26.3,-304.79595583440187,245.98001025266663
26.32,-301.178402782566,254.52856417526075
26.34,-299.0483089718968,262.74166646789286
26.36,-297.9883763974024,270.95141806636855
26.38,-298.64719520772076,279.5896964107023
26.4,-300.3677403641099,288.10553704462785
26.42,-303.56165618704614,297.79673290139414
26.44,-308.64164464506337,308.2757329509069
26.46,-314.91400015340366,320.78917814207784
26.48,-323.0730686389139,336.1420453762237
26.5,-333.80005064059213,356.65073436112823
26.52,-346.95622972235583,381.7959227658136
26.54,-359.70718251488137,405.3574066884023
26.56,-370.6696359717612,422.69157118371817
26.58,-380.0889785640697,434.92953390159215
26.6,-388.50553584807005,442.81115959782034
26.62,-396.5765979907206,447.5566824811551
26.64,-403.8788715046776,449.05447634197816
26.66,-410.72598481635976,448.62098476261167
26.68,-416.181814901777,445.95014297174583
26.7,-420.9088291816926,442.4696155651829
26.72,-424.3216911548392,438.2464334916224
26.74,-426.54731520067344,433.2915936218138
26.76,-427.2004978870325,428.1543271650425
26.78,-426.54731520067344,422.7143776777989
26.8,-424.31889077383835,416.90350738820223
26.82,-420.65310579104994,410.284615624004
26.84,-415.7734223484829,401.969756235486
26.86,-409.4875717777308,392.1565830477307
26.88,-401.388939263232,379.52314056192193
26.9,-391.12062611283886,362.3317358409191
26.92,-378.5121803709173,340.0367020993368
26.94,-365.59358015373385,318.0346395925969
26.96,-354.1113140466473,301.80169509617895
26.98,-343.88240087171795,291.1884648495347
27.0,-334.4591596485506,284.5308390655165
27.02,-325.6088254780183,282.6110528519753
27.04,-317.63216046403767,284.22860402139406
27.06,-310.30898066744464,288.3095978454943
27.08,-303.9725069151314,294.7578678087645
27.1,-299.04936541180194,302.941595971392
27.12,-295.3485838069408,312.1769533878317
27.14,-293.3718104908649,322.3074448283919
27.16,-293.1022331231499,333.0967150697255
27.18,-294.68997366770697,344.6257579710442
27.2,-298.3880076295705,356.99781575501555
27.22,-303.56165618704614,372.07288736084473
27.24,-311.7817907043588,389.9406058227224
27.26,-321.83244913978746,410.20890688943285
27.28,-332.08610753180574,428.9279251052195
27.3,-341.73774642414884,443.28389251244073
27.32,-351.11820565640573,452.80262960802014
27.34,-360.2948212320786,457.964381624596
27.36,-369.45943944328434,458.85189049333
27.38,-378.88494147886786,455.5557956729896
27.4,-387.8471137388465,448.21368481909275
27.42,-396.16412800559914,437.14940868847054
27.44,-403.26097306449645,423.41824676997777
27.46,-408.65902118444546,407.6891172069687
27.48,-411.78266361380986,390.09669347207864
27.5,-412.60486891138095,370.5418498863357
27.52,-410.72598481635976,348.70033937647327
27.54,-405.5395024649953,323.5171442138917
27.56,-399.0978890729113,296.92762112515135
27.58,-392.58527102340815,273.11018327535834
27.6,-387.58872911428415,252.97920058762807
27.62,-382.9822991714668,235.84026958416015
27.64,-378.886190540692,220.8974571745324
27.66,-374.60065547372295,207.96986193451113
27.68,-370.03694133093376,195.89962517824705
27.7,-365.3030509831154,186.05136353717867
27.72,-360.58758269459344,176.0460461773623
27.74,-355.57959081236964,166.15171307676107
27.76,-350.8265233643611,155.41651646784882
27.78,-346.31378140815025,143.05334053491816
27.8,-342.0178903095657,129.01433882100403
27.82,-337.35907416697194,112.67457434607849
27.84,-332.48300139887084,94.3744855548044
27.86,-326.26313284595574,72.32987466988251
27.88,-319.52176230660814,46.38028208014741
27.9,-313.03472883222526,19.895252035136814
27.92,-309.06003073522487,-3.677061968372635
27.94,-308.4130119815816,-24.072389988191144
27.96,-309.89260272315454,-42.11295982839747
27.98,-314.28693778080213,-59.06788288771401
28.0,-320.12579679753645,-74.12734852321341
28.02,-327.32650480831205,-87.16481576362985
28.04,-335.7720945491302,-96.98689557028388
28.06,-344.53042995203356,-103.53753622797495
28.08,-353.4983461194371,-106.133569984453
28.1,-362.3632828385944,-104.61355243967986
28.12,-370.95697619698217,-99.3325888161689
28.14,-379.16288784764305,-89.61483718645236
28.16,-388.10732872529576,-76.0322648964459
28.18,-397.4009350656208,-58.30114353841986
28.2,-406.782281361165,-37.74384772172313
28.22,-414.3064157022898,-18.79982608257328
28.24,-419.59808904963006,-2.8351793878990144
28.26,-422.6181049095513,10.817091701352757
28.28,-423.9288202917672,22.78777483342808
28.3,-423.0109197084896,34.034219220389126
28.32,-420.25522600948864,44.6196382281373
28.34,-416.1791957580221,53.772322866886135
28.36,-410.72598481635976,60.963308573272286
28.38,-403.8788715046776,66.70281007822074
28.4,-396.4012214668623,69.32826891997081
28.42,-388.10732872529576,68.58036560567147
28.44,-379.16288784764305,63.930385938673695
28.46,-369.45943944328434,55.48049546029179
28.48,-358.5320286887235,41.44529887083235
28.5,-346.31378140815025,22.41367720628084
28.52,-334.06578122282195,1.558638731228991
28.54,-323.7227490434016,-15.36654220530818
28.56,-314.9160349523158,-27.73418422191058
28.58,-308.4130119815816,-37.06658332271464
28.6,-303.314650829216,-43.52413223990341
28.62,-299.70806150020707,-49.030860790191134
28.64,-297.0657040960083,-52.81137498437466
28.66,-295.74255577722613,-56.01834677717822
28.68,-296.00819971070024,-58.579942233103694
28.7,-297.3282574979569,-60.25532093083352
28.72,-299.9636196784106,-61.288938271938086
28.74,-303.5590043559007,-61.397210936547104
28.76,-308.4130119815816,-59.80897331827342
28.78,-314.29100737229635,-56.07517788537205
28.8,-321.1860401990707,-49.9917769823703
28.82,-329.44898733639644,-40.73854352948969
28.84,-339.2188411761112,-27.487318373527785
28.86,-350.8265233643611,-8.620129489057653
28.88,-363.5407916509313,13.367247131120743
28.9,-375.530242687942,31.68511984996176
28.92,-385.48554473799544,45.240595615824375
28.94,-394.0471020611652,54.098530768336616
28.96,-401.3874157460992,59.55531296748252
28.98,-408.02297803473755,62.218244366523955
29.0,-413.2477315655748,62.57950334041922
29.02,-417.64152831005913,61.198477875394815
29.04,-420.9088291816926,58.42424557725843
29.06,-423.013705417558,54.94534276155264
29.08,-423.6678131665566,50.49203412755072
29.1,-423.0109197084896,45.4231459394926
29.12,-420.9088291816926,39.08694857314735
29.14,-417.4833743346888,32.15058864525878
29.16,-412.60102619763853,23.490244246387096
29.18,-405.95259034565,12.396037936335809
29.2,-396.9893348389445,-2.4514392224809782
29.22,-386.27182997595173,-21.069396359174743
29.24,-374.60065547372295,-40.6037474298035
29.26,-363.5407916509313,-56.31043863743504
29.28,-353.7908090821264,-67.1922467565137
29.3,-344.5269552290692,-73.0646568218383
29.32,-336.0425545388978,-74.96257992748329
29.34,-327.7334665804105,-72.94827833077589
29.36,-320.35592760292826,-67.90462744980915
29.38,-314.28693778080213,-60.03246101167384
29.4,-308.8297899082382,-49.84133496477767
29.42,-305.2799313466227,-38.14325894789536
29.44,-303.314650829216,-25.030856395914768
29.46,-303.56165618704614,-10.557319550976056
29.48,-306.1035750272405,5.760692209944567
29.5,-310.9480965276015,24.805550390051582
29.52,-317.8288123747503,46.61072590137061
29.54,-325.85270884271654,67.65912027715721
29.56,-332.87768995449994,85.62958424656814
29.58,-339.87473054427505,99.45674559017837
29.6,-346.3155881572513,110.111381012331
29.62,-353.204012655264,117.80207884656656
29.64,-360.2948212320786,122.37008705596259
29.66,-367.6700024024359,123.2250776571057
29.68,-375.16495497335274,121.33759642161932
29.7,-382.5991684326711,116.5500691444494
29.72,-389.8162759801326,109.3719199328056
29.74,-396.5765979907206,99.83152136141304
29.76,-402.6320836685976,88.7120995322538
29.78,-407.19474102429774,76.19130128965318
29.8,-409.9021041547505,62.45152122678768
29.82,-411.140730935996,48.04262654523197
29.84,-410.72598481635976,32.257452716457344
29.86,-407.61110260381207,15.433478867166135
29.88,-402.21563521658845,-4.633426629594106
29.9,-394.0497044165365,-28.49018224743149
29.92,-384.82967115358525,-53.51923383343704
29.94,-376.3785885127044,-74.45984409696656
29.96,-369.1695047229069,-91.02317311954864
29.98,-362.6579616238877,-104.4087506819451
30.0,-356.46198478773255,-114.24490672111465
30.02,-350.24486030685574,-121.9676782935996
30.04,-344.2449328971338,-126.5275204995415
30.06,-338.2880927259068,-129.18120106479563
30.08,-332.48417497206026,-130.4253588540324
30.1,-327.3246723712708,-129.86319179212447
30.12,-322.6599869265415,-128.32109594840804
30.14,-318.88180543587816,-126.68418340395208
30.16,-315.9616341375629,-124.81990488084516
30.18,-314.08266734762384,-122.87448968970652
30.2,-313.4547630974131,-120.44175535108208
30.22,-313.8707774907411,-118.09796842885925
30.24,-315.1274272489605,-115.62691174690264
30.26,-317.4120002447974,-112.72194713664103
30.28,-320.5421752143869,-109.15701399749337
30.3,-324.54574446439,-104.4087506819451
30.32,-329.1966003145203,-97.81641269248175
30.34,-334.7259429086653,-89.36969710492428
30.36,-340.80673408221963,-78.85341762217443
30.38,-347.8185244752533,-65.05033236071353
30.4,-356.16762334633137,-47.007036944408654
30.42,-366.5021437391004,-24.22182159239495
30.44,-377.95529750739325,1.6949487170221365
30.46,-387.58872911428415,24.30586609362181
30.48,-394.70108459588,42.21126187956071
30.5,-399.92448137593567,56.692213873028685
30.52,-403.4617746841127,69.73052976291186
30.54,-405.53549352508503,80.9787356613923
30.56,-405.95259034565,91.46574981922896
30.58,-405.53749800113934,101.60053208073175
30.6,-403.8768670286233,111.16623432476004
30.62,-400.97565580597814,119.336666486558
30.64,-397.2218851611962,128.96172407675084
30.66,-392.5816176681612,136.95810505060135
30.68,-387.1896541358886,145.01491159609364
30.7,-381.0179745823121,152.76393898082455
30.72,-374.24076181328616,160.00224363369887
30.74,-367.37972738143793,167.6644612011951
30.76,-360.2948212320786,174.17140227403027
30.78,-353.49636663854415,180.4623217342433
30.8,-346.66764295567606,186.32499768953224
30.82,-340.52692522076853,191.4640405615401
30.84,-335.11640639369114,195.73729502431848
30.86,-330.3649996179608,199.28516529889885
30.88,-326.67049963048703,201.4788235828124
30.9,-323.96323438156435,203.81206094644585
30.92,-322.0119869666608,204.6656810566548
30.94,-321.5991150499492,204.68355684230616
30.96,-322.0109696600019,204.0006688828636
30.98,-323.4853041219447,202.6969855053716
31.0,-326.5096167226649,200.5921654682643
31.02,-329.8533960985714,197.32421656193807
31.04,-334.459432913203,193.22364869623377
31.06,-339.87473054427505,188.52020756982768
31.08,-346.02790805919494,182.62100839998547
31.1,-352.6185831699184,175.5545775393661
31.12,-359.41235613178225,167.6644612011951
31.14,-366.5021437391004,159.12740203366275
31.16,-373.67118409792255,149.76202237478
31.18,-380.46961222511993,139.07844642021473
31.2,-386.53505652519584,127.16258191088863
31.22,-392.1779518410718,114.50126627019816
31.24,-396.5765979907206,101.10914057729283
31.26,-399.92448137593567,86.63924887589148
31.28,-401.80326242595066,71.83033357345182
31.3,-401.80326242595066,55.518349068655915
31.32,-399.5138706030544,38.1362287695878
31.34,-395.10794932747285,18.58043093681788
31.36,-388.24661980456307,-5.43076328985918
31.38,-378.886190540692,-32.69110686440512
31.4,-370.03694133093376,-57.38127538551022
31.42,-363.24674168343125,-77.70535205241137
31.44,-357.34580785670573,-93.83458655227491
31.46,-352.6185831699184,-107.86903786465174
31.48,-348.45475694268407,-119.71138828708878
31.5,-344.5269552290692,-129.6643691200014
31.52,-340.8070920828559,-138.0490523704786
31.54,-338.0146660176446,-145.2173677543933
31.56,-335.3849093151152,-152.9639795800888
31.58,-333.40616531906244,-160.23178840932488
31.6,-332.48300139887084,-167.93345178858982
31.62,-332.08610753180574,-176.895899040385
31.64,-332.48300139887084,-186.09970305621152
31.66,-333.5359644567923,-196.71237194980424
31.68,-335.3849093151152,-208.7550162811721
31.7,-337.3576554362377,-221.7528528818276
31.72,-339.22016832155066,-236.77492234289429
31.74,-341.0856031483938,-253.35131827420665
31.76,-342.0178903095657,-271.91983235428734
31.78,-342.0178903095657,-293.06942774644733
31.8,-340.52692522076853,-317.63065998698926
31.82,-338.0146660176446,-345.25049564593667
31.84,-336.70166403333127,-371.27693116346086
31.86,-337.7415048147168,-394.18530832563664
31.88,-341.1790695781157,-413.5187332546011
31.9,-346.31378140815025,-429.8025266240444
31.92,-352.6185831699184,-442.7959035018
31.94,-359.70718251488137,-452.77970039200096
31.96,-367.0868436132061,-458.90693075742183
31.98,-374.31540247187274,-461.67300014553894
32.0,-381.12479038289894,-461.03059960889806
32.02,-387.58872911428415,-457.68670829622624
32.04,-393.6409426812799,-451.40684346629985
32.06,-399.100241268386,-442.3767964932855
32.08,-404.4988315107898,-431.03367396378366
32.1,-409.0745178113036,-418.36070293914526
32.12,-412.8377670390421,-405.5348049706999
32.14,-415.1235660530084,-393.3837366809172
32.160000000000004,-415.7734223484829,-382.54698423523234
32.18,-414.71328043388263,-373.3470727864552
32.2,-411.78266361380986,-365.5149159492897
32.22,-407.61110260381207,-359.5832787186936
32.24,-401.80326242595066,-355.9188277762409
32.26,-394.4576899823717,-354.5537912272208
32.28,-385.8784005729704,-356.2378845275124
32.3,-376.0958775642111,-360.75924832129783
32.32,-365.59358015373385,-367.28681150534527
32.34,-354.9920976545913,-373.61983226756166
32.36,-344.81370955603967,-377.5794838971718
32.38,-335.7747972836545,-378.1780926899021
32.4,-327.98312553687293,-375.5298939755288
32.42,-321.83244913978746,-370.15445450903246
32.44,-316.3795175607085,-361.8109942519953
32.46,-313.03472883222526,-351.3563472950311
32.480000000000004,-311.36512061853944,-339.0566487740412
32.5,-311.36512061853944,-324.8970998753447
32.52,-313.03472883222526,-309.5671641995979
32.54,-315.54358753902164,-294.0769585839081
32.56,-318.46573820035337,-279.6388732358929
32.58,-322.0119869666608,-267.62942398658953
32.6,-325.85270884271654,-257.4893592473233
32.62,-329.70630352955567,-249.6593658053739
32.64,-334.45659287332273,-243.963968627492
32.660000000000004,-339.5977146588394,-240.82683319136865
32.68,-345.09896255789005,-240.6430691629184
32.7,-351.45229128737725,-243.15451826008072
32.72,-358.23084012715674,-249.0146415058153
32.74,-364.71343334300894,-257.3926945422607
32.76,-371.2467555657648,-269.5986184098675
32.78,-376.7446675669945,-284.32475528555
32.8,-380.7446935403032,-301.44910563228734
32.82,-382.9822991714668,-321.36610609527435
32.84,-382.9822991714668,-344.15662577610306
32.86,-380.09180554077005,-370.9036739904977
32.88,-376.0958775642111,-399.39301583174984
32.9,-373.3864569705677,-424.32802742635056
32.92,-372.17211535694634,-445.9511788344727
32.94,-372.4590855733132,-465.04375333961207
32.96,-373.3864569705677,-482.15199408015366
32.980000000000004,-374.8846550420609,-497.1406532268159
33.0,-376.3785885127044,-511.4236082494178
33.02,-377.95529750739325,-524.2179974973552
33.04,-379.16288784764305,-536.0494403656403
33.06,-379.81511435687815,-546.5823190909382
33.08,-379.81511435687815,-557.1797484019297
33.1,-379.5396344854877,-566.9616146142021
33.12,-378.6076309475431,-577.2976672569712
33.14,-377.0261209463961,-588.2457704771432
33.160000000000004,-375.16495497335274,-599.22258262587
33.18,-372.4581353074069,-612.0869684957278
33.2,-369.1695047229069,-626.3287929452815
33.22,-365.00847933521374,-642.8967654327025
33.24,-359.41235613178225,-662.3630545918968
33.26,-351.74242830895236,-686.1619013114216
33.28,-342.6696974627683,-713.6183179859675
33.3,-335.11640639369114,-739.4482917717501
33.32,-330.10812262816904,-760.6696839937981
33.34,-327.32650480831205,-778.7599755820653
33.36,-326.67049963048703,-795.1654375704014
33.38,-327.32650480831205,-810.5253821895207
33.4,-329.45074535135205,-824.8050648298837
33.42,-332.87768995449994,-838.399049636536
33.44,-337.0876623610865,-850.6224611726116
33.46,-342.0178903095657,-862.0170887823822
33.480000000000004,-347.24224967281634,-872.6809560663131
33.5,-352.6185831699184,-882.2910351568645
33.52,-358.5320286887235,-891.7087319881039
33.54,-364.12839439576373,-900.9933729622464
33.56,-369.45943944328434,-909.0627981376769
33.58,-374.8846550420609,-917.2015939497197
33.6,-379.5396344854877,-925.9645187954909
33.62,-383.90665412434976,-934.7593994426392
33.64,-387.4515051250948,-943.3211586142932
33.660000000000004,-390.47165896128047,-952.5667686242674
33.68,-392.58527102340815,-962.3408816552048
33.7,-394.0471020611652,-972.7151284511827
33.72,-394.29079897675433,-983.87550414006
33.74,-393.397250040861,-996.1150977298461
33.76,-391.27615364419967,-1009.6300164411192
33.78,-387.8504539503632,-1024.7369009726456
33.8,-382.71270099643135,-1041.9409349169366
33.82,-375.16943213262886,-1063.4404801352139
33.84,-365.59358015373385,-1089.59072293049
33.86,-356.16762334633137,-1114.7498847494987
33.88,-348.74285671604633,-1135.2718339481814
33.9,-342.9514335856824,-1151.7029518589368
33.92,-338.6683250739607,-1165.5522462103067
33.94,-335.3849093151152,-1177.1614581924196
33.96,-333.1397090929735,-1187.6816573248343
33.980000000000004,-331.4259886323603,-1196.84898169147
34.0,-330.3649996179608,-1204.7832734038109
34.02,-330.10812262816904,-1211.9863259957951
34.04,-330.50946539195223,-1218.5918616440124
34.06,-331.82283298572537,-1225.345969813724
34.08,-333.80005064059213,-1232.3239658323175
34.1,-336.04404180668695,-1238.4364145193115
34.12,-339.4972425247389,-1245.2589574412104
34.14,-343.3167969443202,-1252.807283011095
34.160000000000004,-347.5302828467401,-1260.9100912058516
34.18,-352.3255709217677,-1269.4055338194087
34.2,-357.3578627932882,-1279.5627097061072
34.22,-362.6579616238877,-1290.0498406755316
34.24,-367.6700024024359,-1302.1073022227915
34.26,-372.4590855733132,-1315.3821210999774
34.28,-376.7446675669945,-1330.1588934024614
34.300000000000004,-379.81511435687815,-1346.180540258662
34.32,-381.671415783728,-1363.8197951953616
34.34,-381.671415783728,-1383.0380082437837
34.36,-379.5396344854877,-1404.4057007780743
34.38,-374.8846550420609,-1430.2204878103207
34.4,-367.96207374238554,-1459.2111997542631
34.42,-362.0565022364745,-1486.4326759988055
34.44,-357.94476064029266,-1509.3788861890819
34.46,-355.87357337883145,-1528.8409009803158
34.480000000000004,-354.9924279961764,-1546.5731800609635
34.5,-355.28597063399894,-1562.7731661499288
34.52,-356.46198478773255,-1577.7497362628533
34.54,-357.6522943868272,-1592.0279978160072
34.56,-359.41235613178225,-1605.3090083296277
34.58,-361.174980677476,-1618.9477485618374
34.6,-362.9523802420302,-1632.0791015451916
34.62,-364.42193703358635,-1645.393235628649
34.64,-365.88360940904334,-1659.2977496854764
34.660000000000004,-366.79578185984434,-1673.5069554326644
34.68,-366.79578185984434,-1689.0077776136095
34.7,-366.2103523744987,-1705.838932212342
34.72,-364.42193703358635,-1724.405687759922
34.74,-360.58758269459344,-1745.358961823331
34.76,-354.9924279961764,-1770.485819406728
34.78,-347.8788096500257,-1799.385005270785
34.800000000000004,-342.0178903095657,-1826.1891733590785
34.82,-338.5633448579539,-1848.7954891010872
34.84,-337.6322473036034,-1868.306776192789
34.86,-338.2880927259068,-1885.865341480924
34.88,-340.52692522076853,-1902.0381497345184
34.9,-343.88412234182067,-1916.6819832516928
34.92,-348.1657601107023,-1930.6367240645843
34.94,-352.9102557315167,-1942.2498494086944
34.96,-357.6407420535967,-1953.5070466617128
34.980000000000004,-362.3632828385944,-1962.9512548364485
35.0,-367.0868436132061,-1971.0307916817296
35.02,-371.2467555657648,-1978.697648801416
35.04,-375.16495497335274,-1985.3774641515577
35.06,-378.2352954516471,-1991.280537273355
35.08,-381.0179745823121,-1996.6466899489335
35.1,-383.2500838552001,-2002.4354871078513
35.12,-384.5647621489565,-2006.680695183172
35.14,-385.48554473799544,-2011.7111827427557
35.160000000000004,-385.48554473799544,-2016.474714694652
35.18,-385.2194913910961,-2021.490652482422
35.2,-383.9096542969325,-2027.1557281941332
35.22,-382.5949425977296,-2033.5544884838769
35.24,-380.46961222511993,-2040.6322104027029
35.26,-377.95529750739325,-2049.471027875041
35.28,-375.16943213262886,-2059.8741720597936
35.300000000000004,-371.53555537973693,-2072.0129505414598
35.32,-367.0868436132061,-2086.6913228221124
35.34,-361.4696043894701,-2104.3519904684545
35.36,-353.8207848760288,-2125.985882470652
35.38,-345.09896255789005,-2151.3870342692035
35.4,-337.0876623610865,-2175.6437130352606
35.42,-331.5639110793996,-2196.0595021619265
35.44,-328.1364159579752,-2212.8299490091513
35.46,-326.67049963048703,-2227.5920399878887
35.480000000000004,-326.26313284595574,-2241.1258769243045
35.5,-327.32650480831205,-2253.494206156964
35.52,-329.70630352955567,-2263.935409116084
35.54,-332.7456741319816,-2273.979363410609
35.56,-336.43068222720507,-2282.744322206895
35.58,-340.80390034912585,-2289.9419233962285
35.6,-345.09896255789005,-2295.607643435052
35.62,-349.95235607069395,-2299.5248655912887
35.64,-354.40588569454894,-2301.8678953960953
35.660000000000004,-358.8247747046767,-2302.0879871250786
35.68,-362.9523802420302,-2300.8315566535257
35.7,-366.5021437391004,-2297.331032445466
35.72,-369.7498962157276,-2291.587370394069
35.74,-372.74672207408656,-2283.8214486182724
35.76,-375.4501940880072,-2274.0539014860233
35.78,-378.2324847298669,-2262.009471125285
35.800000000000004,-381.12479038289894,-2248.0303787342227
35.82,-384.29664067343634,-2231.4670649486097
35.84,-388.5027666663058,-2211.685915425427
35.86,-392.58527102340815,-2189.804417712645
35.88,-395.9290609078181,-2168.5791730467786
35.9,-397.2218851611962,-2149.855837120064
35.92,-396.5765979907206,-2133.6939146817326
35.94,-393.64204401248384,-2120.237550881854
35.96,-389.56096893119127,-2108.677998171913
35.980000000000004,-383.9096542969325,-2100.334361997095
36.0,-377.67661860561384,-2094.378309649382
36.02,-370.95697619698217,-2091.691298875907
36.04,-363.5407916509313,-2092.2191575073975
36.06,-355.87357337883145,-2096.8193988943713
36.08,-347.8185244752533,-2104.8545850959445
36.1,-339.22016832155066,-2116.301195708112
36.12,-330.5073542483598,-2130.062378900177
36.14,-322.8959858231672,-2143.7836649504407
36.16,-316.3796361975375,-2155.443178261151
36.18,-311.7817907043588,-2164.670889061345
36.2,-308.8297899082382,-2171.728892653771
36.22,-307.1666811595343,-2177.2724004918414
36.24,-306.9335103222014,-2181.603051860917
36.26,-307.99932710533864,-2184.443075130642
36.28,-310.72547873368063,-2185.778415655416
36.3,-314.08069194931505,-2185.3797939250585
36.32,-318.88180543587816,-2183.2431560238333
36.34,-325.2001110654716,-2178.437836159728
36.36,-332.48417497206026,-2170.706154505387
36.38,-341.4574491213003,-2159.6691423336283
36.4,-351.45229128737725,-2146.66428515619
36.42,-361.4696043894701,-2134.2364659247746
36.44,-370.6696359717612,-2125.0118897845337
36.46,-378.88494147886786,-2119.2526964139415
36.48,-385.8784005729704,-2117.213011073887
36.5,-392.33588094637986,-2118.2420872124458
36.52,-397.63364483992,-2122.212407269709
36.54,-401.80326242595066,-2128.30114353842
36.56,-404.70517678151646,-2136.4196111184733
36.58,-405.95259034565,-2146.19972122602
36.6,-405.5395024649953,-2158.1444101989914
36.62,-403.4617746841127,-2171.8441561306167
36.64,-399.51226087501226,-2187.972223202647
36.66,-394.0497044165365,-2205.249185042357
36.68,-388.24661980456307,-2221.606964044841
36.7,-382.5991684326711,-2235.619229859946
36.72,-377.30566146254176,-2246.597973730159
36.74,-371.88408218302266,-2254.167494099943
36.76,-366.79332915293946,-2259.71540512022
36.78,-361.174980677476,-2261.907410893631
36.8,-355.57959081236964,-2261.674942346888
36.82,-349.95235607069395,-2258.196617781842
36.84,-344.5269552290692,-2251.8811561789435
36.86,-339.5977146588394,-2243.090667458207
36.88,-335.3849093151152,-2231.7840346746666
36.9,-332.08610753180574,-2218.536695671922
36.92,-330.767169822042,-2203.450500605633
36.94,-330.9088291816926,-2185.724111124719
36.96,-333.40616531906244,-2165.087789412613
36.98,-338.0146660176446,-2141.2821511523143
37.0,-343.31848746555164,-2116.792462928187
37.02,-347.8185244752533,-2095.45041129641
37.04,-351.11820565640573,-2077.610774556
37.06,-353.204012655264,-2062.7221119869764
37.08,-354.9920976545913,-2049.3269613677653
37.1,-356.46198478773255,-2038.0737184543375
37.12,-357.65029308046405,-2028.9837809513488
37.14,-359.11954379768406,-2020.7826386964043
37.16,-360.58758269459344,-2014.462952602532
37.18,-362.0565022364745,-2009.684280755564
37.2,-363.834774217393,-2006.017089645041
37.22,-365.88360940904334,-2003.181377002228
37.24,-367.6700024024359,-2001.4922692012487
37.26,-369.45943944328434,-2000.6173055905713
37.28,-371.2467555657648,-1999.7510987297703
37.3,-372.4590855733132,-1999.7041653373255
37.32,-373.67118409792255,-1999.4469828621973
37.34,-374.5996527407104,-2000.041909223748
37.36,-374.8846550420609,-2000.2995231172724
37.38,-375.16495497335274,-2001.0526328976855
37.4,-374.8846550420609,-2001.785453422564
37.42,-374.31540247187274,-2002.8325643740664
37.44,-373.3864569705677,-2004.24593968928
37.46,-372.4590855733132,-2006.094084193068
37.48,-370.95960808707866,-2007.9532687609733
37.5,-369.45821400009913,-2011.617788628654
37.52,-367.96207374238554,-2015.4112975908436
37.54,-366.79578185984434,-2021.0402816840851
37.56,-365.00847933521374,-2027.8267206705273
37.58,-363.5407916509313,-2036.018388252932
37.6,-362.06855717305694,-2045.9651949937736
37.62,-360.0,-2057.701117705631
37.64,-357.6407420535967,-2071.5772666118937
37.66,-354.40588569454894,-2087.5282889906093
37.68,-350.2442062995733,-2106.6191458209605
37.7,-344.5269552290692,-2129.4064354431043
37.72,-338.2880927259068,-2154.1991420931586
37.74,-333.5359644567923,-2176.7404256980653
37.76,-331.1666494771944,-2195.9167471206283
37.78,-330.767169822042,-2212.260494177486
37.8,-332.08610753180574,-2226.8247482009883
37.82,-334.7259429086653,-2239.421300366388
37.84,-338.2880927259068,-2249.785612545058
37.86,-342.6696974627683,-2258.5354910114934
37.88,-347.5302828467401,-2264.5202950363414
37.9,-352.3275214165567,-2268.0709544651563
37.92,-357.34580785670573,-2269.4044222766142
37.94,-362.0565022364745,-2267.628095408476
37.96,-366.79578185984434,-2263.5501253889183
37.98,-371.2467555657648,-2256.7924383693025
38.0,-375.8118039913877,-2247.5328371315527
38.02,-380.09180554077005,-2235.646933833042
38.04,-385.2210529424156,-2220.520716034083
38.06,-390.47165896128047,-2203.1193474593674
38.08,-395.51834643752255,-2184.5143007262227
38.1,-399.100241268386,-2167.0017576354353
38.12,-400.97565580597814,-2152.529337741779
38.14,-400.7553438453174,-2139.6371354180105
38.16,-399.100241268386,-2128.8747135574263
38.18,-396.16412800559914,-2120.237550881854
38.2,-391.6808984493522,-2113.857504891976
38.22,-386.5334381769491,-2109.64174864786
38.24,-380.09180554077005,-2108.4775494029764
38.26,-373.3864569705677,-2110.511965529424
38.28,-365.59358015373385,-2115.917417257273
38.3,-357.3578627932882,-2124.439281807144
38.32,-348.1657601107023,-2136.361384241275
38.34,-339.2188411761112,-2150.0341070473646
38.36,-330.767169822042,-2162.0928368461155
38.38,-324.3758511759649,-2171.2769311634606
38.4,-318.88180543587816,-2177.828996204424
38.42,-314.91400015340366,-2181.911823151104
38.44,-312.3992994941172,-2184.5742994333264
38.46,-310.9480965276015,-2185.4689640705233
38.48,-310.72547873368063,-2184.6129358990206
38.5,-311.7817907043588,-2182.7987328617633
38.52,-314.28693778080213,-2179.4469010750176
38.54,-317.4123802588353,-2174.1433415495007
38.56,-322.42503019081823,-2166.39090980741
38.58,-328.793462480926,-2156.5157787438247
38.6,-336.70166403333127,-2144.0948067681916
38.62,-345.45691015131,-2130.512156563989
38.64,-354.11525900770687,-2119.012593919276
38.66,-362.3632828385944,-2110.6989115347315
38.68,-369.45821400009913,-2105.775468376582
38.7,-376.0958775642111,-2104.0474947487846
38.72,-382.3266908322808,-2105.540039673352
38.74,-387.58872911428415,-2109.988448860678
38.76,-391.93099069507383,-2116.692008977182
38.78,-395.10794932747285,-2126.080203200778
38.8,-396.9893348389445,-2137.1530132179864
38.82,-397.2218851611962,-2150.6247401288074
38.84,-395.51834643752255,-2166.5849675782747
38.86,-391.93099069507383,-2184.5385990126774
38.88,-387.58872911428415,-2203.23004653543
38.9,-382.9822991714668,-2220.9599142439515
38.92,-378.6076309475431,-2235.8954508028887
38.94,-374.8846550420609,-2248.1544182284288
38.96,-371.2467555657648,-2257.3237640069447
38.98,-367.6700024024359,-2265.0037657410735
39.0,-364.12839439576373,-2269.727099057301
39.02,-360.0,-2272.193224402232
39.04,-356.16762334633137,-2271.998435092085
39.06,-352.03463764832475,-2269.439637043856
39.08,-347.8788096500257,-2264.5202950363414
39.1,-343.88412234182067,-2257.8164126924817
39.12,-340.52692522076853,-2248.665564905043
39.14,-338.0146660176446,-2237.7572452763884
39.16,-336.31500280549284,-2224.721913830444
39.18,-336.04404180668695,-2209.7181362706847
39.2,-337.35907416697194,-2192.3506750142815
39.22,-340.80673408221963,-2171.958137612099
39.24,-346.31378140815025,-2148.3968590404365
39.26,-352.03463764832475,-2124.4956426961166
39.28,-356.77145782273874,-2103.777457086009
39.3,-360.0,-2086.2785170955626
39.32,-362.0565022364745,-2071.8792517024053
39.34,-363.5407916509313,-2059.33532869728
39.36,-364.42193703358635,-2048.489949112991
39.38,-365.00847933521374,-2039.4790968009208
39.4,-365.59358015373385,-2032.2982843386817
39.42,-365.88360940904334,-2026.752874201912
39.44,-366.5021437391004,-2022.6928250215335
39.46,-367.0868436132061,-2020.07319556452
39.48,-367.6700024024359,-2018.961761800463
39.5,-368.2515058641986,-2018.961761800463
39.52,-368.878752644452,-2020.694621390864
39.54,-369.45821400009913,-2023.377817384284
39.56,-370.03694133093376,-2027.541922299648
39.58,-370.6696359717612,-2033.1848318392551
39.6,-370.95960808707866,-2040.3805391770368
39.62,-370.95960808707866,-2048.765843412261
39.64,-370.95697619698217,-2059.1358762159944
39.66,-370.03694133093376,-2071.0877368857327
39.68,-368.2961593733569,-2084.8828103180817
39.7,-365.59358015373385,-2101.131884883599
39.72,-361.1769857756571,-2120.6288156862806
39.74,-355.28597063399894,-2143.380931449993
39.76,-349.03301725008544,-2167.967323750887
39.78,-343.88240087171795,-2190.2003206148315
39.8,-340.80673408221963,-2208.7448407529514
39.82,-339.5977146588394,-2224.171168744422
39.84,-339.5977146588394,-2237.966297003245
39.86,-340.52692522076853,-2250.4242008760584
39.88,-342.6696974627683,-2260.1756742862294
39.9,-345.09896255789005,-2268.740574221536
39.92,-347.8185244752533,-2275.2425713121224
39.94,-350.8265233643611,-2279.868114077783
39.96,-353.8207848760288,-2282.5227570849775
39.98,-356.756403405875,-2283.1455706907104
40.0,-359.41235613178225,-2281.4678942587543
40.02,-361.76407194929857,-2277.9945080482407
40.04,-364.12839439576373,-2272.5076222230177
40.06,-366.5021437391004,-2264.420997615048
40.08,-368.5878416654016,-2254.1937002072664
40.1,-371.2467555657648,-2242.4419836416614
40.12,-374.24076181328616,-2227.722736585777
40.14,-377.95529750739325,-2210.332253995143
40.16,-382.32670266867626,-2189.957114503941
40.18,-386.53505652519584,-2169.107035670012
40.2,-389.16257164936167,-2150.181917439451
40.22,-390.2169805495093,-2133.7948929091567
40.24,-389.16257164936167,-2120.1897269424358
40.26,-386.7967113094568,-2108.677998171913
40.28,-383.2529158151791,-2099.484152019477
40.3,-378.886190540692,-2093.128986949868
40.32,-373.67118409792255,-2088.940219338168
40.34,-368.2961593733569,-2087.196873382594
40.36,-362.3487296726282,-2088.309569120377
40.38,-356.46198478773255,-2092.9327922870143
40.4,-349.95235607069395,-2100.739326264228
40.42,-343.2345668812272,-2111.442808484516
40.44,-336.04404180668695,-2124.4956426961166
40.46,-329.44898733639644,-2138.840491623708
40.48,-323.72530704855114,-2152.199595344329
40.5,-319.2977257004874,-2163.3586362474816
40.52,-316.99728988766407,-2172.2661809286
40.54,-315.7493137765312,-2179.328829907549
40.56,-316.16480156406845,-2184.596064003598
40.58,-317.4141970945008,-2188.363387443102
40.6,-320.1277777986437,-2190.5317304944006
40.62,-324.1331252667717,-2190.8301607719795
40.64,-328.793462480926,-2188.58873030538
40.66,-334.7259429086653,-2184.357205404689
40.68,-341.73774642414884,-2176.9609707318714
40.7,-349.95235607069395,-2166.3932088482857
40.72,-358.8247747046767,-2154.020735814648
40.74,-367.6700024024359,-2142.540220998857
40.76,-375.530242687942,-2133.528507534656
40.78,-382.32670266867626,-2127.440113470522
40.8,-388.5027666663058,-2124.663541126317
40.82,-393.23255012798575,-2124.4343159538926
40.84,-396.9893348389445,-2126.313061759078
40.86,-399.92448137593567,-2130.557203279944
40.88,-401.1692637536166,-2136.329672127255
40.9,-401.3913869950253,-2144.105729292254
40.92,-400.3398472184591,-2153.5013507240687
40.94,-397.6317014159529,-2164.784115688733
40.96,-393.23255012798575,-2178.2336141074347
40.98,-387.58872911428415,-2193.344772949885
41.0,-381.39969901211816,-2208.0696420642207
41.02,-375.4501940880072,-2220.2191073391305
41.04,-369.7498962157276,-2229.690427190113
41.06,-364.42193703358635,-2236.335530175464
41.08,-359.11954379768406,-2240.101238623766
41.1,-354.1113140466473,-2241.0635318045393
41.12,-349.37367012306044,-2239.4445564630537
41.14,-344.8127066390444,-2235.289058314669
41.16,-340.80673408221963,-2228.0982387886784
41.18,-337.6322473036034,-2219.1490870121856
41.2,-335.3849093151152,-2207.6648809442727
41.22,-334.7259429086653,-2194.1162363442786
41.24,-335.3849093151152,-2177.906620028472
41.26,-338.0146660176446,-2158.9556577558674
41.28,-342.38710010569366,-2137.894577047815
41.3,-346.60168951602515,-2117.138894540313
41.32,-349.95615102966366,-2099.192809826617
41.34,-352.6185831699184,-2083.869478427732
41.36,-354.6969640794365,-2071.738974574661
41.38,-356.16762334633137,-2061.2232719417048
41.4,-357.3578627932882,-2053.1295578298727
41.42,-358.8247747046767,-2047.0573445638263
41.44,-360.0,-2042.636315874232
41.46,-361.77362297616605,-2040.5734977223624
41.48,-363.5407916509313,-2040.4516116809605
41.5,-365.29910602205575,-2042.0441901334916
41.52,-367.0868436132061,-2045.8878721953265
41.54,-368.878752644452,-2051.4946362546343
41.56,-370.6696359717612,-2059.1934084499035
41.58,-371.88408218302266,-2068.6984537291632
41.6,-372.4590855733132,-2080.2695019418866
41.62,-372.17211535694634,-2093.396948024172
41.64,-370.6696359717612,-2108.689471618443
41.66,-367.6700024024359,-2127.182058088923
41.68,-363.24674168343125,-2149.102775740977
41.7,-357.65029308046405,-2172.83989098704
41.72,-353.204012655264,-2194.6943903621327
41.74,-350.2442062995733,-2212.777909812805
41.76,-348.74285671604633,-2228.1739124790606
41.78,-348.45475694268407,-2241.347572061404
41.8,-349.03301725008544,-2252.59448221256
41.82,-350.2442062995733,-2261.7927185710446
41.84,-351.74242830895236,-2269.2068039976843
41.86,-353.204012655264,-2274.6588897400848
41.88,-354.9920976545913,-2278.0229416856646
41.9,-356.46198478773255,-2279.4297148398286
41.92,-357.94476064029266,-2279.2734144210312
41.94,-359.11954379768406,-2276.5158153878087
41.96,-360.2948212320786,-2272.204749226245
41.98,-361.174980677476,-2265.7967811401395
42.0,-362.3632828385944,-2257.565281123285
42.02,-363.834774217393,-2246.774400388208
42.04,-365.3030509831154,-2234.203948553308
42.06,-367.96207374238554,-2219.045499023819
42.08,-371.2467555657648,-2200.9539291666542
42.1,-375.8145849946672,-2180.1763298923875
42.12,-379.81511435687815,-2159.060652054034
42.14,-382.3266908322808,-2140.0657617046018
42.16,-383.2500838552001,-2123.7682977303093
42.18,-382.32670266867626,-2110.2696356437423
42.2,-380.46961222511993,-2099.1407612058265
42.22,-377.5826326182501,-2090.1534296741165
42.24,-373.95473068744593,-2083.709696833784
42.26,-369.7454316103271,-2078.9310192020575
42.28,-365.29910602205575,-2077.310974646141
42.3,-360.58758269459344,-2078.4177777674454
42.32,-355.87357337883145,-2081.447051818037
42.34,-351.11820565640573,-2087.9838682141008
42.36,-346.02790805919494,-2096.670507781832
42.38,-340.80673408221963,-2108.28390555873
42.4,-335.3849093151152,-2122.1334745027125
42.42,-330.10812262816904,-2137.311836290221
42.44,-325.85536067386204,-2151.634106157835
42.46,-323.3094486929028,-2163.7828143203888
42.48,-321.5991150499492,-2173.7350154193205
42.5,-322.0119869666608,-2182.0807109044863
42.52,-323.72530704855114,-2188.395266082803
42.54,-326.5096167226649,-2192.9452262117857
42.56,-329.8533960985714,-2195.423132396212
42.58,-334.72439136205566,-2195.4960418276783
42.6,-340.1518031511476,-2193.1702266600687
42.62,-346.66764295567606,-2188.0312518876235
42.64,-354.1113140466473,-2179.8558190017848
42.66,-362.3632828385944,-2169.5110811844575
42.68,-370.6696359717612,-2158.0512267042354
42.7,-378.2352954516471,-2148.3599819485994
42.72,-384.82967115358525,-2141.0099388791655
42.74,-390.2169805495093,-2136.499383763836
42.76,-394.4576899823717,-2134.457485847054
42.78,-397.6355883635844,-2134.3598181606217
42.8,-399.92448137593567,-2135.8046925962512
42.82,-400.5619833406188,-2139.783691605839
42.84,-400.3398472184591,-2144.5212462236727
42.86,-398.688380213403,-2151.479633026551
42.88,-395.7569247380516,-2160.341231708516
42.9,-391.27615364419967,-2171.03919709523
42.92,-385.87558224320503,-2183.4367477200976
42.94,-379.16288784764305,-2196.560430100552
42.96,-372.74672207408656,-2207.804345902134
42.98,-366.79578185984434,-2216.542904429419
43.0,-360.8823363410392,-2222.5261468820686
43.02,-355.57959081236964,-2225.656489155997
43.04,-350.53561238531074,-2226.3210344677454
43.06,-346.02790805919494,-2223.9502066771615
43.08,-341.73774642414884,-2218.797370013071
43.1,-338.5633448579539,-2211.544163897282
43.12,-336.04404180668695,-2202.138903135753
43.14,-335.11640639369114,-2189.957114503941
43.16,-335.3849093151152,-2175.849964546873
43.18,-337.0876623610865,-2159.100072172137
43.2,-340.52692522076853,-2140.4379295973176
43.22,-344.2449328971338,-2121.513738460432
43.24,-347.5302828467401,-2104.687628242381
43.26,-350.2442062995733,-2090.539780945255
43.28,-352.3255709217677,-2078.785215753884
43.3,-354.1113140466473,-2070.0324022171635
43.32,-355.57930084577174,-2062.7221119869764
43.34,-357.34580785670573,-2057.6759646918617
43.36,-358.8247747046767,-2054.6498430025654
43.38,-360.58758269459344,-2053.98075570159
43.4,-362.6577534934586,-2055.4256155019198
43.42,-364.42193703358635,-2058.955431880204
43.44,-366.2103523744987,-2064.2995970477996
43.46,-367.96207374238554,-2071.917792091439
43.48,-369.1695047229069,-2081.905522033805
43.5,-369.45943944328434,-2093.4373997067228
43.52,-368.878752644452,-2107.6648750401746
43.54,-367.0868436132061,-2124.4331976700355
43.56,-363.834774217393,-2144.042245736784
43.58,-359.7051736169009,-2165.938711235296
43.6,-355.57959081236964,-2187.014447836444
43.62,-353.204012655264,-2205.334281780084
43.64,-351.74242830895236,-2220.8086194689968
43.66,-351.74242830895236,-2233.21589165587
43.68,-352.3275214165567,-2244.540198659481
43.7,-353.7908090821264,-2252.848474939932
43.72,-355.28597063399894,-2259.367302502314
43.74,-356.756403405875,-2263.7326279153244
43.76,-358.5320286887235,-2266.251440764688
43.78,-360.0,-2266.453397108562
43.8,-361.4696043894701,-2264.7590978868475
43.82,-362.6579616238877,-2260.913032804883
43.84,-364.12839439576373,-2254.815974983165
43.86,-365.29910602205575,-2246.397787900843
43.88,-367.0868436132061,-2236.37367196935
43.9,-368.878752644452,-2223.556873899384
43.92,-371.53555537973693,-2208.4682323184315
43.94,-374.8839350777292,-2190.6625746910977
43.96,-378.5121803709173,-2171.5665554802554
43.98,-381.39969901211816,-2153.0843895268667
44.0,-382.71270099643135,-2137.3259756115453
44.02,-382.3266908322808,-2123.5906953583453
44.04,-380.7446935403032,-2112.6551245672326
44.06,-378.2352954516471,-2103.891543100881
44.08,-374.8846550420609,-2097.3108266770064
44.1,-370.6696359717612,-2093.386470365173
44.12,-366.2103523744987,-2091.8609948367375
44.14,-361.4696043894701,-2092.7822736642747
44.16,-356.46198478773255,-2096.2294817752927
44.18,-351.1628591655641,-2102.963671753585
44.2,-345.74140143987694,-2112.0715774366454
44.22,-339.87473054427505,-2123.3012183237884
44.24,-334.191750329424,-2136.1471386534004
44.26,-329.1966003145203,-2148.3968590404365
44.28,-325.85270884271654,-2159.2014782994393
44.3,-323.0730686389139,-2168.245882484087
44.32,-322.24662765439064,-2175.122707254249
44.34,-322.8959858231672,-2180.490122740229
44.36,-324.3758511759649,-2183.920292725837
44.38,-326.67049963048703,-2185.3797939250585
44.4,-330.3649996179608,-2185.054497149414
44.42,-335.11640639369114,-2182.5869709613426
44.44,-340.80673408221963,-2177.4810994608206
44.46,-347.24224967281634,-2169.9503548512153
44.48,-354.9920976545913,-2160.6556775382182
44.5,-362.6579616238877,-2150.6187355485245
44.52,-370.03694133093376,-2141.739262558776
44.54,-376.3785885127044,-2135.6517647138808
44.56,-382.3266908322808,-2131.611995836339
44.58,-386.9301900577024,-2130.4152930068326
44.6,-390.47165896128047,-2131.0439334720418
44.62,-393.23255012798575,-2134.2049553206866
44.64,-394.70108459588,-2139.3169534018
44.66,-395.10794932747285,-2146.402433336721
44.68,-394.29079897675433,-2154.9457853591334
44.7,-391.93099069507383,-2165.424800921676
44.72,-388.5027666663058,-2177.819381836888
44.74,-383.6394253840295,-2191.40423799848
44.76,-378.6076309475431,-2204.3869281442385
44.78,-373.67118409792255,-2215.240033045562
44.8,-369.1695047229069,-2223.588536096705
44.82,-364.71506682397165,-2229.7871512238166
44.84,-360.2948212320786,-2233.10054026177
44.86,-356.46198478773255,-2234.2364414786243
44.88,-352.6185831699184,-2232.6254850106857
44.9,-349.03301725008544,-2228.653743302258
44.92,-346.02790805919494,-2222.490388328836
44.94,-343.88240087171795,-2213.741471530313
44.96,-342.38710010569366,-2202.968024920513
44.98,-342.10870356722097,-2189.707211677357
45.0,-343.31848746555164,-2173.983899966892
45.02,-346.02790805919494,-2155.97399248205
45.04,-349.32221464116145,-2136.512126644277
45.06,-352.3275214165567,-2118.612263462575
45.08,-354.699298205791,-2103.2664618878125
45.1,-356.16762334633137,-2090.2250516759627
45.12,-357.0510821911683,-2079.9536125774925
45.14,-357.65029308046405,-2072.11008038018
45.16,-357.94476064029266,-2065.7165349583142
45.18,-358.5320286887235,-2061.832682729113
45.2,-358.8247747046767,-2059.6567050167305
45.22,-359.41235613178225,-2059.6758775635208
45.24,-359.70718251488137,-2061.6080182317774
45.26,-360.2948212320786,-2065.8043735509505
45.28,-360.8823363410392,-2072.2663937598168
45.3,-361.174980677476,-2080.403486929708
45.32,-360.8823363410392,-2091.0720748947806
45.34,-360.0,-2103.602350244275
45.36,-358.23737925410563,-2119.012593919276
45.38,-355.57930084577174,-2136.9277797660675
45.4,-352.03463764832475,-2156.759713452836
45.42,-349.03301725008544,-2176.2331467787526
45.44,-347.5302828467401,-2192.691106864405
45.46,-346.95622972235583,-2207.2705996398595
45.48,-347.8185244752533,-2219.039098425469
45.5,-349.6134860378985,-2228.391199793886
45.52,-351.74242830895236,-2235.486896965008
45.54,-354.40588569454894,-2240.13623204251
45.56,-357.34580785670573,-2243.331727959144
45.58,-360.2948212320786,-2243.500794552271
45.6,-363.5407916509313,-2241.8334226749303
45.62,-366.5021437391004,-2237.5227325031087
45.64,-369.7498962157276,-2231.012822441048
45.66,-373.09877687251145,-2222.1899916874604
45.68,-376.7446675669945,-2210.8074536645154
45.7,-380.7433473350554,-2197.6486384164305
45.72,-384.29664067343634,-2182.963860901501
45.74,-387.4515051250948,-2168.2845567575378
45.76,-389.16257164936167,-2155.97399248205
45.78,-389.8135442989509,-2145.2296023187105
45.8,-388.9042396701563,-2136.5405967574725
45.82,-386.9301900577024,-2129.80552013794
45.84,-383.9096542969325,-2125.4187954593463
45.86,-379.81511435687815,-2122.777909812805
45.88,-375.16943213262886,-2122.507364589565
45.9,-369.7498962157276,-2125.2344479624894
45.92,-363.834774217393,-2130.308682308111
45.94,-357.0636390941498,-2137.537366409889
45.96,-349.95615102966366,-2146.6327528688794
45.98,-343.3167969443202,-2156.370371431824
46.0,-337.3576554362377,-2164.404890652755
46.02,-332.08610753180574,-2170.4385517747664
46.04,-328.3898898966947,-2174.541436486295
46.06,-325.85270884271654,-2176.6913228221124
46.08,-324.13443368314,-2176.7033701406913
46.1,-323.4846957107242,-2175.366542205308
46.12,-324.1331252667717,-2172.2792101834575
46.14,-326.0997142005467,-2167.281686384418
46.16,-328.793462480926,-2160.763435219587
46.18,-333.1397090929735,-2152.338346902548
46.2,-338.2880927259068,-2142.280207908151
46.22,-344.2449328971338,-2132.0576775735776
46.24,-350.2442062995733,-2122.7741388394447
46.26,-356.16762334633137,-2115.2186495063847
46.28,-361.4696043894701,-2110.86983330003
46.3,-366.5021437391004,-2108.456994729456
46.32,-370.95960808707866,-2108.677998171913
46.34,-374.8846550420609,-2111.403906443049
46.36,-378.2324847298669,-2116.411047583747
46.38,-380.46961222511993,-2123.6939365536764
46.4,-382.0538723450512,-2133.586482607189
46.42,-382.05529086279074,-2144.957520983112
46.44,-381.0179745823121,-2159.2071523786576
46.46,-378.88494147886786,-2174.7899877809355
46.48,-375.8145849946672,-2191.044134995858
46.5,-373.0305967808643,-2205.96983407693
46.52,-370.6696359717612,-2218.804189956408
46.54,-368.5878416654016,-2229.329556608025
46.56,-367.0868436132061,-2237.459607165053
46.58,-365.5892377156372,-2243.650992102318
46.6,-364.12839439576373,-2247.171225438801
46.62,-362.6579616238877,-2248.8511590563694
46.64,-361.174980677476,-2248.6004307396656
46.66,-359.70718251488137,-2246.367559186328
46.68,-358.23737925410563,-2241.4233038965262
46.7,-357.34597467914267,-2234.7384598056387
46.72,-356.46198478773255,-2226.0072157421614
46.74,-356.46198478773255,-2214.830105611659
46.76,-357.0636390941498,-2201.3139869606066
46.78,-358.8247747046767,-2185.0480755128942
46.8,-361.4696043894701,-2166.7047917001905
46.82,-364.42193703358635,-2147.8069013868503
46.84,-366.5021437391004,-2130.7220334180247
46.86,-367.37972738143793,-2115.972006399749
46.88,-367.0868436132061,-2104.1181479086313
46.9,-366.17745130166617,-2094.1336004363666
46.92,-364.71506682397165,-2086.8098964136148
46.94,-362.9523802420302,-2081.298862361123
46.96,-360.58758269459344,-2078.263278933114
46.98,-358.5320286887235,-2077.0533152361363
47.0,-356.16762334633137,-2078.139510713378
47.02,-354.1113140466473,-2081.4725212793487
47.04,-351.74242830895236,-2086.9995608093127
47.06,-349.32221464116145,-2094.9519127027106
47.08,-346.66764295567606,-2104.7871898080407
47.1,-343.88240087171795,-2116.813971285404
47.12,-340.80673408221963,-2130.990131466021
47.14,-337.90577302852955,-2145.375662830467
47.16,-335.7747972836545,-2159.4694382279554
47.18,-335.11640639369114,-2171.597577139936
47.2,-335.3849093151152,-2181.5517118738335
47.22,-336.9730596025408,-2189.545473351255
47.24,-339.5977146588394,-2195.563159664489
47.26,-342.9514335856824,-2199.25351385506
47.28,-346.95622972235583,-2200.87444525834
47.3,-351.74242830895236,-2200.003861779432
47.32,-357.0510821911683,-2196.757137762745
47.34,-362.9523802420302,-2191.128372334485
47.36,-369.1695047229069,-2183.220772496672
47.38,-375.530242687942,-2174.541436486295
47.4,-381.39969901211816,-2165.6908803261995
47.42,-386.14051856662394,-2158.677537209326
47.44,-389.96361967841057,-2153.251239560489
47.46,-392.58527102340815,-2149.4132572307294
47.48,-394.29079897675433,-2147.967058894731
47.5,-394.70108459588,-2147.6742517073144
47.52,-394.0497044165365,-2149.1772079717102
47.54,-392.33588094637986,-2152.1941049979246
47.56,-389.56096893119127,-2157.0369342053104
47.58,-385.48554473799544,-2163.843276029247
47.6,-380.46961222511993,-2172.0374478510344
47.62,-374.8846550420609,-2180.922752547734
47.64,-368.878752644452,-2189.4428348154224
47.66,-362.9523802420302,-2196.412112488864
47.68,-357.6407420535967,-2201.121448211675
47.7,-352.6185831699184,-2203.578000449132
47.72,-348.1657601107023,-2203.3362513602933
47.74,-344.5269552290692,-2201.04426902722
47.76,-341.4574491213003,-2196.412112488864
47.78,-339.22016832155066,-2189.6215708871646
47.8,-338.0146660176446,-2180.6082891307888
47.82,-338.0146660176446,-2169.5110811844575
47.84,-339.22016832155066,-2156.3441204097808
47.86,-341.4574491213003,-2141.9426031699613
47.88,-344.1670084319526,-2127.5402749272266
47.9,-346.66764295567606,-2114.470046571441
47.92,-349.03301725008544,-2102.8550224038413
47.94,-351.11820565640573,-2093.7618630268535
47.96,-352.6185831699184,-2086.9370971255166
47.98,-354.40588569454894,-2082.238607964296
48.0,-355.87357337883145,-2079.592896911912
48.02,-357.3578627932882,-2079.1232467315185
48.04,-358.8247747046767,-2080.403486929708
48.06,-360.2948212320786,-2084.1513296493067
48.08,-361.4696043894701,-2090.12947531736
48.1,-362.3632828385944,-2098.186566974998
48.12,-362.6579616238877,-2108.285683356459
48.14,-362.0565022364745,-2121.016618107736
48.16,-360.8823363410392,-2135.772352868823
48.18,-358.8247747046767,-2152.6014142688828
48.2,-356.46198478773255,-2170.120208549785
48.22,-354.6969640794365,-2186.1891733590783
48.24,-353.8207848760288,-2200.21979795615
48.26,-354.1113140466473,-2211.595853545907
48.28,-354.9920976545913,-2220.7875011807905
48.3,-356.46198478773255,-2228.217417860966
48.32,-358.23737925410563,-2232.769065015184
48.34,-360.58758269459344,-2235.438485714688
48.36,-362.6579616238877,-2235.730653401744
48.38,-365.00847933521374,-2234.203948553308
48.4,-367.0868436132061,-2230.2602074999736
48.42,-369.7485162214514,-2224.496918558212
48.44,-372.17211535694634,-2216.313061759078
48.46,-374.8846550420609,-2206.1739934239927
48.48,-377.95529750739325,-2194.1083730212235
48.5,-380.746039955802,-2180.8461265148007
48.52,-382.9822991714668,-2168.016369401897
48.54,-384.29664067343634,-2156.4962652317126
48.56,-384.29664067343634,-2146.654263598377
48.58,-383.2529158151791,-2138.329744971136
48.6,-381.39969901211816,-2132.325489120096
48.62,-378.2352954516471,-2128.314305881137
48.64,-374.8846550420609,-2126.3904734099638
48.66,-370.3813477796773,-2126.757276543004
48.68,-365.29910602205575,-2129.126032139583
48.7,-359.70718251488137,-2133.921965112531
48.72,-353.8207848760288,-2140.649681997467
48.74,-347.8185244752533,-2148.302221225045
48.76,-342.1054245041518,-2155.7005834320607
48.78,-337.3576554362377,-2162.098050936049
48.8,-333.14213133780333,-2167.0017576354353
48.82,-330.3649996179608,-2169.6871706781394
48.84,-328.3898898966947,-2170.9637397378588
48.86,-327.7325797852091,-2170.557319550976
48.88,-327.98312553687293,-2168.3549060730725
48.9,-329.44898733639644,-2164.805890086988
48.92,-331.82283298572537,-2159.196775314145
48.94,-335.11772435632633,-2152.3220569037244
48.96,-339.5977146588394,-2144.2001807576617
48.98,-344.8127066390444,-2135.6598735025264
49.0,-349.95235607069395,-2127.655278767372
49.02,-354.9924279961764,-2121.2393101533344
49.04,-360.0,-2116.813971285404
49.06,-364.42193703358635,-2115.132807167943
49.08,-368.2515058641986,-2115.5105210112315
49.1,-371.88408218302266,-2117.943095056845
49.12,-374.60065547372295,-2122.9524735657974
49.14,-376.7446675669945,-2129.566020226438
49.16,-377.95529750739325,-2138.809852523489
49.18,-377.95529750739325,-2149.655317815746
49.2,-377.0261209463961,-2162.589318912993
49.22,-375.16495497335274,-2176.59768781027
49.24,-373.0305967808643,-2190.765158769701
49.26,-370.95960808707866,-2203.459612832332
49.28,-369.1695047229069,-2214.4310417232346
49.3,-367.96207374238554,-2222.965030522677
49.32,-366.79578185984434,-2229.735763736209
49.34,-365.88360940904334,-2234.24041776729
49.36,-365.00847933521374,-2236.831443759634
49.38,-364.12839439576373,-2237.2059795909686
49.4,-363.24674168343125,-2235.707249302573
49.42,-362.3487296726282,-2231.945069930108
49.44,-361.76207064293544,-2226.197427576041
49.46,-361.4696043894701,-2218.300225765314
49.48,-361.76207064293544,-2208.4520857861835
49.5,-362.6579616238877,-2195.7666905728615
49.52,-364.12839439576373,-2181.6446257259495
49.54,-365.88360940904334,-2166.11509245817
49.56,-367.6700024024359,-2150.496980806277
49.58,-368.5878416654016,-2136.0607615093318
49.6,-368.5878416654016,-2124.2623347500166
49.62,-367.6700024024359,-2114.2972554524795
49.64,-366.2103523744987,-2107.0234858782305
49.66,-364.12839439576373,-2101.2752111311465
49.68,-361.4696043894701,-2098.2207899079913
49.7,-358.8247747046767,-2096.947631349547
49.72,-355.87357337883145,-2098.017828192036
49.74,-352.9102557315167,-2101.2082216799263
49.76,-349.66446881403505,-2106.845486691299
49.78,-346.31378140815025,-2114.000033049989
49.8,-342.95031566479014,-2123.081047232067
49.82,-339.5977146588394,-2133.558033979897
49.84,-336.70166403333127,-2144.2680793827585
49.86,-334.4591596485506,-2154.0028894938655
49.88,-333.40616531906244,-2162.6040130201654
49.9,-333.40616531906244,-2169.6700190601573
49.92,-334.45659287332273,-2174.9838112724847
49.94,-336.4320658582959,-2178.554585208537
49.96,-339.4972425247389,-2180.43851832982
49.98,-343.3167969443202,-2180.276507837484
50.0,-347.8185244752533,-2178.0977686524734
50.02,-352.9102557315167,-2174.150749758452
50.04,-358.5320286887235,-2168.7030882164377
50.06,-364.42193703358635,-2162.3149024158165
50.08,-370.3813477796773,-2156.2017380770417
50.1,-375.530242687942,-2151.532582511272
50.12,-379.81511435687815,-2148.082606565092
50.14,-383.2529158151791,-2146.864935681993
50.16,-386.14051856662394,-2147.0713810863967
50.18,-387.8471137388465,-2149.2981816022234
50.2,-388.5027666663058,-2153.3603235038527
50.22,-387.8504539503632,-2158.6559478212994
50.24,-386.53505652519584,-2165.5494259303255
50.26,-383.9096542969325,-2173.8173905178296
50.28,-380.746039955802,-2183.154729669975
50.3,-377.0261209463961,-2192.020787015963
50.32,-373.0305967808643,-2200.217137567907
50.34,-369.1695047229069,-2206.5724210297017
50.36,-365.59358015373385,-2211.1967299026846
50.38,-362.0565022364745,-2213.5901840759334
50.4,-358.8247747046767,-2213.937861909448
50.42,-355.87357337883145,-2211.9409349169364
50.44,-353.204012655264,-2208.1069474198066
50.46,-351.4100375450445,-2202.0630760115373
50.48,-349.95235607069395,-2193.7801541587646
50.5,-349.37742369882886,-2183.17239447317
50.52,-349.95235607069395,-2170.8337972880454
50.54,-351.11820565640573,-2157.021108927023
50.56,-352.6185831699184,-2142.540220998857
50.58,-354.1113140466473,-2129.051645610948
50.6,-354.9924279961764,-2117.142353535224
50.62,-355.57959081236964,-2107.193260899024
50.64,-355.87357337883145,-2099.2991595009235
50.66,-355.57959081236964,-2093.7218311358447
50.68,-355.28597063399894,-2090.1262433626807
50.7,-354.9920976545913,-2088.2181621765644
50.72,-354.6969640794365,-2088.555803350927
50.74,-354.1113140466473,-2090.9770227030926
50.76,-353.53075562071933,-2095.089754285875
50.78,-352.9102557315167,-2101.475725749192
50.8,-352.03463764832475,-2109.598515438316
50.82,-350.8265233643611,-2119.965330471628
50.84,-349.37742369882886,-2131.98117191714
50.86,-347.8788096500257,-2145.131827879407
50.88,-346.3155881572513,-2158.5687136808815
50.9,-345.74140143987694,-2170.6985428664625
50.92,-346.02790805919494,-2181.43140542612
50.94,-347.2413991560499,-2189.957114503941
50.96,-349.03301725008544,-2197.075164690933
50.98,-351.74242830895236,-2201.7513198953498
51.0,-354.699298205791,-2204.0656940859094
51.02,-358.23737925410563,-2204.5276968795706
51.04,-362.0565022364745,-2203.055954817642
51.06,-366.5021437391004,-2199.2068392904066
51.08,-370.6696359717612,-2193.883532139582
51.1,-375.16943213262886,-2187.1519980898975
51.12,-379.4367847657145,-2179.072790575767
51.14,-382.9822991714668,-2171.9396075567533
51.16,-385.8784005729704,-2165.273121648166
51.18,-387.8471137388465,-2160.3819868334776
51.2,-388.50553584807005,-2156.259895267553
51.22,-388.5027666663058,-2154.1229514383695
51.24,-387.1924522758008,-2153.381053733295
51.26,-385.2194913910961,-2154.1229514383695
51.28,-382.05529086279074,-2156.588479687549
51.3,-378.2352954516471,-2160.249185042357
51.32,-373.67118409792255,-2165.5405051401226
51.34,-368.25342292658365,-2170.9637397378588
51.36,-363.24674168343125,-2176.822042067029
51.38,-357.94476064029266,-2181.33511808243
51.4,-353.204012655264,-2184.395624737844
51.42,-349.03301725008544,-2185.4689640705233
51.44,-345.45691015131,-2184.704071632973
51.46,-342.6696974627683,-2182.0354048401164
51.48,-340.52692522076853,-2177.697317022729
51.5,-339.22016832155066,-2171.3428785438155
51.52,-339.22016832155066,-2163.2279868542664
51.54,-339.87473054427505,-2153.7935783845246
51.56,-341.4574491213003,-2143.403437422247
51.58,-343.3167969443202,-2132.8120044433026
51.6,-345.74140143987694,-2122.7316292885093
51.62,-347.8788096500257,-2113.8273545263887
51.64,-349.95235607069395,-2107.0958567456605
51.66,-351.74242830895236,-2102.045666832273
51.68,-353.7908090821264,-2098.7461084029974
51.7,-355.28597063399894,-2097.5752718441813
51.72,-357.0510821911683,-2098.6282506987404
51.74,-358.5320286887235,-2101.547946706952
51.76,-359.70718251488137,-2106.5219309871472
51.78,-360.58758269459344,-2113.4547365567664
51.8,-360.8823363410392,-2122.5024434441534
51.82,-360.58758269459344,-2133.2979808861755
51.84,-359.70718251488137,-2146.3590441158926
51.86,-358.5320286887235,-2160.0
51.88,-357.3578627932882,-2173.4520248889958
51.9,-356.756403405875,-2185.963946695658
51.92,-357.0510821911683,-2196.4039296841684
51.94,-357.65029308046405,-2205.337978041053
51.96,-358.8247747046767,-2211.595853545907
51.98,-360.2948212320786,-2216.1307359739994
52.0,-362.3632828385944,-2218.642245857277
52.02,-364.12839439576373,-2219.2069586052785
52.04,-366.5021437391004,-2217.82042877965
52.06,-368.54270769714253,-2214.4310417232346
52.08,-370.95960808707866,-2209.092572956702
52.1,-373.3864569705677,-2201.9598179881227
52.12,-375.8145849946672,-2193.373532628201
52.14,-378.2352954516471,-2183.700230992686
52.16,-380.09180554077005,-2174.0755568448226
52.18,-381.39969901211816,-2164.745390742976
52.2,-381.671415783728,-2156.4854089490345
52.22,-381.3968528749132,-2150.060249247896
52.24,-379.81511435687815,-2145.1848733903985
52.26,-377.5826326182501,-2141.9051993353914
52.28,-374.60065547372295,-2140.0477924590355
52.3,-370.6696359717612,-2140.743307422401
52.32,-366.5021437391004,-2142.1760400906346
52.34,-361.76207064293544,-2146.0588976335
52.36,-356.756403405875,-2150.464783122994
52.38,-351.45229128737725,-2155.321911619508
52.4,-346.95259569759446,-2159.641676449981
52.42,-342.6696974627683,-2163.895124235667
52.44,-339.22016832155066,-2165.98569510738
52.46,-336.70166403333127,-2166.871181533687
52.48,-334.84960288080623,-2166.1048418232604
52.5,-334.06578122282195,-2163.7533897391413
52.52,-334.45659287332273,-2160.249185042357
52.54,-335.3849093151152,-2155.298302175785
52.56,-337.35907416697194,-2148.759982121538
52.58,-340.1518031511476,-2142.0067557359985
52.6,-343.59978003509553,-2134.6667720717787
52.62,-346.95622972235583,-2128.089302656497
52.64,-350.8265233643611,-2122.55560142842
52.66,-354.40588569454894,-2118.612263462575
52.68,-357.65029308046405,-2116.4071176341554
52.7,-360.58758269459344,-2116.3236648474767
52.72,-363.5407916509313,-2117.9139205388446
52.74,-365.88360940904334,-2121.88544175793
52.76,-367.6700024024359,-2127.3029498207447
52.78,-368.878752644452,-2134.900034106256
52.8,-369.1695047229069,-2144.5508353311675
52.82,-369.1695047229069,-2155.4432793200262
52.84,-368.2515058641986,-2167.4139805578484
52.86,-367.0868436132061,-2179.641813062576
52.88,-366.17745130166617,-2190.869540888727
52.9,-365.59358015373385,-2200.603747429803
52.92,-365.29910602205575,-2208.625104514906
52.94,-365.29910602205575,-2214.5944702078355
52.96,-365.59358015373385,-2218.871652783886
52.98,-365.88360940904334,-2221.094175003748
53.0,-366.2103523744987,-2221.784801567466
53.02,-366.79578185984434,-2220.460023159091
53.04,-367.37972738143793,-2217.088705668318
53.06,-367.96207374238554,-2211.595853545907
53.08,-368.878752644452,-2204.9001214120626
53.1,-369.7498962157276,-2196.16293350684
53.12,-370.95960808707866,-2186.178076539141
53.14,-372.17211535694634,-2174.9838112724847
53.16,-373.0305967808643,-2163.848076021449
53.18,-373.3837359568352,-2153.381053733295
53.2,-372.74672207408656,-2144.3829553772102
53.22,-371.53555537973693,-2137.0392316186512
53.24,-369.7498962157276,-2131.395537891912
53.26,-367.37972738143793,-2127.5711288049247
53.28,-364.42193703358635,-2125.578721996674
53.3,-360.8823363410392,-2125.4860532259872
53.32,-357.0636390941498,-2127.061640523879
53.34,-353.204012655264,-2130.6381163377414
53.36,-349.03301725008544,-2135.243030893504
53.38,-345.09896255789005,-2140.5375828531605
53.4,-341.4574491213003,-2146.3590441158926
53.42,-338.5633448579539,-2151.513378674951
53.44,-336.31500280549284,-2155.9750150428918
53.46,-334.84960288080623,-2159.0940317673835
53.48,-334.45659287332273,-2161.0473564419585
53.5,-334.7259429086653,-2161.441556099952
53.52,-336.04404180668695,-2160.7956286961708
53.54,-338.2880927259068,-2158.8161699059406
53.56,-341.1790695781157,-2155.415758852029
53.58,-344.81370955603967,-2151.507844947301
53.6,-349.03301725008544,-2146.9091878142294
53.62,-353.49636663854415,-2142.293150075948
53.64,-357.6522943868272,-2138.4268658725823
53.66,-361.76407194929857,-2136.0980485627574
53.68,-365.59358015373385,-2135.2302284595767
53.7,-369.1695047229069,-2135.4857629277653
53.72,-371.82151155501873,-2138.173793130893
53.74,-373.9574548784527,-2142.4358348457395
53.76,-375.16943213262886,-2148.2418350192265
53.78,-375.8145849946672,-2155.692950224878
53.8,-375.8118039913877,-2164.1542496749335
53.82,-374.8839350777292,-2173.870370345944
53.84,-373.67118409792255,-2183.4400589836114
53.86,-372.4590855733132,-2192.5812837236617
53.88,-370.95960808707866,-2200.6978895664156
53.9,-369.7498962157276,-2206.920369635583
53.92,-368.5878416654016,-2211.595853545907
53.94,-367.37972738143793,-2214.951206146889
53.96,-366.5021437391004,-2216.138225082305
53.98,-365.59358015373385,-2215.297281252952
54.0,-365.00847933521374,-2213.0273507314137
54.02,-364.42193703358635,-2208.802641719983
54.04,-364.12839439576373,-2202.882436736348
54.06,-364.12839439576373,-2194.809654215579
54.08,-364.42193703358635,-2185.1406050839014
54.1,-365.00847933521374,-2174.261433801478
54.12,-365.59358015373385,-2162.9864238301066
54.14,-365.88360940904334,-2151.915738826635
54.16,-365.88360940904334,-2141.710671685218
54.18,-365.29910602205575,-2133.1286458595414
54.2,-364.12839439576373,-2126.3255548172306
54.22,-362.3487296726282,-2121.0944034731697
54.24,-360.2948212320786,-2117.894581532235
54.26,-357.94476064029266,-2116.411047583747
54.28,-355.28597063399894,-2116.813971285404
54.3,-352.6185831699184,-2118.8766028731375
54.32,-349.66446881403505,-2122.726922473295
54.34,-346.95259569759446,-2127.655278767372
54.36,-344.1670084319526,-2134.078357361188
54.38,-341.73774642414884,-2140.4821274891974
54.4,-339.5977146588394,-2147.007261944162
54.42,-338.2880927259068,-2153.216683700297
54.44,-337.6322473036034,-2158.1624051849744
54.46,-338.0146660176446,-2161.947328326509
54.48,-339.22016832155066,-2164.4363373120177
54.5,-341.0856031483938,-2166.1048418232604
54.52,-343.59978003509553,-2165.6908803261995
54.54,-346.95622972235583,-2164.5582559315076
54.56,-350.8265233643611,-2162.3149024158165
54.58,-354.9924279961764,-2158.951974454936
54.6,-359.7051736169009,-2155.683356658252
54.62,-364.12839439576373,-2152.477798213059
54.64,-367.96207374238554,-2150.171132381605
54.66,-371.53555537973693,-2149.1236067072155
54.68,-374.60065547372295,-2149.2847561532863
54.7,-377.0261209463961,-2151.2288282247973
54.72,-378.6076309475431,-2153.978167949717
54.74,-379.5396344854877,-2158.572399184829
54.76,-379.5396344854877,-2164.240053492624
54.78,-378.886190540692,-2170.909332036588
54.8,-377.67661860561384,-2178.235811312448
54.82,-375.8145849946672,-2185.5561120678417
54.84,-373.67118409792255,-2192.2003033994583
54.86,-371.53555537973693,-2198.212201041251
54.88,-369.45943944328434,-2202.7645900507114
54.9,-367.37972738143793,-2205.5355561838815
54.92,-365.59358015373385,-2206.8033620888928
54.94,-363.834774217393,-2206.519588544724
54.96,-362.0565022364745,-2204.2369147422583
54.98,-360.8823363410392,-2200.132724561289
55.0,-359.70718251488137,-2194.278400014565
55.02,-359.11954379768406,-2186.65637872176
55.04,-359.11954379768406,-2177.7632250454094
55.06,-359.41235613178225,-2167.4139805578484
55.08,-359.70718251488137,-2156.607995832832
55.1,-360.0,-2146.3590441158926
55.12,-360.0,-2136.4757355962483
55.14,-359.70718251488137,-2128.5553176047415
55.16,-359.11954379768406,-2121.937472099547
55.18,-357.94476064029266,-2116.813971285404
55.2,-356.756403405875,-2114.0293973925686
55.22,-354.9924279961764,-2112.720064843631
55.24,-353.49636663854415,-2112.932123192541
55.26,-351.74242830895236,-2115.130535617935
55.28,-349.95235607069395,-2118.554701129168
55.3,-348.10778726995983,-2123.757040880044
55.32,-346.31378140815025,-2130.0593941772777
55.34,-344.5269552290692,-2137.459416880364
55.36,-343.3167969443202,-2144.830057661136
55.38,-342.38710010569366,-2152.041657391185
55.4,-342.0195422744612,-2158.572399184829
55.42,-342.6696974627683,-2164.009196520768
55.44,-343.88240087171795,-2168.620129489057
55.46,-345.7431809318402,-2171.3955943437377
55.48,-348.45475694268407,-2172.9722196820885
55.5,-351.45229128737725,-2173.3221741726
55.52,-354.9920976545913,-2172.398664887861
55.54,-358.8247747046767,-2170.277164794519
55.56,-362.9523802420302,-2167.680386991981
55.58,-367.0868436132061,-2164.646860093046
55.6,-370.95697619698217,-2161.8424222634158
55.62,-374.24076181328616,-2160.0
55.64,-377.0249771670664,-2158.77901071962
55.66,-379.16318878720494,-2158.918698752511
55.68,-380.46961222511993,-2159.6250880040375
55.7,-381.0179745823121,-2162.3149024158165
55.72,-380.7446935403032,-2165.419254879657
55.74,-379.81511435687815,-2169.7169773168766
55.76,-378.2352954516471,-2174.857045758636
55.78,-376.0958775642111,-2180.2250516759627
55.8,-373.67118409792255,-2185.45041129641
55.82,-370.95960808707866,-2190.0277699934854
55.84,-368.2515058641986,-2193.5030009303864
55.86,-365.59358015373385,-2195.935790968704
55.88,-363.2464925082373,-2196.756899064827
55.9,-360.8823363410392,-2196.0595021619265
55.92,-358.8247747046767,-2193.4380281054305
55.94,-357.0510821911683,-2189.265577729407
55.96,-355.87357337883145,-2183.746424162362
55.98,-354.9920976545913,-2176.2331467787526
56.0,-354.699298205791,-2167.687888910492
56.02,-354.699298205791,-2158.522597119424
56.04,-354.9924279961764,-2148.8501551895383
56.06,-355.28597063399894,-2139.6371354180105
56.08,-355.57959081236964,-2131.395537891912
56.1,-355.28597063399894,-2124.397739600061
56.12,-354.9924279961764,-2119.171635711981
56.14,-354.40588569454894,-2115.5719310104073
56.16,-353.8207848760288,-2113.281135978554
56.18,-353.204012655264,-2112.502354280623
56.2,-352.3255709217677,-2114.122299778044
56.22,-351.4100375450445,-2116.4933407541953
56.24,-350.24486030685574,-2120.744858576404
56.26,-349.37367012306044,-2126.567532441788
56.28,-348.45475694268407,-2133.331934846304
56.3,-347.5302828467401,-2140.748119589375
56.32,-346.95259569759446,-2148.615758447685
56.34,-346.60168951602515,-2156.4854089490345
56.36,-346.95259569759446,-2163.2267314891383
56.38,-347.8185244752533,-2169.084223301352
56.4,-349.03301725008544,-2173.7811018645907
56.42,-351.160942103179,-2177.3887120165127
56.44,-353.7908090821264,-2179.4457415746465
56.46,-356.756403405875,-2180.2250516759627
56.48,-360.0,-2179.3810150758054
56.5,-363.24674168343125,-2177.6631751202535
56.52,-367.0868436132061,-2175.1335570182614
56.54,-370.3813477796773,-2172.0040906572294
56.56,-373.67118409792255,-2169.2272486016386
56.58,-376.3758117426251,-2166.4971732809618
56.6,-378.5121803709173,-2164.6450164104504
56.62,-379.81511435687815,-2163.598167239948
56.64,-380.7433473350554,-2163.7765688086406
56.66,-380.7433473350554,-2164.795042010269
56.68,-379.81511435687815,-2166.5962343355295
56.7,-378.6076309475431,-2169.3452309801246
56.72,-376.7446675669945,-2172.9265098769474
56.74,-373.9574548784527,-2176.396796414427
56.76,-371.2467555657648,-2180.167306162799
56.78,-368.2515058641986,-2183.283927521055
56.8,-365.29910602205575,-2185.5872277099943
56.82,-362.3487296726282,-2186.868920535286
56.84,-359.41235613178225,-2186.65637872176
56.86,-357.0510821911683,-2185.184374000882
56.88,-354.9920976545913,-2182.388312300732
56.9,-353.49636663854415,-2177.905056365794
56.92,-352.3255709217677,-2172.1238602603626
56.94,-351.74242830895236,-2165.328631706088
56.96,-351.45229128737725,-2157.4812524110935
56.98,-351.74242830895236,-2149.0486367748886
57.0,-352.03463764832475,-2141.0630558071007
57.02,-352.3255709217677,-2133.500184195267
57.04,-352.6185831699184,-2127.182058088923
57.06,-352.6185831699184,-2121.8599560000125
57.08,-352.6185831699184,-2118.3457110121403
57.1,-352.6185831699184,-2116.320998700988
57.12,-352.6185831699184,-2115.5375690472874
57.14,-352.3255709217677,-2116.324828611275
57.16,-352.03463764832475,-2118.6490365610057
57.18,-351.74242830895236,-2122.601626426044
57.2,-351.45229128737725,-2127.757513982085
57.22,-351.11820565640573,-2134.047015928075
57.24,-350.53561238531074,-2141.5023601244347
57.26,-350.2442062995733,-2149.4061940540214
57.28,-350.2442062995733,-2156.985119692183
57.3,-350.53561238531074,-2163.8959629099795
57.32,-351.45229128737725,-2170.557319550976
57.34,-352.6185831699184,-2175.855445374352
57.36,-354.40588569454894,-2179.9294221577966
57.38,-356.46198478773255,-2182.762849605215
57.4,-359.11954379768406,-2184.1336004363666
57.42,-361.76207064293544,-2184.031416557891
57.44,-364.71506682397165,-2183.002379782896
57.46,-367.6700024024359,-2180.9473543189206
57.48,-370.6696359717612,-2178.130111062693
57.5,-373.3864569705677,-2174.855403165189
57.52,-375.8145849946672,-2171.8239681118075
57.54,-377.67661860561384,-2169.314544158381
57.56,-378.886190540692,-2167.157158132826
57.58,-379.5396344854877,-2165.9537524982666
57.6,-379.5396344854877,-2165.435484642501
57.62,-378.6076309475431,-2165.834813640902
57.64,-377.30566146254176,-2167.128659772846
57.66,-375.16943213262886,-2169.0678494839053
57.68,-372.74672207408656,-2171.279093897648
57.7,-370.03694133093376,-2173.7811018645907
57.72,-367.0868436132061,-2176.032144919633
57.74,-363.834774217393,-2177.9641917396407
57.76,-360.8823363410392,-2179.072790575767
57.78,-357.94476064029266,-2178.944905634933
57.8,-355.57959081236964,-2177.8458901817726
57.82,-353.49636663854415,-2175.4103760637067
57.84,-351.74242830895236,-2171.725869255763
57.86,-350.24486030685574,-2166.913645131805
57.88,-349.66446881403505,-2161.2968917852763
57.9,-349.32221464116145,-2154.515595226517
57.92,-349.37742369882886,-2147.71502795588
57.94,-349.95235607069395,-2141.0099388791655
57.96,-350.24486030685574,-2134.4916723413135
57.98,-350.8265233643611,-2128.831638419119
58.0,-351.4100375450445,-2124.4956426961166
58.02,-351.74242830895236,-2121.412013910988
58.04,-352.03463764832475,-2119.656419720661
58.06,-352.3255709217677,-2119.3049119959414
58.08,-352.6185831699184,-2120.444784301412
58.1,-352.9102557315167,-2123.349110644948
58.12,-352.9102557315167,-2127.003544272035
58.14,-352.9102557315167,-2132.2184647654767
58.16,-352.6185831699184,-2138.792226565922
58.18,-352.6185831699184,-2145.68957584032
58.2,-352.6185831699184,-2153.1070721621963
58.22,-352.9102557315167,-2160.5122168749367
58.24,-353.204012655264,-2167.402580825405
58.26,-354.11525900770687,-2173.460152987024
58.28,-355.57959081236964,-2178.180124273399
58.3,-357.0636390941498,-2182.127338791976
58.32,-359.11954379768406,-2184.395476990917
58.34,-361.4696043894701,-2185.5561120678417
58.36,-363.834774217393,-2185.625802761295
58.38,-366.5021437391004,-2184.3411863644055
58.4,-368.878752644452,-2182.3245769538216
58.42,-371.2467555657648,-2179.527768912172
58.44,-373.67118409792255,-2176.490024731851
58.46,-375.530242687942,-2173.5446297759354
58.48,-377.0261209463961,-2170.431964876493
58.5,-377.95529750739325,-2168.1968790930455
58.52,-377.95529750739325,-2166.6005708342777
58.54,-377.67661860561384,-2165.432929327176
58.56,-376.7446675669945,-2165.435484642501
58.58,-375.16495497335274,-2165.6918796664604
58.6,-373.0305967808643,-2167.1173163514195
58.62,-370.6696359717612,-2168.4193525560395
58.64,-367.6700024024359,-2170.2780269204704
58.66,-364.71506682397165,-2171.8441561306167
58.68,-361.76207064293544,-2173.205220795709
58.7,-358.8247747046767,-2173.5709187986695
58.72,-356.16762334633137,-2173.1570502577483
58.74,-353.8207848760288,-2172.1629480069632
58.76,-352.03463764832475,-2169.7890260505487
58.78,-350.24486030685574,-2166.2343323973364
58.8,-349.37367012306044,-2162.1897442215563
58.82,-348.74285671604633,-2156.871901059417
58.84,-348.45475694268407,-2151.507844947301
58.86,-348.74285671604633,-2145.29788962694
58.88,-349.32221464116145,-2139.7373315495215
58.9,-349.95235607069395,-2134.4916723413135
58.92,-350.53561238531074,-2129.797443044606
58.94,-351.160942103179,-2126.3904734099638
58.96,-351.74242830895236,-2123.9955304399286
58.98,-352.3255709217677,-2123.350471112936
59.0,-352.9102557315167,-2123.5731135905153
59.02,-353.49636663854415,-2125.578721996674
59.04,-353.8207848760288,-2128.15091659105
59.06,-354.1113140466473,-2132.5808268047867
59.08,-354.11525900770687,-2138.160159375458
59.1,-354.40588569454894,-2144.318536827053
59.12,-354.40588569454894,-2151.4915901177264
59.14,-354.40588569454894,-2158.0540875428824
59.16,-354.9920976545913,-2165.3024708132953
59.18,-355.57930084577174,-2171.2996606235265
59.2,-356.46198478773255,-2176.5502796936535
59.22,-357.6522943868272,-2180.77613604364
59.24,-359.41235613178225,-2183.8753287316786
59.26,-361.174980677476,-2185.3797939250585
59.28,-363.24674168343125,-2185.963946695658
59.3,-365.29910602205575,-2185.6377939264794
59.32,-367.6700024024359,-2184.0200867121575
59.34,-369.7498962157276,-2181.603051860917
59.36,-371.88408218302266,-2178.929864861644
59.38,-373.67118409792255,-2175.657389727286
59.4,-375.16495497335274,-2172.134946909607
59.42,-376.0958775642111,-2169.5913808091263
59.44,-376.3785885127044,-2167.3386435532407
59.46,-376.3758117426251,-2165.569805571241
59.48,-375.4501940880072,-2164.5081398103366
59.5,-374.24076181328616,-2164.135375001199
59.52,-372.4581353074069,-2164.3919636344767
59.54,-370.3813477796773,-2165.1531449892304
59.56,-367.9595772211688,-2166.2343323973364
59.58,-365.00847933521374,-2167.8106762706
59.6,-362.3487296726282,-2168.827131146036
59.62,-359.41235613178225,-2169.6700190601573
59.64,-356.756403405875,-2170.0330256995535
59.66,-354.40588569454894,-2169.385994132426
59.68,-352.3255709217677,-2167.687888910492
59.7,-350.8265233643611,-2165.5877403844274
59.72,-349.37742369882886,-2162.092164075118
59.74,-348.74285671604633,-2158.052509325364
59.76,-348.45475694268407,-2153.49661244928
59.78,-348.45475694268407,-2148.4559244261345
59.8,-348.7447290580015,-2143.1825002339774
59.82,-349.37742369882886,-2138.332369319646
59.84,-350.2442062995733,-2134.3376431999272
59.86,-351.11820565640573,-2130.61707557156
59.88,-351.74242830895236,-2128.089302656497
59.9,-352.6185831699184,-2126.734231422038
59.92,-353.49636663854415,-2126.906593951121
59.94,-354.1113140466473,-2127.98503545428
59.96,-354.40588569454894,-2130.344743980723
59.98,-354.9920976545913,-2134.078357361188
60.0,-355.28597063399894,-2138.792226565922
60.02,-355.57930084577174,-2144.2652233059625
60.04,-355.87357337883145,-2150.6187355485245
60.06,-355.87357337883145,-2157.104045480733
60.08,-356.16762334633137,-2163.476042968636
60.1,-356.77145782273874,-2169.6871706781394
60.12,-357.6407420535967,-2175.015993226649
60.14,-358.5320286887235,-2179.211199754264
60.16,-360.0,-2182.5879416220805
60.18,-361.4696043894701,-2184.721478026828
60.2,-363.2464925082373,-2185.710103323588
60.22,-365.00847933521374,-2185.553677507067
60.24,-366.79578185984434,-2184.395624737844
60.26,-368.878752644452,-2182.2763524444545
60.28,-370.6696359717612,-2179.8180755213
60.3,-372.17211535694634,-2176.856413977915
60.32,-373.67118409792255,-2173.4097838893463
60.34,-374.31540247187274,-2170.354622264741
60.36,-374.8846550420609,-2167.879140515715
60.38,-374.8846550420609,-2165.5608767441668
60.4,-374.24076181328616,-2164.135375001199
60.42,-373.0305967808643,-2163.236214923119
60.44,-371.53555537973693,-2162.8479895579935
60.46,-369.7498962157276,-2163.1063397365015
60.48,-367.37972738143793,-2163.8633176697726
60.5,-365.00847933521374,-2164.805890086988
60.52,-362.3632828385944,-2165.6908803261995
60.54,-359.70718251488137,-2166.63277950124
60.56,-357.0636390941498,-2166.849499340787
60.58,-354.70093168675373,-2166.586044709782
60.6,-352.6185831699184,-2165.700482765397
60.62,-351.160942103179,-2164.039194554945
60.64,-349.95235607069395,-2161.557980933951
60.66,-349.03301725008544,-2158.4285056748167
60.68,-348.74285671604633,-2154.665784752416
60.7,-348.74285671604633,-2150.2158559766435
60.72,-349.03301725008544,-2145.8258823216
60.74,-349.6134860378985,-2141.5933085933725
60.76,-350.2442062995733,-2137.7425227247236
60.78,-351.160942103179,-2134.4885432007327
60.8,-352.03463764832475,-2132.082366271996
60.82,-352.9102557315167,-2130.485819406728
60.84,-353.8207848760288,-2130.308682308111
60.86,-354.40588569454894,-2131.232792355308
60.88,-355.28597063399894,-2132.943541877818
60.9,-355.87357337883145,-2136.398034923094
60.92,-356.16762334633137,-2140.4814589323128
60.94,-356.46198478773255,-2145.4157822648112
60.96,-356.756403405875,-2150.742656530451
60.98,-357.0510821911683,-2156.7155557643264
61.0,-357.34580785670573,-2162.9468217084204
61.02,-357.9357127748473,-2168.2978413659293
61.04,-358.5259936015547,-2173.6882860235964
61.06,-359.41235613178225,-2177.7632250454094
61.08,-360.2948212320786,-2181.187808923632
61.1,-361.77362297616605,-2183.324819216766
61.12,-363.24674168343125,-2184.442218198428
61.14,-364.71506682397165,-2184.566257648589
61.16,-366.5021437391004,-2183.857954623776
61.18,-367.96207374238554,-2182.034969928158
61.2,-369.45821400009913,-2179.641813062576
61.22,-370.95960808707866,-2176.797170883882
61.24,-372.17211535694634,-2173.8493868142555
61.26,-372.74672207408656,-2170.782465720124
61.28,-373.3864569705677,-2168.172670085916
61.3,-373.3864569705677,-2165.682386625993
61.32,-372.74672207408656,-2164.2568786053785
61.34,-371.88408218302266,-2162.568462487075
61.36,-370.6696359717612,-2161.8393981856893
61.38,-368.878752644452,-2161.8393981856893
61.4,-366.79578185984434,-2161.95123833158
61.42,-364.42193703358635,-2162.6040130201654
61.44,-362.0565022364745,-2163.505258061503
61.46,-359.70718251488137,-2164.1542496749335
61.48,-357.34580785670573,-2164.53115795394
61.5,-354.9924279961764,-2164.302761475826
61.52,-353.23691372809657,-2163.6253536750155
61.54,-351.74242830895236,-2162.379319905883
61.56,-350.24486030685574,-2160.5122168749367
61.58,-349.6134860378985,-2157.9192208165027
61.6,-349.03301725008544,-2154.8114415600103
61.62,-349.03301725008544,-2151.1067932307647
61.64,-349.37367012306044,-2147.5258195037263
61.66,-349.95235607069395,-2143.908731742453
61.68,-350.53561238531074,-2140.6492773770206
61.7,-351.45229128737725,-2137.537366409889
61.72,-352.3255709217677,-2135.6598735025264
61.74,-353.204012655264,-2134.222446056581
61.76,-354.1113140466473,-2133.9186486972344
61.78,-354.9920976545913,-2134.377354015179
61.8,-355.57959081236964,-2136.1893592547126
61.82,-356.46198478773255,-2138.7447373946943
61.84,-356.756403405875,-2142.5970687189356
61.86,-357.34580785670573,-2146.9382998179312
61.88,-357.65029308046405,-2151.915738826635
61.9,-357.94476064029266,-2157.3841226448726
61.92,-358.23737925410563,-2162.8137099728046
61.94,-358.8247747046767,-2167.922426940441
61.96,-359.41235613178225,-2172.398664887861
61.98,-360.0,-2176.433440262479
62.0,-360.8823363410392,-2179.3810150758054
62.02,-362.0565022364745,-2182.0470686884664
62.04,-363.24674168343125,-2183.005081212685
62.06,-364.71506682397165,-2183.002379782896
62.08,-365.88360940904334,-2182.5417020663713
62.1,-367.37972738143793,-2181.060628369889
62.12,-368.5878416654016,-2178.944905634933
62.14,-369.7498962157276,-2176.2331467787526
62.16,-370.95697619698217,-2173.4520248889958
62.18,-371.53555537973693,-2170.782465720124
62.2,-371.88408218302266,-2167.9313240554006
62.22,-371.88408218302266,-2165.682386625993
62.24,-371.2467555657648,-2163.721746771363
62.26,-370.3813477796773,-2162.3012725110257
62.28,-369.1695047229069,-2161.4121811800455
62.3,-367.6700024024359,-2160.939995177358
62.32,-365.88360940904334,-2160.905818352768
62.34,-363.834774217393,-2161.414188352671
62.36,-361.76207064293544,-2161.7016003090607
62.38,-359.41235613178225,-2162.048351353483
62.4,-357.3578627932882,-2162.579149268212
62.42,-355.28597063399894,-2162.4588561035766
62.44,-353.53075562071933,-2162.0892904266175
62.46,-352.03463764832475,-2160.9012463196846
62.48,-351.11820565640573,-2159.317002175389
62.5,-350.2442062995733,-2157.3903001565395
62.52,-349.66446881403505,-2155.019971864789
62.54,-349.66446881403505,-2151.792171303024
62.56,-349.95235607069395,-2148.759982121538
62.58,-350.53561238531074,-2145.410298420403
62.6,-351.160942103179,-2142.867107431656
62.62,-352.03463764832475,-2140.077728289379
62.64,-352.9102557315167,-2138.546518018076
62.66,-353.8207848760288,-2137.6354369668425
62.68,-354.699298205791,-2137.213544472308
62.7,-355.57959081236964,-2137.805323294899
62.72,-356.16762334633137,-2139.1811140057944
62.74,-357.0510821911683,-2141.5933085933725
62.76,-357.3578627932882,-2144.8812210125934
62.78,-357.9357127748473,-2149.0486367748886
62.8,-358.23737925410563,-2153.49661244928
62.82,-358.5320286887235,-2158.0565409987753
62.84,-359.11954379768406,-2163.0881266864094
62.86,-359.41235613178225,-2167.281686384418
62.88,-360.0,-2171.7114686792365
62.9,-360.58758269459344,-2175.1607261257845
62.92,-361.4696043894701,-2178.2181621765644
62.94,-362.3632828385944,-2179.9070833824608
62.96,-363.5407916509313,-2181.2321486875726
62.98,-364.71506682397165,-2181.3822919283116
63.0,-365.88360940904334,-2180.7379803627055
63.02,-367.0868436132061,-2179.3838552179504
63.04,-367.96207374238554,-2177.434836284041
63.06,-368.878752644452,-2175.2449647770286
63.08,-369.7454316103271,-2172.7631401504345
63.1,-370.3231055725751,-2169.7890260505487
63.12,-370.3813477796773,-2167.281686384418
63.14,-370.3813477796773,-2165.273121648166
63.16,-369.7498962157276,-2163.281096224094
63.18,-369.1695047229069,-2161.947328326509
63.2,-367.96207374238554,-2160.905818352768
63.22,-366.5021437391004,-2160.0
63.24,-365.00847933521374,-2160.0
63.26,-362.9523802420302,-2160.389948987349
63.28,-361.174980677476,-2160.6183315152166
63.3,-359.11954379768406,-2160.905818352768
63.32,-357.34580785670573,-2161.0083532984463
63.34,-355.57959081236964,-2160.6564567678006
63.36,-353.8207848760288,-2160.414997032456
63.38,-352.6185831699184,-2159.448452621641
63.4,-351.74242830895236,-2158.1513857095
63.42,-350.8265233643611,-2156.5802019992457
63.44,-350.53561238531074,-2154.4035902673386
63.46,-350.53561238531074,-2152.037287140967
63.48,-350.8265233643611,-2149.655317815746
63.5,-351.11820565640573,-2146.6327528688794
63.52,-351.74436262732684,-2144.442958514129
63.54,-352.6185831699184,-2142.705901324125
63.56,-353.49636663854415,-2141.2821511523143
63.58,-354.40588569454894,-2140.1747810462844
63.6,-354.9924279961764,-2140.2626589492425
63.62,-355.87357337883145,-2140.8415613412
63.64,-356.756403405875,-2142.7088469608257
63.66,-357.3578627932882,-2144.684354813613
63.68,-357.94476064029266,-2147.6294935843216
63.7,-358.5320286887235,-2151.2288282247973
63.72,-358.8247747046767,-2155.169738378628
63.74,-359.11954379768406,-2159.3476004656195
63.76,-359.70718251488137,-2163.486433549944
63.78,-360.0,-2167.281686384418
63.8,-360.58758269459344,-2170.989538633607
63.82,-361.174980677476,-2174.0404578513567
63.84,-361.76207064293544,-2176.6913390532222
63.86,-362.6579616238877,-2178.2739333588734
63.88,-363.5407916509313,-2179.3810150758054
63.9,-364.42193703358635,-2179.092720920752
63.92,-365.59358015373385,-2178.486056037251
63.94,-366.5021437391004,-2177.3769978935393
63.96,-367.37972738143793,-2175.7604852223603
63.98,-367.96207374238554,-2173.8031808785054
64.0,-368.54270769714253,-2171.250728438892
64.02,-369.1688508462398,-2169.107035670012
64.04,-369.1695047229069,-2167.0017576354353
64.06,-368.878752644452,-2164.6530728971684
64.08,-368.25342292658365,-2163.209661566983
64.1,-367.6700024024359,-2161.809089517168
64.12,-366.5021437391004,-2160.742425625994
64.14,-365.29910602205575,-2160.0
64.16,-363.834774217393,-2159.385005270785
64.18,-362.3632828385944,-2159.752421494637
64.2,-360.58758269459344,-2159.6058590567263
64.22,-358.8247747046767,-2159.7478987141767
64.24,-357.0510821911683,-2159.752421494637
64.26,-355.57959081236964,-2159.4570696996734
64.28,-354.40588569454894,-2159.3454610008325
64.3,-353.23691372809657,-2158.572399184829
64.32000000000001,-352.3255709217677,-2157.262155161596
64.34,-351.74242830895236,-2155.967105348365
64.36,-351.45229128737725,-2154.109901439192
64.38,-351.45229128737725,-2152.319107930673
64.4,-351.74242830895236,-2150.212625483664
64.42,-352.03463764832475,-2148.085900801817
64.44,-352.6185831699184,-2146.2131952786967
64.46000000000001,-353.49636663854415,-2144.8546570494545
64.48,-354.1113140466473,-2143.8173658133487
64.5,-354.9920976545913,-2143.0845758803243
64.52,-355.57959081236964,-2143.5455388693304
64.54,-356.4775396618194,-2144.2428082182664
64.56,-357.0510821911683,-2145.6607303663254
64.58,-357.6522943868272,-2147.8355441445924
64.6,-358.23737925410563,-2150.344054702412
64.62,-358.8247747046767,-2153.49661244928
64.64,-359.11954379768406,-2156.873077162289
64.66,-359.70718251488137,-2160.0
64.68,-360.0,-2163.9261285964494
64.7,-360.58758269459344,-2167.2868115053448
64.72,-360.8823363410392,-2170.277164794519
64.74,-361.4696043894701,-2172.838582010031
64.76,-362.0565022364745,-2174.9532052358586
64.78,-362.9523802420302,-2176.157410830649
64.8,-363.5407916509313,-2176.92896811171
64.82000000000001,-364.42193703358635,-2176.9619623269655
64.84,-365.29910602205575,-2176.266633281406
64.86,-365.88360940904334,-2175.1607261257845
64.88,-366.79578185984434,-2173.6579099885744
64.9,-367.37725189420377,-2171.975701334616
64.92,-367.6700024024359,-2169.9972346215145
64.94,-367.6700024024359,-2168.020571871656
64.96000000000001,-367.6700024024359,-2166.1048418232604
64.98,-367.37972738143793,-2164.3807851889346
65.0,-367.0868436132061,-2162.687790109193
65.02,-366.17745130166617,-2161.4121811800455
65.04,-365.29910602205575,-2160.5128965414888
65.06,-364.12839439576373,-2159.6022200398716
65.08,-362.9523802420302,-2159.4694382279554
65.1,-361.4696043894701,-2159.3275568527133
65.12,-360.0,-2159.0654317135413
65.14,-358.5320286887235,-2159.0654317135413
65.16,-357.0636390941498,-2158.9191688983715
65.18,-355.87357337883145,-2158.7094236839293
65.2,-354.699298205791,-2158.197097573689
65.22,-353.8207848760288,-2157.52004492222
65.24,-353.204012655264,-2156.6298063958466
65.26,-352.6185831699184,-2155.322644519492
65.28,-352.3275214165567,-2153.8896685218465
65.3,-352.6185831699184,-2152.5297857930823
65.32000000000001,-352.6185831699184,-2150.8224889772223
65.34,-353.204012655264,-2149.265179707901
65.36,-353.53075562071933,-2147.9509329943194
65.38,-354.11525900770687,-2146.927175715027
65.4,-354.9920976545913,-2146.2678324667586
65.42,-355.57959081236964,-2146.1039275307985
65.44,-356.46198478773255,-2146.3331424040725
65.46000000000001,-357.0510821911683,-2147.320637612144
65.48,-357.6407420535967,-2148.6423755894907
65.5,-358.23737925410563,-2150.4995281411025
65.52,-358.8247747046767,-2152.931793162282
65.54,-359.11954379768406,-2155.8256618222513
65.56,-359.70718251488137,-2158.4055332386
65.58,-360.0,-2161.557980933951
65.6,-360.2948212320786,-2164.302761475826
65.62,-360.8823363410392,-2167.2694335216697
65.64,-361.4696043894701,-2169.5110811844575
65.66,-361.76207064293544,-2171.5163284910736
65.68,-362.3632828385944,-2173.086251341153
65.7,-362.9523802420302,-2174.1031509974814
65.72,-363.5407916509313,-2174.654252513377
65.74,-364.42193703358635,-2174.7381038882318
65.76,-365.00847933521374,-2173.7811018645907
65.78,-365.3030509831154,-2172.9678325533487
65.8,-365.88360940904334,-2171.675019552305
65.82000000000001,-366.2103523744987,-2170.0180989149007
65.84,-366.5021437391004,-2168.7030882164377
65.86,-366.5021437391004,-2166.8325602819464
65.88,-366.5021437391004,-2165.1522032860034
65.9,-366.2103523744987,-2163.6396742647244
65.92,-365.59358015373385,-2162.3149024158165
65.94,-365.0041525938172,-2161.254918284532
65.96000000000001,-364.12839439576373,-2160.5122168749367
65.98,-362.9523802420302,-2159.6114747109127
66.0,-362.06855717305694,-2159.324905374918
66.02,-360.8802476188672,-2158.811398570129
66.04,-359.41235613178225,-2158.398706796385
66.06,-358.23737925410563,-2158.3009333836026
66.08,-357.34580785670573,-2158.0565409987753
66.1,-356.16762334633137,-2157.771475375928
66.12,-355.28597063399894,-2157.1538310673486
66.14,-354.40588569454894,-2156.602407174736
66.16,-354.1113140466473,-2155.8256618222513
66.18,-353.53075562071933,-2155.169738378628
66.2,-353.52683565472097,-2154.0028894938655
66.22,-353.4983461194371,-2152.7242997581334
66.24,-353.8207848760288,-2151.634106157835
66.26,-354.1113140466473,-2150.344054702412
66.28,-354.6969640794365,-2149.7754454102464
66.3,-354.9924279961764,-2149.1262855237287
66.32000000000001,-355.57959081236964,-2148.9172938932775
66.34,-356.16762334633137,-2148.777130555161
66.36,-356.756403405875,-2149.3616671412055
66.38,-357.34580785670573,-2150.344054702412
66.4,-357.94476064029266,-2151.52888749215
66.42,-358.5320286887235,-2153.3692366820246
66.44,-359.11954379768406,-2155.291977791
66.46000000000001,-359.41235613178225,-2157.5284850147395
66.48,-360.0,-2159.7478987141767
66.5,-360.2948212320786,-2162.3012725110257
66.52,-360.58758269459344,-2164.4363373120177
66.54,-361.174980677476,-2166.7307812304807
66.56,-361.4696043894701,-2168.7030882164377
66.58,-362.06855717305694,-2170.154315382303
66.6,-362.6577534934586,-2171.1180721397727
66.62,-362.9523802420302,-2171.845902630326
66.64,-363.5407916509313,-2172.1629480069632
66.66,-364.12839439576373,-2172.2792101834575
66.68,-364.42193703358635,-2171.7114686792365
66.7,-364.71506682397165,-2170.9036739904977
66.72,-365.00847933521374,-2169.74950258479
66.74,-365.29910602205575,-2168.7023470391655
66.76,-365.29910602205575,-2167.1291334026905
66.78,-365.29910602205575,-2165.9537524982666
66.8,-365.00847933521374,-2164.5195620902086
66.82000000000001,-364.71343334300894,-2163.251365460152
66.84,-364.42193703358635,-2161.947328326509
66.86,-363.834774217393,-2160.8662235982374
66.88,-362.9523802420302,-2160.0
66.9,-362.06855717305694,-2159.6099059077087
66.92,-361.174980677476,-2158.951974454936
66.94,-360.2948212320786,-2158.4055332386
66.96000000000001,-359.11954379768406,-2158.056899112505
66.98,-358.23737925410563,-2157.673876907876
67.0,-357.34580785670573,-2157.5284850147395
67.02,-356.46198478773255,-2157.2470046245635
67.04,-355.87357337883145,-2156.729983279837
67.06,-355.28597063399894,-2156.3553007372598
67.08,-354.9920976545913,-2155.5885475439272
67.1,-354.6969640794365,-2154.7961253999174
67.12,-354.6969640794365,-2154.2739332041724
67.14,-354.6969640794365,-2153.381053733295
67.16,-354.9924279961764,-2152.5297857930823
67.18,-354.9924279961764,-2152.0330205237296
67.2,-355.57959081236964,-2151.7952818682775
67.22,-355.87357337883145,-2151.151647558014
67.24,-356.46198478773255,-2151.3102383361497
67.26,-357.0510821911683,-2151.792171303024
67.28,-357.3578627932882,-2152.338346902548
67.3,-357.94476064029266,-2153.2289365630454
67.32000000000001,-358.5320286887235,-2154.514686400762
67.34,-358.8247747046767,-2155.97399248205
67.36,-359.41235613178225,-2157.3903001565395
67.38,-359.70718251488137,-2159.206248891028
67.4,-360.2948212320786,-2160.904629363566
67.42,-360.58758269459344,-2162.591355644419
67.44,-360.8823363410392,-2164.302761475826
67.46000000000001,-361.4696043894701,-2165.9529104731646
67.48,-361.77362297616605,-2167.4139805578484
67.5,-362.06855717305694,-2168.7030882164377
67.52,-362.3632828385944,-2169.385994132426
67.54,-362.9523802420302,-2169.7890260505487
67.56,-363.24674168343125,-2169.875755988125
67.58,-363.5407916509313,-2169.875755988125
67.6,-363.834774217393,-2169.3908434627897
67.62,-364.12839439576373,-2168.7023470391655
67.64,-364.12839439576373,-2167.89535412085
67.66,-364.42193703358635,-2166.880780782883
67.68,-364.12839439576373,-2165.986765601777
67.7,-364.12839439576373,-2164.672262210818
67.72,-363.834774217393,-2163.7473659191105
67.74,-363.5407916509313,-2162.709270144044
67.76,-363.2464925082373,-2161.557980933951
67.78,-362.6579616238877,-2160.5997484862505
67.8,-362.0565022364745,-2159.7478987141767
67.82000000000001,-361.1769857756571,-2159.060652054034
67.84,-360.58758269459344,-2158.687741493021
67.86,-359.70718251488137,-2158.056899112505
67.88,-359.11954379768406,-2157.673876907876
67.9,-358.2393843522867,-2157.5284850147395
67.92,-357.65029308046405,-2157.1189683519638
67.94,-357.0510821911683,-2156.865475556818
67.96000000000001,-356.46198478773255,-2156.4854089490345
67.98,-356.16762334633137,-2155.9856946619147
68.0,-355.87357337883145,-2155.443178261151
68.02,-355.57959081236964,-2155.200704825561
68.04,-355.57959081236964,-2154.666856807187
68.06,-355.57959081236964,-2154.264037687379
68.08,-355.87357337883145,-2154.1098616831414
68.1,-356.16762334633137,-2153.857133450869
68.12,-356.46198478773255,-2153.7054441608384
68.14,-356.77145782273874,-2153.7054441608384
68.16,-357.06563535713445,-2153.7054441608384
68.18,-357.6407420535967,-2154.3067671997487
68.2,-357.94476064029266,-2155.0063907526787
68.22,-358.5320286887235,-2155.83211175464
68.24,-358.8247747046767,-2156.5005589379734
68.26,-359.11954379768406,-2157.807109313614
68.28,-359.70718251488137,-2158.951974454936
68.3,-360.0,-2160.0
68.32000000000001,-360.2948212320786,-2161.5552112249516
68.34,-360.58758269459344,-2162.8479895579935
68.36,-361.174980677476,-2164.009196520768
68.38,-361.4696043894701,-2165.16626437782
68.4,-361.77362297616605,-2165.9537524982666
68.42,-362.06855717305694,-2167.0017576354353
68.44,-362.3632828385944,-2167.2868115053448
68.46000000000001,-362.6579616238877,-2167.688287958435
68.48,-362.9523802420302,-2167.688287958435
68.5,-362.9523802420302,-2167.402580825405
68.52,-363.24674168343125,-2167.2694335216697
68.54,-363.24674168343125,-2166.880780782883
68.56,-363.24674168343125,-2166.1975646393175
68.58,-363.24674168343125,-2165.2050318711895
68.60000000000001,-363.2464925082373,-2164.646860093046
68.62,-362.9523802420302,-2163.7473659191105
68.64,-362.642907207024,-2162.9468217084204
68.66,-362.3487296726282,-2161.7016003090607
68.68,-362.06855717305694,-2161.148818663556
68.7,-361.76207064293544,-2160.3785115367336
68.72,-361.174980677476,-2159.6058590567263
68.74,-360.58758269459344,-2158.920329988722
68.76,-360.2948212320786,-2158.1513857095
68.78,-359.70718251488137,-2157.7726823559806
68.8,-359.11954379768406,-2157.52004492222
68.82000000000001,-358.5320286887235,-2157.3841226448726
68.84,-358.23737925410563,-2156.8896340975843
68.86,-357.65029308046405,-2156.7155557643264
68.88,-357.3578627932882,-2156.5157787438247
68.9,-357.0636390941498,-2156.24884197451
68.92,-356.756403405875,-2156.124583953227
68.94,-356.756403405875,-2155.97399248205
68.96000000000001,-356.756403405875,-2155.5881871310758
68.98,-356.77145782273874,-2155.456299023224
69.0,-357.0510821911683,-2155.4536488257886
69.02,-357.0510821911683,-2155.456299023224
69.04,-357.3578627932882,-2155.5776907363497
69.06,-357.6407420535967,-2155.8256618222513
69.08,-357.9357127748473,-2156.1004700901685
69.10000000000001,-358.23737925410563,-2156.6371436145
69.12,-358.5320286887235,-2157.3903001565395
69.14,-358.8247747046767,-2157.673876907876
69.16,-359.11954379768406,-2158.405982162268
69.18,-359.41235613178225,-2159.204634308345
69.2,-360.0,-2160.0
69.22,-360.2948212320786,-2160.8661084730547
69.24,-360.58758269459344,-2161.9489404500846
69.26,-360.8823363410392,-2162.577855977147
69.28,-361.174980677476,-2163.486433549944
69.3,-361.1769857756571,-2163.895124235667
69.32000000000001,-361.4696043894701,-2164.5582559315076
69.34,-361.76207064293544,-2164.795042010269
69.36,-362.06855717305694,-2165.424800921676
69.38,-362.06855717305694,-2165.5494259303255
69.4,-362.0565022364745,-2165.7045763090023
69.42,-362.3632828385944,-2165.3392168776063
69.44,-362.3632828385944,-2164.926955135612
69.46000000000001,-362.3632828385944,-2164.7880500783303
69.48,-362.3632828385944,-2164.5582559315076
69.5,-362.0565022364745,-2163.88942303314
69.52,-362.0565022364745,-2163.3586362474816
69.54,-361.76407194929857,-2162.589318912993
69.56,-361.77362297616605,-2161.6934170500112
69.58,-361.4696043894701,-2161.27326531162
69.60000000000001,-361.174980677476,-2160.533962085174
69.62,-360.8823363410392,-2160.0
69.64,-360.58758269459344,-2159.205654722566
69.66,-360.2948212320786,-2158.8110378935044
69.68,-360.0,-2158.197097573689
69.7,-359.70718251488137,-2157.673876907876
69.72,-359.41235613178225,-2157.5323229087985
69.74,-358.8247747046767,-2157.5284850147395
69.76,-358.5320286887235,-2157.3841226448726
69.78,-358.2393843522867,-2157.3841226448726
69.8,-358.23737925410563,-2157.3841226448726
69.82000000000001,-357.94476064029266,-2156.8730164097
69.84,-357.9357127748473,-2157.3841226448726
69.86,-357.65029308046405,-2157.1157641735244
69.88,-357.65029308046405,-2157.1157641735244
69.9,-357.9357127748473,-2157.27290210763
69.92,-357.94476064029266,-2157.3903001565395
69.94,-357.94476064029266,-2157.3841226448726
69.96000000000001,-358.23737925410563,-2157.668264159081
69.98,-358.5320286887235,-2157.668264159081
70.0,-358.5320286887235,-2158.018366454203
70.02,-358.8247747046767,-2158.4413612687713
70.04,-359.11954379768406,-2158.951974454936
70.06,-359.41235613178225,-2159.4694382279554
70.08,-359.41436502976273,-2159.752421494637
70.10000000000001,-359.70718251488137,-2160.0
70.12,-360.0,-2160.7618868045943
70.14,-360.2948212320786,-2161.2711487927654
70.16,-360.58758269459344,-2161.7016003090607
70.18,-360.58758269459344,-2162.048351353483
70.2,-360.8823363410392,-2162.4377987246417
70.22,-360.8823363410392,-2162.9943238867486
70.24,-361.174980677476,-2163.2145927297083
70.26,-361.174980677476,-2163.351902865345
70.28,-361.4696043894701,-2163.4956986697443
70.3,-361.4696043894701,-2163.505258061503
70.32000000000001,-361.47865225491535,-2163.505258061503
70.34,-361.4696043894701,-2163.3586362474816
70.36,-361.4696043894701,-2163.349265638872
70.38,-361.4696043894701,-2163.209661566983
70.4,-361.4696043894701,-2162.7256877287346
70.42,-361.174980677476,-2162.3012725110257
70.44,-361.174980677476,-2161.6934170500112
70.46000000000001,-361.174980677476,-2161.414188352671
70.48,-360.8823363410392,-2161.0458270427475
70.5,-360.8823363410392,-2160.0
70.52,-360.58758269459344,-2160.0
70.54,-360.58758269459344,-2159.469995421784
70.56,-360.2948212320786,-2159.206248891028
70.58,-360.2948212320786,-2158.669963752695
70.60000000000001,-360.0,-2158.450018731232
70.62,-359.70718251488137,-2158.4068054502864
70.64,-359.7051736169009,-2158.153075317344
70.66,-359.41235613178225,-2158.052509325364
70.68,-359.11954379768406,-2157.8214897886605
70.7,-359.11954379768406,-2158.052509325364
70.72,-358.8247747046767,-2158.1559002303325
70.74,-358.8247747046767,-2158.2963119263045
70.76,-358.8247747046767,-2158.4055332386
70.78,-358.8247747046767,-2158.547119553882
70.8,-358.8247747046767,-2158.669963752695
70.82000000000001,-358.8247747046767,-2158.68737583272
70.84,-358.8247747046767,-2158.8161699059406
70.86,-359.11954379768406,-2159.060652054034
70.88,-359.11954379768406,-2159.3454610008325
70.9,-359.11954379768406,-2159.469995421784
70.92,-359.41235613178225,-2159.6125046618454
70.94,-359.41235613178225,-2159.685581952691
70.96000000000001,-359.41235613178225,-2160.0
70.98,-359.70718251488137,-2160.0
71.0,-359.70718251488137,-2160.6564567678006
71.02,-360.0,-2160.758477206675
71.04,-360.0,-2161.0458270427475
71.06,-360.2948212320786,-2161.2904052814006
71.08,-360.2948212320786,-2161.419164496807
71.10000000000001,-360.2948212320786,-2161.4121811800455
71.12,-360.2948212320786,-2161.552529383828
71.14,-360.58758269459344,-2161.8109942519955
71.16,-360.58758269459344,-2161.8393981856893
71.18,-360.58758269459344,-2161.6934170500112
71.2,-360.58758269459344,-2161.6934170500112
71.22,-360.58758269459344,-2161.6934170500112
71.24,-360.58758269459344,-2161.5552112249516
71.26,-360.58758269459344,-2161.41208809563
71.28,-360.58758269459344,-2161.557980933951
71.3,-360.58758269459344,-2161.148818663556
71.32000000000001,-360.58758269459344,-2161.009149304893
71.34,-360.58758269459344,-2160.9012463196846
71.36,-360.2948212320786,-2160.3896570595643
71.38,-360.2948212320786,-2160.0
71.4,-360.2948212320786,-2160.0
71.42,-360.2948212320786,-2159.6114747109127
71.44,-360.2948212320786,-2159.6099059077087
71.46000000000001,-360.2948212320786,-2159.4694382279554
71.48,-360.2948212320786,-2159.204634308345
71.5,-359.6082374215494,-2159.205654722566
71.52,-360.0,-2159.206248891028
71.54,-360.0,-2159.098743890944
71.56,-360.0,-2158.951974454936
71.58,-360.0,-2159.060652054034
71.60000000000001,-359.70718251488137,-2159.205654722566
71.62,-359.70718251488137,-2159.469995421784
71.64,-359.70718251488137,-2159.6099059077087
71.66,-359.70718251488137,-2159.6058590567263
71.68,-359.70718251488137,-2159.6058590567263
71.7,-359.70718251488137,-2159.685581952691
71.72,-359.70718251488137,-2159.725674764796
71.74,-359.70718251488137,-2160.0
71.76,-359.70718251488137,-2160.0
71.78,-359.70718251488137,-2160.310916871015
71.8,-360.0,-2160.3896570595643
71.82000000000001,-360.0,-2160.0
71.84,-360.0,-2160.6183315152166
71.86,-360.0,-2160.758477206675
71.88,-360.0,-2160.7618868045943
71.9,-360.0,-2160.8661084730547
71.92,-360.0,-2160.9050532724204
71.94,-360.0,-2160.905818352768
71.96000000000001,-360.0,-2160.905818352768
71.98,-360.0,-2160.905818352768
72.0,-360.0,-2160.9050532724204
72.02,-360.0,-2160.7618868045943
72.04,-360.0,-2160.7618868045943
72.06,-360.0,-2160.6564567678006
72.08,-360.0,-2160.494750446961
72.1,-360.0,-2160.0
72.12,-360.0,-2160.0
72.14,-360.0,-2160.0
72.15999999999998,-360.0,-2160.0
72.18,-360.0,-2160.0
72.2,-360.0,-2159.7478987141767
72.22,-360.0,-2159.7478987141767
72.23999999999998,-360.0,-2159.6058590567263
72.26,-360.0,-2159.6058590567263
72.28,-360.0,-2159.6099059077087
72.29999999999998,-360.0,-2159.6058590567263
72.32,-360.0,-2159.6058590567263
72.34,-360.0,-2159.6058590567263
72.36,-360.0,-2159.6058590567263
72.37999999999998,-360.0,-2159.7478987141767
72.4,-360.0,-2160.0
72.42,-360.0,-2160.0
72.43999999999998,-360.0,-2160.0
72.46,-360.0,-2160.0
72.48,-360.0,-2160.0
72.5,-360.0,-2160.0
72.51999999999998,-360.0,-2160.0
72.54,-360.0,-2160.6183315152166
72.56,-360.0,-2160.758477206675
72.58,-360.0,-2160.533962085174
72.6,-360.0,-2160.6389199167993
72.62,-360.0,-2160.7618868045943
72.64,-360.0,-2160.7618868045943
72.65999999999998,-360.0,-2160.7618868045943
72.68,-360.0,-2160.7618868045943
72.7,-360.0,-2160.6564567678006
72.72,-360.0,-2160.758477206675
72.73999999999998,-360.0,-2160.5128965414888
72.76,-360.0,-2160.0
72.78,-360.0,-2160.0
72.79999999999998,-360.0,-2160.0
72.82,-360.0,-2160.0
72.84,-360.0,-2160.0
72.86,-360.0,-2160.0
72.87999999999998,-360.0,-2160.0
72.9,-360.0,-2160.0
72.92,-360.0,-2159.7478987141767
72.93999999999998,-360.0,-2159.7478987141767
72.96,-360.0,-2159.7478987141767
72.98,-360.0,-2159.7478987141767
73.0,-360.0,-2159.7478987141767
73.01999999999998,-360.0,-2159.7478987141767
73.04,-360.0,-2160.0
73.06,-360.0,-2160.0
73.08,-360.0,-2160.0
73.1,-360.0,-2160.0
73.12,-360.0,-2160.0
73.14,-360.0,-2160.0
73.15999999999998,-360.0,-2160.0
73.18,-360.0,-2160.0
73.2,-360.0,-2160.0
73.22,-360.0,-2160.0
73.23999999999998,-360.0,-2160.6183315152166
73.26,-360.0,-2160.5128965414888
73.28,-360.0,-2160.6183315152166
73.29999999999998,-360.0,-2160.758477206675
73.32,-360.0,-2160.6183315152166
73.34,-360.0,-2160.6183315152166
73.36,-360.0,-2160.6183315152166
73.37999999999998,-360.0,-2160.494750446961
73.4,-360.0,-2160.6183315152166
73.42,-360.0,-2160.0
73.43999999999998,-360.0,-2160.0
73.46,-360.0,-2160.0
73.48,-360.0,-2160.0
73.5,-360.0,-2160.0
73.51999999999998,-360.0,-2160.0
73.54,-360.0,-2160.0
73.56,-360.0,-2160.0
73.58,-360.0,-2160.0
73.6,-360.0,-2160.0
73.62,-360.0,-2160.0
73.64,-360.0,-2160.0
73.65999999999998,-360.0,-2160.0
73.68,-360.0,-2160.0
73.7,-360.0,-2160.0
73.72,-360.0,-2160.0
73.73999999999998,-360.0,-2160.0
73.76,-360.0,-2160.0
73.78,-360.0,-2160.0
73.79999999999998,-360.0,-2160.0
73.82,-360.0,-2160.0
73.84,-360.0,-2160.0
73.86,-360.0,-2160.0
73.87999999999998,-360.0,-2160.0
73.9,-360.0,-2160.0
73.92,-360.0,-2160.3819868334776
73.93999999999998,-360.0,-2160.0
73.96,-360.0,-2160.0
73.98,-360.0,-2160.3819868334776
74.0,-360.0,-2160.0
74.01999999999998,-360.0,-2160.0
74.04,-360.0,-2160.3819868334776
74.06,-360.0,-2160.0
74.08,-360.0,-2160.0
74.1,-360.0,-2160.0
74.12,-360.0,-2160.0
74.14,-360.0,-2160.0
74.15999999999998,-360.0,-2160.0
74.18,-360.0,-2160.0
74.2,-360.0,-2160.0
74.22,-360.0,-2160.0
74.23999999999998,-360.0,-2160.0
74.26,-360.0,-2160.0
74.28,-360.0,-2160.0
74.29999999999998,-360.0,-2160.0
74.32,-360.0,-2160.0
74.34,-360.0,-2160.0
74.36,-360.0,-2160.0
74.37999999999998,-360.0,-2160.0
74.4,-360.0,-2160.0
74.42,-360.0,-2160.0
74.43999999999998,-360.0,-2160.0
74.46,-360.0,-2160.0
74.48,-360.0,-2160.0
74.5,-360.0,-2160.0
74.51999999999998,-360.0,-2160.0
74.54,-360.0,-2160.0
74.56,-360.0,-2160.0
74.58,-360.0,-2160.0
74.6,-360.0,-2160.0
74.62,-360.0,-2160.0
74.64,-360.0,-2160.0
74.65999999999998,-360.0,-2160.0
74.68,-360.0,-2160.0
74.7,-360.0,-2160.0
74.72,-360.0,-2160.0
74.73999999999998,-360.0,-2160.0
74.76,-360.0,-2160.0
74.78,-360.0,-2160.0
74.79999999999998,-360.0,-2160.0
74.82,-360.0,-2160.0
74.84,-360.0,-2160.0
74.86,-360.0,-2160.0
74.87999999999998,-360.0,-2160.0
74.9,-360.0,-2160.0
74.92,-360.0,-2160.0
74.93999999999998,-360.0,-2160.0
74.96,-360.0,-2160.0
74.98,-360.0,-2160.0
75.0,-360.0,-2160.0
75.01999999999998,-360.0,-2160.0
75.04,-360.0,-2160.0
75.06,-360.0,-2160.0
75.08,-360.0,-2160.0
75.1,-360.0,-2160.0
75.12,-360.0,-2160.0
75.14,-360.0,-2160.0
75.15999999999998,-360.0,-2160.0
75.18,-360.0,-2160.0
75.2,-360.0,-2160.0
75.22,-360.0,-2160.0
75.23999999999998,-360.0,-2160.0
75.26,-360.0,-2160.0
75.28,-360.0,-2160.0
75.29999999999998,-360.0,-2160.0
75.32,-360.0,-2160.0
75.34,-360.0,-2160.0
75.36,-360.0,-2160.0
75.37999999999998,-360.0,-2160.0
75.4,-360.0,-2160.0
75.42,-360.0,-2160.0
75.43999999999998,-360.0,-2160.0
75.46,-360.0,-2160.0
75.48,-360.0,-2160.0
75.5,-360.0,-2160.0
75.51999999999998,-360.0,-2160.0
75.54,-360.0,-2160.0
75.56,-360.0,-2160.0
75.58,-360.0,-2160.0
75.6,-360.0,-2160.0
75.62,-360.0,-2160.0
75.64,-360.0,-2160.0
75.65999999999998,-360.0,-2160.0
75.68,-360.0,-2160.0
75.7,-360.0,-2160.0
75.72,-360.0,-2160.0
75.73999999999998,-360.0,-2160.0
75.76,-360.0,-2160.0
75.78,-360.0,-2160.0
75.79999999999998,-360.0,-2160.0
75.82,-360.0,-2160.0
75.84,-360.0,-2160.0
75.86,-360.0,-2160.0
75.87999999999998,-360.0,-2160.0
75.9,-360.0,-2160.0
75.92,-360.0,-2160.0
75.93999999999998,-360.0,-2160.0
75.96,-360.0,-2160.0
75.98,-360.0,-2160.0
76.0,-360.0,-2160.0
76.01999999999998,-360.0,-2160.0
76.04,-360.0,-2160.0
76.06,-360.0,-2160.0
76.08,-360.0,-2160.0
76.1,-360.0,-2160.0
76.12,-360.0,-2160.0
76.14,-360.0,-2160.0
76.15999999999998,-360.0,-2160.0
76.18,-360.0,-2160.0
76.2,-360.0,-2160.0
76.22,-360.0,-2160.0
76.23999999999998,-360.0,-2160.0
76.26,-360.0,-2160.0
76.28,-360.0,-2160.0
76.29999999999998,-360.0,-2160.0
76.32,-360.0,-2160.0
76.34,-360.0,-2160.0
76.36,-360.0,-2160.0
76.37999999999998,-360.0,-2160.0
76.4,-360.0,-2160.0
76.42,-360.0,-2160.0
76.43999999999998,-360.0,-2160.0
76.46,-360.0,-2160.0
76.48,-360.0,-2160.0
76.5,-360.0,-2160.0
76.51999999999998,-360.0,-2160.0
76.54,-360.0,-2160.0
76.56,-360.0,-2160.0
76.58,-360.0,-2160.0
76.6,-360.0,-2160.0
76.62,-360.0,-2160.0
76.64,-360.0,-2160.0
76.65999999999998,-360.0,-2160.0
76.68,-360.0,-2160.0
76.7,-360.0,-2160.0
76.72,-360.0,-2160.0
76.73999999999998,-360.0,-2160.0
76.76,-360.0,-2160.0
76.78,-360.0,-2160.0
76.79999999999998,-360.0,-2160.0
76.82,-360.0,-2160.0
76.84,-360.0,-2160.0
76.86,-360.0,-2160.0
76.87999999999998,-360.0,-2160.0
76.9,-360.0,-2160.0
76.92,-360.0,-2160.0
76.93999999999998,-360.0,-2160.0
76.96,-360.0,-2160.0
76.98,-360.0,-2160.0
77.0,-360.0,-2160.0
77.01999999999998,-360.0,-2160.0
77.04,-360.0,-2160.0
77.06,-360.0,-2160.0
77.08,-360.0,-2160.0
77.1,-360.0,-2160.0
77.12,-360.0,-2160.0
77.14,-360.0,-2160.0
77.15999999999998,-360.0,-2160.0
77.18,-360.0,-2160.0
77.2,-360.0,-2160.0
77.22,-360.0,-2160.0
77.23999999999998,-360.0,-2160.0
77.26,-360.0,-2160.0
77.28,-360.0,-2160.0
77.29999999999998,-360.0,-2160.0
77.32,-360.0,-2160.0
77.34,-360.0,-2160.0
77.36,-360.0,-2160.0
77.37999999999998,-360.0,-2160.0
77.4,-360.0,-2160.0
77.42,-360.0,-2160.0
77.43999999999998,-360.0,-2160.0
77.46,-360.0,-2160.0
77.48,-360.0,-2160.0
77.5,-360.0,-2160.0
77.51999999999998,-360.0,-2160.0
77.54,-360.0,-2160.0
77.56,-360.0,-2160.0
77.58,-360.0,-2160.0
77.6,-360.0,-2160.0
77.62,-360.0,-2160.0
77.64,-360.0,-2160.0
