t,s1,s2
0.0,-0.0,-0.0
0.02,-0.0,-0.0
0.04,-0.0,-0.0
0.06,-0.0,-0.0
0.08,-0.0,-0.0
0.1,-0.0,-0.0
0.12,-0.0,-0.0
0.14,-0.0,-0.0
0.16,-0.0,-0.0
0.18,-0.0,-0.0
0.2,-0.0,-0.0
0.22,-0.0,-0.0
0.24,-0.0,-0.0
0.26,-0.0,-0.0
0.28,-0.0,-0.0
0.3,-0.0,-0.0
0.32,-0.0,-0.0
0.34,-0.0,-0.0
0.36,-0.0,-0.0
0.38,-0.0,-0.0
0.4,-0.0,-0.0
0.42,-0.0,-0.0
0.44,-0.0,-0.0
0.46,-0.0,-0.0
0.48,-0.0,-0.0
0.5,-0.0,-0.0
0.52,-0.0,-0.0
0.54,-0.0,-0.0
0.56,-0.0,-0.0
0.58,-0.0,-0.0
0.6,-0.0,-0.0
0.62,-0.0,-0.0
0.64,-0.0,-0.0
0.66,-0.0,-0.0
0.68,-0.0,-0.0
0.7000000000000001,-0.0,-0.0
0.72,-0.0,-0.0
0.74,-0.0,-0.0
0.76,-0.0,-0.0
0.78,-0.0,-0.0
0.8,-0.0,-0.0
0.82,-0.0,-0.0
0.8399999999999999,-0.0,-0.0
0.86,-0.0,-0.0
0.88,-0.0,-0.0
0.9,-0.0,-0.0
0.92,-0.0,-0.0
0.94,-0.0,-0.0
0.96,-0.0,-0.0
0.98,-0.0,-0.0
1.0,-0.0,-0.0
1.02,-0.0,-0.0
1.04,-0.0,-0.0
1.06,-0.0,-0.0
1.08,-0.0,-0.0
1.1,-0.0,-0.0
1.12,-0.0,-0.0
1.14,-0.0,-0.0
1.16,-0.0,-0.0
1.18,-0.0,-0.0
1.2,-0.0,-0.0
1.22,-0.0,-0.0
1.24,-0.0,-0.0
1.26,-0.0,-0.0
1.28,-0.0,-0.0
1.3,-0.0,-0.0
1.32,-0.0,-0.0
1.34,-0.0,-0.0
1.36,-0.0,-0.0
1.38,-0.0,-0.0
1.4,-0.0,-0.0
1.42,-0.0,-0.0
1.44,-0.0,-0.0
1.46,-0.0,-0.0
1.48,-0.0,-0.0
1.5,-0.0,-0.0
1.52,-0.0,-0.0
1.54,-0.0,-0.0
1.56,-0.0,-0.0
1.58,-0.0,-0.0
1.6,-0.0,-0.0
1.62,-0.0,-0.0
1.64,-0.0,-0.0
1.66,-0.0,-0.0
1.68,-0.0,-0.0
1.7,-0.0,-0.0
1.72,-0.0,-0.0
1.74,-0.0,-0.0
1.76,-0.0,-0.0
1.78,-0.0,-0.0
1.8,-0.0,-0.0
1.82,-0.0,-0.0
1.84,-0.0,-0.0
1.86,-0.0,52.930233296611476
1.88,-0.0,143.07050556686835
1.9,-0.0,128.97129771257266
1.92,-0.0,52.782228919113486
1.94,-0.0,-0.0
1.96,-29.482123207863246,-130.3344341470498
1.98,-29.482123207863246,-284.33212023801923
2.0,-58.75826945934357,-502.3936605808504
2.02,-88.23363410391619,-703.7626462987693
2.04,-117.69857756571265,-934.1537888132551
2.06,-176.40719492986287,-1209.0145409238319
2.08,-265.7961623887691,-1516.1191021348768
2.1,-324.67416834313127,-1882.3605533409586
2.12,-442.2267375171408,-2224.741479962062
2.14,-559.3580153733866,-2582.626489827087
2.16,-708.6843613206017,-2955.523267028721
2.18,-854.2707697142595,-3359.235372917989
2.2,-1038.1347779677264,-3729.8051756149257
2.22,-1245.9085573313225,-4079.5083984861963
2.24,-1424.076181328618,-4427.851183721292
2.26,-1637.8588512704362,-4821.9047276074125
2.28,-1888.494147886779,-5176.960814120937
2.3,-2101.7974582312077,-5509.74375552936
2.32,-2363.9425384029496,-5781.311740229565
2.34,-2587.5582243205045,-6111.1448006729715
2.36,-2785.0453950363167,-6389.524597514329
2.38,-2981.3544298950983,-6634.164757493277
2.4,-3152.649280160663,-6903.32881899458
2.42,-3282.974529402572,-7217.052973172889
2.44,-3364.2044012483857,-7647.3331043160315
2.46,-3470.1084595880084,-8084.274157580419
2.48,-3616.663346418791,-8497.545424876133
2.5,-3845.881084984313,-8831.704755947041
2.52,-4097.56558059782,-9179.02058401714
2.54,-4387.486256476741,-9460.83844222913
2.56,-4636.946555673122,-9723.211954953646
2.58,-4907.451781130367,-9989.578603862221
2.6,-5178.170011882899,-10273.11204849366
2.62,-5430.641570228984,-10578.46749510026
2.64,-5723.641318869095,-10952.363603806689
2.66,-5960.0820730811765,-11348.310306733843
2.68,-6261.765372030594,-11711.675169336017
2.7,-6550.887483808107,-12087.91872921272
2.72,-6877.431512130412,-12376.184661503252
2.74,-7210.870356722095,-12647.974575378164
2.76,-7545.6910151309985,-12936.506416847567
2.78,-7851.5759127598785,-13215.805882738363
2.8,-8178.543116481683,-13425.485207131645
2.82,-8501.641673292173,-13665.750811050388
2.84,-8765.02930804641,-13881.766291983135
2.86,-9088.233634103917,-14056.815667813664
2.88,-9410.490099119676,-14280.315671137003
2.9,-9733.66656116444,-14420.381082995478
2.92,-10090.229394118132,-14606.60199005074
2.94,-10360.389080632405,-14815.007614189552
2.96,-10665.824721271725,-15110.304993856962
2.98,-10879.034458320948,-15378.991381224987
3.0,-11167.141578372792,-15621.304245357554
3.02,-11482.967115358533,-15841.388831510823
3.04,-11850.276666630585,-15965.297317688812
3.06,-12258.161766816116,-16044.547754891772
3.08,-12680.949611838172,-16032.221028498827
3.1,-13138.741574609923,-15965.297317688812
3.12,-13595.259034565004,-15855.001210902132
3.14,-13990.049442670832,-15787.527134459955
3.16,-14301.314356290039,-15781.945588481862
3.18,-14552.834182654153,-15881.371872265856
3.2,-14763.799938333383,-16034.13184512117
3.22,-14959.808904963009,-16275.28489104588
3.24,-15090.88291816926,-16518.93151365585
3.26,-15222.191275396188,-16817.050855965284
3.28,-15314.253505381092,-17051.77366145936
3.3,-15419.175032942403,-17307.717272432525
3.32,-15511.77243563263,-17555.566592072202
3.34,-15616.144921458368,-17764.51770102157
3.36,-15708.483304160189,-17979.197499284066
3.38,-15801.466601764458,-18151.661776885572
3.4,-15904.902249926636,-18267.093593763828
3.42,-16052.817448907066,-18307.53044187581
3.44,-16210.870356722095,-18307.444967129075
3.46,-16396.41709417555,-18241.154988889168
3.48,-16609.65361842271,-18154.666100155766
3.5,-16816.760946399798,-17977.449108210865
3.52,-17024.486030685573,-17908.06818911045
3.54,-17232.752141655674,-17812.306551971174
3.56,-17440.625599835566,-17711.193711720414
3.58,-17587.35733788315,-17657.70862740439
3.6,-17706.563535713445,-17634.106965519906
3.62,-17794.476064029262,-17673.42807351466
3.64,-17823.93843522867,-17775.53636475727
3.66,-17853.202868872355,-17881.196915512282
3.68,-17853.202868872355,-17977.449108210865
3.7,-17853.202868872355,-18149.306969465288
3.72,-17882.678233516926,-18206.033851700704
3.74,-17911.954379768413,-18254.8244101012
3.76,-17941.43650297627,-18269.584661450564
3.78,-18000.0,-18280.763068443408
3.8,-18029.482123207865,-18240.928338393234
3.82,-18058.959032508606,-18241.747299772782
3.84,-18088.233634103915,-18245.10694423527
3.86,-18117.498067747598,-18241.747299772782
3.88,-18117.498067747598,-18256.058226850662
3.9,-18088.233634103915,-18241.747299772782
3.92,-18088.233634103915,-18243.860506683613
3.94,-18058.959032508606,-18220.225418012335
3.96,-18058.959032508606,-18220.77548752223
3.98,-18029.482123207865,-18220.225418012335
4.0,-18029.482123207865,-18269.584661450564
4.02,-18029.482123207865,-18241.747299772782
4.04,-17960.823742154935,-18220.225418012335
4.06,-17960.823742154935,-18220.225418012335
4.08,-17960.823742154935,-18229.97557323136
4.1,-17960.823742154935,-18220.225418012335
4.12,-18029.482123207865,-18220.225418012335
4.14,-18029.482123207865,-18220.225418012335
4.16,-18029.482123207865,-18205.773940319996
4.18,-18029.482123207865,-18192.112445105726
4.2,-17960.823742154935,-18192.112445105726
4.22,-17960.823742154935,-18205.526539044142
4.24,-17960.823742154935,-18192.112445105726
4.26,-18000.0,-18192.112445105726
4.28,-18000.0,-18192.112445105726
4.3,-17970.718251488135,-18192.112445105726
4.32,-17970.718251488135,-18177.424535172766
4.34,-17970.718251488135,-18177.424535172766
4.36,-17970.718251488135,-18192.112445105726
4.38,-17970.718251488135,-18192.112445105726
4.4,-17970.718251488135,-18192.112445105726
4.42,-17970.718251488135,-18177.424535172766
4.44,-17970.718251488135,-18206.21991858926
4.46,-17970.718251488135,-18192.112445105726
4.48,-18000.0,-18229.97557323136
4.5,-17960.823742154935,-18220.967106121945
4.52,-17960.823742154935,-18206.033851700704
4.54,-17960.823742154935,-18229.97557323136
4.56,-18029.482123207865,-18220.225418012335
4.58,-18029.482123207865,-18220.967106121945
4.6000000000000005,-18029.482123207865,-18258.599434554144
4.62,-18029.482123207865,-18269.584661450564
4.64,-18029.482123207865,-18251.98425909309
4.66,-18029.482123207865,-18269.584661450564
4.68,-18058.75826945934,-18271.060756059946
4.7,-18058.959032508606,-18265.89181250719
4.72,-18058.959032508606,-18256.364252640797
4.74,-18058.959032508606,-18279.40456716176
4.76,-18088.233634103915,-18280.763068443408
4.78,-18088.233634103915,-18280.763068443408
4.8,-18088.233634103915,-18254.8244101012
4.82,-18088.233634103915,-18240.928338393234
4.84,-18088.233634103915,-18231.189863363605
4.86,-18088.233634103915,-18206.033851700704
4.88,-18088.233634103915,-18192.112445105726
4.9,-18088.233634103915,-18178.39124016081
4.92,-18058.959032508606,-18177.424535172766
4.94,-18058.959032508606,-18192.112445105726
4.96,-18058.75826945934,-18202.959265641202
4.98,-18058.75826945934,-18202.959265641202
5.0,-18058.75826945934,-18231.927744471774
5.02,-18058.75826945934,-18271.060756059946
5.04,-18058.75826945934,-18316.888272720702
5.06,-18058.75826945934,-18344.48204805428
5.08,-18058.75826945934,-18397.718240826318
5.1000000000000005,-18058.75826945934,-18487.63215860164
5.12,-18058.75826945934,-18570.45674559092
5.14,-18029.482123207865,-18699.851221683428
5.16,-18029.482123207865,-18832.596629695367
5.18,-17960.823742154935,-19063.3507878142
5.2,-17970.718251488135,-19304.65199211796
5.22,-17941.43650297627,-19574.40792818957
5.24,-17911.954379768413,-19965.66129030907
5.26,-17823.93843522867,-20478.89710627276
5.28,-17735.786279328815,-21078.133592930568
5.3,-17618.56677847958,-21783.715744697518
5.32,-17499.242799617638,-22679.17400346568
5.34,-17382.119468185312,-23682.175574364006
5.36,-17265.43892603571,-24859.15178325012
5.38,-17174.242830895237,-26245.074655546563
5.4,-17145.229128737723,-27812.997052981205
5.42,-17203.463764832475,-29615.811558387726
5.44,-17411.367658199262,-31687.48913280878
5.46,-17765.029308046407,-34103.506083307606
5.48,-18205.650223647448,-36738.86056176863
5.5,-18588.514008832455,-39293.29113845133
5.52,-18858.78416654016,-41557.34023959925
5.54,-19003.81104335561,-43479.26752486657
5.56,-19003.81104335561,-45162.957441597595
5.58,-18974.920615041083,-46604.74593248684
5.6000000000000005,-18887.8752644452,-47849.74594056409
5.62,-18767.193672081034,-48939.25636055021
5.64,-18679.57818598444,-49818.33854225266
5.66,-18617.700250005448,-50567.23914747279
5.68,-18588.360940904327,-51155.97329511296
5.7,-18588.514008832455,-51600.38886597057
5.72,-18617.700250005448,-51907.68440452881
5.74,-18708.6843613206,-52107.792408090936
5.76,-18825.15058641985,-52135.135689159164
5.78,-18974.920615041083,-52066.16933471697
5.8,-19182.151155501877,-51866.569974726815
5.82,-19431.540247187273,-51555.55075538937
5.84,-19767.661860561384,-51050.493153995965
5.86,-20139.969901211814,-50459.48672093838
5.88,-20561.43143891705,-49713.85346330957
5.9,-21021.698054950924,-48847.90499863674
5.92,-21551.834643752252,-47854.88600662051
5.94,-22116.92637536165,-46842.01049949098
5.96,-22741.419709450078,-45673.34344630975
5.98,-23396.32343815644,-44494.675329064834
6.0,-24182.56359154785,-43319.61493678821
6.02,-25080.67340822196,-42125.39488559979
6.04,-26145.229128737727,-40944.25073568328
6.06,-27356.167456387942,-39661.43027201945
6.08,-28739.647472019697,-38023.0534831864
6.1000000000000005,-30397.135609801888,-35665.68244539343
6.12,-32585.270884271653,-32130.879386875888
6.140000000000001,-34724.22496728163,-28772.43898605749
6.16,-36617.745130166615,-26815.60690209949
6.18,-38417.52017274716,-25888.254008468455
6.2,-40263.20836685976,-26012.082782065427
6.22,-42130.76141784052,-26940.199269933244
6.24,-43942.9392311687,-28445.90895732269
6.26,-45617.700250005444,-30368.973178886394
6.28,-47129.11517566509,-32586.21477468829
6.3,-48429.07989767543,-34846.903900479665
6.32,-49470.51767815164,-37180.59459873848
6.34,-50219.247986856644,-39376.03591901969
6.36,-50707.84840833829,-41418.86329438297
6.38,-50959.80890496301,-43378.81024493679
6.4,-51025.17933804011,-45151.11692279616
6.42,-50919.738448025324,-46873.383448453766
6.44,-50658.4619735737,-48593.669900314606
6.46,-50283.77670390421,-50329.4222547497
6.48,-49802.297803473746,-52080.996169272235
6.5,-49284.4623427768,-53818.313764534
6.52,-48722.18851611963,-55504.304371625185
6.54,-48152.558806852096,-57238.0973815841
6.56,-47548.52218097537,-58914.28247965462
6.58,-46943.86013863441,-60652.945492143735
6.6000000000000005,-46239.38034772817,-62407.916652601896
6.62,-45468.86201851137,-64208.88528138684
6.640000000000001,-44530.94640385659,-66004.19240718662
6.66,-43368.025534546454,-67849.07908397536
6.68,-41959.80890496301,-70080.99616927224
6.7,-40116.926375361654,-73257.12760650809
6.72,-37851.21803709173,-77327.00487910793
6.74,-35911.95437976841,-80247.41091053198
6.76,-34238.71001056937,-82081.19249629337
6.78,-32560.807489467526,-83040.47950536851
6.8,-30924.67760661771,-83331.27394525927
6.82,-29337.181049086492,-83347.54324875215
6.84,-27858.784166540165,-83369.79425780964
6.86,-26616.76233463314,-83681.17609963569
6.88,-25545.691015131,-84252.51054223049
6.9,-24643.20658582959,-85009.03500657166
6.92,-23879.3462480926,-85810.25583697247
6.94,-23201.342996414183,-86709.63825544548
6.96,-22616.48015640685,-87565.48478628033
6.98,-22158.55526550124,-88340.40739980324
7.0,-21740.093506562083,-89082.13372868657
7.02,-21445.768998237174,-89653.97623598561
7.04,-21274.386539927567,-90123.09327332412
7.06,-21193.09906950738,-90447.9389990522
7.08,-21193.09906950738,-90634.85745181056
7.1000000000000005,-21298.934821157225,-90715.18856886736
7.12,-21551.834643752252,-90674.44301585128
7.140000000000001,-21887.218981537582,-90528.75187040135
7.16,-22324.956346569415,-90267.2254423494
7.18,-22865.902118444534,-89893.6159063017
7.2,-23536.466061322626,-89539.56544882263
7.219999999999998,-24314.25350538109,-89170.21966533679
7.24,-25238.824408336663,-88890.13958657917
7.259999999999998,-26261.858316991835,-88823.7164033121
7.28,-27474.19713541348,-89085.93812570669
7.3,-28832.998834552425,-89802.69642568151
7.32,-30331.4650829216,-91113.30543319168
7.34,-31907.28373272478,-93181.05377878879
7.36,-33419.1750329424,-95941.25460559674
7.38,-34666.764295567606,-99383.46198307151
7.4,-35353.075562071936,-103613.93599488768
7.42,-35528.597063399895,-108627.10170926411
7.44,-35911.95437976841,-113348.88223346604
7.46,-36916.950472290686,-117160.29227079537
7.48,-38325.29158151791,-120245.98795982978
7.5,-39951.38706030544,-122582.8617613808
7.52,-41577.342234848285,-124041.47208670838
7.54,-43062.40204465532,-124726.32422961235
7.56,-44385.10680322103,-124792.39411691933
7.58,-45556.32969975524,-124416.32910058016
7.6,-46637.85885127043,-123727.4329139166
7.62,-47627.22336919593,-122838.64371097347
7.64,-48493.836324765565,-121842.21601459656
7.66,-49263.20836685976,-120795.86584746584
7.679999999999999,-49907.2227640261,-119803.08257639642
7.7,-50430.575549732865,-118826.41122037834
7.719999999999998,-50854.15700125817,-117856.8042431633
7.74,-51156.55812826196,-116805.25431000497
7.759999999999998,-51392.63336607123,-115646.52487428692
7.78,-51458.46938761774,-114295.72898049396
7.8,-51419.33120873471,-112784.97931018072
7.82,-51196.2859904668,-111032.60547700031
7.84,-50788.609473845245,-109027.29273356413
7.86,-50113.83417061471,-106769.14231383175
7.88,-49221.76295928821,-104341.28800690499
7.9,-48177.278275279205,-101787.88598360909
7.92,-46998.67248596085,-99210.98555897675
7.94,-45734.051310211275,-96645.03073345704
7.96,-44501.64167329218,-93941.83109427536
7.98,-43275.61178170455,-91136.65619468637
8.0,-42130.76141784052,-88052.81044026995
8.019999999999998,-41260.10261976385,-84712.5243636906
8.040000000000001,-40719.87298131742,-80896.401323909
8.06,-40574.28540579658,-76442.2760671807
8.08,-40304.69001458985,-72036.80819499493
8.099999999999998,-39429.07989767543,-68378.55517852532
8.120000000000001,-38046.96122251199,-65530.631791344174
8.14,-36383.4774217393,-63543.418997078006
8.16,-34574.31809318402,-62589.71297643598
8.179999999999998,-32773.346658041046,-62718.43106267918
8.199999999999998,-30989.09362508242,-63870.322566987445
8.22,-29084.815465290143,-65777.63373128453
8.24,-27415.028156994795,-67500.0
8.259999999999998,-25995.49255864784,-68555.54710487081
8.279999999999998,-24801.466601764456,-69164.09833523724
8.3,-23773.25797852091,-69580.76384344621
8.32,-22888.180543587816,-69842.12866364692
8.34,-22075.534384531733,-70023.44792865598
8.359999999999998,-21404.970441653648,-70252.70378991525
8.38,-20824.6619804563,-70511.49968397812
8.4,-20325.291581517904,-70901.82130021481
8.42,-19916.31887872049,-71414.40135975077
8.439999999999998,-19581.45849946672,-72000.0
8.46,-19338.64569705677,-72746.55980484787
8.48,-19095.960808707863,-73432.40744509596
8.5,-18916.950472290697,-74236.20682070288
8.519999999999998,-18708.879410799498,-74918.76749631511
8.540000000000001,-18530.068844777008,-75474.93923226549
8.56,-18322.869724496686,-75943.88261060373
8.58,-18088.233634103915,-76231.28674633395
8.599999999999998,-17853.202868872355,-76370.7741416541
8.620000000000001,-17557.959081236964,-76321.83495767303
8.64,-17232.752141655674,-76137.26672563906
8.66,-16880.081899603538,-75807.87739610339
8.679999999999998,-16488.87881661503,-75324.47639150202
8.700000000000001,-15997.32221816384,-74651.41372255546
8.72,-15419.331208734708,-73893.43480818623
8.74,-14788.609473845241,-73027.29273356416
8.759999999999998,-13990.210415475052,-72087.50470424337
8.779999999999998,-13097.565580597817,-71071.90955570256
8.8,-12072.145100754376,-70167.60321516856
8.82,-10953.679208414556,-69370.1362536395
8.84,-9675.948852272257,-68809.27008805118
8.859999999999998,-8327.01514107438,-68658.68141178509
8.88,-6839.627295054566,-69031.06118750092
8.9,-5260.102619763857,-70090.56633392861
8.92,-3364.0942681279876,-72177.42453517279
8.939999999999998,-1124.6755565764763,-75193.75011423683
8.96,917.3476635638868,-77499.12441498534
8.98,2751.699860112918,-78564.24890385577
9.0,4466.83023178611,-78578.1573279306
9.02,6161.137634289842,-77710.6319871365
9.04,7725.416090209566,-76072.36416867014
9.06,9058.56349702373,-73941.68566085483
9.08,10096.698274991451,-71569.75169055036
9.1,10761.17559166334,-69022.15845520425
9.12,11040.07493271154,-66384.77890288405
9.14,10919.326591778043,-63600.736542856575
9.16,10518.629044396026,-60536.726948644115
9.18,10004.50744135216,-57552.397679695
9.2,9588.63234180074,-54853.60307115263
9.22,9294.891780883168,-52238.64067651717
9.24,9117.321766483072,-49561.00346846928
9.26,8999.748626225406,-46640.78490178283
9.28,8853.03956105299,-43572.45021520449
9.3,8440.682965209038,-40681.10534001549
9.32,7661.354302943222,-37994.75987615513
9.34,6399.180028929976,-34996.6670934286
9.36,4654.7269107800175,-31082.191218100605
9.38,2791.389246819419,-27217.159197553345
9.4,1304.377027764415,-24530.255312847217
9.420000000000002,-58.75826945934357,-22519.94259275456
9.44,-1424.076181328618,-20978.80118417564
9.46,-2719.245227580084,-19637.20293274041
9.48,-3973.6754431191725,-18177.058196662696
9.5,-5113.834170614701,-16345.162747319178
9.52,-6261.81049095513,-14122.545371803753
9.54,-7489.151378048993,-11377.090166980039
9.56,-8883.028998486696,-8014.098939497853
9.58,-10027.067130477823,-4807.546904441131
9.6,-10721.72724116584,-2100.897562357933
9.62,-11009.180554077,622.4952972786458
9.64,-10851.218037091729,3585.68073374655
9.66,-10303.148909512332,6902.818416612101
9.68,-9527.130497521235,10439.797286017849
9.7,-8795.36561185367,13713.66969553787
9.72,-8178.543116481683,16788.778207223062
9.74,-7730.527720251052,19886.67970130708
9.76,-7517.360321647657,23047.231861173317
9.78,-7524.702618930489,26614.433584608167
9.8,-7581.400276996833,30434.313799388274
9.82,-7275.611781704549,33870.196934464264
9.84,-6458.46938761774,36833.279439196005
9.86,-5260.102619763857,39249.52797813927
9.88,-3722.188516119631,40966.03977949935
9.9,-2009.180554077004,41828.83106805895
9.920000000000002,-205.6502236474547,41647.37122515025
9.94,1733.0302537231746,40354.77505494322
9.96,3775.533212356594,38294.373707930405
9.98,5668.534917078395,36681.99019638284
10.0,7223.234554891946,35955.49127484158
10.02,8643.832543612061,35900.01917323411
10.04,9854.770871262272,36354.909994522015
10.06,10919.326591778043,37083.16142594587
10.08,11843.441871738036,38042.1435417836
10.1,12569.358429771017,39031.56859299019
10.12,13134.097881555463,40050.21783770527
10.14,13550.166992255308,40992.217552883434
10.16,13841.444734498762,41849.5389708252
10.18,14029.882560186277,42535.711732181255
10.2,14112.78101846242,43122.927561345765
10.22,14071.3412768881,43531.40556828157
10.24,13966.015278154091,43774.940929372955
10.26,13758.292485790138,43933.84551869726
10.28,13466.830231786113,43974.2613402099
10.3,13092.716267275218,43871.587568252
10.32,12610.398140775986,43733.22767698936
10.34,12014.660390142857,43579.31331124037
10.36,11291.232580251804,43477.59365751707
10.38,10397.2091940805,43448.93773704616
10.4,9324.3596594125,43619.693249569835
10.42,8054.056055671566,43973.48801263526
10.44,6624.096701337923,44387.32712342876
10.46,5158.698801841841,44518.01558462948
10.48,3651.5304289275796,44150.67911904346
10.5,2171.0425353136275,43070.61238564933
10.52,796.5362351675232,41266.44971922392
10.54,-383.477421739308,38774.722915081205
10.56,-1274.6722074086588,35639.81355138821
10.58,-2046.961222511992,32277.81656890561
10.6,-2916.0855241802287,29281.395890519183
10.62,-3992.679325203193,26849.113795349393
10.64,-5154.897568368615,25033.038311872577
10.66,-6366.379519037234,23764.64874579117
10.68,-7517.360321647657,22921.876796062563
10.7,-8560.061396566236,22474.113977294637
10.72,-9468.862018511376,22265.12965040436
10.74,-10303.148909512332,22156.21728550863
10.76,-10971.496693737876,22117.860495949255
10.78,-11482.967115358533,22062.19074563525
10.8,-11876.12592387128,21945.053442752687
10.82,-12087.18636559538,21771.629871925943
10.84,-12177.278275279208,21483.03895830112
10.86,-12112.062611283893,21136.9888420152
10.88,-11901.488314015916,20671.067908744946
10.9,-11548.522180975375,20144.88225602044
10.92,-11064.004990845859,19572.79388186849
10.94,-10452.55768636124,19008.77559862549
10.96,-9733.998810966747,18505.483917589525
10.98,-8883.221650681244,18129.401539569666
11.0,-7851.131139376475,18061.53605395978
11.02,-6681.663085863306,18329.412141143508
11.04,-5324.773156557481,19156.04580826741
11.06,-3845.881084984313,20588.562300553265
11.08,-2325.291581517902,22694.813940131637
11.1,-916.950472290698,25521.791969124046
11.12,176.26207458944094,28905.285209177724
11.14,738.1416830081636,32966.121394383175
11.16,767.2478583443299,37796.89771342066
11.18,917.3476635638868,42352.47280707409
11.2,1668.1512534448339,46110.7938233808
11.22,2791.389246819419,49384.22594935993
11.24,4175.664830662049,52138.193875411904
11.26,5578.574603570893,54338.82788722118
11.28,6914.897982819118,56130.847076109094
11.3,8141.215833459839,57449.33308558566
11.32,9206.44125545692,58491.9146560069
11.34,10125.527094199851,59305.21222503564
11.36,10854.255087869975,59976.358552631624
11.38,11461.509068488485,60567.26802707544
11.4,11948.987464039357,61161.275850633596
11.42,12292.151591661712,61796.25387980973
11.44,12569.358429771017,62505.96043407588
11.46,12716.223296095784,63299.6781004064
11.48,12798.657003585813,64190.50531830184
11.5,12757.496980918177,65140.62765671548
11.52,12627.725095659844,66111.4905840771
11.54,12398.288501109844,67044.61652128234
11.56,11989.187737183096,67997.61930981399
11.58,11461.509068488485,68809.85253749789
11.6,10761.17559166334,69580.38451530221
11.62,9917.347663563887,70420.84126645877
11.64,8911.154493004658,71446.4243195537
11.66,7690.1223127488565,72808.13411392728
11.68,6201.443092569185,74743.31226964103
11.7,4362.0363802462525,77415.4019550126
11.72,2515.0397119193804,79799.45825997446
11.74,825.7571691047631,81109.8561365061
11.76,-825.3422926583708,81515.92147365244
11.78,-2521.9491391096076,80960.37591269577
11.8,-4139.138699502527,79499.53196198438
11.82,-5618.181490177697,77328.57500112051
11.84,-6812.457748935979,74676.24622362909
11.86,-7581.400276996833,71705.69417486199
11.88,-7822.64414261127,68398.30470716419
11.9,-7553.00627992181,64658.71423596383
11.92,-7127.54138756234,60807.85696960003
11.94,-6904.902249926636,57441.099401660606
11.96,-6942.764017015424,54276.67534680087
11.98,-7182.965456478867,51038.31577388649
12.0,-7609.745061906918,47532.50952744675
12.02,-8000.5265023551,43952.8911611808
12.04,-8029.284695804128,40610.63831989072
12.06,-7581.400276996833,37598.13756654642
12.08,-6628.120499917381,34347.35637729198
12.1,-5113.834170614701,30342.56751544615
12.12,-3575.563598358148,26485.56396593968
12.14,-2352.0333595672496,23563.894829905614
12.16,-1331.7828845535582,21053.715822055354
12.18,-383.477421739308,18774.949307096747
12.2,530.0701794208939,16538.783872520227
12.22,1490.1037442109985,14211.72356720592
12.24,2554.0567086797,11642.381884737624
12.26,3840.0884950050818,8532.63625207258
12.28,5454.886935180166,4453.430590803323
12.3,6810.687023906243,675.2572593077525
12.32,7604.254512154726,-2409.2876557844447
12.34,7933.036402823874,-5461.355366867665
12.36,7782.788464305367,-8828.643593866236
12.38,7362.1411487295645,-12403.878320214208
12.4,6953.038777488008,-15795.395620080782
12.42,6717.1968822693925,-18968.390787416643
12.44,6690.063777573016,-22062.0648257673
12.46,6942.443744982425,-25448.381254668304
12.48,7353.59506350275,-29288.638508181753
12.5,7532.301228717243,-32939.118384055895
12.52,7232.338139438613,-36156.11157865366
12.54,6425.744422277388,-38998.55137931535
12.56,5259.906493437915,-41524.93670612333
12.58,3775.3372345609328,-43519.48967714416
12.6,2171.190727409322,-44775.593075935765
12.62,559.4114305451064,-45172.826892734854
12.64,-1066.9635971761256,-44620.76271703889
12.66,-2745.150512509484,-43138.25804675847
12.68,-4574.28540579659,-40753.54207809394
12.7,-6301.091970848962,-38303.04429355068
12.72,-7702.056155248109,-36575.32487644793
12.74,-8824.778131716928,-35380.522298023956
12.76,-9762.893386494583,-34494.04686511337
12.78,-10545.085583714284,-33733.18800997272
12.8,-11178.207521680044,-33021.76659294559
12.82,-11614.051856662389,-32270.209117891995
12.84,-11916.085524180227,-31409.201681757317
12.86,-12072.062761122515,-30491.94582175872
12.88,-12046.990204912026,-29502.621322180294
12.9,-11916.085524180227,-28515.715942377927
12.92,-11679.626012021141,-27527.20793215739
12.94,-11313.316003058893,-26546.42272891894
12.96,-10814.332385704403,-25607.70897059254
12.98,-10210.643669075303,-24635.360473174827
13.0,-9468.862018511376,-23645.640360068923
13.02,-8589.409892060963,-22468.654264512617
13.04,-7552.817322793571,-21137.695540398527
13.06,-6392.9143220008955,-19548.7169279326
13.08,-5136.8715491495295,-17576.14653069278
13.1,-3868.6842705308272,-15202.75740053934
13.12,-2679.6711309456787,-12415.51505401638
13.14,-1767.6618605613876,-9169.349191859294
13.16,-1274.6722074086588,-5401.15547081278
13.18,-1245.9085573313225,-898.3166899973849
13.2,-1124.6755565764763,3473.1969412381354
13.22,-471.50668239716566,7144.5850574184615
13.24,646.9244379280638,10173.29650275055
13.26,1984.819684885243,12619.962603997143
13.28,3414.7291157283435,14404.151104388427
13.3,4799.983206473808,15506.886833104389
13.32,6014.366322151059,16035.666217670921
13.34,7073.900989452872,16077.734414983132
13.36,8054.056055671566,15731.674247401052
13.38,8882.301422434288,15209.677881739699
13.4,9559.374400164432,14452.810749270875
13.42,10154.524305731591,13680.611839097157
13.44,10575.506710286616,12862.010942293276
13.46,10891.43968516062,12108.446604673984
13.48,11012.526945572496,11389.195596281992
13.5,11012.526945572496,10718.026065380649
13.52,10854.255087869975,10061.951597874637
13.54,10547.029001229817,9469.605783750543
13.56,10096.698274991451,8908.947420730805
13.58,9471.402936600105,8411.512608353361
13.6,8673.490234856352,8016.735529587052
13.62,7725.416090209566,7679.455489776779
13.64,6597.054428535242,7410.018489183141
13.66,5389.508366314007,7066.43495798747
13.68,4070.4270513310325,6488.447621804306
13.7,2751.699860112918,5578.7493228785825
13.72,1461.5537463322216,4216.036723871823
13.74,265.41921432942746,2397.6998431377488
13.76,-796.207374238549,167.6785857527901
13.78,-1758.7047955117257,-2251.074860274122
13.8,-2719.245227580084,-4591.648861838294
13.82,-3722.188516119631,-6636.321404074073
13.84,-4802.297803473748,-8283.98296001641
13.86,-5829.105296579566,-9554.532979720556
13.88,-6812.457748935979,-10521.650126408194
13.9,-7730.527720251052,-11225.168902623893
13.92,-8530.946403856593,-11752.763613149004
13.94,-9233.442456155964,-12228.354895336992
13.96,-9733.998810966747,-12609.377660587688
13.98,-10090.229394118132,-13060.522030746692
14.0,-10331.691441069352,-13505.838269588805
14.02,-10416.73388404578,-14028.37145091281
14.04,-10331.691441069352,-14607.371650720379
14.06,-10118.792360365002,-15233.473090172944
14.08,-9763.030586818,-15874.799253568253
14.1,-9293.682536794331,-16505.69245153108
14.12,-8678.625910613891,-17044.90014425165
14.14,-7908.7527238726225,-17458.85652347477
14.16,-6997.449301522031,-17636.441177839377
14.18,-5934.594800000954,-17474.8765235031
14.2,-4697.994238053629,-16861.087736113594
14.22,-3323.2550127985755,-15662.902769168057
14.24,-1851.2180370917288,-13817.726055294193
14.26,-442.1937033586298,-11375.216907708858
14.28,767.4429078232275,-8409.644870519687
14.3,1575.506710286616,-4946.895122832748
14.32,1798.2109690434218,-826.1246389244146
14.34,1611.7599128282063,3866.4776379067257
14.36,1704.9684335209765,8053.556801005739
14.38,2302.694039745923,11623.979959549511
14.4,3267.34951916879,14853.278124854418
14.42,4425.068622346882,17832.905291372455
14.44,5668.534917078395,20613.992114311943
14.46,6876.668587630715,23229.164243240608
14.48,8054.056055671566,25758.916767725168
14.5,9029.281748511865,28230.26444066719
14.52,9825.563737267315,30585.895309825883
14.54,10333.235704432389,32803.74774315833
14.56,10575.403522556055,34834.95518633575
14.58,10518.629044396026,36679.45739316329
14.6,10183.239053600204,38502.66395560321
14.62,9559.374400164432,40349.22558326793
14.64,8673.490234856352,42467.77070792365
14.66,7503.682288491521,44898.929315277215
14.68,6267.007688708762,47112.52234138553
14.7,5112.78101846242,48797.37566990885
14.72,3904.6409233786603,49948.83972302685
14.74,2593.4218777178053,50473.525558290865
14.76,1183.4239889297733,50388.51609823602
14.78,-354.07916509312844,49584.5069537105
14.8,-1981.5114356878141,48103.55612967256
14.82,-3551.8346437522623,46090.24624028402
14.84,-4948.988365382705,43549.18936716813
14.86,-6065.310579104992,40720.62624134485
14.88,-6774.294924603474,37686.39216490849
14.9,-6969.964293986974,34494.120165750755
14.92,-6627.704117135204,30844.788223005376
14.94,-5999.833731543793,26887.909481566214
14.96,-5512.3566053008435,23417.9046359242
14.98,-5324.773156557481,20295.023461878587
15.0,-5365.872904618124,17187.002947018784
15.02,-5577.342234848286,13872.78567265065
15.04,-5788.877696124166,10455.419841250741
15.06,-5723.641318869095,7184.579166372741
15.08,-5219.247986856642,4166.978751755232
15.1,-4221.762959288221,857.3485098750396
15.12,-2679.626012021141,-3301.4386534280015
15.14,-1153.5555379737027,-7270.887153395398
15.16,-58.75826945934357,-10312.152266391504
15.18,767.4429078232275,-13053.46908975194
15.2,1397.2091940805017,-15687.36370132148
15.22,1919.3265917780386,-18389.648446512438
15.24,2527.4057091334716,-21024.202799139985
15.26,3267.34951916879,-23767.46220079628
15.28,4236.783953596226,-26889.481059193797
15.3,5496.148614620225,-30764.272569265846
15.32,6597.054428535242,-34538.278798254745
15.34,7167.001165447575,-37698.37162253555
15.36,7260.517724469845,-40745.93237784701
15.38,6860.030098788186,-44011.98750113121
15.4,6028.916565247384,-47592.28198680991
15.42,5094.156257316557,-51175.354079575955
15.44,4195.099165448881,-54724.21667593543
15.46,3545.4255535609973,-58132.16328347951
15.48,3226.6533419589423,-61640.11709863022
15.5,3308.172919255523,-65549.80022165689
15.52,3710.4014176832807,-70049.89345470173
15.54,3798.8013033339203,-74157.00465276866
15.56,3267.34951916879,-77656.66003507542
15.58,2264.092583302805,-80771.59258260141
15.6,917.3476635638868,-83501.53769786014
15.62,-559.3580153733866,-85720.60825954411
15.64,-2046.961222511992,-87279.42472986218
15.66,-3445.7689982371726,-88241.50120410057
15.68,-4678.228136116511,-88599.63547903278
15.7,-5764.152831005908,-88460.50918410326
15.72,-6720.049788703242,-87958.70215586404
15.74,-7517.360321647657,-87156.87143746023
15.76,-8207.385192765001,-86120.79393244897
15.78,-8824.778131716928,-84953.37587549428
15.8,-9322.869724496688,-83693.17324965312
15.82,-9675.948852272257,-82365.18344020536
15.84,-9912.151807172144,-81101.36599420596
15.86,-9998.497271807573,-79877.37608938458
15.88,-9883.124176670412,-78703.13130065534
15.9,-9556.329699755233,-77623.97689478696
15.92,-9117.055348122965,-76608.76817511597
15.94,-8414.30600545503,-75731.42078632818
15.96,-7552.817322793571,-75089.87137377463
15.98,-6458.46938761774,-74734.17065968749
16.0,-5178.072018984272,-74783.00654153057
16.02,-3722.188516119631,-75171.16893194104
16.04,-2139.969901211817,-75704.77831723125
16.06,-559.3580153733866,-75904.74524872185
16.08,917.3476635638868,-75534.28093841513
16.1,2264.092583302805,-74461.09824787422
16.12,3398.2885011098447,-72792.49853961136
16.14,4258.761974116466,-70619.69324956983
16.16,4821.82092956412,-68034.79221203792
16.18,5241.80841100247,-65246.783492373994
16.2,5643.834381295384,-62656.242074516835
16.22,6054.969401724642,-60357.5825729038
16.24,6531.002633229302,-58357.8169484031
16.26,7018.334962907666,-56561.734790060975
16.28,7483.159974467675,-54873.304666314485
16.3,7904.039191292135,-53297.80547040523
16.32,8232.999759756412,-51787.195451411004
16.34,8499.189096859294,-50249.68046261946
16.36,8675.325831656868,-48727.640454068314
16.38,8763.671716140561,-47154.274233106415
16.4,8734.203837611227,-45495.63263148152
16.42,8557.80629664137,-43934.459119473315
16.44,8170.384062664314,-42481.76878293768
16.46,7604.254512154726,-40988.84198703778
16.48,6821.792478319956,-39472.08928308738
16.5,5857.148425143433,-37702.32154494836
16.52,4550.166992255307,-35387.37663960124
16.54,2883.335052280565,-32310.38537493933
16.56,1212.1190349974308,-29441.650345632166
16.58,-205.6502236474547,-27590.375635120643
16.6,-1545.0194088007195,-26367.724786661056
16.62,-2850.5535848070117,-25779.264699877564
16.64,-4138.741574609927,-25759.416704634474
16.66,-5406.690075217204,-26126.74192423096
16.68,-6589.403143409021,-26852.008359273954
16.7,-7673.425864310232,-27812.666110275306
16.72,-8620.34091574642,-28809.335217503674
16.74,-9410.687473277312,-29853.636987479207
16.76,-9998.497271807573,-30915.7638300122
16.78,-10424.076181328615,-31911.03546031162
16.8,-10693.651533996908,-32831.25706298531
16.82,-10758.587911072269,-33653.12174891771
16.84,-10665.824721271725,-34393.23745109344
16.86,-10388.524692958823,-35032.418370902386
16.88,-9969.839587781855,-35632.44699586398
16.9,-9410.687473277312,-36254.030813630314
16.92,-8647.952964040587,-36999.60617829772
16.94,-7702.056155248109,-37983.62995025964
16.96,-6523.935719843679,-39363.43470972244
16.98,-5072.752232445446,-41156.50071191424
17.0,-3534.746427759069,-42965.297317688804
17.02,-2046.961222511992,-44142.62192080629
17.04,-617.7451301666157,-44583.75779475767
17.06,796.5362351675232,-44286.347312468606
17.08,2198.533398235542,-43189.80680984845
17.1,3439.192510532467,-41490.37028149826
17.12,4466.83023178611,-39227.83063836108
17.14,5093.996926477508,-36535.91561488421
17.16,5306.790991203597,-33344.228944022805
17.18,5158.698801841841,-29765.90217948339
17.2,5010.739727684543,-26339.02076290828
17.22,5071.539369129058,-23378.6644086995
17.24,5306.648967779858,-20602.207397292677
17.26,5684.769917237956,-17954.40362981124
17.28,6135.280479227928,-15254.48076522247
17.3,6662.818950913511,-12411.787213593292
17.32,7111.380945930793,-9604.657849098416
17.34,7325.533243300552,-6913.566382414403
17.36,7204.308409153751,-4414.490931534162
17.38,6717.1968822693925,-1986.950999487965
17.400000000000002,5922.585429850332,626.2668437317202
17.42,4612.9222509258925,3886.449243905108
17.44,3161.0110103305346,7352.538679391408
17.46,1947.1825510929357,10014.555577088027
17.48,883.9057896820973,12088.66974923844
17.5,-117.49806774760181,13748.809497897157
17.52,-1066.9635971761256,15114.309073354741
17.54,-2009.180554077004,16345.811256775314
17.56,-2916.0855241802287,17621.846040693872
17.58,-3722.188516119631,19068.486433730723
17.6,-4470.718251488136,20724.98535286286
17.62,-5219.247986856642,22661.728396191815
17.64,-5999.903951066504,24892.01954000297
17.66,-6877.712523895569,27534.794376025042
17.68,-7730.527720251052,30399.556307949228
17.7,-8294.606101386416,32985.10083616393
17.72,-8501.641673292173,35279.02543803316
17.74,-8356.152710852832,37520.73247513344
17.76,-7879.970634889696,39683.62651262543
17.78,-7127.104117271865,41850.30994068925
17.8,-6065.310579104992,43950.65836298752
17.82,-4843.870922378455,45819.11466811647
17.84,-3510.79493274729,47386.80079544482
17.86,-2101.7974582312077,48618.547183379516
17.88,-737.7251894203782,49342.05596224784
17.900000000000002,588.8685953352698,49510.042176376286
17.92,1826.2253575851162,49064.10128473217
17.94,2989.1877371830933,48119.588646688775
17.96,4111.819456412182,46594.480480767685
17.98,5283.331884046573,44521.49975389062
18.0,6531.418539372089,41948.01952076336
18.02,7561.048854801745,39501.052970643184
18.04,8320.421814015564,37458.59932864822
18.06,8763.671716140561,35630.26905365194
18.08,8940.688657784278,33850.52902048763
18.1,8823.792935706442,31953.275469683096
18.12,8469.93115522299,30017.238203543933
18.14,7811.591781697742,27951.59582046909
18.16,6942.59567634839,25771.64389779003
18.18,5948.202800166644,23554.62819681273
18.2,4821.779543427502,21288.19447998072
18.22,3586.4304607625163,18928.11705989583
18.24,2329.833596666869,16317.426484583291
18.26,1154.5243057315924,13557.610372843223
18.28,176.26207458944094,10506.48778114006
18.3,-442.1937033586298,7217.110239242574
18.32,-588.3609409043355,3449.588334947866
18.34,-264.2907207023991,-938.3949257674108
18.36,-29.482123207863246,-5174.190555042509
18.38,-295.2380242030185,-8755.668583857363
18.4,-974.9896215727643,-11979.858108851684
18.42,-1981.5114356878141,-15008.623381735211
18.44,-3112.062611283896,-17830.873386712756
18.46,-4304.690014589856,-20486.60103203117
18.48,-5447.47911054826,-23092.99172782724
18.5,-6497.1368127048,-25599.073712158213
18.52,-7340.10494576629,-28041.666589002125
18.54,-7908.7527238726225,-30419.343325588125
18.56,-8149.821705091749,-32632.535369660003
18.58,-8120.676645779298,-34765.25400315203
18.6,-7730.527720251052,-36929.57476339026
18.62,-7034.896346833676,-39336.660934117994
18.64,-5959.80890496301,-42182.85997520495
18.66,-4802.297803473748,-44998.19568750058
18.68,-3722.188516119631,-47266.04081084361
18.7,-2758.8729114284197,-49000.00202394766
18.72,-1795.529750739325,-50348.99325351575
18.74,-767.0002402435877,-51326.80927486977
18.76,324.35965941249736,-51913.4351169978
18.78,1454.3089848689988,-52326.487988360124
18.8,2527.4057091334716,-52658.86177074062
18.82,3545.4255535609973,-53193.858642600084
18.84,4383.519843593144,-53970.115157453176
18.86,5135.594736518301,-55007.977249490716
18.88,5750.474598620645,-56238.351829456056
18.9,6293.429590399172,-57694.64614164549
18.92,6821.792478319956,-59319.82420120321
18.94,7325.533243300552,-61182.917531615145
18.96,7805.228820756433,-63233.0651656466
18.98,8170.384062664314,-65337.423065345225
19.0,8291.120589200502,-67249.00890784393
19.02,8203.792625761454,-68997.73234172034
19.04,7811.591781697742,-70626.52850754658
19.06,7195.1640025461,-72040.72717254431
19.08,6372.776630804065,-73231.31599314306
19.1,5389.508366314007,-74052.40138891866
19.12,4217.118762524968,-74419.38900882842
19.14,2883.335052280565,-74213.27762254786
19.16,1397.2091940805017,-73325.20042880438
19.18,-295.2380242030185,-71922.25632663463
19.2,-1916.3188787204972,-70571.21861396775
19.22,-3364.0942681279876,-69855.11774397957
19.24,-4636.746488386417,-69765.02871399272
19.26,-5763.799938333385,-70236.10037735029
19.28,-6720.049788703242,-71118.63869046805
19.3,-7460.694581677573,-72319.88463106404
19.32,-8000.5265023551,-73701.60657049186
19.34,-8294.606101386416,-75286.99160294642
19.36,-8327.252723464355,-77008.0354029906
19.38,-8149.384001045511,-78850.65223107468
19.4,-7759.285347474403,-80847.02588586985
19.42,-7247.50788122902,-82789.83003930887
19.44,-6720.049788703242,-84534.28093841513
19.46,-6130.761417840525,-86055.82686221578
19.48,-5512.3566053008435,-87349.37523674325
19.5,-4802.694928366348,-88438.40473426627
19.52,-4014.960562216328,-89285.6244910326
19.54,-3087.186365595381,-89785.41544884861
19.56,-2009.180554077004,-89959.88446742094
19.58,-854.2707697142595,-89841.09350295343
19.6,383.23766536685963,-89574.5244930469
19.62,1611.587765817931,-89331.97342703548
19.64,2725.432586801837,-89215.93869308193
19.66,3757.4969809181757,-89343.59493283002
19.68,4633.494874676846,-89765.1671993125
19.7,5324.617704464804,-90474.57681636082
19.72,5922.945072167706,-91413.64643192136
19.74,6399.180028929976,-92496.8435913634
19.76,6821.501911178845,-93741.56899978168
19.78,7176.470454835297,-95125.00675426555
19.8,7446.9757312057955,-96636.60279368144
19.82,7661.354302943222,-98273.94990565676
19.84,7754.091442668679,-99957.07595003957
19.86,7725.416090209566,-101617.8877908188
19.88,7483.159974467675,-103166.99083294116
19.9,7008.287749497616,-104505.08008298211
19.92,6359.483633584445,-105701.29534548723
19.94,5520.404416559816,-106621.90191210774
19.96,4466.83023178611,-107154.609682592
19.98,3226.7420214790905,-107324.79995217509
20.0,1854.2550878699767,-107059.7881344166
20.02,383.23766536685963,-106638.62558594455
20.04,-1066.9635971761256,-106401.60382636047
20.06,-2390.815410603988,-106640.50785560191
20.08,-3575.563598358148,-107345.99077146506
20.1,-4553.7498001139365,-108513.99592472223
20.12,-5324.773156557481,-110067.10944195035
20.14,-5854.250137380891,-111935.73255390987
20.16,-6170.584853470665,-113981.4018059781
20.18,-6366.379519037234,-116130.28514631736
20.2,-6458.46938761774,-118137.93803653041
20.22,-6523.935719843679,-119997.10278758859
20.24,-6589.403143409021,-121700.59307089153
20.26,-6616.144921458368,-123216.64899396185
20.28,-6562.563731332858,-124723.44695178335
20.3,-6458.46938761774,-126135.61190941506
20.32,-6301.091970848962,-127516.20656244247
20.34,-6025.350978796043,-128758.76514345864
20.36,-5642.501681819049,-129991.61124453596
20.38,-5136.8715491495295,-131181.58736370245
20.4,-4512.23765895628,-132266.2440712762
20.42,-3786.538934607659,-133436.16253271027
20.44,-2956.0968931191283,-134854.6962463814
20.46,-2009.180554077004,-136520.82439084465
20.48,-883.1241766704144,-138676.74811432217
20.5,559.3744001644308,-141584.88635204002
20.52,2133.1674926039254,-144978.46657706462
20.54,3398.4745324073906,-147682.59796485753
20.56,4341.99941160236,-149733.15835051535
20.58,5071.341276888101,-151526.34331644268
20.6,5561.856151859779,-153227.9669869866
20.62,5882.159721743395,-154894.31442630026
20.64,6054.969401724642,-156667.7152133561
20.66,6095.063458819802,-158421.34257951504
20.68,6095.169102810319,-160171.24381436515
20.7,5988.9611781279,-161920.82276167008
20.72,5882.159721743395,-163742.10081230054
20.74,5750.474598620645,-165587.64014514635
20.76,5602.864390198112,-167533.15770455293
20.78,5537.376560817995,-169719.13961158379
20.8,5496.340792466619,-172181.00574558196
20.82,5495.956423200632,-174838.9829086962
20.84,5306.790991203597,-177391.0883532453
20.86,4883.073624638343,-179664.01221139153
20.88,4175.664830662049,-181528.0708933171
20.9,3201.687446312701,-183001.4866572808
20.92,2077.9831678449345,-183992.8434895462
20.94,796.5362351675232,-184334.99408146832
20.96,-588.3609409043355,-184104.5396739618
20.98,-2046.961222511992,-183302.4705820944
21.0,-3510.79493274729,-182270.495531004
21.02,-4802.694928366348,-181480.59488396294
21.04,-5934.594800000954,-181102.99088552903
21.06,-6877.431512130412,-181085.7183665573
21.08,-7638.287593463939,-181366.81786268158
21.1,-8236.430094418825,-181825.62950684727
21.12,-8647.952964040587,-182402.96176983183
21.14,-8883.221650681244,-183030.08338943453
21.16,-8970.718251488133,-183731.73908336053
21.18,-8883.221650681244,-184479.78737401494
21.2,-8618.566778479582,-185260.40987945584
21.22,-8149.821705091749,-186156.87143746024
21.24,-7524.702618930489,-187147.87792329
21.26,-6747.013590163236,-188224.835683852
21.28,-5854.250137380891,-189181.1647924188
21.3,-4884.983181468487,-189879.75927981728
21.32,-3868.6842705308272,-190234.06060243407
21.34,-2784.878374714309,-190161.23949201303
21.36,-1674.466756699448,-189594.83795969607
21.38,-559.3580153733866,-188438.39054342092
21.4,442.0409187630363,-186812.3899189882
21.42,1275.860084395007,-184627.41257321337
21.44,1854.0932477630531,-181950.89501513992
21.46,2105.5247195357188,-178795.30366919105
21.48,2198.533398235542,-175462.4229636718
21.5,2461.5090684884854,-172488.19632302655
21.52,2923.283017795797,-169930.03079946127
21.54,3504.5917261436393,-167770.62434199662
21.56,4195.099165448881,-165890.37023538086
21.58,4863.464331574848,-164263.76398698284
21.6,5489.20506725271,-162813.20324359243
21.62,6029.119531238444,-161592.48135167264
21.64,6438.6933412203025,-160498.4317248014
21.66,6756.01169979239,-159502.51787736945
21.68,6942.59567634839,-158590.0823879244
21.7,7008.287749497616,-157717.62936466088
21.72,6914.897982819118,-156975.19070385708
21.74,6690.063777573016,-156165.84006295126
21.76,6333.130910221889,-155495.68913960241
21.78,5816.150053001706,-154852.70725158823
21.8,5177.167516930798,-154171.807943648
21.82,4425.277782295535,-153391.1994427147
21.84,3586.687473322829,-152345.95750570926
21.86,2659.383468093753,-151042.59001519976
21.88,1575.506710286616,-149264.91306904462
21.9,234.97069195359123,-146823.68520271624
21.92,-1338.6456970567767,-143688.4038289552
21.94,-2719.245227580084,-140972.19363944972
21.96,-3804.5649538267435,-139006.46012614892
21.98,-4656.974160199484,-137426.03885783028
22.0,-5342.310680397483,-136097.88180695943
22.02,-5894.270606848222,-134912.77677584725
22.04,-6301.091970848962,-133761.01646807155
22.06,-6523.935719843679,-132572.95519562293
22.08,-6616.144921458368,-131369.61400077026
22.1,-6589.403143409021,-130120.6769200136
22.12,-6431.8890773838275,-128855.22424283093
22.14,-6170.308619712826,-127525.07724097345
22.16,-5829.105296579566,-126083.47278850527
22.18,-5406.690075217204,-124596.2240276473
22.2,-4907.451781130367,-122980.52666781527
22.22,-4429.198844019992,-121148.24663046827
22.24,-3992.448137593567,-119119.34444245619
22.26,-3616.663346418791,-116807.09277354431
22.28,-3404.970441653652,-114167.11572967975
22.3,-3282.974529402572,-111211.72467992033
22.32,-3062.090254883673,-108230.79834161233
22.34,-2587.840057297037,-105654.89540496713
22.36,-1823.5295451647023,-103551.81117623998
22.38,-858.7841665401635,-101923.36212507385
22.4,234.97069195359123,-100849.3022836218
22.42,1397.2091940805017,-100332.03988289644
22.44,2580.8249670576,-100362.7508582222
22.46,3775.3372345609328,-100896.90929965439
22.48,4927.278322905741,-101804.3899421822
22.5,6014.366322151059,-102839.25251337406
22.52,6914.897982819118,-103741.56157050983
22.54,7632.703641011428,-104464.3956547664
22.56,8203.792625761454,-105005.9497265754
22.58,8557.80629664137,-105398.26763524467
22.6,8793.144282694302,-105789.17972711888
22.62,8823.592805070135,-106126.39020135607
22.64,8734.203837611227,-106420.93322095402
22.66,8469.93115522299,-106691.05431818434
22.68,8054.056055671566,-106901.5994665544
22.7,7483.159974467675,-107033.69705151963
22.72,6717.1968822693925,-106952.6260367889
22.74,5856.876050711029,-106603.12292635674
22.76,4780.0430428429745,-105900.85432272108
22.78,3504.332495260899,-104861.80487232868
22.8,2105.5247195357188,-103766.47354964873
22.82,767.2478583443299,-103001.51730198183
22.84,-530.068844777009,-102808.45265320163
22.86,-1730.6144583042587,-103193.11180190789
22.88,-2810.73287252958,-104129.31959193957
22.9,-3722.188516119631,-105570.79605832398
22.92,-4408.812483120814,-107401.48526450212
22.94,-4843.870922378455,-109640.82334506407
22.96,-4967.761059857101,-112188.39425566564
22.98,-4926.475940759944,-114876.75474249011
23.0,-4907.451781130367,-117335.19270626866
23.02,-4926.475940759944,-119545.62489748956
23.04,-5031.4123761376795,-121484.82813523313
23.06,-5136.8715491495295,-123375.91578900104
23.08,-5219.247986856642,-125062.9091326408
23.1,-5301.314356290041,-126727.2266060217
23.12,-5301.314356290041,-128347.65140275647
23.14,-5260.102619763857,-129928.77311426876
23.16,-5072.598481635972,-131507.51868564892
23.18,-4761.110260381208,-133034.91190300146
23.2,-4326.097306449645,-134597.37287507256
23.22,-3722.188516119631,-136217.7577794086
23.24,-2981.3544298950983,-138034.81920514107
23.26,-1981.5114356878141,-140289.8233902651
23.28,-650.2143739100421,-143202.59589801668
23.3,825.7571691047631,-146493.51889585247
23.32,2012.526945572496,-149094.42585075155
23.34,2923.454484929949,-151126.68787279213
23.36,3651.469587805531,-152781.35596612052
23.38,4217.118762524968,-154304.56272673997
23.4,4675.043653430581,-155751.69432598347
23.42,4946.744040611546,-157187.02119110015
23.44,5117.021009176177,-158713.1728994089
23.46,5218.475002018644,-160192.87533581603
23.48,5218.623079412953,-161772.36381552924
23.5,5177.167516930798,-163411.2164981372
23.52,5094.156257316557,-165058.6878931599
23.54,4988.535681707905,-166853.74510687377
23.56,4924.692449375248,-168786.2544294059
23.58,4905.137317059063,-170994.16404499736
23.6,4905.190347239848,-173420.70646513652
23.62,4927.452126631938,-176028.66359873136
23.64,4780.0430428429745,-178448.22371976558
23.66,4341.973051704402,-180625.9439990356
23.68,3651.469587805531,-182367.11076834798
23.7,2725.432586801837,-183724.7835806745
23.72,1668.3203055679808,-184629.35456236033
23.74,500.7572003823581,-184985.9506030294
23.76,-767.0002402435877,-184783.44449397348
23.78,-2101.7974582312077,-184023.4638801784
23.8,-3429.0798976754304,-182972.84690082748
23.82,-4678.228136116511,-182023.64253789725
23.84,-5723.641318869095,-181415.27200197184
23.86,-6589.403143409021,-181110.48474024903
23.88,-7275.611781704549,-181090.9554041957
23.9,-7794.253566815744,-181226.92373859408
23.92,-8178.543116481683,-181485.85443642354
23.94,-8385.106803221035,-181798.58858251479
23.96,-8443.319538971677,-182151.14791769412
23.98,-8323.736252970819,-182553.11886361404
24.0,-8058.312326305858,-183013.89800001448
24.02,-7609.745061906918,-183567.5455500001
24.04,-6997.449301522031,-184284.25410231648
24.06,-6196.28599046679,-185186.213583545
24.08,-5219.247986856642,-186148.7821309078
24.1,-4180.326242595064,-187107.57958320528
24.12,-3087.186365595381,-187681.34336536092
24.14,-1981.5114356878141,-187858.3831813503
24.16,-887.8752644451971,-187564.6265760532
24.18,176.26207458944094,-186734.1401062792
24.2,1154.5243057315924,-185390.66431192675
24.22,1947.3074779231472,-183598.8445291872
24.24,2527.4057091334716,-181341.65357583424
24.26,2843.608892060045,-178698.68782807322
24.28,2949.2645751640234,-175782.20086272515
24.3,3095.33753343472,-173014.15806330182
24.32,3373.6867154044285,-170642.7052456141
24.34,3734.0013073458545,-168553.8663348488
24.36,4175.664830662049,-166772.8316307189
24.38,4591.930805068499,-165170.4168366149
24.4,5029.882560186274,-163742.10081230054
24.42,5348.162079340448,-162447.1360947817
24.44,5602.749308486856,-161230.0144542002
24.46,5750.474598620645,-160152.8100777675
24.48,5775.569410162447,-159104.08488702102
24.5,5709.338388745061,-158166.76444325704
24.52,5495.956423200632,-157275.44980730448
24.54,5154.315247439441,-156430.4121428367
24.56,4696.51525309458,-155655.9956407546
24.58,4111.819456412182,-154788.73252485035
24.6,3439.192510532467,-153790.4957059064
24.62,2686.029090702652,-152588.76553727037
24.64,1854.0932477630531,-151064.8577965655
24.66,825.7571691047631,-149088.09820053392
24.68,-471.50668239716566,-146504.7349550801
24.7,-1888.6190540692062,-143417.81615436368
24.72,-3062.090254883673,-140862.1259946385
24.74,-3951.226087501224,-138911.1422063471
24.76,-4615.339196526626,-137278.9030690769
24.78,-5113.834170614701,-135812.75653790357
24.8,-5430.641570228984,-134390.66840006912
24.82,-5577.342234848286,-132997.361058684
24.84,-5617.919575802209,-131543.1056222505
24.86,-5471.5162316322685,-130035.89114053105
24.88,-5260.102619763857,-128546.58165031983
24.9,-4926.475940759944,-126982.2833004114
24.92,-4553.54935250851,-125370.47853691247
24.94,-4138.741574609927,-123641.39469124602
24.96,-3722.188516119631,-121762.35579749275
24.98,-3323.5169271740633,-119741.83646208371
25.0,-3047.1658961280514,-117502.86335724348
25.02,-2915.913902027405,-114907.97900722621
25.04,-2916.0855241802287,-111960.86430023306
25.06,-2981.3544298950983,-108853.60307115264
25.08,-2758.8729114284197,-106049.41223800431
25.1,-2259.6300119182397,-103696.38260315292
25.12,-1488.4655042060876,-101764.694800047
25.14,-559.3580153733866,-100264.7580390345
25.16,442.0409187630363,-99253.12285026161
25.18,1490.1037442109985,-98723.32885685457
25.2,2515.0397119193804,-98696.64423127884
25.22,3504.450659897359,-99113.13595822536
25.24,4466.83023178611,-99938.49204686304
25.26,5389.642497275951,-101077.55843253082
25.28,6253.385528009091,-102326.37909117372
25.3,6914.897982819118,-103500.0
25.32,7418.541500533279,-104464.79148329867
25.34,7754.091442668679,-105323.76824638146
25.36,7875.324443423524,-106055.43049274922
25.38,7840.415944549066,-106751.30977161696
25.4,7632.703641011428,-107377.155077229
25.42,7223.234554891946,-107895.34064078644
25.44,6690.063777573016,-108296.91664743627
25.46,6054.617816840452,-108455.85041729423
25.48,5200.265429287556,-108419.31972457298
25.5,4217.118762524968,-107973.97869306475
25.52,3014.761873379196,-107154.609682592
25.54,1696.4223482941609,-105975.36115620544
25.56,322.8542177261274,-104830.97543773061
25.58,-945.9439443284335,-104158.60086286505
25.6,-2101.7974582312077,-104028.37145091282
25.62,-3152.649280160663,-104418.18566808768
25.64,-4097.56558059782,-105244.49133868632
25.66,-4843.870922378455,-106421.06590546088
25.68,-5406.690075217204,-107947.21777108089
25.7,-5683.274736160156,-109726.41589441652
25.72,-5763.799938333385,-111766.22432543864
25.74,-5593.645384554828,-113989.9137625132
25.76,-5324.773156557481,-116210.47277368949
25.78,-5072.598481635972,-118220.74815322892
25.8,-4802.297803473748,-120009.67086244725
25.82,-4532.624019855459,-121569.23017153746
25.84,-4263.208366859761,-123008.6233817352
25.86,-3951.226087501224,-124262.08171040591
25.88,-3534.746427759069,-125370.47853691247
25.9,-3062.090254883673,-126350.91099493386
25.92,-2495.493211655972,-127102.71014150788
25.94,-1851.2180370917288,-127826.96041519327
25.96,-1153.5555379737027,-128495.04232209851
25.98,-442.1937033586298,-129266.61824698049
26.0,264.213720671183,-130295.97522923384
26.02,946.4387614689236,-131464.10438131253
26.04,1640.021996490449,-132988.49136956764
26.06,2395.595819331301,-134813.4486731471
26.08,3267.34951916879,-137108.59959120338
26.1,4258.761974116466,-139873.57486106685
26.12,5135.83553549366,-142568.95359176912
26.14,5684.769917237956,-144862.76597524743
26.16,5948.202800166644,-146886.43668310824
26.18,5922.955472904345,-148766.14386406651
26.2,5644.09956440993,-150597.24776463018
26.22,5177.167516930798,-152425.13504616963
26.24,4466.83023178611,-154160.65110166563
26.26,3651.5304289275796,-155827.65844900828
26.28,2712.231004550008,-157329.79331205031
26.3,1704.8566414317597,-158713.1728994089
26.32,676.3086271903442,-159948.58610228196
26.34,-383.477421739308,-161096.67851194635
26.36,-1367.1184097922544,-162044.51119879176
26.38,-2325.0083855200087,-162866.96719071234
26.4,-3152.649280160663,-163547.14358247392
26.42,-3910.0241268385935,-163981.16582370998
26.44,-4532.624019855459,-164344.96800322953
26.46,-5008.891521303784,-164546.58165031983
26.48,-5342.310680397483,-164599.63908839028
26.5,-5536.466061322621,-164497.2491023575
26.52,-5577.342234848286,-164323.5568973861
26.54,-5471.70440636723,-164030.3599450327
26.56,-5260.102619763857,-163602.42464311665
26.58,-4884.983181468487,-163057.0197042363
26.6,-4367.151097179684,-162390.19683057937
26.62,-3763.170141595289,-161474.87652350307
26.64,-3021.698054950929,-160367.2172541204
26.66,-2232.669083228076,-158986.1678779573
26.68,-1424.076181328618,-157389.65980950964
26.7,-650.2143739100421,-155450.1712956329
26.72,29.28174851186416,-153262.12806064112
26.74,471.40293660010724,-150816.73986418225
26.76,650.3633361455833,-147979.14711428608
26.78,530.0701794208939,-144675.25725930775
26.8,234.97069195359123,-141140.05843194865
26.82,176.26207458944094,-138050.55398313058
26.84,442.0409187630363,-135382.117966334
26.86,912.834266737986,-132988.22545872975
26.88,1547.029001229816,-130863.71976503539
26.9,2264.092583302805,-128971.7454228431
26.92,2989.1877371830933,-127240.00832412113
26.94,3651.469587805531,-125756.11648770673
26.96,4258.761974116466,-124369.78686195855
26.98,4758.509681111235,-123092.92843869691
27.0,5177.167516930798,-121931.54481189094
27.02,5430.838401363885,-120854.68242408101
27.04,5561.59283339745,-119795.12429593677
27.06,5561.856151859779,-118735.64438160793
27.08,5431.094201878845,-117745.44539501512
27.1,5177.167516930798,-116718.15120833005
27.12,4780.0430428429745,-115632.98332741842
27.14,4236.783953596226,-114375.91578900104
27.16,3545.4255535609973,-112870.79722633882
27.18,2646.4035543207665,-111086.50864869256
27.2,1490.1037442109985,-108703.76264629877
27.22,146.79713112764452,-105880.74637316835
27.24,-1066.9635971761256,-103477.38992071454
27.26,-2036.5342530496364,-101688.19571192868
27.28,-2850.5535848070117,-100322.1807330342
27.3,-3551.8346437522623,-99257.03633692632
27.32,-4180.326242595064,-98442.68365582889
27.34,-4678.228136116511,-97777.25186867804
27.36,-5113.834170614701,-97205.65802662242
27.38,-5430.641570228984,-96717.06414626144
27.4,-5617.919575802209,-96231.126118571
27.42,-5658.461973573704,-95680.493742577
27.44,-5577.342234848286,-95128.30319679927
27.46,-5365.872904618124,-94487.02567058684
27.48,-5031.4123761376795,-93805.31224455636
27.5,-4553.7498001139365,-93074.61116850996
27.52,-3973.6754431191725,-92219.68318397544
27.54,-3258.344426709195,-91198.59807562828
27.56,-2456.476214895652,-90085.79838630112
27.58,-1581.4584994667223,-88769.84053909303
27.6,-679.5781859844352,-87243.18229548552
27.62,234.97069195359123,-85467.62768063297
27.64,1096.6982749914528,-83501.53769786014
27.66,1826.2253575851162,-81314.52420191251
27.68,2329.833596666869,-78915.49957980521
27.7,2527.4057091334716,-76355.32031777031
27.72,2395.595819331301,-73401.90229133907
27.74,1919.3265917780386,-69946.40112772556
27.76,1397.2091940805017,-66550.67812083161
27.78,1125.714328395363,-63631.47166214577
27.8,1125.714328395363,-61054.13357236571
27.82,1304.7404302405528,-58657.94403775217
27.84,1640.021996490449,-56312.88089704847
27.86,2050.2757475261124,-53954.174144924276
27.88,2488.359360630885,-51596.36650877292
27.9,2857.401136763968,-49174.64201111324
27.92,3080.339968547969,-46966.796795930466
27.94,3095.33753343472,-44733.01113590209
27.96,2857.401136763968,-42481.43835908952
27.98,2356.931777279493,-40013.99681622991
28.0,1546.9570047966463,-37071.4554695501
28.02,412.64266211685674,-33652.63721691529
28.04,-500.84793352137814,-30602.654916820655
28.06,-1124.6755565764763,-28119.655800572807
28.08,-1516.9432132628876,-25916.516656148047
28.1,-1730.5661462541768,-23834.449960758888
28.12,-1795.529750739325,-21762.878464700858
28.14,-1758.7047955117257,-19626.578100958395
28.16,-1665.824721271726,-17494.325962107134
28.18,-1609.5877564211087,-15360.001533426133
28.2,-1609.5877564211087,-13225.45884976056
28.22,-1702.6120946396081,-11041.8274395069
28.24,-1944.114284812433,-8599.855909940718
28.26,-2429.6640673436373,-5820.224201320924
28.28,-3062.090254883673,-2606.1128016882067
28.3,-3575.6924738051666,505.4839175895261
28.32,-3763.3644839920003,3183.6322303177267
28.34,-3616.4128005599096,5536.212317306747
28.36,-3152.649280160663,7722.742193647022
28.38,-2522.105294241561,9730.21351020204
28.4,-1702.6120946396081,11506.180271931547
28.42,-796.207374238549,13040.69834608148
28.44,117.52252953232912,14313.37646531239
28.46,1004.5074413521604,15250.43275154718
28.48,1854.0932477630531,15898.080567154071
28.5,2580.8249670576,16266.123697635567
28.52,3226.6533419589423,16339.673958286246
28.54,3734.0013073458545,16182.358177854749
28.56,4111.819456412182,15801.036029842277
28.58,4425.068622346882,15227.31934409649
28.6,4591.930805068499,14509.937592680191
28.62,4716.778651355131,13662.082783699418
28.64,4716.778651355131,12623.188490701672
28.66,4675.255584400185,11463.589834734188
28.68,4591.733265237618,10153.405322112572
28.7,4487.762341043723,8614.754275399508
28.72,4383.519843593144,6907.635177465706
28.74,4236.783953596226,5036.741670095196
28.76,4028.680936837453,3134.198380623747
28.78,3651.5304289275796,1290.1477920313691
28.8,3161.0110103305346,-260.46555978043665
28.82,2449.5289267169724,-1554.3323179061838
28.84,1611.7599128282063,-2472.020035102164
28.86,647.3164345279044,-3062.0355846369525
28.88,-412.839439576379,-3269.604116942788
28.9,-1488.4655042060876,-3130.367682309936
28.92,-2587.840057297037,-2788.03510804936
28.94,-3616.663346418791,-2458.2302369320078
28.96,-4512.23765895628,-2258.3549137246946
28.98,-5283.776703904217,-2275.589617032769
29.0,-5894.270606848222,-2496.0653623467406
29.02,-6301.370541755794,-2880.5249782698897
29.04,-6589.403143409021,-3404.323524842269
29.06,-6681.663085863306,-4026.353927272913
29.08,-6628.120499917381,-4764.556961467655
29.1,-6392.9143220008955,-5583.1018158420775
29.12,-6025.350978796043,-6486.910123243779
29.14,-5512.3566053008435,-7390.744073374544
29.16,-4926.475940759944,-8208.91618601901
29.18,-4263.208366859761,-8871.113151947648
29.2,-3510.79493274729,-9282.913576783269
29.22,-2745.150512509484,-9399.638379749622
29.24,-1916.2887847643049,-9179.13353871564
29.26,-1095.960808707864,-8537.19001035175
29.28,-264.2907207023991,-7537.539574512243
29.3,471.40293660010724,-6108.863939719554
29.32,1067.7785358838523,-4353.208126447409
29.34,1482.8148303148164,-2135.3866818559472
29.36,1668.3203055679808,386.7052480634375
29.38,1733.0302537231746,3134.4524404373824
29.4,1826.2253575851162,5682.7045474665865
29.42,2077.9831678449345,7905.496203562856
29.44,2422.7905450869775,9800.368915717492
29.46,2843.608892060045,11393.92462083875
29.48,3267.34951916879,12794.6878656342
29.5,3692.6931361086063,13955.709544228248
29.52,4028.716047767881,14910.8885622025
29.54,4300.271011233584,15687.11910295154
29.56,4466.83023178611,16319.094403192483
29.58,4508.3965047684205,16816.00062570817
29.6,4425.277782295535,17120.068035162243
29.62,4258.5802905499195,17326.65655369025
29.64,3922.9687605054282,17329.126783921827
29.66,3504.450659897359,17148.798084605973
29.68,2949.2645751640234,16762.540138054694
29.7,2291.233763891356,16171.35079816882
29.72,1547.3044770930828,15295.845852231812
29.74,767.2478583443299,14182.270930950901
29.76,-58.75826945934357,12740.8642958163
29.78,-825.1505864198588,11050.386387678045
29.8,-1488.4655042060876,9158.976394629952
29.82,-1981.5114356878141,7003.281661778447
29.84,-2232.669083228076,4612.036472910525
29.86,-2167.141578372797,1892.2075919090503
29.88,-1795.529750739325,-1292.6824592365676
29.9,-1303.0596780864291,-4557.407893938273
29.92,-1038.1347779677264,-7401.603826360466
29.94,-1032.7563096243543,-9893.752310671069
29.96,-1188.4082183022617,-12133.869106608163
29.98,-1460.0655473722952,-14228.274399911661
30.0,-1823.5295451647023,-16262.081710405902
30.02,-2232.669083228076,-18245.96125300945
30.04,-2587.840057297037,-20219.158073211558
30.06,-2915.913902027405,-22143.42809887774
30.08,-3112.062611283896,-24048.944197029763
30.1,-3152.649280160663,-25934.660167296006
30.12,-3047.1658961280514,-27864.280152659518
30.14,-2719.245227580084,-29866.3129133888
30.16,-2167.141578372797,-32137.724788650314
30.18,-1303.0596780864291,-34875.40596977946
30.2,-234.87296726282773,-38035.57972208917
30.22,708.9744268483281,-40876.06460169714
30.24,1368.6218591849763,-43140.48434253712
30.26,1826.2253575851162,-45147.49994787968
30.28,2105.5247195357188,-46928.90605800552
30.3,2264.092583302805,-48661.91260658423
30.32,2291.516695839813,-50392.49460257281
30.34,2264.092583302805,-52148.09868364139
30.36,2171.0425353136275,-53883.443013861484
30.38,2040.2285341160616,-55669.87131652253
30.4,1947.1825510929357,-57470.299391591194
30.42,1882.0930421884302,-59381.13654229369
30.44,1891.4396851606195,-61442.747738357255
30.46,2040.2285341160616,-63646.969070741114
30.48,2356.931777279493,-66253.5055110618
30.5,2817.7167014274637,-69206.3080845472
30.52,3226.6533419589423,-72159.02131433316
30.54,3308.172919255523,-74695.12041561818
30.56,3095.33753343472,-76928.26330676697
30.58,2659.383468093753,-78884.90650434128
30.6,2012.526945572496,-80588.76553727036
30.62,1275.7750327183621,-81998.86297153698
30.64,442.0409187630363,-83114.72315394087
30.66,-383.477421739308,-83842.77554842025
30.68,-1182.1511555018703,-84211.9887248216
30.7,-1916.3188787204972,-84227.11902368772
30.72,-2587.840057297037,-83889.29405909366
30.74,-3193.0990695073906,-83230.11381654305
30.76,-3763.170141595289,-82353.4751257131
30.78,-4263.208366859761,-81219.21992106321
30.8,-4761.110260381208,-79845.00673896456
30.82,-5219.247986856642,-78271.58454803194
30.84,-5593.645384554828,-76646.79187355259
30.86,-5788.877696124166,-75132.12669996727
30.88,-5829.105296579566,-73789.83003930887
30.9,-5618.181490177697,-72628.43706268273
30.92,-5260.403459275312,-71650.27148958812
30.94,-4719.872981317425,-70880.79190806692
30.96,-4033.9847218459054,-70357.76372410888
30.98,-3217.795184107176,-70124.17939084412
31.0,-2259.916843267109,-70263.49915897941
31.02,-1182.1511555018703,-70823.3682933046
31.04,-29.482123207863246,-71661.59800112083
31.06,1154.5243057315924,-72585.82213468592
31.08,2264.092583302805,-73231.06436606518
31.1,3226.7420214790905,-73516.11910213486
31.12,4070.227429951261,-73429.22514439371
31.14,4758.292485790142,-73030.81345086184
31.16,5283.331884046573,-72374.81084308417
31.18,5644.09956440993,-71547.14133665837
31.2,5856.876050711029,-70501.4520176249
31.22,5857.148425143433,-69291.98356483215
31.24,5709.338388745061,-67927.40285030095
31.26,5348.162079340448,-66484.23666765963
31.28,4905.137317059063,-64980.26795294843
31.3,4383.519843593144,-63571.925644115116
31.32,3798.903033999813,-62448.46226996564
31.34,3226.7420214790905,-61547.697344770015
31.36,2593.4218777178053,-60944.488961564704
31.38,1919.3265917780386,-60641.34239683472
31.4,1183.4239889297733,-60647.37839208908
31.42,412.64266211685674,-61055.052695286045
31.44,-383.477421739308,-61783.62104138145
31.46,-1153.5555379737027,-62905.28856180998
31.48,-1823.5295451647023,-64330.66152514119
31.5,-2390.815410603988,-66073.18800439281
31.52,-2745.150512509484,-68077.14992121395
31.54,-2850.5535848070117,-70374.12161290136
31.56,-2653.5056525195882,-73071.67230706807
31.58,-2298.2299171466793,-76006.24788828014
31.6,-2008.8978564069716,-78723.06686681282
31.62,-1851.2180370917288,-81000.0
31.64,-1860.763094754312,-83064.83306228157
31.66,-1953.963448548767,-84915.40382172726
31.68,-2101.7974582312077,-86586.31397328488
31.7,-2259.916843267109,-88189.80680984845
31.72,-2390.965429693244,-89697.47543138583
31.74,-2521.9491391096076,-91099.992328954
31.76,-2548.5544737995465,-92521.89625799393
31.78,-2548.522180975379,-93895.49917913592
31.8,-2456.193253217221,-95265.83062175957
31.82,-2259.916843267109,-96666.84632253119
31.84,-1981.5114356878141,-98189.18202335236
31.86,-1572.9664876706634,-99823.5845055948
31.88,-1003.6941330933807,-101721.82495243064
31.9,-235.07259356129802,-104024.91275980556
31.92,738.1416830081636,-106858.39583567836
31.94,1761.1755916633367,-109765.58713234364
31.96,2488.359360630885,-112162.0706896883
31.98,2989.1877371830933,-114132.1241922122
32.0,3251.6625665311167,-115929.21608263212
32.02,3332.950036951298,-117570.8937935331
32.04,3292.2502464408963,-119219.23325948956
32.06,3095.33753343472,-120788.18695772943
32.08,2817.436408452148,-122343.43104255042
32.1,2422.7905450869775,-123915.70523185114
32.12,1984.819684885243,-125526.42530740325
32.14,1518.6290443960236,-127166.54188262575
32.160000000000004,1033.5531185964928,-128929.97542267755
32.18,588.8685953352698,-130755.66998025631
32.2,234.97069195359123,-132672.67521725607
32.22,39.17625784506229,-134765.1671993125
32.24,-88.23363410391619,-137072.1505244806
32.26,88.04562023158987,-139717.40902601523
32.28,530.0701794208939,-142795.6949313522
32.3,1004.5074413521604,-145973.61842875966
32.32,1212.1190349974308,-148748.83031352315
32.34,1154.5243057315924,-151121.61336520824
32.36,883.7140834435874,-153294.42483508235
32.38,442.0409187630363,-155196.6030068711
32.4,-117.49806774760181,-156977.85749831333
32.42,-737.9727381437949,-158586.31397328488
32.44,-1367.1184097922544,-159949.61106432116
32.46,-1944.114284812433,-161166.07458551333
32.480000000000004,-2482.967115358532,-162262.58700249824
32.5,-2916.0855241802287,-163189.24112452636
32.52,-3298.934821157225,-164024.4778694662
32.54,-3575.563598358148,-164806.49854966783
32.56,-3763.170141595289,-165522.8125403292
32.58,-3827.3634093766705,-166152.31382678507
32.6,-3804.5649538267435,-166823.12483504092
32.62,-3681.333883212417,-167431.31496693462
32.64,-3470.1084595880084,-168167.8000410299
32.660000000000004,-3193.0990695073906,-168970.68524711748
32.68,-2850.5535848070117,-169835.22115522993
32.7,-2417.5201727471635,-170895.26018115797
32.72,-1888.6190540692062,-172174.1807019579
32.74,-1245.9085573313225,-173709.0390780657
32.76,-471.50668239716566,-175618.5367611227
32.78,530.0701794208939,-178040.00923346626
32.8,1640.021996490449,-180731.73918800754
32.82,2515.0397119193804,-183035.63808936704
32.84,3161.0110103305346,-184858.61634557665
32.86,3586.687473322829,-186418.04450834394
32.88,3881.3959800929297,-187769.67265958744
32.9,4028.680936837453,-189009.51811846768
32.92,4028.716047767881,-190188.4051071544
32.94,3945.7824785613093,-191301.80999993425
32.96,3734.0013073458545,-192336.7932096596
32.980000000000004,3439.1174521981725,-193393.43194696537
33.0,3029.3696470444365,-194417.92937260505
33.02,2554.0567086797,-195433.73459600538
33.04,2012.526945572496,-196453.7218425824
33.06,1425.681906815981,-197499.34869310557
33.08,796.5362351675232,-198627.66379104802
33.1,117.52252953232912,-199896.52901081162
33.12,-559.3580153733866,-201196.59461106465
33.14,-1182.3337040395859,-202679.73026700562
33.160000000000004,-1795.529750739325,-204278.76964152328
33.18,-2259.916843267109,-205989.51405363955
33.2,-2614.0518566623923,-207851.20191539405
33.22,-2745.150512509484,-209824.39315496103
33.24,-2679.6711309456787,-211998.83658394965
33.26,-2298.2299171466793,-214470.83359407543
33.28,-1674.466756699448,-217449.54003946536
33.3,-945.9439443284335,-220398.9717486721
33.32,-442.1937033586298,-222960.69389788053
33.34,-146.96043894700702,-225141.1011085288
33.36,-0.0,-227047.72430238116
33.38,58.56349702372492,-228880.51280809965
33.4,-0.0,-230540.47553701262
33.42,-88.23363410391619,-232173.56261854115
33.44,-205.6502236474547,-233873.1373130592
33.46,-324.67416834313127,-235471.71343031625
33.480000000000004,-412.839439576379,-237100.50357671088
33.5,-442.1937033586298,-238779.87409402156
33.52,-412.839439576379,-240523.8578293423
33.54,-265.7961623887691,-242376.0508119072
33.56,29.28174851186416,-244380.21524520929
33.58,500.7572003823581,-246746.54610709616
33.6,1183.4239889297733,-249549.51125824737
33.62,1947.3074779231472,-252564.684521457
33.64,2461.5090684884854,-255206.35511087463
33.660000000000004,2712.231004550008,-257441.435608396
33.68,2712.231004550008,-259430.66081998596
33.7,2488.359360630885,-261301.27082583672
33.72,2133.1674926039254,-263068.2173094896
33.74,1668.1512534448339,-264719.05467592785
33.76,1096.6982749914528,-266227.4801651743
33.78,500.7572003823581,-267685.16136444453
33.8,-117.49806774760181,-269009.5076341268
33.82,-737.9727381437949,-270275.6655420534
33.84,-1338.6456970567767,-271500.45116254303
33.86,-1888.6190540692062,-272735.8845050957
33.88,-2390.815410603988,-273986.31917921244
33.9,-2810.73287252958,-275292.40963879967
33.92,-3152.649280160663,-276672.7770210676
33.94,-3388.602320322121,-278100.43165179505
33.96,-3470.1084595880084,-279554.1407294631
33.980000000000004,-3429.0798976754304,-281123.3673244012
34.0,-3193.0990695073906,-282820.78096870985
34.02,-2758.8729114284197,-284766.03244136256
34.04,-2074.469354030317,-287125.8659904943
34.06,-1153.5555379737027,-289866.1932822807
34.08,-234.87296726282773,-292482.8319230308
34.1,442.0409187630363,-294625.2982978317
34.12,975.5139693144264,-296367.7582525244
34.14,1397.2091940805017,-297860.10408315476
34.160000000000004,1696.4223482941609,-299197.7554892724
34.18,1947.1825510929357,-300361.52804880525
34.2,2105.80936544563,-301417.9919724121
34.22,2236.7752696396647,-302441.3547054267
34.24,2291.233763891356,-303409.12232913077
34.26,2291.233763891356,-304384.50212039973
34.28,2225.7050753965254,-305440.94391715503
34.300000000000004,2105.5247195357188,-306521.92328784283
34.32,1919.3265917780386,-307733.70190733543
34.34,1732.9761411330114,-309035.63539156324
34.36,1490.1037442109985,-310455.39614498074
34.38,1304.7404302405528,-311987.1509630454
34.4,1154.5243057315924,-313766.45875754167
34.42,1125.527094199852,-315675.25725930766
34.44,1212.1190349974308,-317863.4008799732
34.46,1461.5537463322216,-320459.5480464877
34.480000000000004,1826.2253575851162,-323285.90698780905
34.5,2077.9831678449345,-325939.65105265204
34.52,2040.2285341160616,-328236.9997738881
34.54,1789.129643277905,-330218.14368097327
34.56,1368.4411842748698,-331896.3782830848
34.58,796.5362351675232,-333338.4435732613
34.6,176.26207458944094,-334516.2065624425
34.62,-471.50668239716566,-335368.70468658855
34.64,-1095.960808707864,-335910.4822249571
34.660000000000004,-1702.6120946396081,-336157.56353392923
34.68,-2232.669083228076,-336120.6910168404
34.7,-2679.6711309456787,-335813.120830024
34.72,-3087.186365595381,-335261.9387145206
34.74,-3429.0798976754304,-334522.49045517645
34.76,-3722.188516119631,-333578.5227748009
34.78,-3992.679325203193,-332417.52352929086
34.800000000000004,-4221.762959288221,-331075.8219603362
34.82,-4429.198844019992,-329599.643646522
34.84,-4532.624019855459,-328069.98147737904
34.86,-4512.23765895628,-326628.8817055496
34.88,-4346.17746841127,-325288.33796832885
34.9,-4014.960562216328,-324166.20073991705
34.92,-3510.79493274729,-323247.4690583581
34.94,-2890.4239670156303,-322583.980633553
34.96,-2139.685287491321,-322218.6649803381
34.980000000000004,-1274.4956288514754,-322146.1367941621
35.0,-295.2380242030185,-322405.51951923233
35.02,679.5987344735948,-322815.44810682617
35.04,1704.8566414317597,-323333.6036163828
35.06,2619.8701558034268,-323716.73178062664
35.08,3414.7291157283435,-323856.1159414412
35.1,4092.71626727522,-323690.0078858117
35.12,4633.494874676846,-323374.33156085183
35.14,5029.882560186274,-322839.032634724
35.160000000000004,5259.906493437915,-322154.8142734115
35.18,5306.790991203597,-321305.47777732223
35.2,5259.906493437915,-320288.3258951463
35.22,5007.5518624064325,-319244.31768615503
35.24,4633.494874676846,-318085.85487404285
35.26,4217.118762524968,-317022.92257790477
35.28,3692.8867281202074,-316046.53005807754
35.300000000000004,3161.0110103305346,-315349.10737970256
35.32,2580.8249670576,-314879.44779259845
35.34,1974.8522817880328,-314656.24207451683
35.36,1304.7404302405528,-314761.9130689739
35.38,650.3633361455833,-315176.74693107663
35.4,-0.0,-315893.8946706208
35.42,-617.7451301666157,-316956.3853662564
35.44,-1124.6755565764763,-318342.28569917
35.46,-1516.9432132628876,-320028.3714509128
35.480000000000004,-1730.6144583042587,-322049.4122380044
35.5,-1730.6144583042587,-324400.76935630204
35.52,-1609.5877564211087,-326901.840218345
35.54,-1516.840025532325,-329252.87247704476
35.56,-1545.0194088007195,-331283.55796692823
35.58,-1702.6120946396081,-333061.1892028192
35.6,-1888.6190540692062,-334517.2353281622
35.62,-2128.8242373909625,-335858.76752539014
35.64,-2325.291581517902,-336943.717478648
35.660000000000004,-2522.105294241561,-337849.8867513679
35.68,-2653.5056525195882,-338561.96642631164
35.7,-2719.245227580084,-339133.6017400009
35.72,-2679.6711309456787,-339506.8813559906
35.74,-2548.5544737995465,-339706.24293893384
35.76,-2363.9425384029496,-339725.7942353272
35.78,-2074.33473350554,-339537.7090649826
35.800000000000004,-1702.6120946396081,-339197.8776186023
35.82,-1245.9085573313225,-338638.71055185515
35.84,-767.0002402435877,-337807.8275269325
35.86,-234.87296726282773,-336813.5156012223
35.88,264.213720671183,-335577.4166925493
35.9,738.1416830081636,-334157.985893989
35.92,1096.6982749914528,-332507.8601978721
35.94,1333.2357044323871,-330638.08331256715
35.96,1397.2091940805017,-328543.4103955238
35.980000000000004,1212.1190349974308,-326098.3470081066
36.0,796.5362351675232,-323285.7887119839
36.02,352.2460338180636,-320424.5059086711
36.04,88.04562023158987,-317979.59200498654
36.06,29.28174851186416,-315869.91298741
36.08,146.79713112764452,-314010.9923553412
36.1,324.35965941249736,-312361.50608857686
36.12,617.921512397115,-310826.41836199927
36.14,888.1794343594162,-309470.2993915912
36.16,1183.4239889297733,-308280.834394287
36.18,1454.3089848689988,-307161.4610570341
36.2,1668.3203055679808,-306127.4737816092
36.22,1854.2550878699767,-305280.2897468743
36.24,1974.8522817880328,-304398.7909375231
36.26,2040.074932711542,-303609.5615069861
36.28,2040.2285341160616,-302809.0704922255
36.3,1984.819684885243,-301980.8756536272
36.32,1891.4396851606195,-301080.4130661153
36.34,1761.2899894306274,-300092.6873524165
36.36,1547.3044770930828,-298980.75981406926
36.38,1304.472054355049,-297725.2648838341
36.4,975.5139693144264,-296273.01633432886
36.42,500.7902345408673,-294584.14507625636
36.44,-117.49806774760181,-292537.3181395646
36.46,-916.950472290698,-290093.6446482499
36.48,-1758.7047955117257,-287385.8275234948
36.5,-2429.6640673436373,-285071.9086854096
36.52,-2850.5535848070117,-283166.42379318184
36.54,-3062.090254883673,-281513.29984356125
36.56,-3127.615364419971,-280020.4083907205
36.58,-3021.698054950929,-278661.1721127788
36.6,-2824.6619804563,-277393.23745109345
36.62,-2522.105294241561,-276254.48076522246
36.64,-2167.141578372797,-275226.58811265876
36.66,-1730.5661462541768,-274311.7108399972
36.68,-1303.0596780864291,-273525.3219229711
36.7,-825.1505864198588,-272851.93399259244
36.72,-354.07916509312844,-272307.03332179965
36.74,117.52252953232912,-271846.9304921796
36.76,530.0701794208939,-271502.1266458597
36.78,917.3476635638868,-271338.9993276945
36.8,1275.7750327183621,-271252.2427448885
36.82,1547.3044770930828,-271356.0352437761
36.84,1761.2899894306274,-271626.4982890249
36.86,1882.0930421884302,-272020.2425710033
36.88,1947.3074779231472,-272602.8203916104
36.9,1947.3074779231472,-273324.476391502
36.92,1919.3265917780386,-274224.0021218954
36.94,1826.2253575851162,-275245.26464038505
36.96,1733.0302537231746,-276485.5813742693
36.98,1640.021996490449,-277927.97238706803
37.0,1611.7599128282063,-279516.98141231545
37.02,1668.3203055679808,-281408.7982183245
37.04,1826.2253575851162,-283615.7932591798
37.06,2077.9831678449345,-286045.9862141964
37.08,2264.092583302805,-288469.08908553276
37.1,2236.7752696396647,-290593.99883167207
37.12,2012.526945572496,-292427.65261855803
37.14,1640.021996490449,-293930.18116170826
37.16,1125.527094199852,-295156.3112501424
37.18,530.0701794208939,-296063.67625681026
37.2,-117.49806774760181,-296713.26831268636
37.22,-767.0002402435877,-297003.5244151708
37.24,-1395.745487845272,-297022.59576466325
37.26,-2009.180554077004,-296689.9695678823
37.28,-2614.0518566623923,-296094.4210475433
37.3,-3193.0990695073906,-295197.4298141721
37.32,-3763.170141595289,-294117.8690313459
37.34,-4263.208366859761,-292866.6166994886
37.36,-4678.228136116511,-291591.89370393404
37.38,-4948.757177773079,-290423.06841601245
37.4,-5072.752232445446,-289419.4184703213
37.42,-5031.4123761376795,-288579.78180101526
37.44,-4802.694928366348,-287896.401323909
37.46,-4470.718251488136,-287364.5210163508
37.48,-3992.448137593567,-287049.49488870846
37.5,-3364.0942681279876,-286933.0267765575
37.52,-2614.0518566623923,-287102.35952761926
37.54,-1758.7047955117257,-287572.5830000533
37.56,-796.207374238549,-288259.72835677385
37.58,176.26207458944094,-289014.834713618
37.6,1125.714328395363,-289632.3811972949
37.62,1984.819684885243,-289959.102867482
37.64,2751.5825027939727,-289977.99144982843
37.66,3373.6867154044285,-289698.6725683709
37.68,3904.6409233786603,-289163.18448899535
37.7,4278.5204541807525,-288390.50646325765
37.72,4508.3965047684205,-287449.00108615705
37.74,4550.166992255307,-286305.86588937556
37.76,4466.83023178611,-284991.81379412586
37.78,4217.118762524968,-283552.4189515322
37.8,3840.0884950050818,-282119.5293721791
37.82,3463.5339386773767,-280773.4683171743
37.84,3054.9254648647884,-279662.6245183992
37.86,2619.9949359407806,-278776.20132590184
37.88,2171.190727409322,-278147.139301944
37.9,1696.4223482941609,-277783.7261251543
37.92,1154.5243057315924,-277633.1694889086
37.94,617.921512397115,-277796.4011197154
37.96,58.76438682177567,-278255.12142788706
37.98,-500.81090314070246,-278979.3100369509
38.0,-1038.1347779677264,-279998.1284266424
38.02,-1488.4655042060876,-281301.43059473165
38.04,-1795.529750739325,-282852.77736039436
38.06,-1944.114284812433,-284682.2519925513
38.08,-1888.6190540692062,-286836.48657205945
38.1,-1637.8588512704362,-289279.4026194524
38.12,-1338.6456970567767,-291773.67552282405
38.14,-1124.6755565764763,-294037.8487696992
38.16,-1038.1347779677264,-295933.6764237769
38.18,-1038.1347779677264,-297546.4682599383
38.2,-1124.6755565764763,-299001.9258164155
38.22,-1245.9085573313225,-300255.5512444796
38.24,-1367.1184097922544,-301317.2396148071
38.26,-1460.0655473722952,-302186.07927915576
38.28,-1488.4655042060876,-302898.0586587951
38.3,-1488.4655042060876,-303453.6409495093
38.32,-1424.076181328618,-303830.0953091404
38.34,-1303.0596780864291,-304064.8390937188
38.36,-1124.6755565764763,-304131.6568418923
38.38,-887.8752644451971,-304068.8099171124
38.4,-588.3609409043355,-303819.1441586641
38.42,-264.2907207023991,-303476.7017323328
38.44,88.04562023158987,-302965.0639655336
38.46,471.40293660010724,-302301.5118811089
38.48,854.7708712622757,-301516.31050164805
38.5,1218.1475524746634,-300546.08733380714
38.52,1547.3044770930828,-299419.61548469774
38.54,1826.2253575851162,-298168.021656011
38.56,2012.526945572496,-296776.6407952217
38.58,2077.9831678449345,-295222.84995654266
38.6,1947.3074779231472,-293475.10764234985
38.62,1668.3203055679808,-291484.21162449126
38.64,1183.239053600203,-289114.640930138
38.66,500.7572003823581,-286414.6585857352
38.68,-117.49806774760181,-283883.204654707
38.7,-559.3580153733866,-281770.15078003
38.72,-796.207374238549,-279980.7675075577
38.74,-945.9439443284335,-278425.63568864844
38.76,-974.8516221451442,-277046.3639272226
38.78,-916.950472290698,-275787.11964285723
38.8,-825.3422926583708,-274672.00288655265
38.82,-737.9727381437949,-273674.90996947925
38.84,-588.3609409043355,-272759.2284381212
38.86,-471.50668239716566,-271910.2284389491
38.88,-324.67416834313127,-271180.2517648712
38.9,-176.40719492986287,-270497.23016237083
38.92,-29.482123207863246,-269814.25957214774
38.94,88.04562023158987,-269093.7535240206
38.96,234.97069195359123,-268355.5674111766
38.98,383.23766536685963,-267577.6669200964
39.0,530.0701794208939,-266720.7222364731
39.02,650.3633361455833,-265720.60825954407
39.04,767.4429078232275,-264653.30567498197
39.06,825.7571691047631,-263413.4169568565
39.08,854.7708712622757,-262070.37390787606
39.1,767.4429078232275,-260526.4793364074
39.12,588.8685953352698,-258790.44788276078
39.14,234.97069195359123,-256793.94888985963
39.16,-295.2380242030185,-254414.6439695486
39.18,-945.9439443284335,-251752.22903335703
39.2,-1516.7368564125768,-249271.98321631685
39.22,-1823.5295451647023,-247144.9935190491
39.24,-1944.114284812433,-245370.7943397052
39.26,-1916.3188787204972,-243778.71856980602
39.28,-1758.2632618250127,-242353.30706498807
39.3,-1488.4655042060876,-241113.38670543986
39.32,-1182.1511555018703,-240003.01660531317
39.34,-825.1505864198588,-239097.9880458402
39.36,-471.50668239716566,-238337.9172163005
39.38,-117.49806774760181,-237763.33102603108
39.4,234.97069195359123,-237377.18339095492
39.42,530.0701794208939,-237146.72187514562
39.44,767.4429078232275,-237086.57441049485
39.46,975.5139693144264,-237220.48443446239
39.48,1125.714328395363,-237544.3343700977
39.5,1212.1190349974308,-238015.73205757776
39.52,1275.7750327183621,-238678.22085329008
39.54,1275.860084395007,-239505.0219815416
39.56,1275.860084395007,-240545.58539230807
39.58,1304.377027764415,-241770.46494057158
39.6,1333.2357044323871,-243166.2897406497
39.62,1425.681906815981,-244828.41284789238
39.64,1611.7599128282063,-246785.7951728805
39.66,1919.3265917780386,-248991.81379412586
39.68,2198.533398235542,-251360.79484085122
39.7,2356.7934141704077,-253511.73571629505
39.72,2302.694039745923,-255359.23537291802
39.74,2077.9831678449345,-256920.4916015138
39.76,1704.8566414317597,-258251.69738543345
39.78,1218.1475524746634,-259256.5767909586
39.8,679.5987344735948,-260036.20503275824
39.82,117.52252953232912,-260495.56104687968
39.84,-471.50668239716566,-260689.83224961362
39.86,-1066.9635971761256,-260572.71254326138
39.88,-1637.8588512704362,-260142.93033555767
39.9,-2205.5290862790766,-259426.08728706563
39.92,-2784.878374714309,-258466.93572509088
39.94,-3339.7250040861118,-257268.5521942535
39.96,-3868.6842705308272,-255914.56771355038
39.98,-4284.462342776787,-254631.95737727275
40.0,-4553.7498001139365,-253460.78607162775
40.02,-4678.228136116511,-252437.19383828712
40.04,-4615.339196526626,-251622.75945981898
40.06,-4429.198844019992,-250961.1974450534
40.08,-4097.56558059782,-250454.7471544584
40.1,-3657.6597990720584,-250186.40170155876
40.12,-3087.186365595381,-250149.00775164182
40.14,-2390.815410603988,-250355.813037123
40.16,-1581.4584994667223,-250879.9451732531
40.18,-708.6843613206017,-251633.21449726983
40.2,234.97069195359123,-252524.2794289679
40.22,1154.5243057315924,-253322.67698357924
40.24,1975.1644798888244,-253855.11726968634
40.26,2686.029090702652,-254089.2614982844
40.28,3292.4188562182812,-254069.81692765636
40.3,3798.8013033339203,-253786.2292280589
40.32,4153.426179964665,-253272.30346397313
40.34,4383.519843593144,-252600.98772523025
40.36,4466.83023178611,-251714.2845305856
40.38,4383.519843593144,-250681.59823106398
40.4,4153.426179964665,-249458.20338268433
40.42,3798.6570035858135,-248091.1122612652
40.44,3332.950036951298,-246723.99963128343
40.46,2817.489697294389,-245499.4638530696
40.48,2302.694039745923,-244502.8650110255
40.5,1789.4575495848158,-243767.69980499844
40.52,1275.7750327183621,-243245.83688829571
40.54,738.1416830081636,-243070.24284871167
40.56,205.52393597073367,-243134.06368129104
40.58,-324.67416834313127,-243463.6214658183
40.6,-825.3422926583708,-244149.05945926163
40.62,-1303.0596780864291,-245077.51686039174
40.64,-1702.6120946396081,-246239.11956588578
40.66,-1944.114284812433,-247661.50039645622
40.68,-2046.961222511992,-249357.4106961044
40.7,-1981.5114356878141,-251348.91521292197
40.72,-1702.6120946396081,-253644.21377797547
40.74,-1395.745487845272,-255904.58076409178
40.76,-1182.1511555018703,-257928.40194737446
40.78,-1066.9635971761256,-259647.73371963884
40.8,-1032.7563096243543,-261126.36063994918
40.82,-1066.9635971761256,-262370.8214782563
40.84,-1095.960808707864,-263428.486843374
40.86,-1124.6755565764763,-264286.2498952664
40.88,-1124.6755565764763,-264974.95082939306
40.9,-1095.960808707864,-265435.3348851365
40.92,-1032.310557257506,-265732.43442189135
40.94,-887.8752644451971,-265846.13519407035
40.96,-737.7251894203782,-265762.35579749284
40.98,-500.84793352137814,-265454.70372738835
41.0,-265.7961623887691,-265010.18463756586
41.02,29.28174851186416,-264330.66163197166
41.04,293.6360905850264,-263428.486843374
41.06,559.4114305451064,-262386.6890829771
41.08,767.2478583443299,-261149.28606612998
41.1,883.9057896820973,-259687.05103437864
41.12,883.9057896820973,-258020.2544914779
41.14,738.1416830081636,-256123.93539830286
41.16,412.64266211685674,-253862.53122363525
41.18,-58.75826945934357,-251312.00516396674
41.2,-471.50668239716566,-248864.7996985322
41.22,-737.9727381437949,-246790.9154392084
41.24,-796.207374238549,-245025.75802114638
41.26,-737.9727381437949,-243470.64356924407
41.28,-588.3609409043355,-242131.98005563146
41.3,-354.07916509312844,-241002.5491399388
41.32,-117.49806774760181,-240054.12192510843
41.34,146.79713112764452,-239321.87377572013
41.36,353.8015212267452,-238737.22910779083
41.38,559.4114305451064,-238399.482472967
41.4,738.1416830081636,-238224.00212189538
41.42,854.7708712622757,-238224.00212189538
41.44,917.3476635638868,-238425.59894750203
41.46,946.4387614689236,-238827.8290988977
41.48,946.4387614689236,-239433.9642104505
41.5,888.1794343594162,-240208.58706020954
41.52,854.7708712622757,-241167.45073543102
41.54,796.5362351675232,-242312.1270643607
41.56,825.5637372673161,-243675.2572593077
41.58,883.9057896820973,-245283.62876924535
41.6,1067.5890951009171,-247163.648270159
41.62,1361.6231751101561,-249336.20178169385
41.64,1668.3203055679808,-251671.9224797439
41.66,1882.0930421884302,-253825.23475787544
41.68,1882.0930421884302,-255682.59796485753
41.7,1733.0302537231746,-257217.82787996525
41.72,1454.3089848689988,-258538.98656529118
41.74,1062.257630117109,-259601.01271491262
41.76,588.8685953352698,-260423.88829491488
41.78,117.52252953232912,-260968.13387218432
41.8,-383.477421739308,-261262.1280606411
41.82,-854.2707697142595,-261236.59048055785
41.84,-1338.6456970567767,-260983.887650798
41.86,-1795.529750739325,-260441.3300415835
41.88,-2232.669083228076,-259665.32562817077
41.9,-2653.5056525195882,-258660.60444276023
41.92,-3087.186365595381,-257434.5285165477
41.94,-3510.79493274729,-256044.8704524058
41.96,-3827.3634093766705,-254626.27698226046
41.98,-4033.9847218459054,-253359.9953952517
42.0,-4075.534384531736,-252230.79834161236
42.02,-3973.6754431191725,-251283.52044845087
42.04,-3722.188516119631,-250544.10064183766
42.06,-3339.7250040861118,-250008.5633558753
42.08,-2850.5535848070117,-249687.96312016866
42.1,-2232.669083228076,-249596.36650877286
42.12,-1545.0194088007195,-249827.80334465794
42.14,-767.0002402435877,-250302.67572410085
42.16,88.04562023158987,-250996.3440441305
42.18,975.5139693144264,-251815.9107200659
42.2,1789.4575495848158,-252555.96740149168
42.22,2527.4057091334716,-253031.61247358125
42.24,3161.0110103305346,-253272.33655386313
42.26,3651.469587805531,-253272.30346397313
42.28,4028.680936837453,-253048.47536267608
42.3,4278.5204541807525,-252690.2131987959
42.32,4383.519843593144,-252079.86044421687
42.34,4383.519843593144,-251375.37044515082
42.36,4217.118762524968,-250488.26428370495
42.38,3904.6409233786603,-249432.14500519197
42.4,3463.5339386773767,-248265.37376845584
42.42,2948.987464039355,-247119.3649099308
42.44,2395.595819331301,-246071.10892264626
42.46,1826.2253575851162,-245268.093243416
42.48,1275.7750327183621,-244727.91039482522
42.5,738.1416830081636,-244469.06055929582
42.52,176.26207458944094,-244449.54003946536
42.54,-354.07916509312844,-244772.99521657452
42.56,-854.2707697142595,-245329.93152450194
42.58,-1274.6722074086588,-246187.3992242824
42.6,-1637.8588512704362,-247266.377765438
42.62,-1888.6190540692062,-248650.80915006466
42.64,-1953.963448548767,-250279.99904992248
42.66,-1888.6190540692062,-252165.22004336293
42.68,-1674.466756699448,-254271.46758591433
42.7,-1460.0655473722952,-256298.0861493073
42.72,-1303.0596780864291,-258053.83161384333
42.74,-1245.9085573313225,-259575.88730348856
42.76,-1217.2115356946335,-260868.43129598847
42.78,-1245.9085573313225,-261872.84661357838
42.8,-1245.9085573313225,-262772.20617211435
42.82,-1274.4956288514754,-263397.8541084211
42.84,-1245.9085573313225,-263845.5542306262
42.86,-1153.5555379737027,-264104.0919840596
42.88,-1066.9635971761256,-264179.5077784198
42.9,-916.950472290698,-264013.97019297467
42.92,-737.7251894203782,-263628.86210542877
42.94,-500.84793352137814,-263054.709416927
42.96,-295.2380242030185,-262274.1996543121
42.98,-88.23363410391619,-261255.250605848
43.0,58.76438682177567,-260034.1891144696
43.02,146.79713112764452,-258608.0487084897
43.04,117.52252953232912,-256903.22666572637
43.06,-29.482123207863246,-254929.62883088976
43.08,-324.67416834313127,-252660.0314298429
43.1,-617.7451301666157,-250321.509516621
43.12,-796.207374238549,-248242.68187371021
43.14,-796.207374238549,-246511.2692384133
43.16,-679.5781859844352,-245043.6960283531
43.18,-471.50668239716566,-243826.38906812586
43.2,-176.20706429355423,-242787.16372163882
43.22,146.79713112764452,-241997.03126027362
43.24,442.0409187630363,-241467.7991797328
43.26,767.2478583443299,-241146.51949151463
43.28,1033.5531185964928,-241033.68886969174
43.3,1275.7750327183621,-241134.39256640963
43.32,1490.1037442109985,-241513.9848478635
43.34,1640.021996490449,-242057.37928099488
43.36,1798.2109690434218,-242827.34120770651
43.38,1947.3074779231472,-243792.18905306183
43.4,2105.5247195357188,-244996.2823000577
43.42,2264.234456376228,-246420.36290757888
43.44,2461.5090684884854,-248024.1560817236
43.46,2659.383468093753,-249718.6214213455
43.48,2751.699860112918,-251426.641018416
43.5,2712.231004550008,-252897.36017130222
43.52,2527.4057091334716,-254192.59710165006
43.54,2198.533398235542,-255210.36502709045
43.56,1761.2899894306274,-255997.06129137927
43.58,1246.9717153259885,-256482.34516372764
43.6,647.3164345279044,-256754.69864996945
43.62,-0.0,-256699.90488443663
43.64,-679.5781859844352,-256370.64543763967
43.66,-1395.745487845272,-255782.27930677927
43.68,-2139.685287491321,-255006.75502838526
43.7,-2810.675085135748,-254146.48064068425
43.72,-3404.970441653652,-253391.3654866893
43.74,-3868.838021340298,-252772.94103536906
43.76,-4221.563521658848,-252320.66141636737
43.78,-4429.198844019992,-252062.9504472504
43.8,-4491.5533518972825,-251918.61580472477
43.82,-4429.198844019992,-251961.057923274
43.84,-4263.208366859761,-252130.87958915925
43.86,-3951.226087501224,-252442.30771684606
43.88,-3510.79493274729,-252962.83952813715
43.9,-2956.0968931191283,-253598.39617363954
43.92,-2298.2299171466793,-254419.3890088284
43.94,-1581.4584994667223,-255211.21267115886
43.96,-825.3422926583708,-255857.6936792931
43.98,-146.96043894700702,-256271.6010193938
44.0,500.7572003823581,-256393.61371862973
44.02,1125.527094199852,-256263.80723114408
44.04,1640.021996490449,-255860.64895414567
44.06,2077.9831678449345,-255177.3536054995
44.08,2422.7905450869775,-254255.53353947581
44.1,2646.4035543207665,-253109.3693501457
44.12,2712.231004550008,-251704.4779749761
44.14,2659.383468093753,-250144.71287888082
44.16,2488.359360630885,-248516.4193161744
44.18,2291.516695839813,-246910.36502422986
44.2,2133.1674926039254,-245546.71215209633
44.22,1974.8522817880328,-244368.98803194822
44.24,1826.2253575851162,-243387.4460244067
44.26,1668.3203055679808,-242656.72344482993
44.28,1490.1037442109985,-242106.12100642352
44.3,1304.7404302405528,-241794.9828871137
44.32,1096.6982749914528,-241669.34047142422
44.34,825.7571691047631,-241751.85375168215
44.36,559.4114305451064,-242066.5189340802
44.38,293.4364642865561,-242644.88160612885
44.4,-0.0,-243423.91376752313
44.42,-236.32828385943833,-244424.9289668892
44.44,-412.839439576379,-245664.58029789096
44.46,-471.50668239716566,-247150.05790685615
44.48,-442.1937033586298,-248933.41675435423
44.5,-265.7961623887691,-250980.32133322302
44.52,-0.0,-253142.58345099475
44.54,205.52393597073367,-255210.14899719245
44.56,264.213720671183,-256985.67630393454
44.58,205.52393597073367,-258460.18025085615
44.6,58.76438682177567,-259707.47641987467
44.62,-146.96043894700702,-260731.03173020872
44.64,-383.477421739308,-261547.71690854023
44.66,-650.2143739100421,-262114.5954754666
44.68,-854.2707697142595,-262457.78704963624
44.7,-1066.9635971761256,-262602.42464311665
44.72,-1245.9085573313225,-262490.3588912991
44.74,-1367.1184097922544,-262255.38795671606
44.76,-1488.4655042060876,-261728.43756788562
44.78,-1545.0194088007195,-261047.1224040704
44.8,-1637.8588512704362,-260134.95353065824
44.82,-1730.6144583042587,-259005.8428887397
44.84,-1851.2180370917288,-257662.63696990992
44.86,-2009.180554077004,-256100.55516973074
44.88,-2167.141578372797,-254361.91668743285
44.9,-2298.2299171466793,-252648.15961881232
44.92,-2298.2299171466793,-251089.9329483146
44.94,-2139.969901211817,-249751.0701123877
44.96,-1888.6190540692062,-248645.72301153434
44.98,-1488.4655042060876,-247745.7017905758
45.0,-1038.1347779677264,-247130.898757786
45.02,-530.068844777009,-246798.25269234212
45.04,58.76438682177567,-246706.90617750748
45.06,650.3633361455833,-246909.5072199484
45.08,1304.377027764415,-247360.86785821285
45.1,1947.1825510929357,-248052.1177981037
45.12,2554.0567086797,-248854.98640354892
45.14,3120.6537519074,-249718.6214213455
45.16,3586.687473322829,-250498.69456040574
45.18,3945.7824785613093,-251110.71622526733
45.2,4153.426179964665,-251572.48074396927
45.22,4236.783953596226,-251895.34064078648
45.24,4195.099165448881,-252050.92921643177
45.26,4028.680936837453,-252053.3514617553
45.28,3734.0013073458545,-251936.2289668555
45.3,3332.950036951298,-251623.9988521589
45.32,2791.389246819419,-251113.87806819708
45.34,2171.0425353136275,-250474.52082703856
45.36,1454.3089848689988,-249759.8239228591
45.38,738.1416830081636,-249139.83820622403
45.4,29.28174851186416,-248640.1990844809
45.42,-617.7451301666157,-248441.33819897944
45.44,-1217.2115356946335,-248458.94062793718
45.46,-1758.2632618250127,-248806.5222150205
45.48,-2194.14037160521,-249346.39323617797
45.5,-2522.105294241561,-250102.63609596144
45.52,-2745.150512509484,-251113.480403318
45.54,-2810.73287252958,-252322.10549523088
45.56,-2784.7113738846488,-253677.1614370014
45.58,-2614.0518566623923,-255171.22520700263
45.6,-2429.6640673436373,-256606.3862813702
45.62,-2205.5290862790766,-257918.1158613829
45.64,-2009.180554077004,-259017.4476453496
45.66,-1823.5295451647023,-259908.21432119774
45.68,-1637.5811742625117,-260599.25269978162
45.7,-1424.076181328618,-261089.45131741458
45.72,-1182.1511555018703,-261333.2234455482
45.74,-945.9439443284335,-261378.69188960356
45.76,-679.5781859844352,-261219.9598811664
45.78,-383.477421739308,-260797.16172559306
45.8,-117.49806774760181,-260179.12889283756
45.82,146.79713112764452,-259309.46999292032
45.84,324.35965941249736,-258227.69618397107
45.86,442.0409187630363,-256885.7733132691
45.88,442.0409187630363,-255278.68191609808
45.9,324.35965941249736,-253429.22514439368
45.92,117.52252953232912,-251365.39676738722
45.94,-58.75826945934357,-249374.69219215482
45.96,-146.96043894700702,-247633.5474129054
45.98,-117.49806774760181,-246146.71308882357
46.0,29.28174851186416,-244944.37757759128
46.02,205.52393597073367,-243954.83964486013
46.04,412.64266211685674,-243189.05355666904
46.06,617.921512397115,-242664.21012443188
46.08,854.7708712622757,-242263.8597976123
46.1,1033.5531185964928,-242200.63360006103
46.12,1218.1475524746634,-242314.35586638394
46.14,1368.4411842748698,-242604.76102670026
46.16,1490.1037442109985,-243113.1359582253
46.18,1575.506710286616,-243857.79461036783
46.2,1704.8566414317597,-244776.49178885017
46.22,1826.2253575851162,-245921.16485989268
46.24,1947.3074779231472,-247294.6410312425
46.26,2133.1674926039254,-248797.42777986825
46.28,2264.092583302805,-250429.66337553985
46.3,2302.694039745923,-251936.30309461
46.32,2236.7752696396647,-253295.794688214
46.34,2040.2285341160616,-254431.70726062314
46.36,1733.0302537231746,-255348.28186501385
46.38,1333.2357044323871,-255995.8917886136
46.4,854.7708712622757,-256436.54236179183
46.42,322.8542177261274,-256609.84928783897
46.44,-264.2907207023991,-256522.81651253602
46.46,-858.7841665401635,-256188.70639608518
46.48,-1488.4655042060876,-255614.54469856527
46.5,-2139.969901211817,-254923.5284365615
46.52,-2719.245227580084,-254148.20756751572
46.54,-3217.795184107176,-253435.8751990077
46.56,-3616.4128005599096,-252865.90509952971
46.58,-3868.838021340298,-252475.22164547778
46.6,-4014.960562216328,-252230.1921267262
46.62,-4033.9847218459054,-252102.19637504074
46.64,-3910.0241268385935,-252126.3801417362
46.66,-3681.333883212417,-252310.9451205124
46.68,-3364.0942681279876,-252646.34602910906
46.7,-2890.4239670156303,-253147.81902518048
46.72,-2325.291581517902,-253788.0926020336
46.74,-1702.6120946396081,-254479.88904705367
46.76,-1038.1347779677264,-255102.6026088789
46.78,-383.477421739308,-255551.75055305043
46.8,234.97069195359123,-255813.0899770344
46.82,796.5362351675232,-255813.0899770344
46.84,1304.7404302405528,-255551.74414311955
46.86,1733.0302537231746,-255052.4361311311
46.88,2077.9831678449345,-254303.4742478697
46.9,2329.833596666869,-253360.0201771897
46.92,2449.5289267169724,-252220.7234792073
46.94,2422.7905450869775,-250850.96649331631
46.96,2329.833596666869,-249424.41048767208
46.98,2171.190727409322,-247971.61454292704
47.0,2012.526945572496,-246636.99607786024
47.02,1854.0932477630531,-245494.49628141898
47.04,1704.8566414317597,-244560.07795045152
47.06,1547.3044770930828,-243832.5966296953
47.08,1425.681906815981,-243322.10549523088
47.1,1246.9717153259885,-243011.9747595597
47.12,1062.6329876939549,-242928.5452698705
47.14,854.7708712622757,-243037.3573537081
47.16,646.9244379280638,-243345.5771117628
47.18,442.0409187630363,-243887.4061689161
47.2,234.97069195359123,-244666.44144316288
47.22,58.76438682177567,-245665.10640646733
47.24,-29.482123207863246,-246882.46075990182
47.26,-29.482123207863246,-248351.8158217196
47.28,58.76438682177567,-250064.59049103322
47.3,205.52393597073367,-251960.8803218533
47.32,353.8015212267452,-253850.9653238687
47.34,383.23766536685963,-255499.9742241375
47.36,353.8015212267452,-256933.42651667807
47.38,205.52393597073367,-258111.1448006729
47.4,39.17625784506229,-259064.0792093395
47.42,-265.7961623887691,-259738.7267487995
47.44,-530.068844777009,-260224.835683852
47.46,-796.207374238549,-260478.23285950057
47.48,-1066.9635971761256,-260524.10965705584
47.5,-1303.0596780864291,-260352.09639792162
47.52,-1516.9432132628876,-259933.02677655747
47.54,-1730.5661462541768,-259331.86821183548
47.56,-1944.114284812433,-258540.730411364
47.58,-2167.141578372797,-257519.61624401328
47.6,-2363.9425384029496,-256355.76902582953
47.62,-2548.5544737995465,-255064.32752229465
47.64,-2679.6711309456787,-253757.10976061077
47.66,-2719.245227580084,-252531.66094498202
47.68,-2653.343817694912,-251454.86927593825
47.7,-2429.6640673436373,-250557.66972792422
47.72,-2139.969901211817,-249881.77796162377
47.74,-1730.6144583042587,-249406.46097518998
47.76,-1245.9085573313225,-249114.86504466648
47.78,-679.5781859844352,-249104.01522319257
47.8,-58.75826945934357,-249263.64366880126
47.82,588.8685953352698,-249700.96432336586
47.84,1246.9717153259885,-250214.83737281023
47.86,1882.0930421884302,-250803.0406871348
47.88,2461.5090684884854,-251268.90243166086
47.9,2923.283017795797,-251650.98603575662
47.92,3308.172919255523,-251856.1159414412
47.94,3586.4304607625163,-251884.4846725025
47.96,3716.3599224625123,-251765.98661293648
47.98,3734.0013073458545,-251504.4153171167
48.0,3651.469587805531,-251077.48777418668
48.02,3439.192510532467,-250552.7918218851
48.04,3120.6537519074,-249887.44981803387
48.06,2685.74649461891,-249147.4844901104
48.08,2198.533398235542,-248367.5666430595
48.1,1668.3203055679808,-247720.4004919745
48.12,1154.5243057315924,-247242.38494546263
48.14,617.921512397115,-246966.76257947856
48.16,146.79713112764452,-246882.66823191638
48.18,-324.67416834313127,-247102.25999994477
48.2,-737.9727381437949,-247514.67348121092
48.22,-1095.960808707864,-248173.59403305253
48.24,-1395.4730687445926,-249086.68481419663
48.26,-1545.0194088007195,-250196.40230440727
48.28,-1637.8588512704362,-251530.91091446727
48.3,-1609.5877564211087,-253030.81345086184
48.32,-1516.840025532325,-254620.684660816
48.34,-1424.076181328618,-256061.84952920995
48.36,-1367.1184097922544,-257361.107574854
48.38,-1303.0596780864291,-258451.76085338093
48.4,-1303.0596780864291,-259307.0132742313
48.42,-1303.0596780864291,-260014.0157379989
48.44,-1303.0596780864291,-260480.91486111906
48.46,-1274.6722074086588,-260749.3541650248
48.48,-1245.9085573313225,-260839.91096097685
48.5,-1182.1511555018703,-260688.6099927243
48.52,-1095.960808707864,-260388.12458501608
48.54,-1003.6941330933807,-259829.19099256478
48.56,-945.9439443284335,-259090.5663339286
48.58,-854.2707697142595,-258169.34063924005
48.6,-858.7841665401635,-256976.3747214396
48.62,-887.8752644451971,-255551.75055305043
48.64,-974.8516221451442,-254018.7969827537
48.66,-1066.9635971761256,-252339.31102227102
48.68,-1095.960808707864,-250746.86578457945
48.7,-1038.1347779677264,-249325.09991529092
48.72,-887.8752644451971,-248164.23172136187
48.74,-617.7451301666157,-247185.30257365186
48.76,-324.6492508237361,-246478.42047931967
48.78,58.76438682177567,-245994.60985118308
48.8,442.0409187630363,-245746.8334966005
48.82,854.7708712622757,-245740.31299664566
48.84,1246.9717153259885,-245921.0107585709
48.86,1668.1512534448339,-246369.7955191457
48.88,2077.9831678449345,-246974.4694687738
48.9,2461.5090684884854,-247759.10865715242
48.92,2791.389246819419,-248641.37241182048
48.94,3080.339968547969,-249509.9930958589
48.96,3267.34951916879,-250329.63538269728
48.98,3332.950036951298,-251057.57805595567
49.0,3332.950036951298,-251623.9988521589
49.02,3161.0110103305346,-252079.8171399601
49.04,2923.283017795797,-252350.4204696784
49.06,2554.0567086797,-252469.0890855328
49.08,2105.5074297196384,-252405.35764334683
49.1,1547.3044770930828,-252169.8143284152
49.12,946.4387614689236,-251846.33462033767
49.14,293.6360905850264,-251441.64337813423
49.16,-354.07916509312844,-251036.9550506168
49.18,-974.8516221451442,-250751.45661515245
49.2,-1516.9432132628876,-250633.85248879617
49.22,-2008.8978564069716,-250682.21960440392
49.24,-2390.965429693244,-250980.32133322302
49.26,-2679.6711309456787,-251425.4324492557
49.28,-2876.12592387128,-252034.56834970048
49.3,-2956.0968931191283,-252777.1386829299
49.32,-2916.0855241802287,-253687.53360874165
49.34,-2784.878374714309,-254664.40946058807
49.36,-2587.840057297037,-255699.789301488
49.38,-2325.291581517902,-256663.92280651245
49.4,-2046.961222511992,-257498.00669966007
49.42,-1758.7047955117257,-258169.34063924005
49.44,-1488.4655042060876,-258634.16475749327
49.46,-1188.4082183022617,-258907.42814419977
49.48,-887.8752644451971,-258974.85903975702
49.5,-588.3609409043355,-258833.5825300856
49.52,-295.2380242030185,-258448.84586086668
49.54,-29.482123207863246,-257838.0508038576
49.56,205.52393597073367,-257010.99779442544
49.58,353.8015212267452,-255975.00984882208
49.6,442.0409187630363,-254684.90529992408
49.62,442.0409187630363,-253203.00251411003
49.64,353.8015212267452,-251532.6362520725
49.66,293.6360905850264,-249924.0650181957
49.68,264.213720671183,-248458.82864876543
49.7,294.89178088316663,-247193.1118019079
49.72,412.64266211685674,-246169.64472667137
49.74,530.0701794208939,-245318.75626777406
49.76,708.9744268483281,-244698.61734633677
49.78,888.1794343594162,-244323.70761911047
49.8,1062.257630117109,-244103.9728409045
49.82,1218.1475524746634,-244084.2990988336
49.84,1368.4411842748698,-244337.14414335368
49.86,1482.8148303148164,-244738.86656264408
49.88,1611.7599128282063,-245336.18770744602
49.9,1733.0302537231746,-246112.35686062623
49.92,1854.0932477630531,-247084.76265214157
49.94,1974.8522817880328,-248213.69841850974
49.96,2077.9831678449345,-249421.1741018096
49.98,2133.1674926039254,-250689.29439961986
50.0,2105.80936544563,-251885.08871297803
50.02,2012.526945572496,-252913.92416994864
50.04,1789.129643277905,-253771.28079840887
50.06,1490.1037442109985,-254428.1360473798
50.08,1096.6982749914528,-254903.89043748906
50.1,647.3164345279044,-255144.49950859504
50.12,146.79713112764452,-255201.1444582463
50.14,-383.477421739308,-255062.03558463693
50.16,-974.8516221451442,-254708.38098310877
50.18,-1516.9432132628876,-254270.495531004
50.2,-2074.33473350554,-253765.74349861144
50.22,-2522.105294241561,-253316.1482566857
50.24,-2916.257164936166,-252946.2526164155
50.26,-3193.0990695073906,-252721.5542004574
50.28,-3364.0942681279876,-252606.67362676357
50.3,-3429.0798976754304,-252647.95432925862
50.32,-3404.970441653652,-252792.4985396113
50.34,-3258.1617668161152,-253090.9554041957
50.36,-2981.627598013264,-253499.5779734671
50.38,-2627.1829975951823,-254018.7969827537
50.4,-2205.5290862790766,-254589.7280678465
50.42,-1702.6120946396081,-255127.133603928
50.44,-1217.2115356946335,-255573.9415768714
50.46,-708.6843613206017,-255897.11777130028
50.48,-205.6502236474547,-255996.95988097123
50.5,234.97069195359123,-255914.3830789392
50.52,647.3164345279044,-255598.8445291872
50.54,1004.7643929306039,-255086.19958045788
50.56,1304.377027764415,-254360.8769581419
50.58,1490.1037442109985,-253417.32169089423
50.6,1611.587765817931,-252303.19111817362
50.62,1611.7599128282063,-251085.90521424083
50.64,1575.506710286616,-249733.7137751362
50.66,1518.6290443960236,-248474.68296661082
50.68,1454.3089848689988,-247305.21153649502
50.7,1425.681906815981,-246327.49023417517
50.72,1368.6218591849763,-245564.27892712108
50.74,1368.4411842748698,-244943.9045805865
50.76,1333.2357044323871,-244523.51913772317
50.78,1275.7750327183621,-244332.03988289638
50.8,1218.1475524746634,-244322.02827378447
50.82,1154.5243057315924,-244487.35222118907
50.84,1096.6982749914528,-244855.41494258156
50.86,1004.7643929306039,-245426.1422031831
50.88,946.4387614689236,-246203.8388340144
50.9,917.3476635638868,-247163.648270159
50.92,917.3476635638868,-248339.88715949492
50.94,975.5139693144264,-249696.43594299504
50.96,1004.7643929306039,-251138.4921115477
50.98,1004.7643929306039,-252537.16165695852
51.0,975.5139693144264,-253823.68709948927
51.02,825.7571691047631,-254926.73023517517
51.04,588.8685953352698,-255848.2774778668
51.06,322.8542177261274,-256526.04476656741
51.08,-0.0,-256985.54806031485
51.1,-383.477421739308,-257260.0546625927
51.12,-767.0002402435877,-257304.609217208
51.14,-1153.5555379737027,-257095.61376527886
51.16,-1545.0194088007195,-256755.7466833181
51.18,-1953.963448548767,-256245.67537295056
51.2,-2298.2299171466793,-255598.608677036
51.22,-2627.1829975951823,-254880.52497826988
51.24,-2890.4239670156303,-254167.1403618658
51.26,-3047.1658961280514,-253540.8204684929
51.28,-3127.615364419971,-253002.5609751181
51.3,-3087.186365595381,-252568.9526192938
51.32,-2916.257164936166,-252283.85200474612
51.34,-2679.6711309456787,-252126.95167351083
51.36,-2363.9425384029496,-252114.911287022
51.38,-1916.2887847643049,-252235.48279778077
51.4,-1424.076181328618,-252467.67248826887
51.42,-887.8752644451971,-252764.6169078492
51.44,-324.67416834313127,-253114.640930138
51.46,264.213720671183,-253373.47149245342
51.48,796.5362351675232,-253511.73571629505
51.5,1275.7750327183621,-253487.35222118907
51.52,1668.3203055679808,-253306.80746674255
51.54,2012.526945572496,-252943.79856357822
51.56,2264.092583302805,-252379.00095125873
51.58,2422.5202716345484,-251739.95032596655
51.6,2461.5090684884854,-250913.11129025847
51.62,2449.5289267169724,-249982.85432470206
51.64,2329.833596666869,-249023.66343643708
51.66,2171.190727409322,-248107.9021777065
51.68,1984.819684885243,-247249.00890784396
51.7,1789.4575495848158,-246552.34696641986
51.72,1575.506710286616,-245995.88599655288
51.74,1368.6218591849763,-245664.13796236602
51.76,1154.5243057315924,-245481.99673722623
51.78,917.3476635638868,-245511.55237819566
51.8,708.9744268483281,-245721.82495243064
51.82,500.7572003823581,-246130.36768230994
51.84,294.89178088316663,-246774.18204527925
51.86,146.79713112764452,-247607.18136586307
51.88,58.76438682177567,-248650.80915006466
51.9,-0.0,-249895.5691626588
51.92,29.28174851186416,-251312.00516396674
51.94,58.76438682177567,-252716.47955154907
51.96,58.76438682177567,-254118.22203837623
51.98,-0.0,-255348.28186501385
52.0,-88.23363410391619,-256379.28704086485
52.02,-265.7961623887691,-257186.34033687194
52.04,-471.50668239716566,-257815.22611158362
52.06,-679.5781859844352,-258227.69618397107
52.08,-916.950472290698,-258407.8533375305
52.1,-1124.6755565764763,-258438.6803045456
52.12,-1367.1184097922544,-258260.57167263958
52.14,-1573.41096842982,-257871.36216586904
52.16,-1767.6618605613876,-257334.15103159883
52.18,-1981.5114356878141,-256627.0403502366
52.2,-2139.969901211817,-255813.0899770344
52.22,-2298.2299171466793,-254875.3789675473
52.24,-2390.965429693244,-253966.96168812743
52.26,-2390.965429693244,-253055.72494476315
52.28,-2325.291581517902,-252269.76366660628
52.3,-2167.141578372797,-251611.09780108213
52.32,-1943.6784765714485,-251077.7592043263
52.34,-1609.5877564211087,-250735.4441281578
52.36,-1217.2115356946335,-250527.23179901353
52.38,-737.9727381437949,-250477.1427808331
52.4,-234.87296726282773,-250610.9859073536
52.42,294.89178088316663,-250810.9238560828
52.44,854.7708712622757,-251125.86599049432
52.46,1368.6218591849763,-251385.82752349475
52.48,1826.2253575851162,-251610.61156949023
52.5,2225.849518528321,-251704.4779749761
52.52,2554.0567086797,-251727.9299972381
52.54,2751.699860112918,-251533.9002088718
52.56,2883.335052280565,-251273.6862051484
52.58,2923.283017795797,-250871.58756825203
52.6,2843.608892060045,-250379.70421540807
52.62,2685.74649461891,-249808.11035901512
52.64,2449.5289267169724,-249147.2081201543
52.66,2143.6655142046084,-248533.01373496407
52.68,1826.2253575851162,-247993.0254972028
52.7,1454.3089848689988,-247549.60709987266
52.72,1096.6982749914528,-247259.6014109752
52.74,738.1416830081636,-247167.39798879967
52.76,412.64266211685674,-247242.14161920032
52.78,88.04562023158987,-247534.8134434314
52.8,-205.6502236474547,-248016.94709718885
52.82,-442.1937033586298,-248698.6933998783
52.84,-617.7451301666157,-249581.15764669728
52.86,-737.9727381437949,-250657.61120934793
52.88,-796.207374238549,-251846.11859327223
52.9,-796.207374238549,-253147.81902518048
52.92,-767.0002402435877,-254418.3488417289
52.94,-796.207374238549,-255541.90794306982
52.96,-825.1505864198588,-256520.21262598506
52.98,-887.8752644451971,-257334.0999033576
53.0,-974.8516221451442,-257944.70047804012
53.02,-1038.1347779677264,-258402.8070016647
53.04,-1124.6755565764763,-258651.6438026873
53.06,-1217.2115356946335,-258686.3198785252
53.08,-1274.6722074086588,-258579.34152457648
53.1,-1367.1184097922544,-258244.94605543232
53.12,-1395.745487845272,-257747.01678682482
53.14,-1460.0655473722952,-257095.21472264137
53.16,-1516.9432132628876,-256289.01759195572
53.18,-1581.4584994667223,-255318.88430630724
53.2,-1609.5877564211087,-254290.5544627617
53.22,-1637.5811742625117,-253191.37629646057
53.24,-1581.4584994667223,-252130.60261825932
53.26,-1488.4655042060876,-251182.0388740005
53.28,-1274.6722074086588,-250371.1611894927
53.3,-1032.7563096243543,-249749.8150228972
53.32,-708.6843613206017,-249287.94608171837
53.34,-324.67416834313127,-249001.8293177659
53.36,88.04562023158987,-248899.24807147926
53.38,530.0701794208939,-248961.71900204403
53.4,1004.3848970336344,-249212.00644556878
53.42,1454.3089848689988,-249496.05874861995
53.44,1882.0930421884302,-249902.45160315986
53.46,2264.092583302805,-250272.94329575947
53.48,2554.3407126677284,-250619.6932495698
53.5,2791.389246819419,-250872.17340753577
53.52,2923.283017795797,-250994.2820083262
53.54,2949.2645751640234,-251033.69705151967
53.56,2883.335052280565,-250938.18049801848
53.58,2725.432586801837,-250765.7310045723
53.6,2488.359360630885,-250501.4520176249
53.62,2171.190727409322,-250163.07385782863
53.64,1798.2109690434218,-249764.7379929432
53.66,1368.6218591849763,-249412.81689728217
53.68,917.3476635638868,-249124.29993036189
53.7,500.7572003823581,-248972.12525458366
53.72,58.76438682177567,-248920.8639966449
53.74,-324.67416834313127,-249104.01522319257
53.76,-679.5781859844352,-249416.21971398598
53.78,-974.9896215727643,-249948.8146507164
53.8,-1217.2115356946335,-250610.10215964206
53.82,-1367.1184097922544,-251454.70580223913
53.84,-1460.0655473722952,-252414.7589026864
53.86,-1488.4655042060876,-253440.50674710202
53.88,-1460.0655473722952,-254507.9270489577
53.9,-1424.076181328618,-255500.33944117193
53.92,-1395.745487845272,-256363.6820271489
53.94,-1367.1184097922544,-257094.8694900295
53.96,-1338.6456970567767,-257656.08588489963
53.98,-1303.0596780864291,-258040.19999917963
54.0,-1274.583909790434,-258259.46876302245
54.02,-1245.9085573313225,-258287.28331908648
54.04,-1182.1511555018703,-258153.56165251078
54.06,-1124.6755565764763,-257839.04175248244
54.08,-1095.960808707864,-257327.00487910796
54.1,-1032.7563096243543,-256673.75361072738
54.12,-1032.310557257506,-255813.0899770344
54.14,-1003.6941330933807,-254824.09972050737
54.16,-1032.310557257506,-253687.53360874165
54.18,-1003.6941330933807,-252570.4567455909
54.2,-974.8516221451442,-251454.69692493763
54.22,-854.2707697142595,-250428.65492190103
54.24,-708.6843613206017,-249584.88635204002
54.26,-471.50668239716566,-248896.6337378875
54.28,-205.6502236474547,-248394.46889091964
54.3,117.52252953232912,-248104.08907095043
54.32,471.40293660010724,-247949.71031214518
54.34,825.7571691047631,-247975.26317530486
54.36,1212.1190349974308,-248191.4035985354
54.38,1547.3044770930828,-248550.41166505206
54.4,1919.3265917780386,-248972.5256583347
54.42,2225.7050753965254,-249458.20338268433
54.44,2461.5090684884854,-249962.6594273562
54.46,2646.4035543207665,-250383.84736513635
54.48,2725.432586801837,-250770.01202224643
54.5,2725.432586801837,-251032.49872694773
54.52,2646.4035543207665,-251215.9243533381
54.54,2461.5090684884854,-251324.74274069222
54.56,2198.533398235542,-251271.93279947477
54.58,1854.2550878699767,-251146.73465758446
54.6,1482.639678352343,-250940.61327733888
54.62,1033.5531185964928,-250682.21960440392
54.64,559.4114305451064,-250479.88037667787
54.66,88.04562023158987,-250318.0021045995
54.68,-354.07916509312844,-250288.4117096571
54.7,-767.0002402435877,-250346.1064328876
54.72,-1124.6755565764763,-250575.63948529083
54.74,-1395.745487845272,-250949.01094107854
54.76,-1637.8588512704362,-251453.47904760897
54.78,-1795.529750739325,-252116.29030532722
54.8,-1888.494147886779,-252881.36130953193
54.82,-1888.6190540692062,-253712.78128511822
54.84,-1851.2180370917288,-254598.02967329352
54.86,-1767.6618605613876,-255410.2576246356
54.88,-1674.466756699448,-256153.95248707413
54.9,-1545.0194088007195,-256755.5160859776
54.92,-1424.076181328618,-257221.16620524475
54.94,-1303.0596780864291,-257543.10562225047
54.96,-1182.1511555018703,-257690.80285310297
54.98,-1066.9635971761256,-257656.2484967204
55.0,-916.950472290698,-257442.46714239244
55.02,-796.207374238549,-257060.09367853362
55.04,-679.5781859844352,-256517.16807696922
55.06,-588.3609409043355,-255791.60790958567
55.08,-530.068844777009,-254857.06612043252
55.1,-500.84793352137814,-253827.829890212
55.12,-471.50668239716566,-252691.53839486832
55.14,-471.50668239716566,-251519.39932187935
55.16,-412.839439576379,-250460.54720070964
55.18,-293.4835389356833,-249529.01003886276
55.2,-146.96043894700702,-248726.5614416583
55.22,58.76438682177567,-248067.65460540442
55.24,293.4364642865561,-247642.08461892608
55.26,530.0701794208939,-247407.45277865653
55.28,796.5362351675232,-247320.55515144084
55.3,1096.6982749914528,-247430.4522261371
55.32,1361.9813790643925,-247656.4786243047
55.34,1640.021996490449,-248052.1177981037
55.36,1882.0930421884302,-248556.16191853338
55.38,2105.80936544563,-249147.4844901104
55.4,2264.234456376228,-249747.12429840316
55.42,2395.595819331301,-250306.34303436746
55.44,2422.5202716345484,-250836.65734053284
55.46,2356.931777279493,-251284.5569124344
55.48,2236.7752696396647,-251609.4935367424
55.5,2012.526945572496,-251847.4338891212
55.52,1733.0302537231746,-252000.0
55.54,1397.2091940805017,-252000.0
55.56,1004.3848970336344,-251936.33196194877
55.58,559.3744001644308,-251780.77140701484
55.6,88.04562023158987,-251610.3432802256
55.62,-383.477421739308,-251491.25947002255
55.64,-796.207374238549,-251385.82752349475
55.66,-1182.1511555018703,-251402.47481618144
55.68,-1516.9432132628876,-251570.39317771269
55.7,-1795.529750739325,-251815.63481962416
55.72,-1981.5114356878141,-252179.74887665486
55.74,-2101.7974582312077,-252680.08669277528
55.76,-2167.141578372797,-253270.9347952212
55.78,-2139.969901211817,-253899.03407078964
55.8,-2046.961222511992,-254582.39272062606
55.82,-1888.6190540692062,-255245.3664785847
55.84,-1730.5661462541768,-255830.15589653666
55.86,-1545.0194088007195,-256298.0861493073
55.88,-1367.1184097922544,-256675.7851902051
55.9,-1153.5555379737027,-256868.19774147298
55.92,-945.9439443284335,-256929.5255875704
55.94,-737.9727381437949,-256816.64938195643
55.96,-559.3580153733866,-256508.50967377264
55.98,-383.477421739308,-256044.8704524058
56.0,-234.87296726282773,-255410.2576246356
56.02,-146.96043894700702,-254571.47616532998
56.04,-58.75826945934357,-253632.3811972949
56.06,-29.482123207863246,-252570.4567455909
56.08,-0.0,-251466.5973864512
56.1,29.28174851186416,-250397.98248917883
56.12,117.52252953232912,-249436.91959843118
56.14,205.52393597073367,-248641.9088663185
56.16,353.8015212267452,-247967.86388093382
56.18,500.7902345408673,-247497.31648646048
56.2,679.5987344735948,-247163.648270159
56.22,883.7140834435874,-247036.34944560728
56.24,1062.6329876939549,-247080.8644278118
56.26,1275.7750327183621,-247255.99981114277
56.28,1454.3089848689988,-247589.96099036917
56.3,1640.021996490449,-248080.707197275
56.32,1789.129643277905,-248648.4275094895
56.34,1919.3265917780386,-249291.7888635113
56.36,2012.526945572496,-249970.4987114259
56.38,2040.074932711542,-250645.18880322643
56.4,2012.526945572496,-251243.7646353761
56.42,1891.4396851606195,-251780.33242830055
56.44,1732.9761411330114,-252208.75472721882
56.46,1490.1037442109985,-252524.2794289679
56.48,1183.239053600203,-252703.7626462988
56.5,825.5637372673161,-252809.09286451715
56.52,412.64266211685674,-252764.6169078492
56.54,-0.0,-252675.2572593077
56.56,-442.1937033586298,-252535.14514085127
56.58,-854.2707697142595,-252389.65671977444
56.6,-1245.9085573313225,-252298.76067551767
56.62,-1609.5877564211087,-252267.09359376383
56.64,-1888.494147886779,-252323.72485075862
56.66,-2074.469354030317,-252467.77700932545
56.68,-2232.669083228076,-252728.53080072842
56.7,-2259.916843267109,-253102.99088552906
56.72,-2259.6300119182397,-253516.11910213486
56.74,-2167.141578372797,-253990.2671630314
56.76,-2009.180554077004,-254492.63474378322
56.78,-1823.5295451647023,-254986.84197794582
56.8,-1581.4584994667223,-255416.89818415788
56.82,-1338.6456970567767,-255766.46997682005
56.84,-1095.960808707864,-255979.14711428608
56.86,-825.1505864198588,-256071.66916094464
56.88,-559.3580153733866,-256006.11695038984
56.9,-354.07916509312844,-255773.86747770887
56.92,-117.49806774760181,-255353.09691164075
56.94,58.76438682177567,-254803.9285775126
56.96,205.52393597073367,-254099.21482939384
56.98,294.89178088316663,-253218.96491300673
57.0,353.8015212267452,-252260.04967403345
57.02,383.23766536685963,-251268.15811023858
57.04,412.64266211685674,-250304.7169711188
57.06,471.40293660010724,-249377.18704589127
57.08,530.0701794208939,-248608.07302556283
57.1,617.921512397115,-247967.68241944
57.12,738.1416830081636,-247482.32177523765
57.14,854.7708712622757,-247184.6794654281
57.16,975.5139693144264,-247009.59177281288
57.18,1067.7785358838523,-247027.00387723645
57.2,1212.1190349974308,-247193.1118019079
57.22,1304.7404302405528,-247482.61894492267
57.24,1425.681906815981,-247932.99585551344
57.26,1518.6290443960236,-248499.30401608016
57.28,1583.2991568047398,-249180.849253122
57.3,1640.021996490449,-249924.0650181957
57.32,1640.021996490449,-250638.35678265218
57.34,1611.7599128282063,-251353.740335272
57.36,1518.6290443960236,-251974.03081113103
57.38,1368.6218591849763,-252535.14514085127
57.4,1154.5243057315924,-252926.18961421004
57.42,883.7140834435874,-253244.15112833376
57.44,559.4114305451064,-253440.50674710202
57.46,205.52393597073367,-253507.24650616862
57.48,-176.20706429355423,-253470.40201935006
57.5,-588.3609409043355,-253353.19168222332
57.52,-974.8516221451442,-253200.73500231316
57.54,-1331.7828845535582,-253065.54505371032
57.56,-1637.8588512704362,-252909.6045937767
57.58,-1916.3188787204972,-252820.87110716247
57.6,-2101.7974582312077,-252815.41296620845
57.62,-2232.669083228076,-252910.6174862888
57.64,-2259.916843267109,-253102.99088552906
57.66,-2259.494259772962,-253290.78652153903
57.68,-2167.141578372797,-253650.2335186929
57.7,-2008.8978564069716,-253961.94509508376
57.72,-1795.529750739325,-254316.35921223974
57.74,-1516.9432132628876,-254673.0252549324
57.76,-1245.9085573313225,-254972.84690082748
57.78,-974.8516221451442,-255153.9443925981
57.8,-679.5781859844352,-255226.41495880767
57.82,-383.477421739308,-255160.68473146128
57.84,-117.49806774760181,-254972.84690082748
57.86,117.52252953232912,-254623.15569860616
57.88,324.35965941249736,-254124.6481738669
57.9,471.40293660010724,-253500.80926944537
57.92,588.8685953352698,-252756.06663884013
57.94,679.5987344735948,-251870.647271351
57.96,708.9744268483281,-251029.4069367464
57.98,767.2478583443299,-250134.65299841482
58.0,767.4429078232275,-249310.25892069962
58.02,825.5637372673161,-248614.14978118936
58.04,854.7708712622757,-248041.35237749942
58.06,917.3476635638868,-247581.22501603066
58.08,975.5139693144264,-247278.43735148603
58.1,1033.5531185964928,-247163.648270159
58.12,1067.7785358838523,-247163.648270159
58.14,1125.714328395363,-247352.62960413302
58.16,1183.4239889297733,-247677.0771757097
58.18,1218.1475524746634,-248124.3339414271
58.2,1275.7750327183621,-248676.790383463
58.22,1304.377027764415,-249327.93224922984
58.24,1304.7404302405528,-250120.03972630546
58.26,1304.377027764415,-250865.79864392703
58.28,1246.9717153259885,-251622.58594808844
58.3,1154.5243057315924,-252296.04765246253
58.32,1004.3848970336344,-252913.68090900677
58.34,796.5362351675232,-253359.84089982504
58.36,559.4114305451064,-253729.15085460377
58.38,264.213720671183,-253960.93240078643
58.4,-58.75826945934357,-254059.91188712188
58.42,-383.477421739308,-254077.0489054475
58.44,-737.9727381437949,-253965.98927927838
58.46,-1066.9635971761256,-253792.36618532904
58.48,-1395.745487845272,-253613.4602083523
58.5,-1674.466756699448,-253373.47149245342
58.52,-1916.3188787204972,-253212.0312177091
58.54,-2074.469354030317,-253103.97952166764
58.56,-2167.141578372797,-253050.2087486536
58.58,-2205.5290862790766,-253102.99088552906
58.6,-2167.141578372797,-253184.55189317383
58.62,-2046.961222511992,-253355.39958361478
58.64,-1888.494147886779,-253574.4079281896
58.66,-1637.8588512704362,-253771.34689208964
58.68,-1395.4730687445926,-254035.5797220892
58.7,-1095.960808707864,-254235.96674231222
58.72,-767.0002402435877,-254397.45260135163
58.74,-471.50668239716566,-254429.8750005807
58.76,-146.96043894700702,-254397.2883167487
58.78,117.52252953232912,-254192.6106728746
58.8,353.8015212267452,-253908.29408214655
58.82,588.4740992293049,-253445.455997837
58.84,738.1416830081636,-252909.6045937767
58.86,854.7708712622757,-252246.6361478244
58.88,946.4387614689236,-251522.23583543778
58.9,975.5793700426655,-250745.28308434886
58.92,1004.5074413521604,-249972.50325453188
58.94,1004.7643929306039,-249250.3592697436
58.96,1004.7643929306039,-248659.66172368854
58.98,1004.7643929306039,-248141.53302683975
59.0,1033.5531185964928,-247764.53964898773
59.02,1033.5531185964928,-247497.2688123862
59.04,1033.5531185964928,-247424.50814348855
59.06,1033.5531185964928,-247468.4343867245
59.08,1033.5531185964928,-247668.5902839785
59.1,1033.5531185964928,-248010.34655856848
59.12,1033.5531185964928,-248471.73281016803
59.14,1033.5531185964928,-249070.70881778726
59.16,1033.5531185964928,-249759.8239228591
59.18,1004.7643929306039,-250504.49302460765
59.2,975.5793700426655,-251296.2373537012
59.22,917.3476635638868,-252040.37940816287
59.24,825.7571691047631,-252702.02484793123
59.26,679.5987344735948,-253318.65663463905
59.28,500.7572003823581,-253807.3144951723
59.3,264.213720671183,-254161.67360574487
59.32,-0.0,-254393.64558772845
59.34,-264.2907207023991,-254476.34221145918
59.36,-588.3609409043355,-254466.65229298695
59.38,-887.8752644451971,-254364.7173519445
59.4,-1182.1511555018703,-254135.0947998392
59.42,-1460.0655473722952,-253913.18300334478
59.44,-1702.6120946396081,-253673.8945722197
59.46,-1888.6190540692062,-253410.02327341662
59.48,-2009.180554077004,-253203.00251411003
59.5,-2074.469354030317,-253044.9357824105
59.52,-2074.469354030317,-253002.5609751181
59.54,-2009.180554077004,-253002.5609751181
59.56,-1888.494147886779,-253051.4625476073
59.58,-1674.466756699448,-253171.5737488737
59.6,-1424.076181328618,-253332.03988289647
59.62,-1153.5555379737027,-253481.46168995564
59.64,-858.7841665401635,-253644.21540108646
59.66,-530.068844777009,-253763.63688259662
59.68,-205.6502236474547,-253796.89771342068
59.7,88.04562023158987,-253751.4040003052
59.72,353.8015212267452,-253567.52936468075
59.74,617.921512397115,-253309.29476643624
59.76,825.5637372673161,-252899.98765792348
59.78,975.5139693144264,-252405.35764334683
59.8,1067.7785358838523,-251832.32141424718
59.82,1154.5243057315924,-251196.55719641992
59.84,1154.5243057315924,-250510.99206575647
59.86,1154.5243057315924,-249849.91295615447
59.88,1154.5243057315924,-249225.2770849188
59.9,1125.527094199852,-248655.37248918653
59.92,1096.6982749914528,-248248.24442461523
59.94,1062.257630117109,-247966.24591256815
59.96,1004.7643929306039,-247773.12281887681
59.98,975.5793700426655,-247761.01282385504
60.0,946.4387614689236,-247876.34088769177
60.02,917.3476635638868,-248106.56995371505
60.04,888.1794343594162,-248499.30401608016
60.06,883.7140834435874,-249025.71184792146
60.08,854.7708712622757,-249610.804403718
60.1,825.7571691047631,-250326.3629254734
60.12,796.5362351675232,-251097.96431824402
60.14,767.4429078232275,-251818.31376453402
60.16,679.5987344735948,-252508.74052997743
60.18,588.4740992293049,-253162.42808875348
60.2,412.64266211685674,-253685.41536875578
60.22,235.9257946403301,-254118.22203837623
60.24,29.28174851186416,-254397.2883167487
60.26,-234.87296726282773,-254571.47616532998
60.28,-471.50668239716566,-254628.8817055496
60.3,-767.0002402435877,-254525.02763720445
60.32,-1003.6941330933807,-254397.2883167487
60.34,-1274.6722074086588,-254144.88225602044
60.36,-1488.4655042060876,-253882.36055334093
60.38,-1702.6120946396081,-253613.54459928474
60.4,-1823.5295451647023,-253356.7717172828
60.42,-1916.2887847643049,-253146.2283636879
60.44,-1953.963448548767,-253002.8841878113
60.46,-1888.6190540692062,-252913.68090900677
60.48,-1795.529750739325,-252857.36224415863
60.5,-1637.8588512704362,-252881.8664441548
60.52,-1424.076181328618,-252962.83952813715
60.54,-1153.5555379737027,-253090.9554041957
60.56,-887.8752644451971,-253203.2307092265
60.58,-559.3580153733866,-253325.2004288044
60.6,-264.2907207023991,-253401.32639521197
60.62,29.28174851186416,-253384.69196573045
60.64,322.8542177261274,-253306.80746674255
60.66,588.4740992293049,-253102.77461211034
60.68,796.5362351675232,-252837.09444467
60.7,975.5139693144264,-252418.11429528962
60.72,1096.6982749914528,-251959.2728274557
60.74,1183.4239889297733,-251426.55013584043
60.76,1212.1190349974308,-250850.96649331631
60.78,1212.1190349974308,-250229.10359564994
60.8,1183.4239889297733,-249651.45347996763
60.82,1154.5243057315924,-249140.0584319485
60.84,1096.6982749914528,-248699.48119297513
60.86,1062.257630117109,-248374.63453975716
60.88,1004.5074413521604,-248158.49842574383
60.9,946.4387614689236,-248059.72465827232
60.92,883.9057896820973,-248144.26527188608
60.94,825.7571691047631,-248300.0543216237
60.96,796.5362351675232,-248624.55377524893
60.98,738.1416830081636,-249036.78905292018
61.0,708.9744268483281,-249633.95941274558
61.02,679.5987344735948,-250245.96619184682
61.04,650.3633361455833,-250955.409775802
61.06,617.921512397115,-251662.3831367342
61.08,559.4114305451064,-252364.1189209525
61.1,471.40293660010724,-253002.8841878113
61.12,353.8015212267452,-253554.20325452895
61.14,176.26207458944094,-254024.09376978723
61.16,-0.0,-254340.0798786248
61.18,-205.6502236474547,-254545.55894161985
61.2,-442.1937033586298,-254656.28481444297
61.22,-679.5781859844352,-254615.51699288475
61.24,-916.950472290698,-254504.73495508014
61.26,-1124.6755565764763,-254303.43208207146
61.28,-1338.6456970567767,-254045.08167717367
61.3,-1516.9432132628876,-253788.0926020336
61.32,-1674.466756699448,-253484.46370093644
61.34,-1767.6618605613876,-253235.37332928582
61.36,-1795.529750739325,-253018.2779834136
61.38,-1767.6618605613876,-252865.90509952971
61.4,-1702.6120946396081,-252756.06663884013
61.42,-1545.0194088007195,-252715.48403781513
61.44,-1367.1184097922544,-252715.33957830476
61.46,-1124.6755565764763,-252791.083813981
61.48,-887.8752644451971,-252873.58063674063
61.5,-588.3609409043355,-252956.25518379125
61.52,-295.2380242030185,-253032.71713877597
61.54,-0.0,-253043.78101022416
61.56,293.4364642865561,-253014.83471361798
61.58,530.0701794208939,-252873.28422627144
61.6,767.2478583443299,-252654.45825458266
61.62,946.4387614689236,-252365.14884902377
61.64,1067.7785358838523,-252000.0
61.66,1154.5243057315924,-251531.651922132
61.68,1212.1190349974308,-251049.3471488093
61.7,1218.1475524746634,-250515.53629906362
61.72,1212.1190349974308,-249991.4784735279
61.74,1154.5243057315924,-249506.48110414753
61.76,1125.527094199852,-249088.76493170846
61.78,1033.5531185964928,-248761.85548518953
61.8,975.5139693144264,-248509.5384691989
61.82,917.3476635638868,-248441.6741284292
61.84,825.7571691047631,-248419.11525387745
61.86,767.4429078232275,-248550.41166505206
61.88,708.9744268483281,-248820.91781059606
61.9,647.3164345279044,-249219.9360267164
61.92,617.921512397115,-249696.6473565576
61.94,559.4114305451064,-250272.94329575947
61.96,530.0701794208939,-250915.58248077708
61.98,500.7572003823581,-251581.88570471044
62.0,442.0409187630363,-252259.88045156363
62.02,352.2460338180636,-252873.72198848502
62.04,234.97069195359123,-253440.50674710202
62.06,117.52252953232912,-253903.28636677508
62.08,-29.482123207863246,-254229.25170240138
62.1,-205.6502236474547,-254455.68121436355
62.12,-412.839439576379,-254598.0254434354
62.14,-621.0352374498681,-254588.9366881736
62.16,-825.1505864198588,-254533.80426676368
62.18,-1038.1347779677264,-254353.66088415182
62.2,-1217.2115356946335,-254103.30500694813
62.22,-1395.4730687445926,-253836.70734873944
62.24,-1516.840025532325,-253534.56502784733
62.26,-1609.5877564211087,-253276.4267229657
62.28,-1637.8588512704362,-253038.53828817804
62.3,-1637.5811742625117,-252857.63862091163
62.32,-1545.0194088007195,-252700.14879001572
62.34,-1424.2513332910896,-252585.56567809032
62.36,-1274.6722074086588,-252573.75805594202
62.38,-1066.9635971761256,-252585.82213468594
62.4,-825.1505864198588,-252612.6233603988
62.42,-559.3580153733866,-252686.55800909214
62.44,-295.2380242030185,-252743.9102916077
62.46,-0.0,-252756.06663884013
62.48,264.213720671183,-252714.18361576684
62.5,500.7902345408673,-252654.45825458266
62.52,708.9744268483281,-252483.8604370255
62.54,888.1794343594162,-252248.6378960477
62.56,1033.5531185964928,-251961.01429820695
62.58,1125.714328395363,-251572.48074396927
62.6,1183.4239889297733,-251138.4921115477
62.62,1212.1190349974308,-250689.29439961986
62.64,1183.4239889297733,-250251.70068790045
62.66,1154.5243057315924,-249803.70927951825
62.68,1096.6982749914528,-249423.9358158376
62.7,1033.5531185964928,-249104.31196684408
62.72,946.4387614689236,-248871.43798855486
62.74,854.7708712622757,-248774.81490729962
62.76,796.5362351675232,-248772.62373044278
62.78,708.9744268483281,-248865.0142222245
62.8,646.9244379280638,-249098.3607312949
62.82,588.4740992293049,-249429.73228967257
62.84,530.0701794208939,-249871.20263942162
62.86,471.40293660010724,-250387.5441242797
62.88,442.0409187630363,-250976.1568788871
62.9,383.23766536685963,-251612.11863894665
62.92,324.35965941249736,-252221.99094323145
62.94,264.213720671183,-252805.5080044433
62.96,176.26207458944094,-253332.17337563125
62.98,58.76438682177567,-253765.74349861144
63.0,-88.23363410391619,-254118.22203837623
63.02,-234.87296726282773,-254340.94002451553
63.04,-412.839439576379,-254493.51889585247
63.06,-588.3609409043355,-254513.06802162598
63.08,-767.0002402435877,-254428.1360473798
63.1,-945.9439443284335,-254303.67924373396
63.12,-1124.6755565764763,-254087.0298853276
63.14,-1274.4956288514754,-253826.69039663443
63.16,-1367.1184097922544,-253560.41059566278
63.18,-1460.0655473722952,-253304.65199211793
63.2,-1488.4655042060876,-253030.81345086184
63.22,-1488.4655042060876,-252817.0167513681
63.24,-1424.076181328618,-252639.20530089986
63.26,-1303.0596780864291,-252555.96740149168
63.28,-1153.5555379737027,-252467.67248826887
63.3,-974.9896215727643,-252453.78342504214
63.32,-767.0002402435877,-252466.0997911282
63.34,-500.81090314070246,-252480.60067812062
63.36,-264.2907207023991,-252530.29259144393
63.38,-0.0,-252530.02408879678
63.4,264.213720671183,-252507.94466637302
63.42,500.7572003823581,-252454.4937188493
63.44,679.5987344735948,-252300.21804177942
63.46,854.7708712622757,-252130.87958915925
63.48,1004.3848970336344,-251870.5680277928
63.5,1096.6982749914528,-251558.4089695752
63.52,1154.5243057315924,-251196.55719641992
63.54,1154.5243057315924,-250799.26499768684
63.56,1154.5243057315924,-250416.28331040384
63.58,1096.6982749914528,-250018.874455496
63.6,1062.257630117109,-249692.5431480505
63.62,975.5793700426655,-249400.47817992655
63.64,888.1794343594162,-249180.849253122
63.66,825.7571691047631,-249105.637521574
63.68,738.1416830081636,-249098.69621487305
63.7,650.3633361455833,-249180.849253122
63.72,588.4740992293049,-249416.21971398598
63.74,500.7902345408673,-249696.43594299504
63.76,442.0409187630363,-250072.14161301852
63.78,383.23766536685963,-250568.95359176915
63.8,353.8015212267452,-251097.96431824402
63.82,294.89178088316663,-251661.62905144607
63.84,234.97069195359123,-252223.0818588155
63.86,176.26207458944094,-252756.06663884013
63.88,88.04562023158987,-253240.11710429963
63.9,39.17625784506229,-253657.2168204328
63.92,-146.96043894700702,-253977.99144982846
63.94,-264.2907207023991,-254209.57354818328
63.96,-442.1606760795467,-254318.756267774
63.98,-588.3609409043355,-254375.359219328
64.0,-737.9727381437949,-254312.5278124377
64.02,-887.8752644451971,-254187.81537496185
64.04,-1032.7563096243543,-253965.64691369882
64.06,-1153.5555379737027,-253753.14134418085
64.08,-1245.9085573313225,-253491.8921562908
64.1,-1303.0596780864291,-253250.01410475315
64.12,-1338.6456970567767,-253002.79797521618
64.14,-1338.6456970567767,-252804.77085949364
64.16,-1274.583909790434,-252624.79882386042
64.18,-1182.1511555018703,-252496.0597035113
64.2,-1032.7563096243543,-252414.7589026864
64.22,-858.7841665401635,-252364.5939193309
64.24,-646.6825703436064,-252334.8982197589
64.26,-442.1937033586298,-252349.8180876753
64.28,-205.6502236474547,-252364.5939193309
64.3,29.28174851186416,-252353.28506592085
64.32000000000001,264.213720671183,-252323.72485075862
64.34,471.40293660010724,-252259.88045156363
64.36,650.3633361455833,-252159.02131433322
64.38,825.5637372673161,-252000.0
64.4,946.4387614689236,-251780.33242830055
64.42,1033.5531185964928,-251504.4153171167
64.44,1067.7785358838523,-251203.4898184974
64.46000000000001,1096.6982749914528,-250858.3958356784
64.48,1096.6982749914528,-250515.53629906362
64.5,1033.5531185964928,-250189.952351482
64.52,1004.3848970336344,-249895.5691626588
64.54,917.3476635638868,-249685.2503507957
64.56,854.7708712622757,-249496.05874861995
64.58,767.4429078232275,-249379.78308857174
64.6,676.3086271903442,-249423.9358158376
64.62,588.8685953352698,-249506.48110414753
64.64,530.0701794208939,-249700.96432336586
64.66,442.0409187630363,-249979.86074166783
64.68,383.23766536685963,-250346.3731139887
64.7,324.35965941249736,-250796.99748589
64.72,293.4364642865561,-251285.90698780905
64.74,234.97069195359123,-251780.20416618773
64.76,176.26207458944094,-252274.5138844391
64.78,117.52252953232912,-252756.06663884013
64.8,29.28174851186416,-253203.33388307953
64.82000000000001,-58.75826945934357,-253574.4079281896
64.84,-176.20706429355423,-253839.5264085996
64.86,-293.4835389356833,-254045.08167717367
64.88,-442.1937033586298,-254149.080013963
64.9,-559.3580153733866,-254196.99724650403
64.92,-708.6843613206017,-254151.14174527366
64.94,-854.2707697142595,-254009.44551525125
64.96000000000001,-974.8516221451442,-253845.6466526335
64.98,-1066.9635971761256,-253640.4370855173
65.0,-1153.5555379737027,-253394.02865360567
65.02,-1182.1511555018703,-253147.66842134055
65.04,-1217.2115356946335,-252938.3949257673
65.06,-1182.1511555018703,-252742.3139619173
65.08,-1124.6755565764763,-252573.75805594202
65.1,-1038.1347779677264,-252464.9884354003
65.12,-887.8752644451971,-252350.59635644237
65.14,-737.9727381437949,-252297.75464467797
65.16,-559.3580153733866,-252274.08481528886
65.18,-354.07916509312844,-252246.6361478244
65.2,-146.96043894700702,-252219.66757169945
65.22,58.76438682177567,-252219.2285929852
65.24,264.213720671183,-252184.010538426
65.26,471.40293660010724,-252104.76165731842
65.28,617.921512397115,-252000.0
65.3,767.4429078232275,-251856.92949443313
65.32000000000001,888.1794343594162,-251671.9224797439
65.34,975.5139693144264,-251444.03259850838
65.36,1004.5074413521604,-251166.65537842773
65.38,1033.5531185964928,-250887.44216648582
65.4,1004.7643929306039,-250610.9859073536
65.42,975.5139693144264,-250335.57896155844
65.44,917.3476635638868,-250097.99452775076
65.46000000000001,854.7708712622757,-249882.87859987532
65.48,767.4429078232275,-249760.249402166
65.5,708.7778709337704,-249692.5431480505
65.52,617.921512397115,-249759.8239228591
65.54,530.0701794208939,-249844.79310824646
65.56,471.40293660010724,-250040.0092334663
65.58,383.23766536685963,-250272.93749144848
65.6,324.35965941249736,-250620.37330605843
65.62,293.4364642865561,-251021.55980806364
65.64,234.97069195359123,-251441.65997100587
65.66,176.26207458944094,-251893.61590630174
65.68,117.52252953232912,-252323.72485075862
65.7,29.28174851186416,-252756.06663884013
65.72,-29.482123207863246,-253114.640930138
65.74,-117.49806774760181,-253440.50674710202
65.76,-234.87296726282773,-253671.27772846085
65.78,-324.67416834313127,-253896.20147119052
65.8,-442.1937033586298,-253965.78983401033
65.82000000000001,-559.3580153733866,-253983.02898816345
65.84,-679.5781859844352,-253934.1020374709
65.86,-796.207374238549,-253824.242930636
65.88,-887.8752644451971,-253682.20117409847
65.9,-974.9896215727643,-253481.46168995564
65.92,-1038.1347779677264,-253284.37901733213
65.94,-1066.9635971761256,-253057.75261133318
65.96000000000001,-1066.9635971761256,-252898.31668999736
65.98,-1032.7563096243543,-252675.2572593077
66.0,-974.9896215727643,-252529.3234739711
66.02,-887.8752644451971,-252401.04919251
66.04,-767.0002402435877,-252309.8730756869
66.06,-621.0352374498681,-252231.9277444717
66.08,-471.50668239716566,-252179.88220966567
66.1,-264.2907207023991,-252145.24152667032
66.12,-88.23363410391619,-252145.20168332724
66.14,117.32176648307188,-252104.06260705803
66.16,293.4364642865561,-252075.44492389855
66.18,442.0409187630363,-252000.0
66.2,588.8685953352698,-251897.2540803307
66.22,708.9744268483281,-251753.99148983142
66.24,825.7571691047631,-251587.5398910869
66.26,883.9057896820973,-251373.73315626828
66.28,917.3476635638868,-251159.33881473076
66.3,946.4387614689236,-250909.3462112697
66.32000000000001,917.3476635638868,-250656.729406902
66.34,883.9057896820973,-250457.95503633027
66.36,825.7571691047631,-250258.76195688848
66.38,767.4429078232275,-250134.5845846069
66.4,708.9744268483281,-250040.0092334663
66.42,617.921512397115,-250001.17295681572
66.44,559.4114305451064,-250040.0092334663
66.46000000000001,500.7572003823581,-250159.09594342488
66.48,412.64266211685674,-250315.33994715914
66.5,353.8015212267452,-250594.90849745198
66.52,293.6360905850264,-250892.22274913487
66.54,234.97069195359123,-251256.08334044326
66.56,176.26207458944094,-251610.3432802256
66.58,117.52252953232912,-252000.0
66.6,58.76438682177567,-252389.65671977444
66.62,-0.0,-252756.06663884013
66.64,-88.23363410391619,-253074.0353591249
66.66,-176.20706429355423,-253360.0201771897
66.68,-265.7961623887691,-253554.70160963506
66.7,-354.07916509312844,-253712.78128511822
66.72,-471.50668239716566,-253771.28079840887
66.74,-559.3580153733866,-253782.6793954921
66.76,-646.6825703436064,-253740.8393809293
66.78,-737.9727381437949,-253640.6910062889
66.8,-825.1505864198588,-253495.1295415417
66.82000000000001,-887.8752644451971,-253343.91009812383
66.84,-945.9439443284335,-253147.97076114127
66.86,-945.9439443284335,-252962.65709457675
66.88,-945.9439443284335,-252777.3884416577
66.9,-916.950472290698,-252631.47166214572
66.92,-825.1505864198588,-252490.39599468725
66.94,-737.9727381437949,-252385.7294396451
66.96000000000001,-621.0352374498681,-252281.68922585173
66.98,-500.81090314070246,-252206.21991858925
67.0,-354.07916509312844,-252141.36997264487
67.02,-205.6502236474547,-252116.29961376888
67.04,-29.482123207863246,-252051.27017622357
67.06,146.79713112764452,-252000.0
67.08,293.6360905850264,-251964.839056866
67.1,442.0409187630363,-251885.2227528425
67.12,559.4114305451064,-251780.33242830055
67.14,676.3086271903442,-251652.7438270995
67.16,738.1416830081636,-251508.12990376313
67.18,796.5362351675232,-251324.74274069222
67.2,825.7571691047631,-251138.4921115477
67.22,825.7571691047631,-250927.62263522542
67.24,825.7571691047631,-250745.28308434886
67.26,796.5362351675232,-250580.76725062475
67.28,738.1416830081636,-250440.52927485708
67.3,679.5987344735948,-250342.86903408341
67.32000000000001,617.921512397115,-250298.84158858523
67.34,559.4114305451064,-250259.95956311325
67.36,500.7572003823581,-250335.57896155844
67.38,412.64266211685674,-250477.1427808331
67.4,353.8015212267452,-250645.18880322643
67.42,294.89178088316663,-250864.10698581408
67.44,234.97069195359123,-251154.29862606656
67.46000000000001,176.26207458944094,-251465.26025352033
67.48,117.52252953232912,-251790.6715187975
67.5,88.04562023158987,-252116.50033103136
67.52,-0.0,-252432.96156203208
67.54,-58.75826945934357,-252756.06663884013
67.56,-117.49806774760181,-253002.79797521618
67.58,-205.6502236474547,-253203.00251411003
67.6,-295.2380242030185,-253412.7235275352
67.62,-383.477421739308,-253516.11910213486
67.64,-471.50668239716566,-253554.20325452895
67.66,-529.9106022055767,-253560.6260331995
67.68,-617.7451301666157,-253530.07143859487
67.7,-708.6843613206017,-253440.50674710202
67.72,-767.0002402435877,-253290.78652153903
67.74,-796.207374238549,-253161.997863949
67.76,-825.1505864198588,-253003.18740598919
67.78,-825.1505864198588,-252845.39031740802
67.8,-796.207374238549,-252700.14879001572
67.82000000000001,-767.0002402435877,-252555.96740149168
67.84,-708.6843613206017,-252439.76750506886
67.86,-617.7451301666157,-252310.9451205124
67.88,-500.84793352137814,-252220.96710612194
67.9,-383.477421739308,-252155.72936444645
67.92,-264.2907207023991,-252102.19637504074
67.94,-117.49806774760181,-252040.7271725443
67.96000000000001,29.28174851186416,-252000.0
67.98,176.26207458944094,-251936.2289668555
68.0,293.6360905850264,-251857.06620124466
68.02,412.64266211685674,-251791.28578713344
68.04,530.0701794208939,-251690.0078858117
68.06,617.921512397115,-251572.48074396927
68.08,676.3086271903442,-251453.47904760897
68.1,708.9744268483281,-251297.9771708008
68.12,738.1416830081636,-251134.46385088927
68.14,738.1416830081636,-250992.1947339248
68.16,738.1416830081636,-250838.96647175826
68.18,679.5987344735948,-250720.59738054758
68.2,647.3164345279044,-250610.9859073536
68.22,617.921512397115,-250544.53950928326
68.24,559.4114305451064,-250543.8728402773
68.26,500.7572003823581,-250555.5354489889
68.28,442.0409187630363,-250635.95854675886
68.3,383.23766536685963,-250770.1747951962
68.32000000000001,322.8542177261274,-250913.11129025847
68.34,264.213720671183,-251126.37650951068
68.36,205.52393597073367,-251365.0632485153
68.38,146.79713112764452,-251638.0190561434
68.4,88.04562023158987,-251936.7029839661
68.42,29.28174851186416,-252205.20874686682
68.44,-29.482123207863246,-252466.77906045772
68.46000000000001,-88.23363410391619,-252703.25013420606
68.48,-146.96043894700702,-252942.08340178002
68.5,-234.87296726282773,-253114.640930138
68.52,-293.4835389356833,-253216.65784772654
68.54,-383.477421739308,-253306.80746674255
68.56,-442.1937033586298,-253348.47614928926
68.58,-530.068844777009,-253343.22528868658
68.60000000000001,-588.3609409043355,-253285.66729529807
68.62,-617.7451301666157,-253228.5748617352
68.64,-679.5781859844352,-253120.0548267469
68.66,-708.6843613206017,-253014.83471361798
68.68,-708.6843613206017,-252873.11031673357
68.7,-708.6843613206017,-252756.06663884013
68.72,-679.5781859844352,-252619.62962223365
68.74,-617.7451301666157,-252505.32857709378
68.76,-559.3580153733866,-252364.1189209525
68.78,-471.50668239716566,-252262.99623867034
68.8,-383.477421739308,-252169.8143284152
68.82000000000001,-295.2380242030185,-252116.50033103136
68.84,-176.20706429355423,-252051.27017622357
68.86,-58.75826945934357,-251963.72639323023
68.88,58.76438682177567,-251922.08103794264
68.9,176.26207458944094,-251870.50994933269
68.92,293.6360905850264,-251767.00357741446
68.94,383.23766536685963,-251699.7819582205
68.96000000000001,471.40293660010724,-251621.6771431012
68.98,530.0701794208939,-251528.2913919771
69.0,588.8685953352698,-251387.37663960122
69.02,617.921512397115,-251285.90698780905
69.04,646.9244379280638,-251154.29862606656
69.06,646.9244379280638,-251036.9550506168
69.08,617.921512397115,-250955.409775802
69.10000000000001,588.8685953352698,-250864.10698581408
69.12,559.4114305451064,-250785.95432651378
69.14,530.0701794208939,-250785.95432651378
69.16,471.40293660010724,-250782.06993231174
69.18,412.64266211685674,-250822.7496880525
69.2,383.23766536685963,-250917.3934257049
69.22,322.8542177261274,-251049.3471488093
69.24,264.213720671183,-251206.99228883162
69.26,205.52393597073367,-251392.83022936023
69.28,146.79713112764452,-251594.64235665317
69.3,117.52252953232912,-251814.95217540278
69.32000000000001,58.76438682177567,-252051.2049340718
69.34,-0.0,-252274.5138844391
69.36,-58.75826945934357,-252489.07284863043
69.38,-117.49806774760181,-252658.33752395888
69.4,-176.20706429355423,-252832.943355062
69.42,-234.87296726282773,-252950.07733261015
69.44,-293.4835389356833,-253057.90752562298
69.46000000000001,-354.07916509312844,-253126.7143448716
69.48,-442.1937033586298,-253119.04573362358
69.5,-471.50668239716566,-253121.13503458412
69.52,-530.068844777009,-253090.9554041957
69.54,-559.3580153733866,-253039.33479222938
69.56,-588.3609409043355,-252926.18961421004
69.58,-588.3609409043355,-252845.39031740802
69.60000000000001,-588.3609409043355,-252726.81425900283
69.62,-559.3580153733866,-252625.7816808091
69.64,-530.3050983115415,-252532.48669963068
69.66,-500.81090314070246,-252428.19729115823
69.68,-442.1937033586298,-252324.56874102817
69.7,-354.07916509312844,-252235.24532779038
69.72,-295.2380242030185,-252145.20168332724
69.74,-205.6502236474547,-252075.9964262536
69.76,-88.23363410391619,-252000.0
69.78,-0.0,-251922.2563266346
69.8,88.04562023158987,-251870.50994933269
69.82000000000001,176.26207458944094,-251790.22006671425
69.84,264.213720671183,-251723.20673687363
69.86,352.2460338180636,-251647.68766351527
69.88,412.64266211685674,-251560.3965188244
69.9,471.40293660010724,-251470.3356657245
69.92,500.7902345408673,-251385.82752349475
69.94,530.0701794208939,-251299.83298106262
69.96000000000001,530.0701794208939,-251215.20381204918
69.98,530.0701794208939,-251138.4921115477
70.0,530.0701794208939,-251057.8153379141
70.02,500.7572003823581,-251004.57906633464
70.04,471.40293660010724,-250976.1568788871
70.06,442.0409187630363,-251006.42254116287
70.08,383.23766536685963,-251036.9550506168
70.10000000000001,353.8015212267452,-251098.4276891512
70.12,294.89178088316663,-251184.30804321638
70.14,264.213720671183,-251324.74274069222
70.16,205.52393597073367,-251463.72896249808
70.18,176.26207458944094,-251595.2553034685
70.2,117.52252953232912,-251780.33242830055
70.22,58.76438682177567,-251950.6759416363
70.24,29.28174851186416,-252141.1635476949
70.26,-29.482123207863246,-252310.9451205124
70.28,-88.23363410391619,-252468.74611005088
70.3,-146.96043894700702,-252610.65757407024
70.32000000000001,-205.6502236474547,-252703.7626462988
70.34,-235.07259356129802,-252805.5080044433
70.36,-295.2380242030185,-252898.31668999736
70.38,-354.07916509312844,-252910.6174862888
70.4,-383.477421739308,-252921.81735542882
70.42,-442.1937033586298,-252881.36130953193
70.44,-471.50668239716566,-252857.63862091163
70.46000000000001,-471.50668239716566,-252845.31619968088
70.48,-500.81090314070246,-252777.1386829299
70.5,-500.81090314070246,-252679.37681700126
70.52,-471.50668239716566,-252612.6233603988
70.54,-471.50668239716566,-252522.9213177568
70.56,-412.839439576379,-252428.81693031412
70.58,-383.477421739308,-252349.8180876753
70.60000000000001,-324.67416834313127,-252269.76366660628
70.62,-265.7961623887691,-252159.32372210582
70.64,-205.6502236474547,-252102.19637504074
70.66,-117.49806774760181,-252028.47770428166
70.68,-58.75826945934357,-251936.7029839661
70.7,29.28174851186416,-251885.17703358494
70.72,117.52252953232912,-251814.95217540278
70.74,176.26207458944094,-251752.22903335703
70.76,234.97069195359123,-251700.58065060835
70.78,293.6360905850264,-251626.6593701468
70.8,352.2460338180636,-251534.62294243718
70.82000000000001,383.23766536685963,-251492.05533362698
70.84,412.64266211685674,-251430.78600226805
70.86,442.0409187630363,-251372.89829073587
70.88,442.0409187630363,-251311.97359168078
70.9,442.0409187630363,-251271.23825491607
70.92,412.64266211685674,-251227.42612360095
70.94,412.64266211685674,-251205.0043372968
70.96000000000001,383.23766536685963,-251196.68312455848
70.98,353.8015212267452,-251243.85087717578
71.0,324.35965941249736,-251285.90698780905
71.02,293.4364642865561,-251336.8866113437
71.04,234.97069195359123,-251452.1611377503
71.06,205.52393597073367,-251544.37651825201
71.08,176.26207458944094,-251650.98603575662
71.10000000000001,117.52252953232912,-251780.49025005248
71.12,88.04562023158987,-251936.7029839661
71.14,29.28174851186416,-252051.27017622357
71.16,-0.0,-252169.97554077266
71.18,-58.75826945934357,-252310.00805965142
71.2,-88.23363410391619,-252405.35764334683
71.22,-146.96043894700702,-252530.29259144393
71.24,-176.40719492986287,-252579.32619482526
71.26,-236.32828385943833,-252675.2572593077
71.28,-264.2907207023991,-252675.2572593077
71.3,-295.2380242030185,-252702.02484793123
71.32000000000001,-324.67416834313127,-252714.18361576684
71.34,-354.07916509312844,-252700.1040023319
71.36,-383.477421739308,-252675.88831332614
71.38,-383.477421739308,-252663.1595740525
71.4,-383.477421739308,-252606.67362676357
71.42,-383.477421739308,-252520.9109629628
71.44,-354.07916509312844,-252479.2886019133
71.46000000000001,-324.67416834313127,-252402.79304666724
71.48,-295.2380242030185,-252334.8982197589
71.5,-264.2907207023991,-252269.76366660628
71.52,-234.87296726282773,-252184.297903276
71.54,-176.20706429355423,-252116.29030532722
71.56,-117.49806774760181,-252048.57680882388
71.58,-58.75826945934357,-252000.0
71.60000000000001,39.17625784506229,-251922.2563266346
71.62,58.76438682177567,-251842.30887910858
71.64,88.04562023158987,-251790.38902749863
71.66,146.79713112764452,-251741.90791167234
71.68,205.52393597073367,-251686.97833096058
71.7,234.97069195359123,-251623.9988521589
71.72,265.41921432942746,-251572.48074396927
71.74,294.89178088316663,-251519.39932187935
71.76,322.8542177261274,-251492.05533362698
71.78,324.35965941249736,-251491.25947002255
71.8,324.35965941249736,-251441.76717648288
71.82000000000001,324.35965941249736,-251414.7104871472
71.84,324.35965941249736,-251401.491801813
71.86,294.89178088316663,-251401.67130688077
71.88,293.6360905850264,-251438.46529645094
71.9,264.213720671183,-251462.58366722928
71.92,235.9257946403301,-251505.22553092113
71.94,205.52393597073367,-251572.48074396927
71.96000000000001,176.26207458944094,-251650.98603575662
71.98,146.79713112764452,-251741.90791167234
72.0,117.52252953232912,-251830.0244592273
72.02,88.04562023158987,-251936.7029839661
72.04,58.76438682177567,-252000.0
72.06,-0.0,-252116.50033103136
72.08,-29.482123207863246,-252193.9978718557
72.1,-58.75826945934357,-252274.5138844391
72.12,-88.23363410391619,-252339.31102227102
72.14,-146.96043894700702,-252405.35764334683
72.15999999999998,-176.20706429355423,-252478.2857646391
72.18,-205.6502236474547,-252502.3936605809
72.2,-234.87296726282773,-252530.29259144393
72.22,-235.07259356129802,-252545.53912666437
72.23999999999998,-265.7961623887691,-252529.13200977645
72.26,-265.7961623887691,-252535.14223816028
72.28,-295.2380242030185,-252492.727342285
72.29999999999998,-295.2380242030185,-252469.0890855328
72.32,-264.2907207023991,-252439.76750506886
72.34,-265.7961623887691,-252378.24132237796
72.36,-235.07259356129802,-252350.59635644237
72.37999999999998,-234.87296726282773,-252296.54076873508
72.4,-205.6502236474547,-252218.86136822842
72.42,-176.20706429355423,-252144.96305227358
72.43999999999998,-146.96043894700702,-252116.50033103136
72.46,-117.49806774760181,-252036.9146472859
72.48,-58.75826945934357,-252000.0
72.5,-29.482123207863246,-251922.2563266346
72.51999999999998,-0.0,-251870.50994933269
72.54,58.76438682177567,-251814.95217540278
72.56,88.04562023158987,-251781.13863177158
72.58,117.52252953232912,-251742.46918655184
72.6,146.79713112764452,-251714.1115114181
72.62,176.26207458944094,-251675.34863726128
72.64,205.52393597073367,-251609.4935367424
72.65999999999998,205.52393597073367,-251609.4935367424
72.68,234.97069195359123,-251587.5398910869
72.7,234.97069195359123,-251585.1285047811
72.72,234.97069195359123,-251571.79203060077
72.73999999999998,234.97069195359123,-251585.1285047811
72.76,234.97069195359123,-251587.5398910869
72.78,205.52393597073367,-251599.9656932152
72.79999999999998,205.52393597073367,-251609.4935367424
72.82,176.26207458944094,-251675.28602528505
72.84,176.06156477133013,-251727.9299972381
72.86,146.79713112764452,-251756.0847446472
72.87999999999998,117.52252953232912,-251830.0244592273
72.9,88.04562023158987,-251870.50994933269
72.92,88.04562023158987,-251950.55465330274
72.93999999999998,58.76438682177567,-252000.0
72.96,29.28174851186416,-252065.2061277327
72.98,-0.0,-252130.60261825932
73.0,-29.482123207863246,-252170.0074646047
73.01999999999998,-58.75826945934357,-252231.18986336357
73.04,-88.23363410391619,-252283.89416440518
73.06,-117.49806774760181,-252323.72485075862
73.08,-117.49806774760181,-252323.72485075862
73.1,-146.96043894700702,-252338.62348824088
73.12,-176.20706429355423,-252338.62348824088
73.14,-176.20706429355423,-252364.5939193309
73.15999999999998,-176.20706429355423,-252350.59635644237
73.18,-176.40719492986287,-252350.59635644237
73.2,-176.40719492986287,-252323.72485075862
73.22,-176.20706429355423,-252310.9451205124
73.23999999999998,-176.20706429355423,-252296.54076873508
73.26,-176.20706429355423,-252259.88045156363
73.28,-146.96043894700702,-252205.20874686682
73.29999999999998,-146.96043894700702,-252169.97554077266
73.32,-117.49806774760181,-252116.29030532722
73.34,-88.23363410391619,-252065.54443212086
73.36,-88.23363410391619,-252000.0
73.37999999999998,-58.75826945934357,-251961.02651255587
73.4,-29.482123207863246,-251922.2563266346
73.42,-29.482123207863246,-251870.50994933269
73.43999999999998,-0.0,-251856.22135277718
73.46,29.28174851186416,-251830.0244592273
73.48,58.76438682177567,-251780.77140701484
73.5,88.04562023158987,-251767.13290652106
73.51999999999998,88.04562023158987,-251742.46918655184
73.54,117.52252953232912,-251742.46918655184
73.56,117.52252953232912,-251741.90791167234
73.58,146.79713112764452,-251742.46918655184
73.6,146.79713112764452,-251742.46918655184
73.62,146.79713112764452,-251742.46918655184
73.64,146.79713112764452,-251742.46918655184
73.65999999999998,146.79713112764452,-251755.79242712565
73.68,146.79713112764452,-251767.00357741446
73.7,117.52252953232912,-251780.33242830055
73.72,117.52252953232912,-251805.17483412445
73.73999999999998,117.32176648307188,-251842.30887910858
73.76,88.04562023158987,-251884.95588485862
73.78,88.04562023158987,-251922.2563266346
73.79999999999998,58.76438682177567,-251936.7029839661
73.82,58.76438682177567,-252000.0
73.84,29.28174851186416,-252000.0
73.86,29.28174851186416,-252065.2061277327
73.87999999999998,-0.0,-252089.96336211986
73.9,-0.0,-252130.60261825932
73.92,-29.482123207863246,-252145.20168332724
73.93999999999998,-29.482123207863246,-252156.1809209637
73.96,-58.75826945934357,-252184.36518037584
73.98,-58.75826945934357,-252179.91663111257
74.0,-88.23363410391619,-252205.20874686682
74.01999999999998,-88.23363410391619,-252193.9978718557
74.04,-88.23363410391619,-252190.7156577789
74.06,-88.23363410391619,-252179.91663111257
74.08,-88.23363410391619,-252179.91663111257
74.1,-88.23363410391619,-252184.0892799341
74.12,-88.23363410391619,-252144.96305227358
74.14,-88.23363410391619,-252130.60261825932
74.15999999999998,-88.23363410391619,-252130.87958915925
74.18,-58.95903250860252,-252104.06260705803
74.2,-58.75826945934357,-252065.2061277327
74.22,-58.75826945934357,-252040.7271725443
74.23999999999998,-58.75826945934357,-252000.0
74.26,-58.75826945934357,-251964.839056866
74.28,-29.482123207863246,-251961.02651255587
74.29999999999998,-29.482123207863246,-251936.30309461
74.32,-29.482123207863246,-251911.50787959306
74.34,39.17625784506229,-251885.12161052853
74.36,-0.0,-251856.92949443313
74.37999999999998,-0.0,-251870.50994933269
74.4,29.28174851186416,-251842.30887910858
74.42,29.28174851186416,-251856.92949443313
74.43999999999998,29.28174851186416,-251870.50994933269
74.46,29.28174851186416,-251870.50994933269
74.48,58.76438682177567,-251881.43978149252
74.5,58.76438682177567,-251895.937392942
74.51999999999998,58.76438682177567,-251908.1242763016
74.54,58.76438682177567,-251922.08103794264
74.56,58.76438682177567,-251922.2563266346
74.58,58.76438682177567,-251922.2563266346
74.6,58.76438682177567,-251950.55465330274
74.62,29.28174851186416,-251936.7029839661
74.64,29.28174851186416,-252000.0
74.65999999999998,29.28174851186416,-252000.0
74.68,29.28174851186416,-252000.0
74.7,29.28174851186416,-252000.0
74.72,29.28174851186416,-252048.57680882388
74.73999999999998,29.28174851186416,-252051.2049340718
74.76,-0.0,-252051.27017622357
74.78,-0.0,-252065.58682300628
74.79999999999998,-0.0,-252079.6642000389
74.82,-0.0,-252079.6642000389
74.84,-0.0,-252075.52384161504
74.86,-0.0,-252075.52384161504
74.87999999999998,-0.0,-252065.54443212086
74.9,39.17625784506229,-252065.2061277327
74.92,39.17625784506229,-252065.2061277327
74.93999999999998,39.17625784506229,-252065.2061277327
74.96,39.17625784506229,-252051.2049340718
74.98,-0.0,-252036.94809204925
75.0,-0.0,-252000.0
75.01999999999998,-0.0,-252000.0
75.04,-0.0,-252000.0
75.06,-0.0,-252000.0
75.08,-0.0,-252000.0
75.1,-0.0,-251961.02651255587
75.12,-0.0,-251960.78767200524
75.14,-0.0,-251936.2289668555
75.15999999999998,-0.0,-251922.2563266346
75.18,-0.0,-251936.7029839661
75.2,-0.0,-251936.7029839661
75.22,-0.0,-251936.7029839661
75.23999999999998,-0.0,-251936.7029839661
75.26,-0.0,-251936.7029839661
75.28,-0.0,-251936.7029839661
75.29999999999998,-0.0,-251961.06415577477
75.32,-0.0,-252000.0
75.34,-0.0,-251961.02651255587
75.36,-0.0,-251961.02651255587
75.37999999999998,-0.0,-252000.0
75.4,-0.0,-252000.0
75.42,-0.0,-252000.0
75.43999999999998,-0.0,-252000.0
75.46,-0.0,-252040.7271725443
75.48,-0.0,-252051.27017622357
75.5,-0.0,-252051.27017622357
75.51999999999998,-0.0,-252051.27017622357
75.54,-0.0,-252036.94809204925
75.56,-0.0,-252065.6633310411
75.58,-0.0,-252036.94809204925
75.6,-0.0,-252048.57680882388
75.62,-0.0,-252051.27017622357
75.64,-0.0,-252051.27017622357
75.65999999999998,-0.0,-252040.7271725443
75.68,-0.0,-252036.9146472859
75.7,-0.0,-252000.0
75.72,-0.0,-252000.0
75.73999999999998,-0.0,-252000.0
75.76,-0.0,-252000.0
75.78,-0.0,-251961.02651255587
75.79999999999998,-0.0,-251961.02651255587
75.82,-0.0,-251960.78767200524
75.84,-0.0,-251961.06415577477
75.86,-0.0,-251936.2289668555
75.87999999999998,-0.0,-251961.06415577477
75.9,-0.0,-251961.06415577477
75.92,-0.0,-251961.06415577477
75.93999999999998,-0.0,-251961.06415577477
75.96,-0.0,-251961.06415577477
75.98,-0.0,-252000.0
76.0,-0.0,-251963.72639323023
76.01999999999998,-0.0,-251971.52229571829
76.04,-0.0,-252000.0
76.06,-0.0,-252000.0
76.08,-0.0,-252000.0
76.1,-0.0,-252000.0
76.12,-0.0,-252000.0
76.14,-0.0,-252036.9146472859
76.15999999999998,-0.0,-252000.0
76.18,-0.0,-252040.7271725443
76.2,-0.0,-252051.27017622357
76.22,-0.0,-252040.7271725443
76.23999999999998,-0.0,-252051.27017622357
76.26,-0.0,-252040.7271725443
76.28,-0.0,-252040.7271725443
76.29999999999998,-0.0,-252037.20746940997
76.32,-0.0,-252036.9146472859
76.34,-0.0,-252036.9146472859
76.36,-0.0,-252000.0
76.37999999999998,-0.0,-252000.0
76.4,-0.0,-252000.0
76.42,-0.0,-252000.0
76.43999999999998,-0.0,-251974.03081113103
76.46,-0.0,-251961.02651255587
76.48,-0.0,-251971.52229571829
76.5,-0.0,-251961.02651255587
76.51999999999998,-0.0,-251960.78767200524
76.54,-0.0,-251960.78767200524
76.56,-0.0,-252000.0
76.58,-0.0,-251960.78767200524
76.6,-0.0,-252000.0
76.62,-0.0,-251963.72639323023
76.64,-0.0,-251961.02651255587
76.65999999999998,-0.0,-251961.02651255587
76.68,-0.0,-251961.02651255587
76.7,-0.0,-252000.0
76.72,-0.0,-252000.0
76.73999999999998,-0.0,-252000.0
76.76,-0.0,-252000.0
76.78,-0.0,-252000.0
76.79999999999998,-0.0,-252000.0
76.82,-0.0,-252000.0
76.84,-0.0,-252036.9146472859
76.86,-0.0,-252000.0
76.87999999999998,-0.0,-252000.0
76.9,-0.0,-252000.0
76.92,-0.0,-252000.0
76.93999999999998,-0.0,-252036.9146472859
76.96,-0.0,-252036.9146472859
76.98,-0.0,-252000.0
77.0,-0.0,-252000.0
77.01999999999998,-0.0,-252000.0
77.04,-0.0,-252000.0
77.06,-0.0,-252000.0
77.08,-0.0,-252000.0
77.1,-0.0,-251974.03081113103
77.12,-0.0,-252000.0
77.14,-0.0,-251961.02651255587
77.15999999999998,-0.0,-251971.52229571829
77.18,-0.0,-251971.52229571829
77.2,-0.0,-251961.02651255587
77.22,-0.0,-251971.52229571829
77.23999999999998,-0.0,-251961.02651255587
77.26,-0.0,-251971.52229571829
77.28,-0.0,-251971.52229571829
77.29999999999998,-0.0,-251961.02651255587
77.32,-0.0,-251961.02651255587
77.34,-0.0,-252000.0
77.36,-0.0,-252000.0
77.37999999999998,-0.0,-252000.0
77.4,-0.0,-252000.0
77.42,-0.0,-252000.0
77.43999999999998,-0.0,-252000.0
77.46,-0.0,-252000.0
77.48,-0.0,-252000.0
77.5,-0.0,-252000.0
77.51999999999998,-0.0,-252000.0
77.54,-0.0,-252000.0
77.56,-0.0,-252000.0
77.58,-0.0,-252000.0
77.6,-0.0,-252000.0
77.62,-0.0,-252000.0
77.64,-0.0,-252000.0
