t,s1,s2
0.0,-0.0,-0.0
0.02,-0.0,-0.0
0.04,-0.0,-0.0
0.06,-0.0,-0.0
0.08,-0.0,-0.0
0.1,-0.0,-0.0
0.12,-0.0,-0.0
0.14,-0.0,-0.0
0.16,-0.0,-0.0
0.18,-0.0,-0.0
0.2,-0.0,-0.0
0.22,-0.0,-0.0
0.24,-0.0,-0.0
0.26,-0.0,-0.0
0.28,-0.0,-0.0
0.3,-0.0,-0.0
0.32,-0.0,-0.0
0.34,-0.0,-0.0
0.36,-0.0,-0.0
0.38,-0.0,-0.0
0.4,-0.0,-0.0
0.42,-0.0,-0.0
0.44,-0.0,-0.0
0.46,-0.0,-0.0
0.48,-0.0,-0.0
0.5,-0.0,-0.0
0.52,-0.0,-0.0
0.54,-0.0,-0.0
0.56,-0.0,-0.0
0.58,-0.0,-0.0
0.6,-0.0,-0.0
0.62,-0.0,-0.0
0.64,-0.0,-0.0
0.66,-0.0,-0.0
0.68,-0.0,-0.0
0.7000000000000001,-0.0,-0.0
0.72,-0.0,-0.0
0.74,-0.0,-0.0
0.76,-0.0,-0.0
0.78,-0.0,-0.0
0.8,-0.0,-0.0
0.82,-0.0,-0.0
0.8399999999999999,-0.0,-0.0
0.86,-0.0,-0.0
0.88,-0.0,-0.0
0.9,-0.0,-0.0
0.92,-0.0,-0.0
0.94,-0.0,-0.0
0.96,-0.0,-0.0
0.98,-0.0,-0.0
1.0,-0.0,-0.0
1.02,-0.0,-0.0
1.04,-0.0,-0.0
1.06,-0.0,-0.0
1.08,-0.0,-0.0
1.1,-0.0,-0.0
1.12,-0.0,-0.0
1.14,-0.0,-0.0
1.16,-0.0,-0.0
1.18,-0.0,-0.0
1.2,-0.0,-0.0
1.22,-0.0,-0.0
1.24,-0.0,-0.0
1.26,-0.0,-0.0
1.28,-0.0,-0.0
1.3,-0.0,-0.0
1.32,-0.0,-0.0
1.34,-0.0,-0.0
1.36,-0.0,-0.0
1.38,-0.0,-0.0
1.4,-0.0,-0.0
1.42,-0.0,-0.0
1.44,-0.0,-0.0
1.46,-0.0,-0.0
1.48,-0.0,-0.0
1.5,-0.0,-0.0
1.52,-0.0,-0.0
1.54,-0.0,-0.0
1.56,-0.0,-0.0
1.58,-0.0,-0.0
1.6,-0.0,-0.0
1.62,-0.0,-0.0
1.64,-0.0,-0.0
1.66,-0.0,-0.0
1.68,-0.0,-0.0
1.7,-0.0,-0.0
1.72,-0.0,-0.0
1.74,-0.0,-0.0
1.76,-0.0,-0.0
1.78,-0.0,-0.0
1.8,-0.0,-0.0
1.82,-0.0,-0.0
1.84,-0.0,-0.0
1.86,-0.0,0.5293023329661147
1.88,-0.0,1.4307050556686836
1.9,-0.0,1.2897129771257267
1.92,-0.0,0.5278222891911348
1.94,-0.0,-0.0
1.96,-0.2948212320786325,-1.303344341470498
1.98,-0.2948212320786325,-2.843321202380192
2.0,-0.5875826945934357,-5.023936605808504
2.02,-0.8823363410391619,-7.037626462987693
2.04,-1.1769857756571265,-9.341537888132551
2.06,-1.7640719492986288,-12.090145409238321
2.08,-2.657961623887691,-15.161191021348767
2.1,-3.2467416834313125,-18.823605533409587
2.12,-4.4222673751714074,-22.24741479962062
2.14,-5.593580153733866,-25.82626489827087
2.16,-7.0868436132060175,-29.555232670287214
2.18,-8.542707697142594,-33.59235372917989
2.2,-10.381347779677265,-37.298051756149256
2.22,-12.459085573313226,-40.79508398486196
2.24,-14.24076181328618,-44.27851183721292
2.26,-16.37858851270436,-48.21904727607413
2.28,-18.88494147886779,-51.769608141209375
2.3,-21.01797458231208,-55.097437555293595
2.32,-23.639425384029497,-57.813117402295646
2.34,-25.875582243205045,-61.11144800672972
2.36,-27.850453950363168,-63.89524597514329
2.38,-29.813544298950983,-66.34164757493276
2.4,-31.526492801606626,-69.0332881899458
2.42,-32.82974529402572,-72.17052973172889
2.44,-33.64204401248386,-76.47333104316031
2.46,-34.70108459588008,-80.8427415758042
2.48,-36.16663346418791,-84.97545424876132
2.5,-38.45881084984313,-88.31704755947041
2.52,-40.97565580597821,-91.7902058401714
2.54,-43.874862564767405,-94.6083844222913
2.56,-46.36946555673122,-97.23211954953646
2.58,-49.074517811303664,-99.8957860386222
2.6,-51.781700118828994,-102.7311204849366
2.62,-54.30641570228984,-105.7846749510026
2.64,-57.23641318869095,-109.52363603806688
2.66,-59.60082073081176,-113.48310306733843
2.68,-62.617653720305945,-117.11675169336016
2.7,-65.50887483808107,-120.8791872921272
2.72,-68.77431512130411,-123.76184661503252
2.74,-72.10870356722094,-126.47974575378164
2.76,-75.45691015130998,-129.36506416847567
2.78,-78.51575912759878,-132.15805882738363
2.8,-81.78543116481683,-134.25485207131646
2.82,-85.01641673292174,-136.65750811050387
2.84,-87.65029308046411,-138.81766291983135
2.86,-90.88233634103915,-140.56815667813663
2.88,-94.10490099119677,-142.80315671137004
2.9,-97.3366656116444,-144.2038108299548
2.92,-100.90229394118133,-146.0660199005074
2.94,-103.60389080632405,-148.1500761418955
2.96,-106.65824721271724,-151.10304993856963
2.98,-108.79034458320947,-153.78991381224986
3.0,-111.67141578372792,-156.21304245357555
3.02,-114.82967115358532,-158.41388831510824
3.04,-118.50276666630585,-159.6529731768881
3.06,-122.58161766816116,-160.44547754891772
3.08,-126.80949611838172,-160.32221028498827
3.1,-131.38741574609924,-159.6529731768881
3.12,-135.95259034565004,-158.5500121090213
3.14,-139.90049442670832,-157.87527134459955
3.16,-143.01314356290038,-157.8194558848186
3.18,-145.52834182654152,-158.81371872265856
3.2,-147.63799938333383,-160.3413184512117
3.22,-149.5980890496301,-162.7528489104588
3.24,-150.9088291816926,-165.18931513655852
3.26,-152.22191275396187,-168.17050855965283
3.28,-153.14253505381092,-170.5177366145936
3.3,-154.19175032942402,-173.07717272432524
3.32,-155.1177243563263,-175.55566592072202
3.34,-156.16144921458368,-177.64517701021572
3.36,-157.08483304160188,-179.79197499284066
3.38,-158.01466601764457,-181.51661776885575
3.4,-159.04902249926636,-182.6709359376383
3.42,-160.52817448907066,-183.0753044187581
3.44,-162.10870356722094,-183.07444967129075
3.46,-163.96417094175553,-182.41154988889167
3.48,-166.09653618422712,-181.54666100155765
3.5,-168.16760946399796,-179.77449108210865
3.52,-170.24486030685574,-179.08068189110452
3.54,-172.32752141655672,-178.12306551971176
3.56,-174.40625599835565,-177.11193711720415
3.58,-175.87357337883148,-176.57708627404392
3.6,-177.06563535713443,-176.34106965519908
3.62,-177.94476064029263,-176.7342807351466
3.64,-178.2393843522867,-177.7553636475727
3.66,-178.53202868872356,-178.81196915512282
3.68,-178.53202868872356,-179.77449108210865
3.7,-178.53202868872356,-181.49306969465292
3.72,-178.82678233516927,-182.06033851700704
3.74,-179.11954379768412,-182.54824410101196
3.76,-179.4143650297627,-182.69584661450563
3.78,-180.0,-182.80763068443412
3.8,-180.29482123207865,-182.40928338393235
3.82,-180.58959032508605,-182.41747299772783
3.84,-180.88233634103915,-182.45106944235272
3.86,-181.174980677476,-182.41747299772783
3.88,-181.174980677476,-182.5605822685066
3.9,-180.88233634103915,-182.41747299772783
3.92,-180.88233634103915,-182.43860506683615
3.94,-180.58959032508605,-182.20225418012336
3.96,-180.58959032508605,-182.2077548752223
3.98,-180.29482123207865,-182.20225418012336
4.0,-180.29482123207865,-182.69584661450563
4.02,-180.29482123207865,-182.41747299772783
4.04,-179.60823742154935,-182.20225418012336
4.06,-179.60823742154935,-182.20225418012336
4.08,-179.60823742154935,-182.2997557323136
4.1,-179.60823742154935,-182.20225418012336
4.12,-180.29482123207865,-182.20225418012336
4.14,-180.29482123207865,-182.20225418012336
4.16,-180.29482123207865,-182.05773940319995
4.18,-180.29482123207865,-181.92112445105732
4.2,-179.60823742154935,-181.92112445105732
4.22,-179.60823742154935,-182.05526539044143
4.24,-179.60823742154935,-181.92112445105732
4.26,-180.0,-181.92112445105732
4.28,-180.0,-181.92112445105732
4.3,-179.70718251488137,-181.92112445105732
4.32,-179.70718251488137,-181.77424535172767
4.34,-179.70718251488137,-181.77424535172767
4.36,-179.70718251488137,-181.92112445105732
4.38,-179.70718251488137,-181.92112445105732
4.4,-179.70718251488137,-181.92112445105732
4.42,-179.70718251488137,-181.77424535172767
4.44,-179.70718251488137,-182.0621991858926
4.46,-179.70718251488137,-181.92112445105732
4.48,-180.0,-182.2997557323136
4.5,-179.60823742154935,-182.20967106121944
4.52,-179.60823742154935,-182.06033851700704
4.54,-179.60823742154935,-182.2997557323136
4.56,-180.29482123207865,-182.20225418012336
4.58,-180.29482123207865,-182.20967106121944
4.6000000000000005,-180.29482123207865,-182.58599434554145
4.62,-180.29482123207865,-182.69584661450563
4.64,-180.29482123207865,-182.5198425909309
4.66,-180.29482123207865,-182.69584661450563
4.68,-180.5875826945934,-182.71060756059947
4.7,-180.58959032508605,-182.6589181250719
4.72,-180.58959032508605,-182.56364252640793
4.74,-180.58959032508605,-182.7940456716176
4.76,-180.88233634103915,-182.80763068443412
4.78,-180.88233634103915,-182.80763068443412
4.8,-180.88233634103915,-182.54824410101196
4.82,-180.88233634103915,-182.40928338393235
4.84,-180.88233634103915,-182.31189863363605
4.86,-180.88233634103915,-182.06033851700704
4.88,-180.88233634103915,-181.92112445105732
4.9,-180.88233634103915,-181.78391240160812
4.92,-180.58959032508605,-181.77424535172767
4.94,-180.58959032508605,-181.92112445105732
4.96,-180.5875826945934,-182.02959265641204
4.98,-180.5875826945934,-182.02959265641204
5.0,-180.5875826945934,-182.31927744471773
5.02,-180.5875826945934,-182.71060756059947
5.04,-180.5875826945934,-183.168882727207
5.06,-180.5875826945934,-183.4448204805428
5.08,-180.5875826945934,-183.9771824082632
5.1000000000000005,-180.5875826945934,-184.8763215860164
5.12,-180.5875826945934,-185.70456745590917
5.14,-180.29482123207865,-186.99851221683429
5.16,-180.29482123207865,-188.32596629695368
5.18,-179.60823742154935,-190.633507878142
5.2,-179.70718251488137,-193.04651992117957
5.22,-179.4143650297627,-195.74407928189572
5.24,-179.11954379768412,-199.65661290309072
5.26,-178.2393843522867,-204.78897106272763
5.28,-177.35786279328815,-210.78133592930567
5.3,-176.1856677847958,-217.8371574469752
5.32,-174.9924279961764,-226.7917400346568
5.34,-173.82119468185311,-236.82175574364007
5.36,-172.65438926035708,-248.5915178325012
5.38,-171.74242830895238,-262.4507465554656
5.4,-171.45229128737722,-278.12997052981206
5.42,-172.03463764832475,-296.15811558387725
5.44,-174.11367658199262,-316.8748913280878
5.46,-177.65029308046408,-341.03506083307605
5.48,-182.05650223647447,-367.38860561768627
5.5,-185.88514008832456,-392.93291138451326
5.52,-188.58784166540156,-415.57340239599256
5.54,-190.0381104335561,-434.79267524866566
5.56,-190.0381104335561,-451.6295744159759
5.58,-189.74920615041083,-466.0474593248684
5.6000000000000005,-188.878752644452,-478.4974594056409
5.62,-187.67193672081035,-489.39256360550206
5.64,-186.79578185984437,-498.1833854225266
5.66,-186.17700250005447,-505.67239147472793
5.68,-185.8836094090433,-511.55973295112966
5.7,-185.88514008832456,-516.0038886597057
5.72,-186.17700250005447,-519.0768440452881
5.74,-187.086843613206,-521.0779240809094
5.76,-188.25150586419855,-521.3513568915916
5.78,-189.74920615041083,-520.6616933471697
5.8,-191.82151155501873,-518.6656997472681
5.82,-194.31540247187272,-515.5555075538937
5.84,-197.67661860561384,-510.50493153995967
5.86,-201.39969901211813,-504.59486720938384
5.88,-205.6143143891705,-497.1385346330957
5.9,-210.21698054950923,-488.4790499863674
5.92,-215.51834643752255,-478.54886006620507
5.94,-221.16926375361655,-468.42010499490976
5.96,-227.4141970945008,-456.7334344630975
5.98,-233.9632343815644,-444.9467532906483
6.0,-241.82563591547847,-433.1961493678821
6.02,-250.8067340822196,-421.25394885599786
6.04,-261.45229128737725,-409.4425073568328
6.06,-273.5616745638794,-396.6143027201945
6.08,-287.396474720197,-380.230534831864
6.1000000000000005,-303.9713560980189,-356.6568244539343
6.12,-325.85270884271654,-321.30879386875887
6.140000000000001,-347.24224967281634,-287.7243898605749
6.16,-366.17745130166617,-268.1560690209949
6.18,-384.1752017274716,-258.88254008468454
6.2,-402.6320836685976,-260.12082782065426
6.22,-421.3076141784052,-269.4019926993324
6.24,-439.42939231168697,-284.4590895732269
6.26,-456.17700250005447,-303.6897317888639
6.28,-471.2911517566509,-325.8621477468829
6.3,-484.29079897675433,-348.4690390047966
6.32,-494.7051767815164,-371.80594598738475
6.34,-502.19247986856647,-393.7603591901969
6.36,-507.0784840833829,-414.1886329438297
6.38,-509.59808904963006,-433.78810244936784
6.4,-510.25179338040107,-451.51116922796155
6.42,-509.19738448025333,-468.7338344845377
6.44,-506.58461973573696,-485.9366990031461
6.46,-502.8377670390421,-503.294222547497
6.48,-498.02297803473743,-520.8099616927224
6.5,-492.84462342776794,-538.18313764534
6.52,-487.2218851611963,-555.0430437162519
6.54,-481.52558806852096,-572.380973815841
6.56,-475.4852218097537,-589.1428247965462
6.58,-469.4386013863441,-606.5294549214374
6.6000000000000005,-462.39380347728166,-624.079166526019
6.62,-454.6886201851137,-642.0888528138685
6.640000000000001,-445.3094640385659,-660.0419240718662
6.66,-433.68025534546456,-678.4907908397536
6.68,-419.59808904963006,-700.8099616927224
6.7,-401.1692637536166,-732.571276065081
6.72,-378.5121803709173,-773.2700487910794
6.74,-359.11954379768406,-802.4741091053198
6.76,-342.38710010569366,-820.8119249629336
6.78,-325.60807489467527,-830.4047950536851
6.8,-309.2467760661771,-833.3127394525926
6.82,-293.3718104908649,-833.4754324875214
6.84,-278.58784166540164,-833.6979425780964
6.86,-266.16762334633137,-836.8117609963568
6.88,-255.45691015131,-842.5251054223049
6.9,-246.4320658582959,-850.0903500657166
6.92,-238.793462480926,-858.1025583697248
6.94,-232.01342996414184,-867.0963825544547
6.96,-226.1648015640685,-875.6548478628033
6.98,-221.5855526550124,-883.4040739980325
7.0,-217.40093506562084,-890.8213372868657
7.02,-214.45768998237173,-896.5397623598561
7.04,-212.74386539927568,-901.2309327332413
7.06,-211.93099069507383,-904.4793899905219
7.08,-211.93099069507383,-906.3485745181055
7.1000000000000005,-212.98934821157223,-907.1518856886736
7.12,-215.51834643752255,-906.7444301585128
7.140000000000001,-218.8721898153758,-905.2875187040135
7.16,-223.24956346569417,-902.6722544234941
7.18,-228.65902118444535,-898.9361590630169
7.2,-235.36466061322625,-895.3956544882262
7.219999999999998,-243.1425350538109,-891.7021966533679
7.24,-252.38824408336663,-888.9013958657916
7.259999999999998,-262.61858316991834,-888.237164033121
7.28,-274.7419713541348,-890.8593812570668
7.3,-288.32998834552427,-898.0269642568151
7.32,-303.314650829216,-911.1330543319168
7.34,-319.0728373272478,-931.8105377878878
7.36,-334.191750329424,-959.4125460559674
7.38,-346.66764295567606,-993.8346198307152
7.4,-353.53075562071933,-1036.1393599488767
7.42,-355.28597063399894,-1086.2710170926412
7.44,-359.11954379768406,-1133.4888223346604
7.46,-369.1695047229069,-1171.6029227079537
7.48,-383.2529158151791,-1202.459879598298
7.5,-399.5138706030544,-1225.828617613808
7.52,-415.7734223484829,-1240.4147208670838
7.54,-430.6240204465532,-1247.2632422961235
7.56,-443.8510680322103,-1247.9239411691933
7.58,-455.5632969975524,-1244.1632910058015
7.6,-466.3785885127043,-1237.274329139166
7.62,-476.27223369195934,-1228.3864371097347
7.64,-484.9383632476557,-1218.4221601459656
7.66,-492.63208366859766,-1207.9586584746583
7.679999999999999,-499.07222764026096,-1198.0308257639642
7.7,-504.3057554973286,-1188.2641122037835
7.719999999999998,-508.54157001258176,-1178.5680424316329
7.74,-511.5655812826196,-1168.0525431000497
7.759999999999998,-513.9263336607123,-1156.465248742869
7.78,-514.5846938761774,-1142.9572898049396
7.8,-514.1933120873471,-1127.849793101807
7.82,-511.96285990466794,-1110.326054770003
7.84,-507.8860947384524,-1090.2729273356413
7.86,-501.1383417061471,-1067.6914231383175
7.88,-492.2176295928821,-1043.4128800690498
7.9,-481.77278275279207,-1017.8788598360908
7.92,-469.9867248596085,-992.1098555897677
7.94,-457.3405131021127,-966.4503073345705
7.96,-445.01641673292175,-939.4183109427536
7.98,-432.7561178170455,-911.3665619468637
8.0,-421.3076141784052,-880.5281044026996
8.019999999999998,-412.60102619763853,-847.1252436369059
8.040000000000001,-407.1987298131742,-808.96401323909
8.06,-405.7428540579658,-764.422760671807
8.08,-403.04690014589846,-720.3680819499493
8.099999999999998,-394.29079897675433,-683.7855517852532
8.120000000000001,-380.46961222511993,-655.3063179134417
8.14,-363.834774217393,-635.43418997078
8.16,-345.7431809318402,-625.8971297643598
8.179999999999998,-327.7334665804105,-627.1843106267918
8.199999999999998,-309.8909362508242,-638.7032256698744
8.22,-290.8481546529014,-657.7763373128453
8.24,-274.15028156994794,-675.0
8.259999999999998,-259.9549255864784,-685.5554710487081
8.279999999999998,-248.01466601764457,-691.6409833523724
8.3,-237.73257978520908,-695.8076384344621
8.32,-228.88180543587816,-698.4212866364692
8.34,-220.75534384531733,-700.2344792865598
8.359999999999998,-214.04970441653649,-702.5270378991526
8.38,-208.246619804563,-705.1149968397813
8.4,-203.25291581517905,-709.0182130021481
8.42,-199.1631887872049,-714.1440135975078
8.439999999999998,-195.8145849946672,-720.0
8.46,-193.3864569705677,-727.4655980484787
8.48,-190.95960808707864,-734.3240744509596
8.5,-189.16950472290696,-742.3620682070288
8.519999999999998,-187.08879410799497,-749.187674963151
8.540000000000001,-185.30068844777009,-754.7493923226549
8.56,-183.22869724496687,-759.4388261060373
8.58,-180.88233634103915,-762.3128674633396
8.599999999999998,-178.53202868872356,-763.707741416541
8.620000000000001,-175.57959081236964,-763.2183495767302
8.64,-172.32752141655672,-761.3726672563905
8.66,-168.8008189960354,-758.0787739610339
8.679999999999998,-164.8887881661503,-753.2447639150201
8.700000000000001,-159.9732221816384,-746.5141372255546
8.72,-154.19331208734707,-738.9343480818623
8.74,-147.88609473845239,-730.2729273356416
8.759999999999998,-139.90210415475053,-720.8750470424337
8.779999999999998,-130.97565580597816,-710.7190955570255
8.8,-120.72145100754376,-701.6760321516857
8.82,-109.53679208414555,-693.701362536395
8.84,-96.75948852272256,-688.0927008805119
8.859999999999998,-83.27015141074381,-686.5868141178508
8.88,-68.39627295054567,-690.3106118750092
8.9,-52.60102619763857,-700.9056633392861
8.92,-33.640942681279874,-721.7742453517278
8.939999999999998,-11.246755565764763,-751.9375011423682
8.96,9.173476635638867,-774.9912441498534
8.98,27.51699860112918,-785.6424890385576
9.0,44.6683023178611,-785.781573279306
9.02,61.61137634289842,-777.1063198713649
9.040000000000001,77.25416090209566,-760.7236416867014
9.06,90.5856349702373,-739.4168566085483
9.08,100.96698274991452,-715.6975169055036
9.1,107.6117559166334,-690.2215845520425
9.120000000000001,110.4007493271154,-663.8477890288405
9.14,109.19326591778042,-636.0073654285658
9.16,105.18629044396026,-605.3672694864412
9.18,100.0450744135216,-575.52397679695
9.2,95.8863234180074,-548.5360307115263
9.22,92.94891780883167,-522.3864067651717
9.24,91.17321766483072,-495.6100346846928
9.26,89.99748626225406,-466.40784901782826
9.28,88.53039561052991,-435.72450215204486
9.3,84.40682965209038,-406.8110534001549
9.32,76.61354302943222,-379.94759876155126
9.34,63.99180028929976,-349.966670934286
9.36,46.547269107800176,-310.82191218100604
9.38,27.913892468194188,-272.17159197553343
9.4,13.043770277644152,-245.30255312847217
9.420000000000002,-0.5875826945934357,-225.1994259275456
9.44,-14.24076181328618,-209.7880118417564
9.46,-27.192452275800836,-196.37202932740408
9.48,-39.73675443119173,-181.77058196662696
9.5,-51.13834170614701,-163.4516274731918
9.52,-62.618104909551306,-141.22545371803753
9.540000000000001,-74.89151378048993,-113.77090166980038
9.56,-88.83028998486697,-80.14098939497853
9.58,-100.27067130477823,-48.07546904441131
9.6,-107.21727241165841,-21.008975623579335
9.620000000000001,-110.09180554077,6.2249529727864585
9.64,-108.51218037091728,35.8568073374655
9.66,-103.03148909512332,69.02818416612101
9.68,-95.27130497521235,104.39797286017848
9.7,-87.9536561185367,137.1366969553787
9.72,-81.78543116481683,167.88778207223064
9.74,-77.30527720251052,198.86679701307077
9.76,-75.17360321647656,230.47231861173316
9.78,-75.24702618930489,266.1443358460817
9.8,-75.81400276996833,304.34313799388275
9.82,-72.75611781704549,338.70196934464263
9.84,-64.5846938761774,368.33279439196
9.86,-52.60102619763857,392.49527978139264
9.88,-37.221885161196305,409.6603977949935
9.9,-20.09180554077004,418.2883106805895
9.920000000000002,-2.056502236474547,416.4737122515025
9.94,17.330302537231745,403.5477505494322
9.96,37.75533212356594,382.943737079304
9.98,56.68534917078395,366.8199019638284
10.0,72.23234554891945,359.5549127484158
10.02,86.4383254361206,359.00019173234114
10.04,98.54770871262272,363.54909994522023
10.06,109.19326591778042,370.8316142594587
10.08,118.43441871738035,380.42143541783594
10.1,125.69358429771017,390.3156859299019
10.12,131.34097881555462,400.5021783770527
10.14,135.50166992255308,409.9221755288344
10.16,138.41444734498762,418.49538970825193
10.18,140.29882560186277,425.35711732181255
10.2,141.1278101846242,431.2292756134577
10.22,140.713412768881,435.3140556828157
10.24,139.66015278154092,437.7494092937295
10.26,137.5829248579014,439.33845518697257
10.28,134.66830231786113,439.742613402099
10.3,130.9271626727522,438.71587568252
10.32,126.10398140775986,437.3322767698936
10.34,120.14660390142856,435.79313311240367
10.36,112.91232580251804,434.7759365751707
10.38,103.972091940805,434.4893773704616
10.4,93.243596594125,436.1969324956983
10.42,80.54056055671566,439.73488012635255
10.44,66.24096701337923,443.8732712342876
10.46,51.586988018418396,445.1801558462948
10.48,36.5153042892758,441.50679119043457
10.5,21.710425353136273,430.70612385649326
10.52,7.965362351675232,412.66449719223914
10.54,-3.83477421739308,387.747229150812
10.56,-12.746722074086588,356.3981355138821
10.58,-20.46961222511992,322.7781656890561
10.6,-29.160855241802288,292.81395890519184
10.62,-39.92679325203193,268.49113795349393
10.64,-51.548975683686145,250.33038311872576
10.66,-63.66379519037234,237.64648745791175
10.68,-75.17360321647656,229.21876796062563
10.7,-85.60061396566236,224.74113977294633
10.72,-94.68862018511376,222.6512965040436
10.74,-103.03148909512332,221.5621728550863
10.76,-109.71496693737876,221.17860495949256
10.78,-114.82967115358532,220.6219074563525
10.8,-118.7612592387128,219.4505344275269
10.82,-120.8718636559538,217.71629871925944
10.84,-121.77278275279208,214.8303895830112
10.86,-121.12062611283892,211.369888420152
10.88,-119.01488314015916,206.71067908744948
10.9,-115.48522180975375,201.4488225602044
10.92,-110.6400499084586,195.7279388186849
10.94,-104.5255768636124,190.08775598625488
10.96,-97.33998810966746,185.05483917589524
10.98,-88.83221650681243,181.29401539569668
11.0,-78.51131139376476,180.6153605395978
11.02,-66.81663085863306,183.29412141143507
11.04,-53.24773156557482,191.56045808267407
11.06,-38.45881084984313,205.88562300553264
11.08,-23.252915815179023,226.94813940131635
11.1,-9.169504722906979,255.21791969124047
11.12,1.7626207458944094,289.05285209177725
11.14,7.381416830081635,329.66121394383174
11.16,7.672478583443299,377.96897713420657
11.18,9.173476635638867,423.5247280707409
11.2,16.681512534448338,461.107938233808
11.22,27.913892468194188,493.8422594935993
11.24,41.75664830662049,521.381938754119
11.26,55.785746035708925,543.3882788722118
11.28,69.14897982819117,561.3084707610909
11.3,81.41215833459839,574.4933308558566
11.32,92.0644125545692,584.919146560069
11.34,101.25527094199852,593.0521222503564
11.36,108.54255087869976,599.7635855263162
11.38,114.61509068488486,605.6726802707544
11.4,119.48987464039358,611.6127585063359
11.42,122.92151591661712,617.9625387980973
11.44,125.69358429771017,625.0596043407588
11.46,127.16223296095784,632.996781004064
11.48,127.98657003585812,641.9050531830184
11.5,127.57496980918177,651.4062765671548
11.52,126.27725095659844,661.1149058407709
11.54,123.98288501109845,670.4461652128234
11.56,119.89187737183096,679.9761930981399
11.58,114.61509068488486,688.098525374979
11.6,107.6117559166334,695.803845153022
11.62,99.17347663563888,704.2084126645876
11.64,89.11154493004659,714.464243195537
11.66,76.90122312748856,728.0813411392728
11.68,62.01443092569185,747.4331226964102
11.7,43.62036380246253,774.1540195501259
11.72,25.1503971191938,797.9945825997446
11.74,8.25757169104763,811.098561365061
11.76,-8.253422926583708,815.1592147365245
11.78,-25.219491391096074,809.6037591269578
11.8,-41.39138699502527,794.9953196198438
11.82,-56.181814901776974,773.2857500112051
11.84,-68.1245774893598,746.7624622362908
11.86,-75.81400276996833,717.0569417486198
11.88,-78.2264414261127,683.9830470716419
11.9,-75.5300627992181,646.5871423596383
11.92,-71.2754138756234,608.0785696960003
11.94,-69.04902249926636,574.4109940166061
11.96,-69.42764017015423,542.7667534680087
11.98,-71.82965456478867,510.3831577388649
12.0,-76.09745061906918,475.3250952744675
12.02,-80.005265023551,439.528911611808
12.04,-80.29284695804128,406.1063831989072
12.06,-75.81400276996833,375.9813756654642
12.08,-66.28120499917381,343.4735637729198
12.1,-51.13834170614701,303.4256751544615
12.12,-35.75563598358148,264.8556396593968
12.14,-23.520333595672497,235.63894829905615
12.16,-13.317828845535583,210.53715822055352
12.18,-3.83477421739308,187.74949307096747
12.2,5.300701794208939,165.38783872520227
12.22,14.901037442109985,142.1172356720592
12.24,25.540567086797,116.42381884737624
12.26,38.400884950050816,85.3263625207258
12.28,54.548869351801656,44.534305908033225
12.3,68.10687023906243,6.7525725930775256
12.32,76.04254512154726,-24.09287655784445
12.34,79.33036402823873,-54.61355366867665
12.36,77.82788464305366,-88.28643593866236
12.38,73.62141148729565,-124.03878320214208
12.4,69.53038777488008,-157.95395620080782
12.42,67.17196882269393,-189.68390787416644
12.44,66.90063777573016,-220.62064825767297
12.46,69.42443744982425,-254.48381254668303
12.48,73.5359506350275,-292.88638508181754
12.5,75.32301228717243,-329.39118384055894
12.52,72.32338139438613,-361.5611157865366
12.54,64.25744422277388,-389.98551379315353
12.56,52.59906493437915,-415.2493670612333
12.58,37.75337234560933,-435.1948967714416
12.6,21.71190727409322,-447.7559307593576
12.62,5.594114305451065,-451.72826892734855
12.64,-10.669635971761256,-446.2076271703889
12.66,-27.45150512509484,-431.3825804675847
12.68,-45.74285405796589,-407.53542078093943
12.7,-63.01091970848962,-383.0304429355068
12.72,-77.02056155248108,-365.7532487644793
12.74,-88.24778131716928,-353.80522298023953
12.76,-97.62893386494584,-344.9404686511337
12.78,-105.45085583714285,-337.3318800997272
12.8,-111.78207521680044,-330.2176659294559
12.82,-116.14051856662388,-322.70209117891994
12.84,-119.16085524180228,-314.09201681757315
12.86,-120.72062761122515,-304.9194582175872
12.88,-120.46990204912026,-295.02621322180295
12.9,-119.16085524180228,-285.15715942377926
12.92,-116.79626012021139,-275.2720793215739
12.94,-113.13316003058893,-265.4642272891894
12.96,-108.14332385704404,-256.0770897059254
12.98,-102.10643669075304,-246.35360473174828
13.0,-94.68862018511376,-236.4564036006892
13.02,-85.89409892060964,-224.68654264512617
13.04,-75.52817322793571,-211.37695540398528
13.06,-63.92914322000895,-195.48716927932597
13.08,-51.368715491495294,-175.7614653069278
13.1,-38.68684270530827,-152.0275740053934
13.12,-26.796711309456786,-124.1551505401638
13.14,-17.676618605613875,-91.69349191859294
13.16,-12.746722074086588,-54.0115547081278
13.18,-12.459085573313226,-8.983166899973849
13.2,-11.246755565764763,34.73196941238135
13.22,-4.715066823971656,71.44585057418462
13.24,6.469244379280638,101.7329650275055
13.26,19.84819684885243,126.19962603997143
13.28,34.14729115728343,144.04151104388427
13.3,47.99983206473809,155.0688683310439
13.32,60.143663221510586,160.35666217670922
13.34,70.73900989452872,160.77734414983132
13.36,80.54056055671566,157.3167424740105
13.38,88.82301422434287,152.096778817397
13.4,95.59374400164432,144.52810749270876
13.42,101.54524305731591,136.80611839097156
13.44,105.75506710286616,128.62010942293276
13.46,108.91439685160621,121.08446604673983
13.48,110.12526945572495,113.89195596281992
13.5,110.12526945572495,107.18026065380649
13.52,108.54255087869976,100.61951597874636
13.54,105.47029001229816,94.69605783750544
13.56,100.96698274991452,89.08947420730806
13.58,94.71402936600104,84.11512608353361
13.6,86.73490234856352,80.16735529587052
13.62,77.25416090209566,76.7945548977678
13.64,65.97054428535242,74.10018489183142
13.66,53.89508366314006,70.6643495798747
13.68,40.70427051331033,64.88447621804306
13.7,27.51699860112918,55.78749322878583
13.72,14.615537463322216,42.16036723871823
13.74,2.6541921432942748,23.97699843137749
13.76,-7.962073742385491,1.6767858575279007
13.78,-17.587047955117256,-22.51074860274122
13.8,-27.192452275800836,-45.916488618382935
13.82,-37.221885161196305,-66.36321404074073
13.84,-48.02297803473748,-82.8398296001641
13.86,-58.29105296579566,-95.54532979720557
13.88,-68.1245774893598,-105.21650126408194
13.9,-77.30527720251052,-112.25168902623894
13.92,-85.30946403856593,-117.52763613149004
13.94,-92.33442456155963,-122.28354895336992
13.96,-97.33998810966746,-126.09377660587688
13.98,-100.90229394118133,-130.6052203074669
14.0,-103.31691441069351,-135.05838269588804
14.02,-104.1673388404578,-140.2837145091281
14.04,-103.31691441069351,-146.07371650720378
14.06,-101.18792360365,-152.33473090172944
14.08,-97.63030586817999,-158.74799253568253
14.1,-92.93682536794333,-165.05692451531078
14.12,-86.78625910613891,-170.44900144251648
14.14,-79.08752723872622,-174.58856523474768
14.16,-69.97449301522032,-176.36441177839376
14.18,-59.34594800000954,-174.748765235031
14.2,-46.979942380536286,-168.61087736113595
14.22,-33.23255012798575,-156.62902769168056
14.24,-18.51218037091729,-138.17726055294193
14.26,-4.421937033586298,-113.75216907708858
14.28,7.674429078232275,-84.09644870519686
14.3,15.755067102866159,-49.46895122832748
14.32,17.982109690434218,-8.261246389244146
14.34,16.117599128282063,38.664776379067256
14.36,17.049684335209765,80.53556801005739
14.38,23.02694039745923,116.23979959549511
14.4,32.6734951916879,148.53278124854418
14.42,44.25068622346882,178.32905291372455
14.44,56.68534917078395,206.1399211431194
14.46,68.76668587630715,232.2916424324061
14.48,80.54056055671566,257.5891676772517
14.5,90.29281748511865,282.3026444066719
14.52,98.25563737267315,305.85895309825884
14.54,103.33235704432389,328.03747743158334
14.56,105.75403522556054,348.3495518633575
14.58,105.18629044396026,366.7945739316329
14.6,101.83239053600204,385.0266395560321
14.62,95.59374400164432,403.4922558326793
14.64,86.73490234856352,424.6777070792365
14.66,75.03682288491521,448.9892931527722
14.68,62.67007688708762,471.1252234138553
14.7,51.1278101846242,487.9737566990885
14.72,39.046409233786605,499.4883972302685
14.74,25.934218777178053,504.7352555829086
14.76,11.834239889297733,503.88516098236016
14.78,-3.5407916509312845,495.845069537105
14.8,-19.81511435687814,481.0355612967256
14.82,-35.518346437522624,460.9024624028402
14.84,-49.48988365382705,435.49189367168134
14.86,-60.65310579104992,407.20626241344854
14.88,-67.74294924603474,376.8639216490849
14.9,-69.69964293986973,344.9412016575076
14.92,-66.27704117135204,308.4478822300538
14.94,-59.99833731543793,268.87909481566214
14.96,-55.12356605300843,234.179046359242
14.98,-53.24773156557482,202.95023461878588
15.0,-53.65872904618124,171.87002947018783
15.02,-55.77342234848287,138.7278567265065
15.04,-57.88877696124166,104.5541984125074
15.06,-57.23641318869095,71.84579166372741
15.08,-52.192479868566416,41.66978751755232
15.1,-42.21762959288221,8.573485098750396
15.12,-26.79626012021141,-33.014386534280014
15.14,-11.535555379737026,-72.70887153395398
15.16,-0.5875826945934357,-103.12152266391504
15.18,7.674429078232275,-130.5346908975194
15.2,13.972091940805017,-156.8736370132148
15.22,19.193265917780387,-183.89648446512436
15.24,25.27405709133472,-210.24202799139985
15.26,32.6734951916879,-237.6746220079628
15.28,42.367839535962254,-268.894810591938
15.3,54.961486146202255,-307.6427256926585
15.32,65.97054428535242,-345.3827879825474
15.34,71.67001165447574,-376.9837162253555
15.36,72.60517724469845,-407.45932377847015
15.38,68.60030098788185,-440.1198750113121
15.4,60.289165652473834,-475.9228198680991
15.42,50.94156257316556,-511.75354079575953
15.44,41.9509916544888,-547.2421667593543
15.46,35.454255535609974,-581.3216328347951
15.48,32.26653341958942,-616.4011709863022
15.5,33.08172919255523,-655.4980022165688
15.52,37.104014176832806,-700.4989345470173
15.54,37.9880130333392,-741.5700465276867
15.56,32.6734951916879,-776.5666003507541
15.58,22.64092583302805,-807.7159258260142
15.6,9.173476635638867,-835.0153769786015
15.62,-5.593580153733866,-857.2060825954411
15.64,-20.46961222511992,-872.7942472986217
15.66,-34.457689982371726,-882.4150120410058
15.68,-46.78228136116511,-885.9963547903277
15.7,-57.64152831005909,-884.6050918410325
15.72,-67.20049788703241,-879.5870215586403
15.74,-75.17360321647656,-871.5687143746022
15.76,-82.07385192765001,-861.2079393244896
15.78,-88.24778131716928,-849.5337587549428
15.8,-93.22869724496688,-836.9317324965313
15.82,-96.75948852272256,-823.6518344020536
15.84,-99.12151807172145,-811.0136599420596
15.86,-99.98497271807571,-798.7737608938457
15.88,-98.83124176670412,-787.0313130065533
15.9,-95.56329699755234,-776.2397689478696
15.92,-91.17055348122963,-766.0876817511597
15.94,-84.1430600545503,-757.3142078632818
15.96,-75.52817322793571,-750.8987137377462
15.98,-64.5846938761774,-747.3417065968749
16.0,-51.780720189842725,-747.8300654153057
16.02,-37.221885161196305,-751.7116893194104
16.04,-21.39969901211817,-757.0477831723125
16.06,-5.593580153733866,-759.0474524872186
16.08,9.173476635638867,-755.3428093841513
16.1,22.64092583302805,-744.6109824787422
16.12,33.982885011098446,-727.9249853961136
16.14,42.58761974116466,-706.1969324956983
16.16,48.2182092956412,-680.3479221203793
16.18,52.4180841100247,-652.4678349237399
16.2,56.438343812953846,-626.5624207451683
16.22,60.549694017246416,-603.575825729038
16.24,65.31002633229302,-583.578169484031
16.26,70.18334962907666,-565.6173479006097
16.28,74.83159974467675,-548.7330466631448
16.3,79.04039191292135,-532.9780547040523
16.32,82.32999759756413,-517.87195451411
16.34,84.99189096859294,-502.49680462619455
16.36,86.75325831656869,-487.27640454068313
16.38,87.63671716140561,-471.54274233106423
16.4,87.34203837611227,-454.9563263148152
16.42,85.57806296641371,-439.34459119473314
16.44,81.70384062664314,-424.8176878293768
16.46,76.04254512154726,-409.8884198703778
16.48,68.21792478319956,-394.72089283087377
16.5,58.571484251434335,-377.0232154494836
16.52,45.50166992255308,-353.8737663960124
16.54,28.833350522805652,-323.1038537493933
16.56,12.121190349974308,-294.41650345632166
16.58,-2.056502236474547,-275.9037563512064
16.6,-15.450194088007194,-263.67724786661057
16.62,-28.505535848070114,-257.79264699877564
16.64,-41.38741574609927,-257.59416704634475
16.66,-54.066900752172046,-261.26741924230953
16.68,-65.89403143409021,-268.5200835927395
16.7,-76.73425864310232,-278.1266611027531
16.72,-86.2034091574642,-288.0933521750367
16.74,-94.10687473277312,-298.53636987479206
16.76,-99.98497271807571,-309.15763830012196
16.78,-104.24076181328616,-319.1103546031162
16.8,-106.93651533996908,-328.3125706298531
16.82,-107.58587911072269,-336.53121748917704
16.84,-106.65824721271724,-343.9323745109344
16.86,-103.88524692958823,-350.3241837090238
16.88,-99.69839587781854,-356.32446995863984
16.9,-94.10687473277312,-362.5403081363031
16.92,-86.47952964040587,-369.9960617829772
16.94,-77.02056155248108,-379.8362995025964
16.96,-65.23935719843679,-393.6343470972244
16.98,-50.72752232445446,-411.5650071191424
17.0,-35.34746427759069,-429.65297317688805
17.02,-20.46961222511992,-441.4262192080629
17.04,-6.1774513016661565,-445.83757794757673
17.06,7.965362351675232,-442.8634731246861
17.08,21.985333982355417,-431.8980680984845
17.1,34.391925105324674,-414.90370281498264
17.12,44.6683023178611,-392.2783063836108
17.14,50.93996926477508,-365.3591561488421
17.16,53.067909912035965,-333.442289440228
17.18,51.586988018418396,-297.6590217948339
17.2,50.10739727684543,-263.3902076290828
17.22,50.715393691290586,-233.786644086995
17.24,53.066489677798586,-206.0220739729268
17.26,56.84769917237956,-179.5440362981124
17.28,61.35280479227928,-152.5448076522247
17.3,66.62818950913511,-124.11787213593291
17.32,71.11380945930793,-96.04657849098415
17.34,73.25533243300552,-69.13566382414403
17.36,72.04308409153751,-44.14490931534162
17.38,67.17196882269393,-19.86950999487965
17.400000000000002,59.225854298503315,6.262668437317203
17.42,46.12922250925892,38.86449243905108
17.44,31.610110103305345,73.52538679391408
17.46,19.471825510929353,100.14555577088026
17.48,8.839057896820973,120.8866974923844
17.5,-1.174980677476018,137.48809497897156
17.52,-10.669635971761256,151.1430907335474
17.54,-20.09180554077004,163.45811256775315
17.56,-29.160855241802288,176.2184604069387
17.58,-37.221885161196305,190.68486433730723
17.6,-44.70718251488136,207.2498535286286
17.62,-52.192479868566416,226.61728396191816
17.64,-59.99903951066504,248.92019540002968
17.66,-68.77712523895569,275.3479437602504
17.68,-77.30527720251052,303.9955630794923
17.7,-82.94606101386417,329.85100836163934
17.72,-85.01641673292174,352.7902543803316
17.74,-83.56152710852832,375.20732475133434
17.76,-78.79970634889696,396.8362651262543
17.78,-71.27104117271865,418.5030994068925
17.8,-60.65310579104992,439.5065836298752
17.82,-48.43870922378456,458.1911466811647
17.84,-35.1079493274729,473.86800795444816
17.86,-21.01797458231208,486.18547183379513
17.88,-7.377251894203782,493.4205596224784
17.900000000000002,5.888685953352698,495.1004217637628
17.92,18.26225357585116,490.6410128473217
17.94,29.891877371830933,481.19588646688777
17.96,41.11819456412182,465.94480480767686
17.98,52.83331884046573,445.2149975389062
18.0,65.31418539372089,419.4801952076336
18.02,75.61048854801744,395.01052970643184
18.04,83.20421814015565,374.58599328648216
18.06,87.63671716140561,356.3026905365194
18.08,89.40688657784278,338.5052902048763
18.1,88.23792935706443,319.532754696831
18.12,84.6993115522299,300.17238203543934
18.14,78.11591781697742,279.5159582046909
18.16,69.4259567634839,257.7164389779003
18.18,59.48202800166644,235.54628196812732
18.2,48.21779543427502,212.8819447998072
18.22,35.864304607625165,189.2811705989583
18.24,23.298335966668695,163.1742648458329
18.26,11.545243057315924,135.57610372843223
18.28,1.7626207458944094,105.0648778114006
18.3,-4.421937033586298,72.17110239242574
18.32,-5.883609409043355,34.49588334947866
18.34,-2.642907207023991,-9.383949257674109
18.36,-0.2948212320786325,-51.74190555042509
18.38,-2.952380242030185,-87.55668583857363
18.4,-9.749896215727645,-119.79858108851685
18.42,-19.81511435687814,-150.0862338173521
18.44,-31.120626112838956,-178.30873386712756
18.46,-43.04690014589856,-204.86601032031172
18.48,-54.4747911054826,-230.9299172782724
18.5,-64.971368127048,-255.99073712158213
18.52,-73.40104945766291,-280.41666589002125
18.54,-79.08752723872622,-304.19343325588125
18.56,-81.49821705091749,-326.3253536966
18.58,-81.20676645779298,-347.65254003152035
18.6,-77.30527720251052,-369.2957476339026
18.62,-70.34896346833676,-393.3666093411799
18.64,-59.5980890496301,-421.8285997520495
18.66,-48.02297803473748,-449.9819568750058
18.68,-37.221885161196305,-472.66040810843606
18.7,-27.5887291142842,-490.00002023947656
18.72,-17.95529750739325,-503.4899325351575
18.74,-7.670002402435877,-513.2680927486977
18.76,3.243596594124974,-519.134351169978
18.78,14.543089848689988,-523.2648798836012
18.8,25.27405709133472,-526.5886177074062
18.82,35.454255535609974,-531.9385864260008
18.84,43.835198435931446,-539.7011515745318
18.86,51.355947365183006,-550.0797724949072
18.88,57.50474598620645,-562.3835182945605
18.9,62.934295903991725,-576.9464614164549
18.92,68.21792478319956,-593.1982420120321
18.94,73.25533243300552,-611.8291753161515
18.96,78.05228820756433,-632.330651656466
18.98,81.70384062664314,-653.3742306534523
19.0,82.91120589200501,-672.4900890784394
19.02,82.03792625761454,-689.9773234172035
19.04,78.11591781697742,-706.2652850754657
19.06,71.951640025461,-720.4072717254431
19.08,63.72776630804065,-732.3131599314305
19.1,53.89508366314006,-740.5240138891866
19.12,42.17118762524967,-744.1938900882842
19.14,28.833350522805652,-742.1327762254786
19.16,13.972091940805017,-733.2520042880438
19.18,-2.952380242030185,-719.2225632663462
19.2,-19.163188787204973,-705.7121861396776
19.22,-33.640942681279874,-698.5511774397957
19.24,-46.367464883864166,-697.6502871399273
19.26,-57.637999383333856,-702.3610037735028
19.28,-67.20049788703241,-711.1863869046806
19.3,-74.60694581677573,-723.1988463106403
19.32,-80.005265023551,-737.0160657049186
19.34,-82.94606101386417,-752.8699160294642
19.36,-83.27252723464355,-770.0803540299061
19.38,-81.4938400104551,-788.5065223107468
19.4,-77.59285347474403,-808.4702588586986
19.42,-72.4750788122902,-827.8983003930887
19.44,-67.20049788703241,-845.3428093841513
19.46,-61.307614178405245,-860.5582686221578
19.48,-55.12356605300843,-873.4937523674325
19.5,-48.02694928366348,-884.3840473426627
19.52,-40.14960562216328,-892.856244910326
19.54,-30.87186365595381,-897.8541544884861
19.56,-20.09180554077004,-899.5988446742094
19.58,-8.542707697142594,-898.4109350295344
19.6,3.832376653668596,-895.7452449304691
19.62,16.11587765817931,-893.3197342703548
19.64,27.25432586801837,-892.1593869308193
19.66,37.57496980918176,-893.4359493283001
19.68,46.33494874676846,-897.6516719931251
19.7,53.24617704464804,-904.7457681636082
19.72,59.229450721677054,-914.1364643192135
19.74,63.99180028929976,-924.9684359136339
19.76,68.21501911178845,-937.4156899978168
19.78,71.76470454835297,-951.2500675426554
19.8,74.46975731205795,-966.3660279368144
19.82,76.61354302943222,-982.7394990565676
19.84,77.54091442668678,-999.5707595003955
19.86,77.25416090209566,-1016.178877908188
19.88,74.83159974467675,-1031.6699083294116
19.9,70.08287749497616,-1045.0508008298211
19.92,63.59483633584445,-1057.0129534548723
19.94,55.20404416559816,-1066.2190191210775
19.96,44.6683023178611,-1071.54609682592
19.98,32.2674202147909,-1073.2479995217507
20.0,18.542550878699767,-1070.597881344166
20.02,3.832376653668596,-1066.3862558594456
20.04,-10.669635971761256,-1064.0160382636047
20.06,-23.90815410603988,-1066.4050785560191
20.08,-35.75563598358148,-1073.4599077146506
20.1,-45.53749800113937,-1085.1399592472224
20.12,-53.24773156557482,-1100.6710944195036
20.14,-58.54250137380891,-1119.3573255390986
20.16,-61.70584853470665,-1139.814018059781
20.18,-63.66379519037234,-1161.3028514631735
20.2,-64.5846938761774,-1181.379380365304
20.22,-65.23935719843679,-1199.971027875886
20.24,-65.89403143409021,-1217.0059307089152
20.26,-66.16144921458368,-1232.1664899396183
20.28,-65.62563731332858,-1247.2344695178335
20.3,-64.5846938761774,-1261.3561190941507
20.32,-63.01091970848962,-1275.1620656244247
20.34,-60.253509787960425,-1287.5876514345864
20.36,-56.425016818190485,-1299.9161124453597
20.38,-51.368715491495294,-1311.8158736370244
20.4,-45.1223765895628,-1322.662440712762
20.42,-37.86538934607659,-1334.3616253271027
20.44,-29.560968931191283,-1348.5469624638142
20.46,-20.09180554077004,-1365.2082439084463
20.48,-8.831241766704144,-1386.7674811432216
20.5,5.593744001644308,-1415.8488635204
20.52,21.331674926039256,-1449.7846657706464
20.54,33.984745324073906,-1476.8259796485752
20.56,43.419994116023595,-1497.3315835051535
20.58,50.71341276888101,-1515.2634331644267
20.6,55.618561518597794,-1532.279669869866
20.62,58.82159721743395,-1548.9431442630028
20.64,60.549694017246416,-1566.677152133561
20.66,60.95063458819802,-1584.2134257951504
20.68,60.951691028103184,-1601.7124381436515
20.7,59.889611781279,-1619.2082276167007
20.72,58.82159721743395,-1637.4210081230055
20.74,57.50474598620645,-1655.8764014514636
20.76,56.02864390198113,-1675.3315770455292
20.78,55.37376560817995,-1697.191396115838
20.8,54.96340792466619,-1721.8100574558196
20.82,54.95956423200632,-1748.389829086962
20.84,53.067909912035965,-1773.9108835324528
20.86,48.83073624638343,-1796.6401221139151
20.88,41.75664830662049,-1815.2807089331711
20.9,32.01687446312701,-1830.0148665728077
20.92,20.779831678449344,-1839.928434895462
20.94,7.965362351675232,-1843.3499408146831
20.96,-5.883609409043355,-1841.045396739618
20.98,-20.46961222511992,-1833.024705820944
21.0,-35.1079493274729,-1822.70495531004
21.02,-48.02694928366348,-1814.8059488396293
21.04,-59.34594800000954,-1811.0299088552904
21.06,-68.77431512130411,-1810.8571836655728
21.08,-76.38287593463939,-1813.668178626816
21.1,-82.36430094418824,-1818.2562950684728
21.12,-86.47952964040587,-1824.0296176983184
21.14,-88.83221650681243,-1830.3008338943455
21.16,-89.70718251488134,-1837.3173908336055
21.18,-88.83221650681243,-1844.7978737401495
21.2,-86.18566778479583,-1852.6040987945585
21.22,-81.49821705091749,-1861.5687143746025
21.24,-75.24702618930489,-1871.4787792329
21.26,-67.47013590163236,-1882.24835683852
21.28,-58.54250137380891,-1891.811647924188
21.3,-48.84983181468487,-1898.797592798173
21.32,-38.68684270530827,-1902.3406060243408
21.34,-27.848783747143088,-1901.6123949201303
21.36,-16.74466756699448,-1895.9483795969609
21.38,-5.593580153733866,-1884.3839054342095
21.4,4.420409187630363,-1868.123899189882
21.42,12.758600843950072,-1846.2741257321336
21.44,18.54093247763053,-1819.5089501513992
21.46,21.05524719535719,-1787.9530366919105
21.48,21.985333982355417,-1754.624229636718
21.5,24.61509068488485,-1724.8819632302657
21.52,29.232830177957975,-1699.3003079946127
21.54,35.045917261436394,-1677.706243419966
21.56,41.9509916544888,-1658.9037023538087
21.58,48.63464331574848,-1642.6376398698285
21.6,54.8920506725271,-1628.1320324359242
21.62,60.291195312384446,-1615.9248135167263
21.64,64.38693341220302,-1604.984317248014
21.66,67.5601169979239,-1595.0251787736943
21.68,69.4259567634839,-1585.900823879244
21.7,70.08287749497616,-1577.1762936466087
21.72,69.14897982819117,-1569.7519070385708
21.74,66.90063777573016,-1561.6584006295127
21.76,63.331309102218896,-1554.956891396024
21.78,58.16150053001706,-1548.5270725158823
21.8,51.77167516930798,-1541.71807943648
21.82,44.25277782295535,-1533.9119944271467
21.84,35.86687473322829,-1523.4595750570925
21.86,26.59383468093753,-1510.4259001519977
21.88,15.755067102866159,-1492.649130690446
21.9,2.349706919535912,-1468.2368520271623
21.92,-13.386456970567767,-1436.8840382895519
21.94,-27.192452275800836,-1409.721936394497
21.96,-38.04564953826743,-1390.064601261489
21.98,-46.569741601994835,-1374.2603885783028
22.0,-53.42310680397483,-1360.9788180695944
22.02,-58.942706068482224,-1349.1277677584724
22.04,-63.01091970848962,-1337.6101646807156
22.06,-65.23935719843679,-1325.7295519562292
22.08,-66.16144921458368,-1313.6961400077028
22.1,-65.89403143409021,-1301.206769200136
22.12,-64.31889077383828,-1288.5522424283092
22.14,-61.70308619712826,-1275.2507724097343
22.16,-58.29105296579566,-1260.8347278850526
22.18,-54.066900752172046,-1245.962240276473
22.2,-49.074517811303664,-1229.8052666781527
22.22,-44.291988440199916,-1211.4824663046827
22.24,-39.92448137593567,-1191.193444424562
22.26,-36.16663346418791,-1168.070927735443
22.28,-34.04970441653652,-1141.6711572967974
22.3,-32.82974529402572,-1112.1172467992033
22.32,-30.62090254883673,-1082.3079834161233
22.34,-25.878400572970374,-1056.5489540496712
22.36,-18.235295451647023,-1035.5181117623997
22.38,-8.587841665401635,-1019.2336212507386
22.4,2.349706919535912,-1008.493022836218
22.42,13.972091940805017,-1003.3203988289644
22.44,25.808249670576,-1003.627508582222
22.46,37.75337234560933,-1008.969092996544
22.48,49.27278322905742,-1018.043899421822
22.5,60.143663221510586,-1028.3925251337405
22.52,69.14897982819117,-1037.4156157050984
22.54,76.32703641011427,-1044.643956547664
22.56,82.03792625761454,-1050.0594972657539
22.58,85.57806296641371,-1053.9826763524468
22.6,87.93144282694303,-1057.8917972711888
22.62,88.23592805070135,-1061.2639020135607
22.64,87.34203837611227,-1064.2093322095402
22.66,84.6993115522299,-1066.9105431818434
22.68,80.54056055671566,-1069.015994665544
22.7,74.83159974467675,-1070.3369705151963
22.72,67.17196882269393,-1069.526260367889
22.74,58.56876050711029,-1066.0312292635674
22.76,47.80043042842974,-1059.0085432272108
22.78,35.04332495260899,-1048.6180487232868
22.8,21.05524719535719,-1037.6647354964873
22.82,7.672478583443299,-1030.0151730198183
22.84,-5.3006884477700895,-1028.0845265320163
22.86,-17.306144583042588,-1031.931118019079
22.88,-28.107328725295798,-1041.2931959193957
22.9,-37.221885161196305,-1055.7079605832398
22.92,-44.08812483120814,-1074.0148526450212
22.94,-48.43870922378456,-1096.4082334506406
22.96,-49.67761059857101,-1121.8839425566564
22.98,-49.26475940759944,-1148.767547424901
23.0,-49.074517811303664,-1173.3519270626866
23.02,-49.26475940759944,-1195.4562489748955
23.04,-50.3141237613768,-1214.8482813523312
23.06,-51.368715491495294,-1233.7591578900103
23.08,-52.192479868566416,-1250.629091326408
23.1,-53.01314356290042,-1267.272266060217
23.12,-53.01314356290042,-1283.4765140275647
23.14,-52.60102619763857,-1299.2877311426876
23.16,-50.72598481635973,-1315.0751868564892
23.18,-47.61110260381208,-1330.3491190300144
23.2,-43.26097306449645,-1345.9737287507255
23.22,-37.221885161196305,-1362.177577794086
23.24,-29.813544298950983,-1380.3481920514107
23.26,-19.81511435687814,-1402.898233902651
23.28,-6.502143739100421,-1432.0259589801667
23.3,8.25757169104763,-1464.9351889585248
23.32,20.125269455724958,-1490.9442585075155
23.34,29.23454484929949,-1511.2668787279213
23.36,36.514695878055306,-1527.813559661205
23.38,42.17118762524967,-1543.0456272673998
23.4,46.750436534305805,-1557.5169432598348
23.42,49.46744040611546,-1571.8702119110014
23.44,51.170210091761774,-1587.1317289940891
23.46,52.18475002018644,-1601.9287533581603
23.48,52.18623079412953,-1617.7236381552923
23.5,51.77167516930798,-1634.112164981372
23.52,50.94156257316556,-1650.586878931599
23.54,49.88535681707904,-1668.5374510687375
23.56,49.24692449375247,-1687.862544294059
23.58,49.05137317059064,-1709.9416404499736
23.6,49.05190347239848,-1734.2070646513653
23.62,49.27452126631938,-1760.2866359873135
23.64,47.80043042842974,-1784.4822371976556
23.66,43.419730517044016,-1806.259439990356
23.68,36.514695878055306,-1823.67110768348
23.7,27.25432586801837,-1837.2478358067451
23.72,16.683203055679808,-1846.2935456236032
23.74,5.007572003823581,-1849.859506030294
23.76,-7.670002402435877,-1847.8344449397348
23.78,-21.01797458231208,-1840.234638801784
23.8,-34.2907989767543,-1829.7284690082747
23.82,-46.78228136116511,-1820.2364253789724
23.84,-57.23641318869095,-1814.1527200197183
23.86,-65.89403143409021,-1811.1048474024903
23.88,-72.75611781704549,-1810.909554041957
23.9,-77.94253566815745,-1812.2692373859409
23.92,-81.78543116481683,-1814.8585443642355
23.94,-83.85106803221035,-1817.985885825148
23.96,-84.43319538971676,-1821.5114791769413
23.98,-83.2373625297082,-1825.5311886361403
24.0,-80.58312326305858,-1830.1389800001448
24.02,-76.09745061906918,-1835.6754555000011
24.04,-69.97449301522032,-1842.8425410231648
24.06,-61.9628599046679,-1851.86213583545
24.08,-52.192479868566416,-1861.487821309078
24.1,-41.80326242595064,-1871.0757958320528
24.12,-30.87186365595381,-1876.8134336536093
24.14,-19.81511435687814,-1878.5838318135031
24.16,-8.878752644451971,-1875.6462657605316
24.18,1.7626207458944094,-1867.341401062792
24.2,11.545243057315924,-1853.9066431192675
24.22,19.47307477923147,-1835.988445291872
24.24,25.27405709133472,-1813.4165357583424
24.26,28.436088920600454,-1786.986878280732
24.28,29.492645751640232,-1757.8220086272515
24.3,30.9533753343472,-1730.1415806330183
24.32,33.73686715404428,-1706.4270524561412
24.34,37.34001307345854,-1685.538663348488
24.36,41.75664830662049,-1667.7283163071888
24.38,45.91930805068498,-1651.704168366149
24.4,50.29882560186274,-1637.4210081230055
24.42,53.48162079340448,-1624.4713609478167
24.44,56.02749308486856,-1612.3001445420018
24.46,57.50474598620645,-1601.528100777675
24.48,57.755694101624464,-1591.0408488702099
24.5,57.09338388745061,-1581.6676444325703
24.52,54.95956423200632,-1572.7544980730447
24.54,51.54315247439441,-1564.304121428367
24.56,46.965152530945794,-1556.5599564075462
24.58,41.11819456412182,-1547.8873252485034
24.6,34.391925105324674,-1537.904957059064
24.62,26.860290907026517,-1525.8876553727036
24.64,18.54093247763053,-1510.648577965655
24.66,8.25757169104763,-1490.880982005339
24.68,-4.715066823971656,-1465.0473495508008
24.7,-18.886190540692063,-1434.1781615436369
24.72,-30.62090254883673,-1408.6212599463852
24.74,-39.51226087501224,-1389.111422063471
24.76,-46.153391965266266,-1372.789030690769
24.78,-51.13834170614701,-1358.1275653790356
24.8,-54.30641570228984,-1343.9066840006913
24.82,-55.77342234848287,-1329.9736105868399
24.84,-56.17919575802209,-1315.431056222505
24.86,-54.71516231632268,-1300.3589114053104
24.88,-52.60102619763857,-1285.4658165031983
24.9,-49.26475940759944,-1269.822833004114
24.92,-45.5354935250851,-1253.7047853691247
24.94,-41.38741574609927,-1236.4139469124602
24.96,-37.221885161196305,-1217.6235579749275
24.98,-33.23516927174063,-1197.418364620837
25.0,-30.471658961280514,-1175.0286335724347
25.02,-29.15913902027405,-1149.0797900722619
25.04,-29.160855241802288,-1119.6086430023306
25.06,-29.813544298950983,-1088.5360307115263
25.08,-27.5887291142842,-1060.494122380043
25.1,-22.5963001191824,-1036.9638260315292
25.12,-14.884655042060876,-1017.64694800047
25.14,-5.593580153733866,-1002.647580390345
25.16,4.420409187630363,-992.5312285026162
25.18,14.901037442109985,-987.2332885685456
25.2,25.1503971191938,-986.9664423127884
25.22,35.04450659897359,-991.1313595822537
25.24,44.6683023178611,-999.3849204686304
25.26,53.89642497275951,-1010.7755843253082
25.28,62.53385528009091,-1023.2637909117371
25.3,69.14897982819117,-1035.0
25.32,74.18541500533279,-1044.6479148329868
25.34,77.54091442668678,-1053.2376824638145
25.36,78.75324443423524,-1060.5543049274922
25.38,78.40415944549066,-1067.5130977161696
25.4,76.32703641011427,-1073.77155077229
25.42,72.23234554891945,-1078.9534064078643
25.44,66.90063777573016,-1082.9691664743627
25.46,60.54617816840452,-1084.5585041729423
25.48,52.00265429287556,-1084.1931972457298
25.5,42.17118762524967,-1079.7397869306476
25.52,30.14761873379196,-1071.54609682592
25.54,16.96422348294161,-1059.7536115620544
25.56,3.228542177261274,-1048.309754377306
25.58,-9.459439443284337,-1041.5860086286505
25.6,-21.01797458231208,-1040.2837145091282
25.62,-31.526492801606626,-1044.1818566808768
25.64,-40.97565580597821,-1052.4449133868632
25.66,-48.43870922378456,-1064.2106590546089
25.68,-54.066900752172046,-1079.4721777108089
25.7,-56.83274736160156,-1097.2641589441653
25.72,-57.637999383333856,-1117.6622432543863
25.74,-55.93645384554828,-1139.899137625132
25.76,-53.24773156557482,-1162.1047277368948
25.78,-50.72598481635973,-1182.2074815322892
25.8,-48.02297803473748,-1200.0967086244723
25.82,-45.326240198554586,-1215.6923017153747
25.84,-42.63208366859761,-1230.086233817352
25.86,-39.51226087501224,-1242.6208171040591
25.88,-35.34746427759069,-1253.7047853691247
25.9,-30.62090254883673,-1263.5091099493386
25.92,-24.95493211655972,-1271.0271014150787
25.94,-18.51218037091729,-1278.2696041519328
25.96,-11.535555379737026,-1284.9504232209852
25.98,-4.421937033586298,-1292.6661824698047
26.0,2.6421372067118303,-1302.9597522923384
26.02,9.464387614689235,-1314.6410438131254
26.04,16.40021996490449,-1329.8849136956765
26.06,23.95595819331301,-1348.134486731471
26.08,32.6734951916879,-1371.085995912034
26.1,42.58761974116466,-1398.7357486106685
26.12,51.3583553549366,-1425.6895359176913
26.14,56.84769917237956,-1448.6276597524743
26.16,59.48202800166644,-1468.8643668310824
26.18,59.22955472904345,-1487.6614386406652
26.2,56.4409956440993,-1505.972477646302
26.22,51.77167516930798,-1524.2513504616963
26.24,44.6683023178611,-1541.6065110166562
26.26,36.5153042892758,-1558.2765844900828
26.28,27.12231004550008,-1573.297933120503
26.3,17.048566414317598,-1587.1317289940891
26.32,6.7630862719034415,-1599.4858610228196
26.34,-3.83477421739308,-1610.9667851194636
26.36,-13.671184097922543,-1620.4451119879177
26.38,-23.25008385520009,-1628.6696719071235
26.4,-31.526492801606626,-1635.4714358247393
26.42,-39.100241268385936,-1639.8116582371
26.44,-45.326240198554586,-1643.4496800322952
26.46,-50.08891521303784,-1645.4658165031983
26.48,-53.42310680397483,-1645.9963908839027
26.5,-55.36466061322621,-1644.9724910235752
26.52,-55.77342234848287,-1643.235568973861
26.54,-54.717044063672304,-1640.3035994503268
26.56,-52.60102619763857,-1636.0242464311666
26.58,-48.84983181468487,-1630.570197042363
26.6,-43.671510971796835,-1623.9019683057936
26.62,-37.63170141595289,-1614.7487652350308
26.64,-30.216980549509287,-1603.672172541204
26.66,-22.32669083228076,-1589.8616787795731
26.68,-14.24076181328618,-1573.8965980950964
26.7,-6.502143739100421,-1554.5017129563291
26.72,0.2928174851186416,-1532.6212806064111
26.74,4.714029366001072,-1508.1673986418223
26.76,6.503633361455833,-1479.7914711428607
26.78,5.300701794208939,-1446.7525725930775
26.8,2.349706919535912,-1411.4005843194864
26.82,1.7626207458944094,-1380.5055398313057
26.84,4.420409187630363,-1353.82117966334
26.86,9.12834266737986,-1329.8822545872974
26.88,15.47029001229816,-1308.637197650354
26.9,22.64092583302805,-1289.717454228431
26.92,29.891877371830933,-1272.4000832412112
26.94,36.514695878055306,-1257.5611648770673
26.96,42.58761974116466,-1243.6978686195855
26.98,47.58509681111235,-1230.9292843869691
27.0,51.77167516930798,-1219.3154481189094
27.02,54.30838401363885,-1208.54682424081
27.04,55.6159283339745,-1197.9512429593676
27.06,55.618561518597794,-1187.3564438160793
27.08,54.310942018788445,-1177.4544539501512
27.1,51.77167516930798,-1167.1815120833005
27.12,47.80043042842974,-1156.3298332741842
27.14,42.367839535962254,-1143.7591578900103
27.16,35.454255535609974,-1128.7079722633882
27.18,26.464035543207665,-1110.8650864869255
27.2,14.901037442109985,-1087.0376264629876
27.22,1.4679713112764452,-1058.8074637316836
27.24,-10.669635971761256,-1034.7738992071454
27.26,-20.365342530496363,-1016.8819571192868
27.28,-28.505535848070114,-1003.221807330342
27.3,-35.518346437522624,-992.5703633692631
27.32,-41.80326242595064,-984.426836558289
27.34,-46.78228136116511,-977.7725186867805
27.36,-51.13834170614701,-972.0565802662242
27.38,-54.30641570228984,-967.1706414626144
27.4,-56.17919575802209,-962.3112611857099
27.42,-56.58461973573704,-956.8049374257699
27.44,-55.77342234848287,-951.2830319679928
27.46,-53.65872904618124,-944.8702567058684
27.48,-50.3141237613768,-938.0531224455635
27.5,-45.53749800113937,-930.7461116850995
27.52,-39.73675443119173,-922.1968318397544
27.54,-32.58344426709195,-911.9859807562829
27.56,-24.56476214895652,-900.8579838630112
27.58,-15.814584994667223,-887.6984053909302
27.6,-6.795781859844352,-872.4318229548552
27.62,2.349706919535912,-854.6762768063297
27.64,10.966982749914528,-835.0153769786015
27.66,18.26225357585116,-813.1452420191251
27.68,23.298335966668695,-789.1549957980521
27.7,25.27405709133472,-763.553203177703
27.72,23.95595819331301,-734.0190229133907
27.74,19.193265917780387,-699.4640112772556
27.76,13.972091940805017,-665.506781208316
27.78,11.257143283953631,-636.3147166214577
27.8,11.257143283953631,-610.5413357236571
27.82,13.047404302405528,-586.5794403775217
27.84,16.40021996490449,-563.1288089704847
27.86,20.502757475261124,-539.5417414492427
27.88,24.88359360630885,-515.9636650877292
27.9,28.57401136763968,-491.7464201111324
27.92,30.80339968547969,-469.66796795930463
27.94,30.9533753343472,-447.33011135902086
27.96,28.57401136763968,-424.8143835908952
27.98,23.569317772794935,-400.1399681622991
28.0,15.469570047966464,-370.714554695501
28.02,4.126426621168568,-336.52637216915286
28.04,-5.0084793352137815,-306.02654916820654
28.06,-11.246755565764763,-281.1965580057281
28.08,-15.169432132628875,-259.1651665614805
28.1,-17.305661462541767,-238.34449960758892
28.12,-17.95529750739325,-217.6287846470086
28.14,-17.587047955117256,-196.26578100958395
28.16,-16.65824721271726,-174.94325962107135
28.18,-16.095877564211087,-153.60001533426134
28.2,-16.095877564211087,-132.2545884976056
28.22,-17.02612094639608,-110.418274395069
28.24,-19.44114284812433,-85.99855909940717
28.26,-24.29664067343637,-58.20224201320924
28.28,-30.62090254883673,-26.061128016882066
28.3,-35.756924738051666,5.05483917589526
28.32,-37.633644839919995,31.83632230317727
28.34,-36.164128005599096,55.36212317306747
28.36,-31.526492801606626,77.22742193647022
28.38,-25.22105294241561,97.3021351020204
28.4,-17.02612094639608,115.06180271931548
28.42,-7.962073742385491,130.4069834608148
28.44,1.1752252953232911,143.1337646531239
28.46,10.045074413521604,152.5043275154718
28.48,18.54093247763053,158.9808056715407
28.5,25.808249670576,162.66123697635567
28.52,32.26653341958942,163.39673958286247
28.54,37.34001307345854,161.8235817785475
28.56,41.11819456412182,158.01036029842277
28.58,44.25068622346882,152.2731934409649
28.6,45.91930805068498,145.0993759268019
28.62,47.167786513551306,136.62082783699418
28.64,47.167786513551306,126.23188490701672
28.66,46.752555844001854,114.63589834734188
28.68,45.91733265237618,101.53405322112572
28.7,44.87762341043723,86.14754275399507
28.72,43.835198435931446,69.07635177465706
28.74,42.367839535962254,50.36741670095196
28.76,40.28680936837453,31.341983806237472
28.78,36.5153042892758,12.901477920313692
28.8,31.610110103305345,-2.6046555978043666
28.82,24.495289267169724,-15.543323179061838
28.84,16.117599128282063,-24.72020035102164
28.86,6.473164345279045,-30.620355846369527
28.88,-4.12839439576379,-32.69604116942788
28.9,-14.884655042060876,-31.30367682309936
28.92,-25.878400572970374,-27.880351080493597
28.94,-36.16663346418791,-24.582302369320075
28.96,-45.1223765895628,-22.583549137246944
28.98,-52.83776703904217,-22.75589617032769
29.0,-58.942706068482224,-24.960653623467408
29.02,-63.01370541755794,-28.805249782698898
29.04,-65.89403143409021,-34.04323524842269
29.06,-66.81663085863306,-40.26353927272913
29.08,-66.28120499917381,-47.64556961467655
29.1,-63.92914322000895,-55.831018158420775
29.12,-60.253509787960425,-64.86910123243779
29.14,-55.12356605300843,-73.90744073374545
29.16,-49.26475940759944,-82.0891618601901
29.18,-42.63208366859761,-88.71113151947648
29.2,-35.1079493274729,-92.82913576783267
29.22,-27.45150512509484,-93.99638379749622
29.24,-19.16288784764305,-91.7913353871564
29.26,-10.95960808707864,-85.37190010351749
29.28,-2.642907207023991,-75.37539574512243
29.3,4.714029366001072,-61.088639397195536
29.32,10.677785358838523,-43.53208126447409
29.34,14.828148303148163,-21.353866818559474
29.36,16.683203055679808,3.867052480634375
29.38,17.330302537231745,31.344524404373825
29.4,18.26225357585116,56.827045474665866
29.42,20.779831678449344,79.05496203562856
29.44,24.227905450869773,98.00368915717492
29.46,28.436088920600454,113.9392462083875
29.48,32.6734951916879,127.946878656342
29.5,36.92693136108606,139.55709544228247
29.52,40.28716047767881,149.108885622025
29.54,43.00271011233585,156.8711910295154
29.56,44.6683023178611,163.19094403192483
29.58,45.0839650476842,168.1600062570817
29.6,44.25277782295535,171.20068035162242
29.62,42.58580290549919,173.26656553690248
29.64,39.22968760505428,173.29126783921828
29.66,35.04450659897359,171.4879808460597
29.68,29.492645751640232,167.62540138054695
29.7,22.91233763891356,161.7135079816882
29.72,15.473044770930828,152.95845852231813
29.74,7.672478583443299,141.822709309509
29.76,-0.5875826945934357,127.408642958163
29.78,-8.251505864198588,110.50386387678044
29.8,-14.884655042060876,91.58976394629951
29.82,-19.81511435687814,70.03281661778448
29.84,-22.32669083228076,46.12036472910525
29.86,-21.67141578372797,18.922075919090503
29.88,-17.95529750739325,-12.926824592365676
29.9,-13.030596780864292,-45.57407893938274
29.92,-10.381347779677265,-74.01603826360466
29.94,-10.327563096243543,-98.93752310671069
29.96,-11.884082183022617,-121.33869106608164
29.98,-14.600655473722952,-142.2827439991166
30.0,-18.235295451647023,-162.62081710405903
30.02,-22.32669083228076,-182.4596125300945
30.04,-25.878400572970374,-202.1915807321156
30.06,-29.15913902027405,-221.4342809887774
30.08,-31.120626112838956,-240.48944197029763
30.1,-31.526492801606626,-259.34660167296005
30.12,-30.471658961280514,-278.6428015265952
30.14,-27.192452275800836,-298.663129133888
30.16,-21.67141578372797,-321.37724788650314
30.18,-13.030596780864292,-348.7540596977946
30.2,-2.348729672628277,-380.3557972208917
30.22,7.0897442684832805,-408.76064601697135
30.24,13.686218591849764,-431.4048434253712
30.26,18.26225357585116,-451.4749994787968
30.28,21.05524719535719,-469.2890605800552
30.3,22.64092583302805,-486.6191260658423
30.32,22.915166958398135,-503.92494602572816
30.34,22.64092583302805,-521.4809868364139
30.36,21.710425353136273,-538.8344301386148
30.38,20.402285341160617,-556.6987131652253
30.4,19.471825510929353,-574.702993915912
30.42,18.820930421884302,-593.8113654229369
30.44,18.914396851606195,-614.4274773835725
30.46,20.402285341160617,-636.4696907074111
30.48,23.569317772794935,-662.535055110618
30.5,28.177167014274634,-692.063080845472
30.52,32.26653341958942,-721.5902131433317
30.54,33.08172919255523,-746.9512041561818
30.56,30.9533753343472,-769.2826330676697
30.58,26.59383468093753,-788.8490650434129
30.6,20.125269455724958,-805.8876553727036
30.62,12.757750327183622,-819.9886297153697
30.64,4.420409187630363,-831.1472315394086
30.66,-3.83477421739308,-838.4277554842025
30.68,-11.821511555018704,-842.119887248216
30.7,-19.163188787204973,-842.2711902368771
30.72,-25.878400572970374,-838.8929405909366
30.74,-31.930990695073906,-832.3011381654305
30.76,-37.63170141595289,-823.534751257131
30.78,-42.63208366859761,-812.1921992106321
30.8,-47.61110260381208,-798.4500673896455
30.82,-52.192479868566416,-782.7158454803193
30.84,-55.93645384554828,-766.4679187355259
30.86,-57.88877696124166,-751.3212669996726
30.88,-58.29105296579566,-737.8983003930887
30.9,-56.181814901776974,-726.2843706268272
30.92,-52.60403459275312,-716.5027148958812
30.94,-47.198729813174246,-708.8079190806692
30.96,-40.339847218459056,-703.5776372410888
30.98,-32.17795184107176,-701.2417939084412
31.0,-22.59916843267109,-702.634991589794
31.02,-11.821511555018704,-708.233682933046
31.04,-0.2948212320786325,-716.6159800112083
31.06,11.545243057315924,-725.8582213468592
31.08,22.64092583302805,-732.3106436606519
31.1,32.2674202147909,-735.1611910213486
31.12,40.70227429951261,-734.2922514439372
31.14,47.58292485790142,-730.3081345086184
31.16,52.83331884046573,-723.7481084308417
31.18,56.4409956440993,-715.4714133665838
31.2,58.56876050711029,-705.014520176249
31.22,58.571484251434335,-692.9198356483214
31.24,57.09338388745061,-679.2740285030095
31.26,53.48162079340448,-664.8423666765963
31.28,49.05137317059064,-649.8026795294843
31.3,43.835198435931446,-635.7192564411512
31.32,37.98903033999813,-624.4846226996564
31.34,32.2674202147909,-615.4769734477002
31.36,25.934218777178053,-609.4448896156471
31.38,19.193265917780387,-606.4134239683472
31.4,11.834239889297733,-606.4737839208908
31.42,4.126426621168568,-610.5505269528604
31.44,-3.83477421739308,-617.8362104138145
31.46,-11.535555379737026,-629.0528856180998
31.48,-18.235295451647023,-643.3066152514119
31.5,-23.90815410603988,-660.7318800439281
31.52,-27.45150512509484,-680.7714992121395
31.54,-28.505535848070114,-703.7412161290137
31.56,-26.535056525195877,-730.7167230706808
31.58,-22.982299171466792,-760.0624788828014
31.6,-20.088978564069713,-787.2306686681281
31.62,-18.51218037091729,-810.0
31.64,-18.60763094754312,-830.6483306228157
31.66,-19.53963448548767,-849.1540382172726
31.68,-21.01797458231208,-865.8631397328488
31.7,-22.59916843267109,-881.8980680984845
31.72,-23.90965429693244,-896.9747543138583
31.74,-25.219491391096074,-910.9999232895401
31.76,-25.485544737995465,-925.2189625799393
31.78,-25.48522180975379,-938.9549917913592
31.8,-24.561932532172207,-952.6583062175955
31.82,-22.59916843267109,-966.6684632253118
31.84,-19.81511435687814,-981.8918202335235
31.86,-15.729664876706634,-998.235845055948
31.88,-10.036941330933807,-1017.2182495243064
31.9,-2.35072593561298,-1040.2491275980556
31.92,7.381416830081635,-1068.5839583567836
31.94,17.611755916633367,-1097.6558713234363
31.96,24.88359360630885,-1121.6207068968831
31.98,29.891877371830933,-1141.321241922122
32.0,32.51662566531117,-1159.2921608263212
32.02,33.32950036951298,-1175.708937935331
32.04,32.922502464408964,-1192.1923325948956
32.06,30.9533753343472,-1207.8818695772943
32.08,28.17436408452148,-1223.4343104255042
32.1,24.227905450869773,-1239.1570523185114
32.12,19.84819684885243,-1255.2642530740325
32.14,15.186290443960235,-1271.6654188262576
32.160000000000004,10.335531185964927,-1289.2997542267756
32.18,5.888685953352698,-1307.5566998025631
32.2,2.349706919535912,-1326.7267521725607
32.22,0.3917625784506229,-1347.651671993125
32.24,-0.8823363410391619,-1370.721505244806
32.26,0.8804562023158986,-1397.1740902601523
32.28,5.300701794208939,-1427.956949313522
32.3,10.045074413521604,-1459.7361842875966
32.32,12.121190349974308,-1487.4883031352315
32.34,11.545243057315924,-1511.2161336520824
32.36,8.837140834435873,-1532.9442483508235
32.38,4.420409187630363,-1551.966030068711
32.4,-1.174980677476018,-1569.7785749831332
32.42,-7.379727381437949,-1585.8631397328488
32.44,-13.671184097922543,-1599.4961106432115
32.46,-19.44114284812433,-1611.6607458551332
32.480000000000004,-24.82967115358532,-1622.6258700249823
32.5,-29.160855241802288,-1631.8924112452637
32.52,-32.98934821157225,-1640.244778694662
32.54,-35.75563598358148,-1648.0649854966782
32.56,-37.63170141595289,-1655.2281254032919
32.58,-38.2736340937667,-1661.5231382678508
32.6,-38.04564953826743,-1668.231248350409
32.62,-36.81333883212417,-1674.3131496693459
32.64,-34.70108459588008,-1681.678000410299
32.660000000000004,-31.930990695073906,-1689.706852471175
32.68,-28.505535848070114,-1698.3522115522992
32.7,-24.175201727471634,-1708.9526018115796
32.72,-18.886190540692063,-1721.741807019579
32.74,-12.459085573313226,-1737.090390780657
32.76,-4.715066823971656,-1756.185367611227
32.78,5.300701794208939,-1780.4000923346628
32.8,16.40021996490449,-1807.3173918800755
32.82,25.1503971191938,-1830.3563808936703
32.84,31.610110103305345,-1848.5861634557664
32.86,35.86687473322829,-1864.1804450834395
32.88,38.8139598009293,-1877.6967265958745
32.9,40.28680936837453,-1890.095181184677
32.92,40.28716047767881,-1901.884051071544
32.94,39.45782478561309,-1913.0180999993424
32.96,37.34001307345854,-1923.367932096596
32.980000000000004,34.391174521981725,-1933.9343194696537
33.0,30.293696470444367,-1944.1792937260504
33.02,25.540567086797,-1954.3373459600537
33.04,20.125269455724958,-1964.537218425824
33.06,14.256819068159809,-1974.9934869310553
33.08,7.965362351675232,-1986.27663791048
33.1,1.1752252953232911,-1998.9652901081156
33.12,-5.593580153733866,-2011.9659461106464
33.14,-11.82333704039586,-2026.7973026700563
33.160000000000004,-17.95529750739325,-2042.7876964152329
33.18,-22.59916843267109,-2059.8951405363955
33.2,-26.14051856662392,-2078.5120191539404
33.22,-27.45150512509484,-2098.2439315496104
33.24,-26.796711309456786,-2119.9883658394965
33.26,-22.982299171466792,-2144.7083359407543
33.28,-16.74466756699448,-2174.4954003946536
33.3,-9.459439443284337,-2203.9897174867206
33.32,-4.421937033586298,-2229.6069389788054
33.34,-1.4696043894700703,-2251.411011085288
33.36,-0.0,-2270.4772430238113
33.38,0.5856349702372492,-2288.8051280809964
33.4,-0.0,-2305.404755370126
33.42,-0.8823363410391619,-2321.7356261854115
33.44,-2.056502236474547,-2338.731373130592
33.46,-3.2467416834313125,-2354.7171343031623
33.480000000000004,-4.12839439576379,-2371.005035767109
33.5,-4.421937033586298,-2387.798740940216
33.52,-4.12839439576379,-2405.238578293423
33.54,-2.657961623887691,-2423.760508119072
33.56,0.2928174851186416,-2443.8021524520927
33.58,5.007572003823581,-2467.4654610709617
33.6,11.834239889297733,-2495.4951125824737
33.62,19.47307477923147,-2525.64684521457
33.64,24.61509068488485,-2552.063551108746
33.660000000000004,27.12231004550008,-2574.41435608396
33.68,27.12231004550008,-2594.3066081998595
33.7,24.88359360630885,-2613.012708258367
33.72,21.331674926039256,-2630.682173094896
33.74,16.681512534448338,-2647.1905467592783
33.76,10.966982749914528,-2662.274801651743
33.78,5.007572003823581,-2676.8516136444446
33.8,-1.174980677476018,-2690.095076341268
33.82,-7.379727381437949,-2702.756655420534
33.84,-13.386456970567767,-2715.0045116254305
33.86,-18.886190540692063,-2727.3588450509574
33.88,-23.90815410603988,-2739.8631917921243
33.9,-28.107328725295798,-2752.9240963879965
33.92,-31.526492801606626,-2766.727770210676
33.94,-33.886023203221214,-2781.0043165179504
33.96,-34.70108459588008,-2795.541407294631
33.980000000000004,-34.2907989767543,-2811.233673244012
34.0,-31.930990695073906,-2828.2078096870982
34.02,-27.5887291142842,-2847.6603244136254
34.04,-20.744693540303167,-2871.258659904943
34.06,-11.535555379737026,-2898.661932822807
34.08,-2.348729672628277,-2924.828319230308
34.1,4.420409187630363,-2946.2529829783166
34.12,9.755139693144264,-2963.6775825252444
34.14,13.972091940805017,-2978.601040831548
34.160000000000004,16.96422348294161,-2991.977554892724
34.18,19.471825510929353,-3003.6152804880526
34.2,21.058093654456304,-3014.1799197241207
34.22,22.367752696396646,-3024.4135470542674
34.24,22.91233763891356,-3034.091223291308
34.26,22.91233763891356,-3043.8450212039975
34.28,22.257050753965256,-3054.4094391715503
34.300000000000004,21.05524719535719,-3065.219232878428
34.32,19.193265917780387,-3077.3370190733544
34.34,17.329761411330114,-3090.356353915632
34.36,14.901037442109985,-3104.5539614498075
34.38,13.047404302405528,-3119.8715096304545
34.4,11.545243057315924,-3137.6645875754166
34.42,11.25527094199852,-3156.752572593077
34.44,12.121190349974308,-3178.634008799732
34.46,14.615537463322216,-3204.595480464877
34.480000000000004,18.26225357585116,-3232.8590698780904
34.5,20.779831678449344,-3259.3965105265206
34.52,20.402285341160617,-3282.369997738881
34.54,17.89129643277905,-3302.1814368097325
34.56,13.684411842748698,-3318.963782830848
34.58,7.965362351675232,-3333.384435732613
34.6,1.7626207458944094,-3345.162065624425
34.62,-4.715066823971656,-3353.6870468658853
34.64,-10.95960808707864,-3359.1048222495706
34.660000000000004,-17.02612094639608,-3361.575635339292
34.68,-22.32669083228076,-3361.206910168404
34.7,-26.796711309456786,-3358.13120830024
34.72,-30.87186365595381,-3352.619387145206
34.74,-34.2907989767543,-3345.224904551764
34.76,-37.221885161196305,-3335.7852277480088
34.78,-39.92679325203193,-3324.175235292909
34.800000000000004,-42.21762959288221,-3310.758219603362
34.82,-44.291988440199916,-3295.99643646522
34.84,-45.326240198554586,-3280.6998147737904
34.86,-45.1223765895628,-3266.288817055496
34.88,-43.4617746841127,-3252.8833796832887
34.9,-40.14960562216328,-3241.6620073991708
34.92,-35.1079493274729,-3232.4746905835814
34.94,-28.9042396701563,-3225.8398063355303
34.96,-21.396852874913215,-3222.1866498033814
34.980000000000004,-12.744956288514755,-3221.461367941621
35.0,-2.952380242030185,-3224.055195192323
35.02,6.7959873447359485,-3228.1544810682617
35.04,17.048566414317598,-3233.3360361638283
35.06,26.198701558034266,-3237.1673178062665
35.08,34.14729115728343,-3238.5611594144116
35.1,40.9271626727522,-3236.9000788581175
35.12,46.33494874676846,-3233.743315608518
35.14,50.29882560186274,-3228.39032634724
35.160000000000004,52.59906493437915,-3221.548142734115
35.18,53.067909912035965,-3213.054777773222
35.2,52.59906493437915,-3202.883258951463
35.22,50.07551862406432,-3192.4431768615505
35.24,46.33494874676846,-3180.8585487404284
35.26,42.17118762524967,-3170.2292257790473
35.28,36.92886728120207,-3160.4653005807754
35.300000000000004,31.610110103305345,-3153.4910737970254
35.32,25.808249670576,-3148.7944779259847
35.34,19.748522817880332,-3146.5624207451683
35.36,13.047404302405528,-3147.6191306897394
35.38,6.503633361455833,-3151.7674693107665
35.4,-0.0,-3158.938946706208
35.42,-6.1774513016661565,-3169.563853662564
35.44,-11.246755565764763,-3183.4228569917004
35.46,-15.169432132628875,-3200.283714509128
35.480000000000004,-17.306144583042588,-3220.494122380044
35.5,-17.306144583042588,-3244.0076935630204
35.52,-16.095877564211087,-3269.01840218345
35.54,-15.168400255323249,-3292.5287247704473
35.56,-15.450194088007194,-3312.835579669282
35.58,-17.02612094639608,-3330.611892028192
35.6,-18.886190540692063,-3345.1723532816222
35.62,-21.288242373909625,-3358.587675253901
35.64,-23.252915815179023,-3369.43717478648
35.660000000000004,-25.22105294241561,-3378.4988675136788
35.68,-26.535056525195877,-3385.6196642631166
35.7,-27.192452275800836,-3391.3360174000086
35.72,-26.796711309456786,-3395.068813559906
35.74,-25.485544737995465,-3397.0624293893384
35.76,-23.639425384029497,-3397.2579423532725
35.78,-20.7433473350554,-3395.377090649826
35.800000000000004,-17.02612094639608,-3391.978776186023
35.82,-12.459085573313226,-3386.3871055185514
35.84,-7.670002402435877,-3378.0782752693253
35.86,-2.348729672628277,-3368.135156012223
35.88,2.6421372067118303,-3355.7741669254933
35.9,7.381416830081635,-3341.57985893989
35.92,10.966982749914528,-3325.078601978721
35.94,13.33235704432387,-3306.3808331256714
35.96,13.972091940805017,-3285.4341039552382
35.980000000000004,12.121190349974308,-3260.983470081066
36.0,7.965362351675232,-3232.857887119839
36.02,3.522460338180636,-3204.2450590867115
36.04,0.8804562023158986,-3179.7959200498653
36.06,0.2928174851186416,-3158.6991298740995
36.08,1.4679713112764452,-3140.1099235534116
36.1,3.243596594124974,-3123.6150608857683
36.12,6.179215123971149,-3108.2641836199928
36.14,8.881794343594162,-3094.702993915912
36.16,11.834239889297733,-3082.80834394287
36.18,14.543089848689988,-3071.614610570341
36.2,16.683203055679808,-3061.274737816092
36.22,18.542550878699767,-3052.802897468743
36.24,19.748522817880332,-3043.987909375231
36.26,20.40074932711542,-3036.0956150698607
36.28,20.402285341160617,-3028.090704922255
36.3,19.84819684885243,-3019.808756536272
36.32,18.914396851606195,-3010.8041306611535
36.34,17.612899894306274,-3000.9268735241653
36.36,15.473044770930828,-2989.807598140693
36.38,13.044720543550492,-2977.252648838341
36.4,9.755139693144264,-2962.7301633432885
36.42,5.007902345408673,-2945.841450762564
36.44,-1.174980677476018,-2925.373181395646
36.46,-9.169504722906979,-2900.936446482499
36.48,-17.587047955117256,-2873.8582752349475
36.5,-24.29664067343637,-2850.719086854096
36.52,-28.505535848070114,-2831.664237931818
36.54,-30.62090254883673,-2815.1329984356125
36.56,-31.27615364419971,-2800.2040839072047
36.58,-30.216980549509287,-2786.6117211277883
36.6,-28.246619804563,-2773.9323745109346
36.62,-25.22105294241561,-2762.5448076522243
36.64,-21.67141578372797,-2752.265881126588
36.66,-17.305661462541767,-2743.1171083999716
36.68,-13.030596780864292,-2735.2532192297112
36.7,-8.251505864198588,-2728.5193399259247
36.72,-3.5407916509312845,-2723.0703332179964
36.74,1.1752252953232911,-2718.469304921796
36.76,5.300701794208939,-2715.021266458597
36.78,9.173476635638867,-2713.3899932769446
36.8,12.757750327183622,-2712.522427448885
36.82,15.473044770930828,-2713.560352437761
36.84,17.612899894306274,-2716.2649828902495
36.86,18.820930421884302,-2720.2024257100334
36.88,19.47307477923147,-2726.028203916104
36.9,19.47307477923147,-2733.24476391502
36.92,19.193265917780387,-2742.2400212189536
36.94,18.26225357585116,-2752.4526464038504
36.96,17.330302537231745,-2764.855813742693
36.98,16.40021996490449,-2779.2797238706803
37.0,16.117599128282063,-2795.1698141231545
37.02,16.683203055679808,-2814.0879821832455
37.04,18.26225357585116,-2836.157932591798
37.06,20.779831678449344,-2860.4598621419645
37.08,22.64092583302805,-2884.690890855328
37.1,22.367752696396646,-2905.9399883167207
37.12,20.125269455724958,-2924.27652618558
37.14,16.40021996490449,-2939.3018116170824
37.16,11.25527094199852,-2951.563112501424
37.18,5.300701794208939,-2960.6367625681028
37.2,-1.174980677476018,-2967.1326831268634
37.22,-7.670002402435877,-2970.035244151708
37.24,-13.95745487845272,-2970.2259576466327
37.26,-20.09180554077004,-2966.899695678823
37.28,-26.14051856662392,-2960.944210475433
37.3,-31.930990695073906,-2951.9742981417207
37.32,-37.63170141595289,-2941.178690313459
37.34,-42.63208366859761,-2928.6661669948858
37.36,-46.78228136116511,-2915.91893703934
37.38,-49.48757177773079,-2904.2306841601244
37.4,-50.72752232445446,-2894.1941847032126
37.42,-50.3141237613768,-2885.7978180101527
37.44,-48.02694928366348,-2878.96401323909
37.46,-44.70718251488136,-2873.6452101635073
37.48,-39.92448137593567,-2870.4949488870843
37.5,-33.640942681279874,-2869.3302677655747
37.52,-26.14051856662392,-2871.0235952761927
37.54,-17.587047955117256,-2875.725830000533
37.56,-7.962073742385491,-2882.5972835677385
37.58,1.7626207458944094,-2890.14834713618
37.6,11.257143283953631,-2896.3238119729494
37.62,19.84819684885243,-2899.59102867482
37.64,27.515825027939727,-2899.7799144982846
37.66,33.73686715404428,-2896.9867256837088
37.68,39.046409233786605,-2891.6318448899533
37.7,42.78520454180752,-2883.9050646325763
37.72,45.0839650476842,-2874.49001086157
37.74,45.50166992255308,-2863.058658893756
37.76,44.6683023178611,-2849.9181379412585
37.78,42.17118762524967,-2835.524189515322
37.8,38.400884950050816,-2821.195293721791
37.82,34.635339386773765,-2807.734683171743
37.84,30.549254648647885,-2796.626245183992
37.86,26.199949359407807,-2787.762013259018
37.88,21.71190727409322,-2781.47139301944
37.9,16.96422348294161,-2777.837261251543
37.92,11.545243057315924,-2776.331694889086
37.94,6.179215123971149,-2777.9640111971544
37.96,0.5876438682177567,-2782.5512142788707
37.98,-5.008109031407025,-2789.793100369509
38.0,-10.381347779677265,-2799.981284266424
38.02,-14.884655042060876,-2813.0143059473166
38.04,-17.95529750739325,-2828.527773603944
38.06,-19.44114284812433,-2846.822519925513
38.08,-18.886190540692063,-2868.3648657205945
38.1,-16.37858851270436,-2892.794026194524
38.12,-13.386456970567767,-2917.7367552282403
38.14,-11.246755565764763,-2940.378487696992
38.16,-10.381347779677265,-2959.336764237769
38.18,-10.381347779677265,-2975.4646825993827
38.2,-11.246755565764763,-2990.0192581641554
38.22,-12.459085573313226,-3002.5555124447956
38.24,-13.671184097922543,-3013.172396148071
38.26,-14.600655473722952,-3021.8607927915577
38.28,-14.884655042060876,-3028.9805865879507
38.3,-14.884655042060876,-3034.536409495093
38.32,-14.24076181328618,-3038.300953091404
38.34,-13.030596780864292,-3040.6483909371873
38.36,-11.246755565764763,-3041.3165684189225
38.38,-8.878752644451971,-3040.688099171124
38.4,-5.883609409043355,-3038.191441586641
38.42,-2.642907207023991,-3034.767017323328
38.44,0.8804562023158986,-3029.6506396553364
38.46,4.714029366001072,-3023.015118811089
38.48,8.547708712622757,-3015.1631050164806
38.5,12.181475524746633,-3005.4608733380715
38.52,15.473044770930828,-2994.1961548469776
38.54,18.26225357585116,-2981.6802165601102
38.56,20.125269455724958,-2967.7664079522174
38.58,20.779831678449344,-2952.228499565427
38.6,19.47307477923147,-2934.7510764234985
38.62,16.683203055679808,-2914.8421162449126
38.64,11.83239053600203,-2891.14640930138
38.66,5.007572003823581,-2864.146585857352
38.68,-1.174980677476018,-2838.83204654707
38.7,-5.593580153733866,-2817.7015078003
38.72,-7.962073742385491,-2799.8076750755768
38.74,-9.459439443284337,-2784.2563568864844
38.76,-9.748516221451442,-2770.4636392722264
38.78,-9.169504722906979,-2757.871196428572
38.8,-8.253422926583708,-2746.7200288655267
38.82,-7.379727381437949,-2736.7490996947927
38.84,-5.883609409043355,-2727.592284381212
38.86,-4.715066823971656,-2719.1022843894907
38.88,-3.2467416834313125,-2711.8025176487113
38.9,-1.7640719492986288,-2704.972301623708
38.92,-0.2948212320786325,-2698.1425957214774
38.94,0.8804562023158986,-2690.937535240206
38.96,2.349706919535912,-2683.555674111766
38.98,3.832376653668596,-2675.776669200964
39.0,5.300701794208939,-2667.207222364731
39.02,6.503633361455833,-2657.206082595441
39.04,7.674429078232275,-2646.5330567498195
39.06,8.25757169104763,-2634.134169568565
39.08,8.547708712622757,-2620.7037390787605
39.1,7.674429078232275,-2605.264793364074
39.12,5.888685953352698,-2587.904478827608
39.14,2.349706919535912,-2567.939488898596
39.16,-2.952380242030185,-2544.146439695486
39.18,-9.459439443284337,-2517.5222903335703
39.2,-15.167368564125768,-2492.7198321631686
39.22,-18.235295451647023,-2471.449935190491
39.24,-19.44114284812433,-2453.707943397052
39.26,-19.163188787204973,-2437.78718569806
39.28,-17.582632618250127,-2423.5330706498808
39.3,-14.884655042060876,-2411.1338670543987
39.32,-11.821511555018704,-2400.030166053132
39.34,-8.251505864198588,-2390.979880458402
39.36,-4.715066823971656,-2383.3791721630055
39.38,-1.174980677476018,-2377.6333102603107
39.4,2.349706919535912,-2373.771833909549
39.42,5.300701794208939,-2371.467218751456
39.44,7.674429078232275,-2370.8657441049486
39.46,9.755139693144264,-2372.204844344624
39.48,11.257143283953631,-2375.4433437009775
39.5,12.121190349974308,-2380.1573205757777
39.52,12.757750327183622,-2386.7822085329008
39.54,12.758600843950072,-2395.050219815416
39.56,12.758600843950072,-2405.4558539230807
39.58,13.043770277644152,-2417.704649405716
39.6,13.33235704432387,-2431.6628974064974
39.62,14.256819068159809,-2448.284128478924
39.64,16.117599128282063,-2467.857951728805
39.66,19.193265917780387,-2489.9181379412585
39.68,21.985333982355417,-2513.607948408512
39.7,23.567934141704075,-2535.1173571629506
39.72,23.02694039745923,-2553.59235372918
39.74,20.779831678449344,-2569.2049160151378
39.76,17.048566414317598,-2582.5169738543345
39.78,12.181475524746633,-2592.565767909586
39.8,6.7959873447359485,-2600.3620503275824
39.82,1.1752252953232911,-2604.9556104687967
39.84,-4.715066823971656,-2606.898322496136
39.86,-10.669635971761256,-2605.727125432614
39.88,-16.37858851270436,-2601.429303355577
39.9,-22.055290862790766,-2594.2608728706564
39.92,-27.848783747143088,-2584.669357250909
39.94,-33.39725004086112,-2572.685521942535
39.96,-38.68684270530827,-2559.145677135504
39.98,-42.84462342776788,-2546.3195737727274
40.0,-45.53749800113937,-2534.6078607162776
40.02,-46.78228136116511,-2524.371938382871
40.04,-46.153391965266266,-2516.2275945981896
40.06,-44.291988440199916,-2509.611974450534
40.08,-40.97565580597821,-2504.547471544584
40.1,-36.576597990720586,-2501.8640170155873
40.12,-30.87186365595381,-2501.4900775164183
40.14,-23.90815410603988,-2503.55813037123
40.16,-15.814584994667223,-2508.799451732531
40.18,-7.0868436132060175,-2516.332144972698
40.2,2.349706919535912,-2525.242794289679
40.22,11.545243057315924,-2533.2267698357923
40.24,19.751644798888243,-2538.5511726968634
40.26,26.860290907026517,-2540.892614982844
40.28,32.92418856218281,-2540.6981692765635
40.3,37.9880130333392,-2537.862292280589
40.32,41.53426179964664,-2532.7230346397314
40.34,43.835198435931446,-2526.0098772523024
40.36,44.6683023178611,-2517.142845305856
40.38,43.835198435931446,-2506.81598231064
40.4,41.53426179964664,-2494.582033826843
40.42,37.986570035858136,-2480.911122612652
40.44,33.32950036951298,-2467.239996312834
40.46,28.174896972943888,-2454.994638530696
40.48,23.02694039745923,-2445.028650110255
40.5,17.89457549584816,-2437.6769980499844
40.52,12.757750327183622,-2432.458368882957
40.54,7.381416830081635,-2430.702428487117
40.56,2.0552393597073366,-2431.3406368129104
40.58,-3.2467416834313125,-2434.636214658183
40.6,-8.253422926583708,-2441.490594592616
40.62,-13.030596780864292,-2450.7751686039173
40.64,-17.02612094639608,-2462.3911956588577
40.66,-19.44114284812433,-2476.615003964562
40.68,-20.46961222511992,-2493.574106961044
40.7,-19.81511435687814,-2513.4891521292193
40.72,-17.02612094639608,-2536.442137779755
40.74,-13.95745487845272,-2559.0458076409177
40.76,-11.821511555018704,-2579.2840194737446
40.78,-10.669635971761256,-2596.4773371963884
40.8,-10.327563096243543,-2611.263606399492
40.82,-10.669635971761256,-2623.708214782563
40.84,-10.95960808707864,-2634.28486843374
40.86,-11.246755565764763,-2642.862498952664
40.88,-11.246755565764763,-2649.749508293931
40.9,-10.95960808707864,-2654.353348851365
40.92,-10.323105572575061,-2657.3243442189137
40.94,-8.878752644451971,-2658.4613519407035
40.96,-7.377251894203782,-2657.623557974928
40.98,-5.0084793352137815,-2654.5470372738832
41.0,-2.657961623887691,-2650.1018463756586
41.02,0.2928174851186416,-2643.306616319717
41.04,2.9363609058502638,-2634.28486843374
41.06,5.594114305451065,-2623.8668908297705
41.08,7.672478583443299,-2611.4928606613
41.1,8.839057896820973,-2596.8705103437865
41.12,8.839057896820973,-2580.202544914779
41.14,7.381416830081635,-2561.2393539830286
41.16,4.126426621168568,-2538.6253122363523
41.18,-0.5875826945934357,-2513.1200516396675
41.2,-4.715066823971656,-2488.647996985322
41.22,-7.379727381437949,-2467.909154392084
41.24,-7.962073742385491,-2450.257580211464
41.26,-7.379727381437949,-2434.7064356924407
41.28,-5.883609409043355,-2421.3198005563145
41.3,-3.5407916509312845,-2410.025491399388
41.32,-1.174980677476018,-2400.5412192510844
41.34,1.4679713112764452,-2393.2187377572013
41.36,3.5380152122674517,-2387.3722910779084
41.38,5.594114305451065,-2383.99482472967
41.4,7.381416830081635,-2382.2400212189536
41.42,8.547708712622757,-2382.2400212189536
41.44,9.173476635638867,-2384.25598947502
41.46,9.464387614689235,-2388.278290988977
41.48,9.464387614689235,-2394.339642104505
41.5,8.881794343594162,-2402.0858706020954
41.52,8.547708712622757,-2411.67450735431
41.54,7.965362351675232,-2423.121270643607
41.56,8.255637372673162,-2436.752572593077
41.58,8.839057896820973,-2452.8362876924534
41.6,10.67589095100917,-2471.63648270159
41.62,13.616231751101559,-2493.3620178169385
41.64,16.683203055679808,-2516.719224797439
41.66,18.820930421884302,-2538.2523475787543
41.68,18.820930421884302,-2556.8259796485754
41.7,17.330302537231745,-2572.1782787996526
41.72,14.543089848689988,-2585.389865652912
41.74,10.62257630117109,-2596.010127149126
41.76,5.888685953352698,-2604.238882949149
41.78,1.1752252953232911,-2609.681338721843
41.8,-3.83477421739308,-2612.621280606411
41.82,-8.542707697142594,-2612.3659048055783
41.84,-13.386456970567767,-2609.83887650798
41.86,-17.95529750739325,-2604.4133004158352
41.88,-22.32669083228076,-2596.653256281708
41.9,-26.535056525195877,-2586.6060444276022
41.92,-30.87186365595381,-2574.3452851654774
41.94,-35.1079493274729,-2560.448704524058
41.96,-38.2736340937667,-2546.2627698226047
41.98,-40.339847218459056,-2533.599953952517
42.0,-40.75534384531736,-2522.3079834161235
42.02,-39.73675443119173,-2512.8352044845087
42.04,-37.221885161196305,-2505.4410064183767
42.06,-33.39725004086112,-2500.0856335587528
42.08,-28.505535848070114,-2496.8796312016866
42.1,-22.32669083228076,-2495.9636650877287
42.12,-15.450194088007194,-2498.2780334465792
42.14,-7.670002402435877,-2503.0267572410085
42.16,0.8804562023158986,-2509.9634404413055
42.18,9.755139693144264,-2518.159107200659
42.2,17.89457549584816,-2525.5596740149167
42.22,25.27405709133472,-2530.3161247358125
42.24,31.610110103305345,-2532.7233655386312
42.26,36.514695878055306,-2532.7230346397314
42.28,40.28680936837453,-2530.4847536267607
42.3,42.78520454180752,-2526.902131987959
42.32,43.835198435931446,-2520.7986044421687
42.34,43.835198435931446,-2513.7537044515084
42.36,42.17118762524967,-2504.8826428370494
42.38,39.046409233786605,-2494.32145005192
42.4,34.635339386773765,-2482.6537376845586
42.42,29.48987464039355,-2471.193649099308
42.44,23.95595819331301,-2460.7110892264627
42.46,18.26225357585116,-2452.68093243416
42.48,12.757750327183622,-2447.2791039482518
42.5,7.381416830081635,-2444.690605592958
42.52,1.7626207458944094,-2444.4954003946536
42.54,-3.5407916509312845,-2447.729952165745
42.56,-8.542707697142594,-2453.2993152450194
42.58,-12.746722074086588,-2461.873992242824
42.6,-16.37858851270436,-2472.66377765438
42.62,-18.886190540692063,-2486.5080915006465
42.64,-19.53963448548767,-2502.799990499225
42.66,-18.886190540692063,-2521.6522004336293
42.68,-16.74466756699448,-2542.7146758591434
42.7,-14.600655473722952,-2562.9808614930726
42.72,-13.030596780864292,-2580.5383161384334
42.74,-12.459085573313226,-2595.7588730348857
42.76,-12.172115356946337,-2608.6843129598847
42.78,-12.459085573313226,-2618.728466135784
42.8,-12.459085573313226,-2627.7220617211433
42.82,-12.744956288514755,-2633.978541084211
42.84,-12.459085573313226,-2638.455542306262
42.86,-11.535555379737026,-2641.040919840596
42.88,-10.669635971761256,-2641.7950777841984
42.9,-9.169504722906979,-2640.139701929747
42.92,-7.377251894203782,-2636.288621054288
42.94,-5.0084793352137815,-2630.54709416927
42.96,-2.952380242030185,-2622.741996543121
42.98,-0.8823363410391619,-2612.55250605848
43.0,0.5876438682177567,-2600.341891144696
43.02,1.4679713112764452,-2586.080487084897
43.04,1.1752252953232911,-2569.032266657264
43.06,-0.2948212320786325,-2549.2962883088976
43.08,-3.2467416834313125,-2526.600314298429
43.1,-6.1774513016661565,-2503.21509516621
43.12,-7.962073742385491,-2482.426818737102
43.14,-7.962073742385491,-2465.112692384133
43.16,-6.795781859844352,-2450.436960283531
43.18,-4.715066823971656,-2438.2638906812585
43.2,-1.7620706429355424,-2427.871637216388
43.22,1.4679713112764452,-2419.970312602736
43.24,4.420409187630363,-2414.677991797328
43.26,7.672478583443299,-2411.465194915146
43.28,10.335531185964927,-2410.3368886969174
43.3,12.757750327183622,-2411.3439256640963
43.32,14.901037442109985,-2415.139848478635
43.34,16.40021996490449,-2420.573792809949
43.36,17.982109690434218,-2428.273412077065
43.38,19.47307477923147,-2437.9218905306184
43.4,21.05524719535719,-2449.962823000577
43.42,22.64234456376228,-2464.2036290757887
43.44,24.61509068488485,-2480.241560817236
43.46,26.59383468093753,-2497.186214213455
43.48,27.51699860112918,-2514.26641018416
43.5,27.12231004550008,-2528.973601713022
43.52,25.27405709133472,-2541.9259710165006
43.54,21.985333982355417,-2552.1036502709044
43.56,17.612899894306274,-2559.9706129137926
43.58,12.469717153259884,-2564.8234516372763
43.6,6.473164345279045,-2567.5469864996944
43.62,-0.0,-2566.9990488443664
43.64,-6.795781859844352,-2563.706454376397
43.66,-13.95745487845272,-2557.8227930677926
43.68,-21.396852874913215,-2550.0675502838526
43.7,-28.10675085135748,-2541.4648064068424
43.72,-34.04970441653652,-2533.9136548668935
43.74,-38.68838021340298,-2527.7294103536906
43.76,-42.215635216588474,-2523.2066141636737
43.78,-44.291988440199916,-2520.629504472504
43.8,-44.91553351897282,-2519.186158047248
43.82,-44.291988440199916,-2519.61057923274
43.84,-42.63208366859761,-2521.3087958915926
43.86,-39.51226087501224,-2524.4230771684606
43.88,-35.1079493274729,-2529.6283952813715
43.9,-29.560968931191283,-2535.9839617363955
43.92,-22.982299171466792,-2544.193890088284
43.94,-15.814584994667223,-2552.1121267115886
43.96,-8.253422926583708,-2558.576936792931
43.98,-1.4696043894700703,-2562.716010193938
44.0,5.007572003823581,-2563.9361371862974
44.02,11.25527094199852,-2562.6380723114407
44.04,16.40021996490449,-2558.6064895414565
44.06,20.779831678449344,-2551.773536054995
44.08,24.227905450869773,-2542.555335394758
44.1,26.464035543207665,-2531.093693501457
44.12,27.12231004550008,-2517.044779749761
44.14,26.59383468093753,-2501.447128788808
44.16,24.88359360630885,-2485.164193161744
44.18,22.915166958398135,-2469.1036502422985
44.2,21.331674926039256,-2455.4671215209632
44.22,19.748522817880332,-2443.689880319482
44.24,18.26225357585116,-2433.874460244067
44.26,16.683203055679808,-2426.567234448299
44.28,14.901037442109985,-2421.061210064235
44.3,13.047404302405528,-2417.949828871137
44.32,10.966982749914528,-2416.693404714242
44.34,8.25757169104763,-2417.5185375168217
44.36,5.594114305451065,-2420.665189340802
44.38,2.9343646428655608,-2426.4488160612887
44.4,-0.0,-2434.239137675231
44.42,-2.363282838594383,-2444.249289668892
44.44,-4.12839439576379,-2456.6458029789096
44.46,-4.715066823971656,-2471.5005790685614
44.48,-4.421937033586298,-2489.334167543542
44.5,-2.657961623887691,-2509.8032133322304
44.52,-0.0,-2531.4258345099474
44.54,2.0552393597073366,-2552.1014899719244
44.56,2.6421372067118303,-2569.8567630393454
44.58,2.0552393597073366,-2584.6018025085614
44.6,0.5876438682177567,-2597.074764198747
44.62,-1.4696043894700703,-2607.3103173020872
44.64,-3.83477421739308,-2615.4771690854022
44.66,-6.502143739100421,-2621.145954754666
44.68,-8.542707697142594,-2624.5778704963627
44.7,-10.669635971761256,-2626.024246431167
44.72,-12.459085573313226,-2624.903588912991
44.74,-13.671184097922543,-2622.5538795671605
44.76,-14.884655042060876,-2617.284375678856
44.78,-15.450194088007194,-2610.471224040704
44.8,-16.37858851270436,-2601.3495353065823
44.82,-17.306144583042588,-2590.058428887397
44.84,-18.51218037091729,-2576.626369699099
44.86,-20.09180554077004,-2561.0055516973075
44.88,-21.67141578372797,-2543.6191668743286
44.9,-22.982299171466792,-2526.481596188123
44.92,-22.982299171466792,-2510.899329483146
44.94,-21.39969901211817,-2497.510701123877
44.96,-18.886190540692063,-2486.4572301153435
44.98,-14.884655042060876,-2477.457017905758
45.0,-10.381347779677265,-2471.30898757786
45.02,-5.3006884477700895,-2467.982526923421
45.04,0.5876438682177567,-2467.0690617750747
45.06,6.503633361455833,-2469.095072199484
45.08,13.043770277644152,-2473.6086785821285
45.1,19.471825510929353,-2480.5211779810375
45.12,25.540567086797,-2488.5498640354886
45.14,31.206537519074,-2497.186214213455
45.16,35.86687473322829,-2504.9869456040574
45.18,39.45782478561309,-2511.1071622526733
45.2,41.53426179964664,-2515.7248074396925
45.22,42.367839535962254,-2518.953406407865
45.24,41.9509916544888,-2520.5092921643177
45.26,40.28680936837453,-2520.533514617553
45.28,37.34001307345854,-2519.362289668555
45.3,33.32950036951298,-2516.239988521589
45.32,27.913892468194188,-2511.1387806819707
45.34,21.710425353136273,-2504.745208270386
45.36,14.543089848689988,-2497.598239228591
45.38,7.381416830081635,-2491.39838206224
45.4,0.2928174851186416,-2486.401990844809
45.42,-6.1774513016661565,-2484.4133819897943
45.44,-12.172115356946337,-2484.589406279372
45.46,-17.582632618250127,-2488.065222150205
45.48,-21.9414037160521,-2493.46393236178
45.5,-25.22105294241561,-2501.0263609596145
45.52,-27.45150512509484,-2511.13480403318
45.54,-28.107328725295798,-2523.221054952309
45.56,-27.847113738846488,-2536.771614370014
45.58,-26.14051856662392,-2551.7122520700264
45.6,-24.29664067343637,-2566.063862813702
45.62,-22.055290862790766,-2579.1811586138288
45.64,-20.09180554077004,-2590.174476453496
45.66,-18.235295451647023,-2599.0821432119774
45.68,-16.375811742625118,-2605.992526997816
45.7,-14.24076181328618,-2610.8945131741457
45.72,-11.821511555018704,-2613.332234455482
45.74,-9.459439443284337,-2613.786918896036
45.76,-6.795781859844352,-2612.199598811664
45.78,-3.83477421739308,-2607.9716172559306
45.8,-1.174980677476018,-2601.7912889283753
45.82,1.4679713112764452,-2593.094699929203
45.84,3.243596594124974,-2582.2769618397106
45.86,4.420409187630363,-2568.857733132691
45.88,4.420409187630363,-2552.786819160981
45.9,3.243596594124974,-2534.292251443937
45.92,1.1752252953232911,-2513.653967673872
45.94,-0.5875826945934357,-2493.746921921548
45.96,-1.4696043894700703,-2476.335474129054
45.98,-1.174980677476018,-2461.4671308882353
46.0,0.2928174851186416,-2449.443775775913
46.02,2.0552393597073366,-2439.548396448601
46.04,4.126426621168568,-2431.8905355666902
46.06,6.179215123971149,-2426.642101244319
46.08,8.547708712622757,-2422.638597976123
46.1,10.335531185964927,-2422.00633600061
46.12,12.181475524746633,-2423.1435586638395
46.14,13.684411842748698,-2426.0476102670027
46.16,14.901037442109985,-2431.1313595822535
46.18,15.755067102866159,-2438.577946103678
46.2,17.048566414317598,-2447.7649178885017
46.22,18.26225357585116,-2459.211648598927
46.24,19.47307477923147,-2472.9464103124255
46.26,21.331674926039256,-2487.9742777986826
46.28,22.64092583302805,-2504.2966337553985
46.3,23.02694039745923,-2519.3630309461
46.32,22.367752696396646,-2532.95794688214
46.34,20.402285341160617,-2544.3170726062312
46.36,17.330302537231745,-2553.4828186501386
46.38,13.33235704432387,-2559.958917886136
46.4,8.547708712622757,-2564.365423617918
46.42,3.228542177261274,-2566.0984928783896
46.44,-2.642907207023991,-2565.22816512536
46.46,-8.587841665401635,-2561.8870639608513
46.48,-14.884655042060876,-2556.1454469856526
46.5,-21.39969901211817,-2549.235284365615
46.52,-27.192452275800836,-2541.4820756751574
46.54,-32.17795184107176,-2534.358751990077
46.56,-36.164128005599096,-2528.659050995297
46.58,-38.68838021340298,-2524.7522164547777
46.6,-40.14960562216328,-2522.301921267262
46.62,-40.339847218459056,-2521.0219637504074
46.64,-39.100241268385936,-2521.263801417362
46.66,-36.81333883212417,-2523.109451205124
46.68,-33.640942681279874,-2526.4634602910905
46.7,-28.9042396701563,-2531.478190251805
46.72,-23.252915815179023,-2537.880926020336
46.74,-17.02612094639608,-2544.7988904705367
46.76,-10.381347779677265,-2551.026026088789
46.78,-3.83477421739308,-2555.5175055305044
46.8,2.349706919535912,-2558.130899770344
46.82,7.965362351675232,-2558.130899770344
46.84,13.047404302405528,-2555.5174414311955
46.86,17.330302537231745,-2550.524361311311
46.88,20.779831678449344,-2543.034742478697
46.9,23.298335966668695,-2533.6002017718974
46.92,24.495289267169724,-2522.2072347920735
46.94,24.227905450869773,-2508.509664933163
46.96,23.298335966668695,-2494.244104876721
46.98,21.71190727409322,-2479.7161454292705
47.0,20.125269455724958,-2466.3699607786025
47.02,18.54093247763053,-2454.9449628141897
47.04,17.048566414317598,-2445.6007795045152
47.06,15.473044770930828,-2438.325966296953
47.08,14.256819068159809,-2433.221054952309
47.1,12.469717153259884,-2430.119747595597
47.12,10.626329876939549,-2429.285452698705
47.14,8.547708712622757,-2430.373573537081
47.16,6.469244379280638,-2433.455771117628
47.18,4.420409187630363,-2438.874061689161
47.2,2.349706919535912,-2446.6644144316288
47.22,0.5876438682177567,-2456.6510640646734
47.24,-0.2948212320786325,-2468.8246075990182
47.26,-0.2948212320786325,-2483.518158217196
47.28,0.5876438682177567,-2500.6459049103323
47.3,2.0552393597073366,-2519.6088032185335
47.32,3.5380152122674517,-2538.509653238687
47.34,3.832376653668596,-2554.999742241375
47.36,3.5380152122674517,-2569.334265166781
47.38,2.0552393597073366,-2581.111448006729
47.4,0.3917625784506229,-2590.6407920933952
47.42,-2.657961623887691,-2597.387267487995
47.44,-5.3006884477700895,-2602.24835683852
47.46,-7.962073742385491,-2604.7823285950058
47.48,-10.669635971761256,-2605.2410965705585
47.5,-13.030596780864292,-2603.520963979216
47.52,-15.169432132628875,-2599.3302677655747
47.54,-17.305661462541767,-2593.318682118355
47.56,-19.44114284812433,-2585.40730411364
47.58,-21.67141578372797,-2575.196162440133
47.6,-23.639425384029497,-2563.557690258295
47.62,-25.485544737995465,-2550.6432752229466
47.64,-26.796711309456786,-2537.5710976061073
47.66,-27.192452275800836,-2525.31660944982
47.68,-26.53343817694912,-2514.5486927593824
47.7,-24.29664067343637,-2505.576697279242
47.72,-21.39969901211817,-2498.8177796162377
47.74,-17.306144583042588,-2494.0646097518993
47.76,-12.459085573313226,-2491.1486504466648
47.78,-6.795781859844352,-2491.0401522319257
47.8,-0.5875826945934357,-2492.6364366880125
47.82,5.888685953352698,-2497.0096432336586
47.84,12.469717153259884,-2502.1483737281023
47.86,18.820930421884302,-2508.030406871348
47.88,24.61509068488485,-2512.6890243166085
47.9,29.232830177957975,-2516.509860357566
47.92,33.08172919255523,-2518.5611594144116
47.94,35.864304607625165,-2518.8448467250255
47.96,37.16359922462512,-2517.6598661293647
47.98,37.34001307345854,-2515.044153171167
48.0,36.514695878055306,-2510.774877741867
48.02,34.391925105324674,-2505.527918218851
48.04,31.206537519074,-2498.874498180339
48.06,26.857464946189104,-2491.474844901104
48.08,21.985333982355417,-2483.675666430595
48.1,16.683203055679808,-2477.204004919745
48.12,11.545243057315924,-2472.423849454626
48.14,6.179215123971149,-2469.6676257947856
48.16,1.4679713112764452,-2468.826682319164
48.18,-3.2467416834313125,-2471.0225999994473
48.2,-7.379727381437949,-2475.146734812109
48.22,-10.95960808707864,-2481.7359403305254
48.24,-13.954730687445927,-2490.8668481419663
48.26,-15.450194088007194,-2501.9640230440727
48.28,-16.37858851270436,-2515.3091091446727
48.3,-16.095877564211087,-2530.3081345086184
48.32,-15.168400255323249,-2546.20684660816
48.34,-14.24076181328618,-2560.6184952920994
48.36,-13.671184097922543,-2573.61107574854
48.38,-13.030596780864292,-2584.5176085338094
48.4,-13.030596780864292,-2593.0701327423135
48.42,-13.030596780864292,-2600.140157379989
48.44,-13.030596780864292,-2604.8091486111907
48.46,-12.746722074086588,-2607.493541650248
48.48,-12.459085573313226,-2608.3991096097684
48.5,-11.821511555018704,-2606.886099927243
48.52,-10.95960808707864,-2603.8812458501607
48.54,-10.036941330933807,-2598.291909925648
48.56,-9.459439443284337,-2590.905663339286
48.58,-8.542707697142594,-2581.6934063924004
48.6,-8.587841665401635,-2569.763747214396
48.62,-8.878752644451971,-2555.5175055305044
48.64,-9.748516221451442,-2540.187969827537
48.66,-10.669635971761256,-2523.39311022271
48.68,-10.95960808707864,-2507.4686578457945
48.7,-10.381347779677265,-2493.250999152909
48.72,-8.878752644451971,-2481.6423172136188
48.74,-6.1774513016661565,-2471.8530257365187
48.76,-3.246492508237361,-2464.7842047931967
48.78,0.5876438682177567,-2459.9460985118308
48.8,4.420409187630363,-2457.468334966005
48.82,8.547708712622757,-2457.4031299664566
48.84,12.469717153259884,-2459.210107585709
48.86,16.681512534448338,-2463.697955191457
48.88,20.779831678449344,-2469.744694687738
48.9,24.61509068488485,-2477.591086571524
48.92,27.913892468194188,-2486.4137241182048
48.94,30.80339968547969,-2495.099930958589
48.96,32.6734951916879,-2503.296353826973
48.98,33.32950036951298,-2510.5757805595567
49.0,33.32950036951298,-2516.239988521589
49.02,31.610110103305345,-2520.798171399601
49.04,29.232830177957975,-2523.504204696784
49.06,25.540567086797,-2524.690890855328
49.08,21.055074297196384,-2524.053576433468
49.1,15.473044770930828,-2521.698143284152
49.12,9.464387614689235,-2518.4633462033767
49.14,2.9363609058502638,-2514.416433781342
49.16,-3.5407916509312845,-2510.369550506168
49.18,-9.748516221451442,-2507.5145661515244
49.2,-15.169432132628875,-2506.3385248879617
49.22,-20.088978564069713,-2506.822196044039
49.24,-23.90965429693244,-2509.8032133322304
49.26,-26.796711309456786,-2514.254324492557
49.28,-28.7612592387128,-2520.3456834970048
49.3,-29.560968931191283,-2527.771386829299
49.32,-29.160855241802288,-2536.8753360874166
49.34,-27.848783747143088,-2546.6440946058806
49.36,-25.878400572970374,-2556.99789301488
49.38,-23.252915815179023,-2566.6392280651244
49.4,-20.46961222511992,-2574.9800669966007
49.42,-17.587047955117256,-2581.6934063924004
49.44,-14.884655042060876,-2586.3416475749327
49.46,-11.884082183022617,-2589.0742814419978
49.48,-8.878752644451971,-2589.7485903975703
49.5,-5.883609409043355,-2588.335825300856
49.52,-2.952380242030185,-2584.488458608667
49.54,-0.2948212320786325,-2578.380508038576
49.56,2.0552393597073366,-2570.1099779442543
49.58,3.5380152122674517,-2559.750098488221
49.6,4.420409187630363,-2546.849052999241
49.62,4.420409187630363,-2532.0300251411004
49.64,3.5380152122674517,-2515.326362520725
49.66,2.9363609058502638,-2499.240650181957
49.68,2.6421372067118303,-2484.5882864876544
49.7,2.9489178088316663,-2471.931118019079
49.72,4.126426621168568,-2461.6964472667137
49.74,5.300701794208939,-2453.1875626777405
49.76,7.0897442684832805,-2446.986173463368
49.78,8.881794343594162,-2443.2370761911047
49.8,10.62257630117109,-2441.039728409045
49.82,12.181475524746633,-2440.842990988336
49.84,13.684411842748698,-2443.371441433537
49.86,14.828148303148163,-2447.388665626441
49.88,16.117599128282063,-2453.36187707446
49.9,17.330302537231745,-2461.1235686062623
49.92,18.54093247763053,-2470.847626521416
49.94,19.748522817880332,-2482.1369841850974
49.96,20.779831678449344,-2494.211741018096
49.98,21.331674926039256,-2506.8929439961985
50.0,21.058093654456304,-2518.8508871297804
50.02,20.125269455724958,-2529.1392416994863
50.04,17.89129643277905,-2537.7128079840886
50.06,14.901037442109985,-2544.281360473798
50.08,10.966982749914528,-2549.0389043748905
50.1,6.473164345279045,-2551.4449950859503
50.12,1.4679713112764452,-2552.011444582463
50.14,-3.83477421739308,-2550.6203558463694
50.16,-9.748516221451442,-2547.083809831088
50.18,-15.169432132628875,-2542.70495531004
50.2,-20.7433473350554,-2537.6574349861144
50.22,-25.22105294241561,-2533.161482566857
50.24,-29.162571649361663,-2529.462526164155
50.26,-31.930990695073906,-2527.215542004574
50.28,-33.640942681279874,-2526.066736267636
50.3,-34.2907989767543,-2526.479543292586
50.32,-34.04970441653652,-2527.924985396113
50.34,-32.58161766816115,-2530.909554041957
50.36,-29.81627598013264,-2534.995779734671
50.38,-26.27182997595182,-2540.187969827537
50.4,-22.055290862790766,-2545.897280678465
50.42,-17.02612094639608,-2551.27133603928
50.44,-12.172115356946337,-2555.739415768714
50.46,-7.0868436132060175,-2558.971177713003
50.48,-2.056502236474547,-2559.9695988097124
50.5,2.349706919535912,-2559.143830789392
50.52,6.473164345279045,-2555.988445291872
50.54,10.04764392930604,-2550.861995804579
50.56,13.043770277644152,-2543.608769581419
50.58,14.901037442109985,-2534.1732169089423
50.6,16.11587765817931,-2523.031911181736
50.62,16.117599128282063,-2510.8590521424085
50.64,15.755067102866159,-2497.3371377513618
50.66,15.186290443960235,-2484.746829666108
50.68,14.543089848689988,-2473.05211536495
50.7,14.256819068159809,-2463.274902341752
50.72,13.686218591849764,-2455.642789271211
50.74,13.684411842748698,-2449.439045805865
50.76,13.33235704432387,-2445.235191377232
50.78,12.757750327183622,-2443.320398828964
50.8,12.181475524746633,-2443.2202827378446
50.82,11.545243057315924,-2444.8735222118908
50.84,10.966982749914528,-2448.5541494258155
50.86,10.04764392930604,-2454.261422031831
50.88,9.464387614689235,-2462.038388340144
50.9,9.173476635638867,-2471.63648270159
50.92,9.173476635638867,-2483.398871594949
50.94,9.755139693144264,-2496.9643594299505
50.96,10.04764392930604,-2511.3849211154775
50.98,10.04764392930604,-2525.3716165695855
51.0,9.755139693144264,-2538.236870994893
51.02,8.25757169104763,-2549.267302351752
51.04,5.888685953352698,-2558.482774778668
51.06,3.228542177261274,-2565.2604476656743
51.08,-0.0,-2569.8554806031484
51.1,-3.83477421739308,-2572.600546625927
51.12,-7.670002402435877,-2573.04609217208
51.14,-11.535555379737026,-2570.9561376527886
51.16,-15.450194088007194,-2567.557466833181
51.18,-19.53963448548767,-2562.4567537295056
51.2,-22.982299171466792,-2555.98608677036
51.22,-26.27182997595182,-2548.805249782699
51.24,-28.9042396701563,-2541.671403618658
51.26,-30.471658961280514,-2535.408204684929
51.28,-31.27615364419971,-2530.025609751181
51.3,-30.87186365595381,-2525.689526192938
51.32,-29.162571649361663,-2522.8385200474613
51.34,-26.796711309456786,-2521.2695167351085
51.36,-23.639425384029497,-2521.1491128702196
51.38,-19.16288784764305,-2522.354827977808
51.4,-14.24076181328618,-2524.6767248826886
51.42,-8.878752644451971,-2527.646169078492
51.44,-3.2467416834313125,-2531.14640930138
51.46,2.6421372067118303,-2533.7347149245343
51.48,7.965362351675232,-2535.1173571629506
51.5,12.757750327183622,-2534.8735222118908
51.52,16.683203055679808,-2533.0680746674257
51.54,20.125269455724958,-2529.4379856357823
51.56,22.64092583302805,-2523.7900095125874
51.58,24.225202716345485,-2517.3995032596654
51.6,24.61509068488485,-2509.131112902585
51.62,24.495289267169724,-2499.8285432470207
51.64,23.298335966668695,-2490.2366343643707
51.66,21.71190727409322,-2481.079021777065
51.68,19.84819684885243,-2472.4900890784393
51.7,17.89457549584816,-2465.5234696641987
51.72,15.755067102866159,-2459.9588599655294
51.74,13.686218591849764,-2456.6413796236598
51.76,11.545243057315924,-2454.8199673722625
51.78,9.173476635638867,-2455.1155237819567
51.8,7.0897442684832805,-2457.2182495243064
51.82,5.007572003823581,-2461.3036768230995
51.84,2.9489178088316663,-2467.7418204527926
51.86,1.4679713112764452,-2476.0718136586306
51.88,0.5876438682177567,-2486.5080915006465
51.9,-0.0,-2498.955691626588
51.92,0.2928174851186416,-2513.1200516396675
51.94,0.5876438682177567,-2527.164795515491
51.96,0.5876438682177567,-2541.1822203837623
51.98,-0.0,-2553.4828186501386
52.0,-0.8823363410391619,-2563.7928704086485
52.02,-2.657961623887691,-2571.8634033687194
52.04,-4.715066823971656,-2578.152261115836
52.06,-6.795781859844352,-2582.2769618397106
52.08,-9.169504722906979,-2584.078533375305
52.1,-11.246755565764763,-2584.386803045456
52.12,-13.671184097922543,-2582.6057167263953
52.14,-15.734109684298199,-2578.7136216586905
52.16,-17.676618605613875,-2573.341510315988
52.18,-19.81511435687814,-2566.270403502366
52.2,-21.39969901211817,-2558.130899770344
52.22,-22.982299171466792,-2548.753789675473
52.24,-23.90965429693244,-2539.669616881274
52.26,-23.90965429693244,-2530.5572494476314
52.28,-23.252915815179023,-2522.697636666063
52.3,-21.67141578372797,-2516.1109780108213
52.32,-19.436784765714485,-2510.777592043263
52.34,-16.095877564211087,-2507.354441281578
52.36,-12.172115356946337,-2505.2723179901354
52.38,-7.379727381437949,-2504.771427808331
52.4,-2.348729672628277,-2506.109859073536
52.42,2.9489178088316663,-2508.109238560828
52.44,8.547708712622757,-2511.258659904943
52.46,13.686218591849764,-2513.8582752349475
52.48,18.26225357585116,-2516.106115694902
52.5,22.258495185283206,-2517.044779749761
52.52,25.540567086797,-2517.279299972381
52.54,27.51699860112918,-2515.339002088718
52.56,28.833350522805652,-2512.736862051484
52.58,29.232830177957975,-2508.71587568252
52.6,28.436088920600454,-2503.797042154081
52.62,26.857464946189104,-2498.081103590151
52.64,24.495289267169724,-2491.472081201543
52.66,21.436655142046085,-2485.3301373496406
52.68,18.26225357585116,-2479.930254972028
52.7,14.543089848689988,-2475.4960709987267
52.72,10.966982749914528,-2472.596014109752
52.74,7.381416830081635,-2471.6739798879967
52.76,4.126426621168568,-2472.421416192003
52.78,0.8804562023158986,-2475.348134434314
52.8,-2.056502236474547,-2480.1694709718886
52.82,-4.421937033586298,-2486.986933998783
52.84,-6.1774513016661565,-2495.811576466973
52.86,-7.379727381437949,-2506.5761120934794
52.88,-7.962073742385491,-2518.4611859327224
52.9,-7.962073742385491,-2531.478190251805
52.92,-7.670002402435877,-2544.183488417289
52.94,-7.962073742385491,-2555.4190794306983
52.96,-8.251505864198588,-2565.2021262598505
52.98,-8.878752644451971,-2573.340999033576
53.0,-9.748516221451442,-2579.447004780401
53.02,-10.381347779677265,-2584.0280700166472
53.04,-11.246755565764763,-2586.516438026873
53.06,-12.172115356946337,-2586.863198785252
53.08,-12.746722074086588,-2585.7934152457647
53.1,-13.671184097922543,-2582.449460554323
53.12,-13.95745487845272,-2577.470167868248
53.14,-14.600655473722952,-2570.9521472264137
53.16,-15.169432132628875,-2562.8901759195574
53.18,-15.814584994667223,-2553.1888430630725
53.2,-16.095877564211087,-2542.905544627617
53.22,-16.375811742625118,-2531.9137629646057
53.24,-15.814584994667223,-2521.306026182593
53.26,-14.884655042060876,-2511.820388740005
53.28,-12.746722074086588,-2503.711611894927
53.3,-10.327563096243543,-2497.4981502289716
53.32,-7.0868436132060175,-2492.879460817184
53.34,-3.2467416834313125,-2490.018293177659
53.36,0.8804562023158986,-2488.9924807147927
53.38,5.300701794208939,-2489.6171900204404
53.4,10.043848970336345,-2492.120064455688
53.42,14.543089848689988,-2494.9605874861995
53.44,18.820930421884302,-2499.0245160315985
53.46,22.64092583302805,-2502.729432957595
53.48,25.543407126677284,-2506.196932495698
53.5,27.913892468194188,-2508.7217340753577
53.52,29.232830177957975,-2509.942820083262
53.54,29.492645751640232,-2510.3369705151968
53.56,28.833350522805652,-2509.381804980185
53.58,27.25432586801837,-2507.657310045723
53.6,24.88359360630885,-2505.014520176249
53.62,21.71190727409322,-2501.630738578286
53.64,17.982109690434218,-2497.647379929432
53.66,13.686218591849764,-2494.1281689728216
53.68,9.173476635638867,-2491.242999303619
53.7,5.007572003823581,-2489.7212525458367
53.72,0.5876438682177567,-2489.208639966449
53.74,-3.2467416834313125,-2491.0401522319257
53.76,-6.795781859844352,-2494.16219713986
53.78,-9.749896215727645,-2499.488146507164
53.8,-12.172115356946337,-2506.1010215964207
53.82,-13.671184097922543,-2514.5470580223914
53.84,-14.600655473722952,-2524.147589026864
53.86,-14.884655042060876,-2534.40506747102
53.88,-14.600655473722952,-2545.0792704895775
53.9,-14.24076181328618,-2555.0033944117195
53.92,-13.95745487845272,-2563.636820271489
53.94,-13.671184097922543,-2570.948694900295
53.96,-13.386456970567767,-2576.5608588489963
53.98,-13.030596780864292,-2580.4019999917964
54.0,-12.74583909790434,-2582.5946876302246
54.02,-12.459085573313226,-2582.8728331908646
54.04,-11.821511555018704,-2581.535616525108
54.06,-11.246755565764763,-2578.3904175248244
54.08,-10.95960808707864,-2573.2700487910793
54.1,-10.327563096243543,-2566.7375361072736
54.12,-10.323105572575061,-2558.130899770344
54.14,-10.036941330933807,-2548.2409972050737
54.16,-10.323105572575061,-2536.8753360874166
54.18,-10.036941330933807,-2525.704567455909
54.2,-9.748516221451442,-2514.546969249376
54.22,-8.542707697142594,-2504.2865492190103
54.24,-7.0868436132060175,-2495.8488635204003
54.26,-4.715066823971656,-2488.966337378875
54.28,-2.056502236474547,-2483.9446889091964
54.3,1.1752252953232911,-2481.0408907095043
54.32,4.714029366001072,-2479.497103121452
54.34,8.25757169104763,-2479.7526317530487
54.36,12.121190349974308,-2481.914035985354
54.38,15.473044770930828,-2485.5041166505207
54.4,19.193265917780387,-2489.725256583347
54.42,22.257050753965256,-2494.582033826843
54.44,24.61509068488485,-2499.626594273562
54.46,26.464035543207665,-2503.8384736513635
54.48,27.25432586801837,-2507.700120222464
54.5,27.25432586801837,-2510.3249872694773
54.52,26.464035543207665,-2512.159243533381
54.54,24.61509068488485,-2513.2474274069223
54.56,21.985333982355417,-2512.719327994748
54.58,18.542550878699767,-2511.4673465758447
54.6,14.82639678352343,-2509.406132773389
54.62,10.335531185964927,-2506.822196044039
54.64,5.594114305451065,-2504.7988037667787
54.66,0.8804562023158986,-2503.180021045995
54.68,-3.5407916509312845,-2502.884117096571
54.7,-7.670002402435877,-2503.461064328876
54.72,-11.246755565764763,-2505.756394852908
54.74,-13.95745487845272,-2509.4901094107854
54.76,-16.37858851270436,-2514.5347904760897
54.78,-17.95529750739325,-2521.162903053272
54.8,-18.88494147886779,-2528.8136130953194
54.82,-18.886190540692063,-2537.127812851182
54.84,-18.51218037091729,-2545.980296732935
54.86,-17.676618605613875,-2554.102576246356
54.88,-16.74466756699448,-2561.5395248707414
54.9,-15.450194088007194,-2567.555160859776
54.92,-14.24076181328618,-2572.2116620524475
54.94,-13.030596780864292,-2575.4310562225046
54.96,-11.821511555018704,-2576.9080285310297
54.98,-10.669635971761256,-2576.562484967204
55.0,-9.169504722906979,-2574.4246714239243
55.02,-7.962073742385491,-2570.600936785336
55.04,-6.795781859844352,-2565.171680769692
55.06,-5.883609409043355,-2557.9160790958567
55.08,-5.3006884477700895,-2548.5706612043246
55.1,-5.0084793352137815,-2538.27829890212
55.12,-4.715066823971656,-2526.915383948683
55.14,-4.715066823971656,-2515.1939932187934
55.16,-4.12839439576379,-2504.6054720070965
55.18,-2.9348353893568335,-2495.2901003886273
55.2,-1.4696043894700703,-2487.265614416583
55.22,0.5876438682177567,-2480.676546054044
55.24,2.9343646428655608,-2476.420846189261
55.26,5.300701794208939,-2474.0745277865653
55.28,7.965362351675232,-2473.2055515144084
55.3,10.966982749914528,-2474.304522261371
55.32,13.619813790643926,-2476.564786243047
55.34,16.40021996490449,-2480.5211779810375
55.36,18.820930421884302,-2485.5616191853337
55.38,21.058093654456304,-2491.474844901104
55.4,22.64234456376228,-2497.4712429840315
55.42,23.95595819331301,-2503.0634303436746
55.44,24.225202716345485,-2508.3665734053284
55.46,23.569317772794935,-2512.845569124344
55.48,22.367752696396646,-2516.094935367424
55.5,20.125269455724958,-2518.4743388912116
55.52,17.330302537231745,-2520.0
55.54,13.972091940805017,-2520.0
55.56,10.043848970336345,-2519.363319619488
55.58,5.593744001644308,-2517.8077140701484
55.6,0.8804562023158986,-2516.103432802256
55.62,-3.83477421739308,-2514.9125947002253
55.64,-7.962073742385491,-2513.8582752349475
55.66,-11.821511555018704,-2514.0247481618144
55.68,-15.169432132628875,-2515.703931777127
55.7,-17.95529750739325,-2518.1563481962417
55.72,-19.81511435687814,-2521.7974887665487
55.74,-21.01797458231208,-2526.800866927753
55.76,-21.67141578372797,-2532.709347952212
55.78,-21.39969901211817,-2538.9903407078964
55.8,-20.46961222511992,-2545.8239272062606
55.82,-18.886190540692063,-2552.453664785847
55.84,-17.305661462541767,-2558.3015589653664
55.86,-15.450194088007194,-2562.9808614930726
55.88,-13.671184097922543,-2566.757851902051
55.9,-11.535555379737026,-2568.6819774147298
55.92,-9.459439443284337,-2569.295255875704
55.94,-7.379727381437949,-2568.1664938195645
55.96,-5.593580153733866,-2565.0850967377264
55.98,-3.83477421739308,-2560.448704524058
56.0,-2.348729672628277,-2554.102576246356
56.02,-1.4696043894700703,-2545.7147616533
56.04,-0.5875826945934357,-2536.3238119729494
56.06,-0.2948212320786325,-2525.704567455909
56.08,-0.0,-2514.665973864512
56.1,0.2928174851186416,-2503.9798248917878
56.12,1.1752252953232911,-2494.369195984312
56.14,2.0552393597073366,-2486.419088663185
56.16,3.5380152122674517,-2479.6786388093383
56.18,5.007902345408673,-2474.9731648646048
56.2,6.7959873447359485,-2471.63648270159
56.22,8.837140834435873,-2470.3634944560727
56.24,10.626329876939549,-2470.8086442781178
56.26,12.757750327183622,-2472.559998111428
56.28,14.543089848689988,-2475.8996099036913
56.3,16.40021996490449,-2480.8070719727502
56.32,17.89129643277905,-2486.484275094895
56.34,19.193265917780387,-2492.917888635113
56.36,20.125269455724958,-2499.704987114259
56.38,20.40074932711542,-2506.4518880322644
56.4,20.125269455724958,-2512.4376463537615
56.42,18.914396851606195,-2517.8033242830056
56.44,17.329761411330114,-2522.087547272188
56.46,14.901037442109985,-2525.242794289679
56.48,11.83239053600203,-2527.037626462988
56.5,8.255637372673162,-2528.0909286451715
56.52,4.126426621168568,-2527.646169078492
56.54,-0.0,-2526.752572593077
56.56,-4.421937033586298,-2525.3514514085127
56.58,-8.542707697142594,-2523.8965671977444
56.6,-12.459085573313226,-2522.987606755177
56.62,-16.095877564211087,-2522.670935937638
56.64,-18.88494147886779,-2523.237248507586
56.66,-20.744693540303167,-2524.6777700932544
56.68,-22.32669083228076,-2527.285308007284
56.7,-22.59916843267109,-2531.0299088552906
56.72,-22.5963001191824,-2535.1611910213487
56.74,-21.67141578372797,-2539.902671630314
56.76,-20.09180554077004,-2544.926347437832
56.78,-18.235295451647023,-2549.8684197794582
56.8,-15.814584994667223,-2554.168981841579
56.82,-13.386456970567767,-2557.6646997682005
56.84,-10.95960808707864,-2559.7914711428607
56.86,-8.251505864198588,-2560.7166916094466
56.88,-5.593580153733866,-2560.0611695038983
56.9,-3.5407916509312845,-2557.738674777089
56.92,-1.174980677476018,-2553.5309691164075
56.94,0.5876438682177567,-2548.039285775126
56.96,2.0552393597073366,-2540.9921482939385
56.98,2.9489178088316663,-2532.189649130067
57.0,3.5380152122674517,-2522.6004967403346
57.02,3.832376653668596,-2512.6815811023857
57.04,4.126426621168568,-2503.047169711188
57.06,4.714029366001072,-2493.771870458913
57.08,5.300701794208939,-2486.080730255628
57.1,6.179215123971149,-2479.6768241944
57.12,7.381416830081635,-2474.8232177523764
57.14,8.547708712622757,-2471.846794654281
57.16,9.755139693144264,-2470.095917728129
57.18,10.677785358838523,-2470.2700387723644
57.2,12.121190349974308,-2471.931118019079
57.22,13.047404302405528,-2474.8261894492266
57.24,14.256819068159809,-2479.3299585551345
57.26,15.186290443960235,-2484.9930401608017
57.28,15.8329915680474,-2491.80849253122
57.3,16.40021996490449,-2499.240650181957
57.32,16.40021996490449,-2506.383567826522
57.34,16.117599128282063,-2513.5374033527196
57.36,15.186290443960235,-2519.7403081113102
57.38,13.686218591849764,-2525.3514514085127
57.4,11.545243057315924,-2529.2618961421003
57.42,8.837140834435873,-2532.4415112833376
57.44,5.594114305451065,-2534.40506747102
57.46,2.0552393597073366,-2535.072465061686
57.48,-1.7620706429355424,-2534.7040201935006
57.5,-5.883609409043355,-2533.531916822233
57.52,-9.748516221451442,-2532.0073500231315
57.54,-13.317828845535583,-2530.655450537103
57.56,-16.37858851270436,-2529.096045937767
57.58,-19.163188787204973,-2528.2087110716247
57.6,-21.01797458231208,-2528.1541296620844
57.62,-22.32669083228076,-2529.106174862888
57.64,-22.59916843267109,-2531.0299088552906
57.66,-22.594942597729617,-2532.9078652153903
57.68,-21.67141578372797,-2536.502335186929
57.7,-20.088978564069713,-2539.6194509508377
57.72,-17.95529750739325,-2543.1635921223974
57.74,-15.169432132628875,-2546.730252549324
57.76,-12.459085573313226,-2549.7284690082747
57.78,-9.748516221451442,-2551.539443925981
57.8,-6.795781859844352,-2552.2641495880766
57.82,-3.83477421739308,-2551.606847314613
57.84,-1.174980677476018,-2549.7284690082747
57.86,1.1752252953232911,-2546.2315569860616
57.88,3.243596594124974,-2541.246481738669
57.9,4.714029366001072,-2535.008092694454
57.92,5.888685953352698,-2527.5606663884014
57.94,6.7959873447359485,-2518.70647271351
57.96,7.0897442684832805,-2510.294069367464
57.98,7.672478583443299,-2501.346529984148
58.0,7.674429078232275,-2493.102589206996
58.02,8.255637372673162,-2486.1414978118937
58.04,8.547708712622757,-2480.4135237749942
58.06,9.173476635638867,-2475.8122501603066
58.08,9.755139693144264,-2472.7843735148604
58.1,10.335531185964927,-2471.63648270159
58.12,10.677785358838523,-2471.63648270159
58.14,11.257143283953631,-2473.52629604133
58.16,11.834239889297733,-2476.770771757097
58.18,12.181475524746633,-2481.243339414271
58.2,12.757750327183622,-2486.76790383463
58.22,13.043770277644152,-2493.2793224922984
58.24,13.047404302405528,-2501.2003972630546
58.26,13.043770277644152,-2508.65798643927
58.28,12.469717153259884,-2516.2258594808845
58.3,11.545243057315924,-2522.9604765246254
58.32,10.043848970336345,-2529.136809090068
58.34,7.965362351675232,-2533.5984089982503
58.36,5.594114305451065,-2537.2915085460377
58.38,2.6421372067118303,-2539.6093240078644
58.4,-0.5875826945934357,-2540.5991188712187
58.42,-3.83477421739308,-2540.770489054475
58.44,-7.379727381437949,-2539.659892792784
58.46,-10.669635971761256,-2537.9236618532905
58.48,-13.95745487845272,-2536.134602083523
58.5,-16.74466756699448,-2533.7347149245343
58.52,-19.163188787204973,-2532.120312177091
58.54,-20.744693540303167,-2531.0397952166763
58.56,-21.67141578372797,-2530.502087486536
58.58,-22.055290862790766,-2531.0299088552906
58.6,-21.67141578372797,-2531.8455189317383
58.62,-20.46961222511992,-2533.553995836148
58.64,-18.88494147886779,-2535.744079281896
58.66,-16.37858851270436,-2537.7134689208965
58.68,-13.954730687445927,-2540.355797220892
58.7,-10.95960808707864,-2542.359667423122
58.72,-7.670002402435877,-2543.9745260135164
58.74,-4.715066823971656,-2544.298750005807
58.76,-1.4696043894700703,-2543.972883167487
58.78,1.1752252953232911,-2541.926106728746
58.8,3.5380152122674517,-2539.0829408214654
58.82,5.884740992293049,-2534.45455997837
58.84,7.381416830081635,-2529.096045937767
58.86,8.547708712622757,-2522.466361478244
58.88,9.464387614689235,-2515.222358354378
58.9,9.755793700426654,-2507.4528308434888
58.92,10.045074413521604,-2499.7250325453188
58.94,10.04764392930604,-2492.503592697436
58.96,10.04764392930604,-2486.5966172368853
58.98,10.04764392930604,-2481.4153302683976
59.0,10.335531185964927,-2477.6453964898774
59.02,10.335531185964927,-2474.972688123862
59.04,10.335531185964927,-2474.2450814348854
59.06,10.335531185964927,-2474.684343867245
59.08,10.335531185964927,-2476.685902839785
59.1,10.335531185964927,-2480.1034655856847
59.12,10.335531185964927,-2484.7173281016803
59.14,10.335531185964927,-2490.7070881778727
59.16,10.335531185964927,-2497.598239228591
59.18,10.04764392930604,-2505.0449302460765
59.2,9.755793700426654,-2512.962373537012
59.22,9.173476635638867,-2520.403794081629
59.24,8.25757169104763,-2527.020248479312
59.26,6.7959873447359485,-2533.1865663463905
59.28,5.007572003823581,-2538.073144951723
59.3,2.6421372067118303,-2541.6167360574486
59.32,-0.0,-2543.9364558772845
59.34,-2.642907207023991,-2544.763422114592
59.36,-5.883609409043355,-2544.6665229298696
59.38,-8.878752644451971,-2543.6471735194455
59.4,-11.821511555018704,-2541.350947998392
59.42,-14.600655473722952,-2539.131830033448
59.44,-17.02612094639608,-2536.7389457221975
59.46,-18.886190540692063,-2534.100232734166
59.48,-20.09180554077004,-2532.0300251411004
59.5,-20.744693540303167,-2530.449357824105
59.52,-20.744693540303167,-2530.025609751181
59.54,-20.09180554077004,-2530.025609751181
59.56,-18.88494147886779,-2530.5146254760734
59.58,-16.74466756699448,-2531.7157374887374
59.6,-14.24076181328618,-2533.3203988289647
59.62,-11.535555379737026,-2534.8146168995563
59.64,-8.587841665401635,-2536.4421540108647
59.66,-5.3006884477700895,-2537.636368825966
59.68,-2.056502236474547,-2537.968977134207
59.7,0.8804562023158986,-2537.514040003052
59.72,3.5380152122674517,-2535.6752936468074
59.74,6.179215123971149,-2533.0929476643623
59.76,8.255637372673162,-2528.9998765792348
59.78,9.755139693144264,-2524.053576433468
59.8,10.677785358838523,-2518.323214142472
59.82,11.545243057315924,-2511.965571964199
59.84,11.545243057315924,-2505.1099206575645
59.86,11.545243057315924,-2498.4991295615446
59.88,11.545243057315924,-2492.252770849188
59.9,11.25527094199852,-2486.5537248918654
59.92,10.966982749914528,-2482.482444246152
59.94,10.62257630117109,-2479.6624591256814
59.96,10.04764392930604,-2477.731228188768
59.98,9.755793700426654,-2477.6101282385503
60.0,9.464387614689235,-2478.7634088769178
60.02,9.173476635638867,-2481.0656995371505
60.04,8.881794343594162,-2484.9930401608017
60.06,8.837140834435873,-2490.2571184792146
60.08,8.547708712622757,-2496.10804403718
60.1,8.25757169104763,-2503.263629254734
60.12,7.965362351675232,-2510.9796431824398
60.14,7.674429078232275,-2518.18313764534
60.16,6.7959873447359485,-2525.087405299774
60.18,5.884740992293049,-2531.624280887535
60.2,4.126426621168568,-2536.8541536875578
60.22,2.3592579464033006,-2541.1822203837623
60.24,0.2928174851186416,-2543.972883167487
60.26,-2.348729672628277,-2545.7147616533
60.28,-4.715066823971656,-2546.288817055496
60.3,-7.670002402435877,-2545.2502763720445
60.32,-10.036941330933807,-2543.972883167487
60.34,-12.746722074086588,-2541.4488225602045
60.36,-14.884655042060876,-2538.823605533409
60.38,-17.02612094639608,-2536.1354459928475
60.4,-18.235295451647023,-2533.567717172828
60.42,-19.16288784764305,-2531.462283636879
60.44,-19.53963448548767,-2530.028841878113
60.46,-18.886190540692063,-2529.136809090068
60.48,-17.95529750739325,-2528.5736224415864
60.5,-16.37858851270436,-2528.8186644415473
60.52,-14.24076181328618,-2529.6283952813715
60.54,-11.535555379737026,-2530.909554041957
60.56,-8.878752644451971,-2532.032307092265
60.58,-5.593580153733866,-2533.252004288044
60.6,-2.642907207023991,-2534.01326395212
60.62,0.2928174851186416,-2533.8469196573046
60.64,3.228542177261274,-2533.0680746674257
60.66,5.884740992293049,-2531.0277461211035
60.68,7.965362351675232,-2528.3709444467
60.7,9.755139693144264,-2524.181142952896
60.72,10.966982749914528,-2519.592728274557
60.74,11.834239889297733,-2514.2655013584044
60.76,12.121190349974308,-2508.509664933163
60.78,12.121190349974308,-2502.2910359564994
60.8,11.834239889297733,-2496.5145347996763
60.82,11.545243057315924,-2491.4005843194855
60.84,10.966982749914528,-2486.9948119297514
60.86,10.62257630117109,-2483.7463453975715
60.88,10.045074413521604,-2481.5849842574385
60.9,9.464387614689235,-2480.597246582723
60.92,8.839057896820973,-2481.4426527188607
60.94,8.25757169104763,-2483.0005432162375
60.96,7.965362351675232,-2486.2455377524893
60.98,7.381416830081635,-2490.3678905292018
61.0,7.0897442684832805,-2496.3395941274553
61.02,6.7959873447359485,-2502.459661918468
61.04,6.503633361455833,-2509.55409775802
61.06,6.179215123971149,-2516.623831367342
61.08,5.594114305451065,-2523.641189209525
61.1,4.714029366001072,-2530.028841878113
61.12,3.5380152122674517,-2535.5420325452897
61.14,1.7626207458944094,-2540.240937697872
61.16,-0.0,-2543.400798786248
61.18,-2.056502236474547,-2545.4555894161986
61.2,-4.421937033586298,-2546.5628481444296
61.22,-6.795781859844352,-2546.1551699288475
61.24,-9.169504722906979,-2545.0473495508013
61.26,-11.246755565764763,-2543.0343208207146
61.28,-13.386456970567767,-2540.4508167717368
61.3,-15.169432132628875,-2537.880926020336
61.32,-16.74466756699448,-2534.8446370093643
61.34,-17.676618605613875,-2532.353733292858
61.36,-17.95529750739325,-2530.182779834136
61.38,-17.676618605613875,-2528.659050995297
61.4,-17.02612094639608,-2527.5606663884014
61.42,-15.450194088007194,-2527.154840378151
61.44,-13.671184097922543,-2527.1533957830475
61.46,-11.246755565764763,-2527.91083813981
61.48,-8.878752644451971,-2528.7358063674064
61.5,-5.883609409043355,-2529.5625518379125
61.52,-2.952380242030185,-2530.32717138776
61.54,-0.0,-2530.4378101022417
61.56,2.9343646428655608,-2530.14834713618
61.58,5.300701794208939,-2528.7328422627143
61.6,7.672478583443299,-2526.5445825458264
61.62,9.464387614689235,-2523.6514884902376
61.64,10.677785358838523,-2520.0
61.66,11.545243057315924,-2515.3165192213196
61.68,12.121190349974308,-2510.493471488093
61.7,12.181475524746633,-2505.155362990636
61.72,12.121190349974308,-2499.914784735279
61.74,11.545243057315924,-2495.0648110414754
61.76,11.25527094199852,-2490.8876493170847
61.78,10.335531185964927,-2487.618554851895
61.8,9.755139693144264,-2485.095384691989
61.82,9.173476635638867,-2484.416741284292
61.84,8.25757169104763,-2484.1911525387745
61.86,7.674429078232275,-2485.5041166505207
61.88,7.0897442684832805,-2488.2091781059607
61.9,6.473164345279045,-2492.199360267164
61.92,6.179215123971149,-2496.9664735655756
61.94,5.594114305451065,-2502.729432957595
61.96,5.300701794208939,-2509.155824807771
61.98,5.007572003823581,-2515.8188570471043
62.0,4.420409187630363,-2522.5988045156364
62.02,3.522460338180636,-2528.73721988485
62.04,2.349706919535912,-2534.40506747102
62.06,1.1752252953232911,-2539.032863667751
62.08,-0.2948212320786325,-2542.2925170240137
62.1,-2.056502236474547,-2544.5568121436354
62.12,-4.12839439576379,-2545.9802544343543
62.14,-6.210352374498681,-2545.889366881736
62.16,-8.251505864198588,-2545.3380426676367
62.18,-10.381347779677265,-2543.536608841518
62.2,-12.172115356946337,-2541.0330500694813
62.22,-13.954730687445927,-2538.3670734873945
62.24,-15.168400255323249,-2535.3456502784734
62.26,-16.095877564211087,-2532.7642672296574
62.28,-16.37858851270436,-2530.3853828817805
62.3,-16.375811742625118,-2528.576386209116
62.32,-15.450194088007194,-2527.0014879001574
62.34,-14.242513332910896,-2525.8556567809032
62.36,-12.746722074086588,-2525.73758055942
62.38,-10.669635971761256,-2525.8582213468594
62.4,-8.251505864198588,-2526.126233603988
62.42,-5.593580153733866,-2526.8655800909214
62.44,-2.952380242030185,-2527.439102916077
62.46,-0.0,-2527.5606663884014
62.48,2.6421372067118303,-2527.1418361576684
62.5,5.007902345408673,-2526.5445825458264
62.52,7.0897442684832805,-2524.838604370255
62.54,8.881794343594162,-2522.486378960477
62.56,10.335531185964927,-2519.6101429820696
62.58,11.257143283953631,-2515.7248074396925
62.6,11.834239889297733,-2511.3849211154775
62.62,12.121190349974308,-2506.8929439961985
62.64,11.834239889297733,-2502.5170068790044
62.66,11.545243057315924,-2498.0370927951826
62.68,10.966982749914528,-2494.239358158376
62.7,10.335531185964927,-2491.043119668441
62.72,9.464387614689235,-2488.7143798855486
62.74,8.547708712622757,-2487.748149072996
62.76,7.965362351675232,-2487.7262373044273
62.78,7.0897442684832805,-2488.650142222245
62.8,6.469244379280638,-2490.9836073129495
62.82,5.884740992293049,-2494.2973228967257
62.84,5.300701794208939,-2498.712026394216
62.86,4.714029366001072,-2503.875441242797
62.88,4.420409187630363,-2509.761568788871
62.9,3.832376653668596,-2516.1211863894664
62.92,3.243596594124974,-2522.2199094323146
62.94,2.6421372067118303,-2528.055080044433
62.96,1.7626207458944094,-2533.3217337563124
62.98,0.5876438682177567,-2537.6574349861144
63.0,-0.8823363410391619,-2541.1822203837623
63.02,-2.348729672628277,-2543.409400245155
63.04,-4.12839439576379,-2544.9351889585246
63.06,-5.883609409043355,-2545.13068021626
63.08,-7.670002402435877,-2544.281360473798
63.1,-9.459439443284337,-2543.0367924373395
63.12,-11.246755565764763,-2540.870298853276
63.14,-12.744956288514755,-2538.266903966344
63.16,-13.671184097922543,-2535.604105956628
63.18,-14.600655473722952,-2533.0465199211794
63.2,-14.884655042060876,-2530.3081345086184
63.22,-14.884655042060876,-2528.1701675136815
63.24,-14.24076181328618,-2526.3920530089986
63.26,-13.030596780864292,-2525.5596740149167
63.28,-11.535555379737026,-2524.6767248826886
63.3,-9.749896215727645,-2524.5378342504214
63.32,-7.670002402435877,-2524.660997911282
63.34,-5.008109031407025,-2524.806006781206
63.36,-2.642907207023991,-2525.302925914439
63.38,-0.0,-2525.300240887968
63.4,2.6421372067118303,-2525.0794466637303
63.42,5.007572003823581,-2524.544937188493
63.44,6.7959873447359485,-2523.002180417794
63.46,8.547708712622757,-2521.3087958915926
63.48,10.043848970336345,-2518.705680277928
63.5,10.966982749914528,-2515.5840896957516
63.52,11.545243057315924,-2511.965571964199
63.54,11.545243057315924,-2507.9926499768685
63.56,11.545243057315924,-2504.1628331040383
63.58,10.966982749914528,-2500.18874455496
63.6,10.62257630117109,-2496.925431480505
63.62,9.755793700426654,-2494.0047817992654
63.64,8.881794343594162,-2491.80849253122
63.66,8.25757169104763,-2491.05637521574
63.68,7.381416830081635,-2490.9869621487305
63.7,6.503633361455833,-2491.80849253122
63.72,5.884740992293049,-2494.16219713986
63.74,5.007902345408673,-2496.9643594299505
63.76,4.420409187630363,-2500.7214161301854
63.78,3.832376653668596,-2505.6895359176915
63.8,3.5380152122674517,-2510.9796431824398
63.82,2.9489178088316663,-2516.6162905144606
63.84,2.349706919535912,-2522.230818588155
63.86,1.7626207458944094,-2527.5606663884014
63.88,0.8804562023158986,-2532.4011710429963
63.9,0.3917625784506229,-2536.572168204328
63.92,-1.4696043894700703,-2539.7799144982846
63.94,-2.642907207023991,-2542.095735481833
63.96,-4.421606760795467,-2543.18756267774
63.98,-5.883609409043355,-2543.75359219328
64.0,-7.379727381437949,-2543.125278124377
64.02,-8.878752644451971,-2541.8781537496184
64.04,-10.327563096243543,-2539.656469136988
64.06,-11.535555379737026,-2537.5314134418086
64.08,-12.459085573313226,-2534.9189215629076
64.1,-13.030596780864292,-2532.5001410475315
64.12,-13.386456970567767,-2530.0279797521616
64.14,-13.386456970567767,-2528.0477085949365
64.16,-12.74583909790434,-2526.247988238604
64.18,-11.821511555018704,-2524.960597035113
64.2,-10.327563096243543,-2524.147589026864
64.22,-8.587841665401635,-2523.645939193309
64.24,-6.466825703436064,-2523.3489821975895
64.26,-4.421937033586298,-2523.498180876753
64.28,-2.056502236474547,-2523.645939193309
64.3,0.2928174851186416,-2523.5328506592086
64.32000000000001,2.6421372067118303,-2523.237248507586
64.34,4.714029366001072,-2522.5988045156364
64.36,6.503633361455833,-2521.5902131433318
64.38,8.255637372673162,-2520.0
64.4,9.464387614689235,-2517.8033242830056
64.42,10.335531185964927,-2515.044153171167
64.44,10.677785358838523,-2512.034898184974
64.46000000000001,10.966982749914528,-2508.5839583567836
64.48,10.966982749914528,-2505.155362990636
64.5,10.335531185964927,-2501.89952351482
64.52,10.043848970336345,-2498.955691626588
64.54,9.173476635638867,-2496.852503507957
64.56,8.547708712622757,-2494.9605874861995
64.58,7.674429078232275,-2493.7978308857173
64.6,6.7630862719034415,-2494.239358158376
64.62,5.888685953352698,-2495.0648110414754
64.64,5.300701794208939,-2497.0096432336586
64.66,4.420409187630363,-2499.7986074166784
64.68,3.832376653668596,-2503.463731139887
64.7,3.243596594124974,-2507.9699748589
64.72,2.9343646428655608,-2512.8590698780904
64.74,2.349706919535912,-2517.8020416618774
64.76,1.7626207458944094,-2522.745138844391
64.78,1.1752252953232911,-2527.5606663884014
64.8,0.2928174851186416,-2532.0333388307954
64.82000000000001,-0.5875826945934357,-2535.744079281896
64.84,-1.7620706429355424,-2538.395264085996
64.86,-2.9348353893568335,-2540.4508167717368
64.88,-4.421937033586298,-2541.4908001396298
64.9,-5.593580153733866,-2541.9699724650404
64.92,-7.0868436132060175,-2541.5114174527366
64.94,-8.542707697142594,-2540.0944551525126
64.96000000000001,-9.748516221451442,-2538.456466526335
64.98,-10.669635971761256,-2536.4043708551735
65.0,-11.535555379737026,-2533.9402865360566
65.02,-11.821511555018704,-2531.4766842134054
65.04,-12.172115356946337,-2529.3839492576735
65.06,-11.821511555018704,-2527.4231396191735
65.08,-11.246755565764763,-2525.73758055942
65.1,-10.381347779677265,-2524.649884354003
65.12,-8.878752644451971,-2523.505963564424
65.14,-7.379727381437949,-2522.97754644678
65.16,-5.593580153733866,-2522.7408481528887
65.18,-3.5407916509312845,-2522.466361478244
65.2,-1.4696043894700703,-2522.1966757169944
65.22,0.5876438682177567,-2522.1922859298516
65.24,2.6421372067118303,-2521.84010538426
65.26,4.714029366001072,-2521.0476165731843
65.28,6.179215123971149,-2520.0
65.3,7.674429078232275,-2518.5692949443314
65.32000000000001,8.881794343594162,-2516.719224797439
65.34,9.755139693144264,-2514.4403259850833
65.36,10.045074413521604,-2511.6665537842773
65.38,10.335531185964927,-2508.8744216648583
65.4,10.04764392930604,-2506.109859073536
65.42,9.755139693144264,-2503.3557896155844
65.44,9.173476635638867,-2500.979945277508
65.46000000000001,8.547708712622757,-2498.828785998753
65.48,7.674429078232275,-2497.60249402166
65.5,7.087778709337704,-2496.925431480505
65.52,6.179215123971149,-2497.598239228591
65.54,5.300701794208939,-2498.4479310824645
65.56,4.714029366001072,-2500.400092334663
65.58,3.832376653668596,-2502.7293749144847
65.6,3.243596594124974,-2506.2037330605845
65.62,2.9343646428655608,-2510.2155980806365
65.64,2.349706919535912,-2514.4165997100586
65.66,1.7626207458944094,-2518.9361590630174
65.68,1.1752252953232911,-2523.237248507586
65.7,0.2928174851186416,-2527.5606663884014
65.72,-0.2948212320786325,-2531.14640930138
65.74,-1.174980677476018,-2534.40506747102
65.76,-2.348729672628277,-2536.7127772846084
65.78,-3.2467416834313125,-2538.9620147119053
65.8,-4.421937033586298,-2539.657898340103
65.82000000000001,-5.593580153733866,-2539.8302898816346
65.84,-6.795781859844352,-2539.341020374709
65.86,-7.962073742385491,-2538.2424293063596
65.88,-8.878752644451971,-2536.8220117409846
65.9,-9.749896215727645,-2534.8146168995563
65.92,-10.381347779677265,-2532.8437901733214
65.94,-10.669635971761256,-2530.5775261133313
65.96000000000001,-10.669635971761256,-2528.9831668999736
65.98,-10.327563096243543,-2526.752572593077
66.0,-9.749896215727645,-2525.293234739711
66.02,-8.878752644451971,-2524.0104919251
66.04,-7.670002402435877,-2523.098730756869
66.06,-6.210352374498681,-2522.319277444717
66.08,-4.715066823971656,-2521.7988220966567
66.1,-2.642907207023991,-2521.452415266703
66.12,-0.8823363410391619,-2521.4520168332724
66.14,1.1732176648307189,-2521.0406260705804
66.16,2.9343646428655608,-2520.7544492389857
66.18,4.420409187630363,-2520.0
66.2,5.888685953352698,-2518.972540803307
66.22,7.0897442684832805,-2517.5399148983142
66.24,8.25757169104763,-2515.875398910869
66.26,8.839057896820973,-2513.737331562683
66.28,9.173476635638867,-2511.5933881473075
66.3,9.464387614689235,-2509.093462112697
66.32000000000001,9.173476635638867,-2506.56729406902
66.34,8.839057896820973,-2504.5795503633026
66.36,8.25757169104763,-2502.5876195688847
66.38,7.674429078232275,-2501.345845846069
66.4,7.0897442684832805,-2500.400092334663
66.42,6.179215123971149,-2500.0117295681575
66.44,5.594114305451065,-2500.400092334663
66.46000000000001,5.007572003823581,-2501.590959434249
66.48,4.126426621168568,-2503.1533994715915
66.5,3.5380152122674517,-2505.94908497452
66.52,2.9363609058502638,-2508.9222274913486
66.54,2.349706919535912,-2512.5608334044327
66.56,1.7626207458944094,-2516.103432802256
66.58,1.1752252953232911,-2520.0
66.6,0.5876438682177567,-2523.8965671977444
66.62,-0.0,-2527.5606663884014
66.64,-0.8823363410391619,-2530.740353591249
66.66,-1.7620706429355424,-2533.6002017718974
66.68,-2.657961623887691,-2535.5470160963505
66.7,-3.5407916509312845,-2537.127812851182
66.72,-4.715066823971656,-2537.7128079840886
66.74,-5.593580153733866,-2537.826793954921
66.76,-6.466825703436064,-2537.408393809293
66.78,-7.379727381437949,-2536.406910062889
66.8,-8.251505864198588,-2534.9512954154175
66.82000000000001,-8.878752644451971,-2533.4391009812384
66.84,-9.459439443284337,-2531.479707611413
66.86,-9.459439443284337,-2529.6265709457675
66.88,-9.459439443284337,-2527.773884416577
66.9,-9.169504722906979,-2526.314716621457
66.92,-8.251505864198588,-2524.9039599468724
66.94,-7.379727381437949,-2523.857294396451
66.96000000000001,-6.210352374498681,-2522.8168922585173
66.98,-5.008109031407025,-2522.0621991858925
67.0,-3.5407916509312845,-2521.4136997264486
67.02,-2.056502236474547,-2521.162996137689
67.04,-0.2948212320786325,-2520.512701762236
67.06,1.4679713112764452,-2520.0
67.08,2.9363609058502638,-2519.6483905686596
67.1,4.420409187630363,-2518.852227528425
67.12,5.594114305451065,-2517.8033242830056
67.14,6.7630862719034415,-2516.527438270995
67.16,7.381416830081635,-2515.081299037631
67.18,7.965362351675232,-2513.2474274069223
67.2,8.25757169104763,-2511.3849211154775
67.22,8.25757169104763,-2509.276226352254
67.24,8.25757169104763,-2507.4528308434888
67.26,7.965362351675232,-2505.8076725062474
67.28,7.381416830081635,-2504.405292748571
67.3,6.7959873447359485,-2503.4286903408342
67.32000000000001,6.179215123971149,-2502.988415885852
67.34,5.594114305451065,-2502.5995956311326
67.36,5.007572003823581,-2503.3557896155844
67.38,4.126426621168568,-2504.771427808331
67.4,3.5380152122674517,-2506.4518880322644
67.42,2.9489178088316663,-2508.641069858141
67.44,2.349706919535912,-2511.5429862606657
67.46000000000001,1.7626207458944094,-2514.652602535203
67.48,1.1752252953232911,-2517.906715187975
67.5,0.8804562023158986,-2521.1650033103138
67.52,-0.0,-2524.329615620321
67.54,-0.5875826945934357,-2527.5606663884014
67.56,-1.174980677476018,-2530.0279797521616
67.58,-2.056502236474547,-2532.0300251411004
67.6,-2.952380242030185,-2534.127235275352
67.62,-3.83477421739308,-2535.1611910213487
67.64,-4.715066823971656,-2535.5420325452897
67.66,-5.299106022055767,-2535.606260331995
67.68,-6.1774513016661565,-2535.3007143859486
67.7,-7.0868436132060175,-2534.40506747102
67.72,-7.670002402435877,-2532.9078652153903
67.74,-7.962073742385491,-2531.61997863949
67.76,-8.251505864198588,-2530.031874059892
67.78,-8.251505864198588,-2528.45390317408
67.8,-7.962073742385491,-2527.0014879001574
67.82000000000001,-7.670002402435877,-2525.5596740149167
67.84,-7.0868436132060175,-2524.3976750506886
67.86,-6.1774513016661565,-2523.109451205124
67.88,-5.0084793352137815,-2522.2096710612195
67.9,-3.83477421739308,-2521.5572936444646
67.92,-2.642907207023991,-2521.0219637504074
67.94,-1.174980677476018,-2520.407271725443
67.96000000000001,0.2928174851186416,-2520.0
67.98,1.7626207458944094,-2519.362289668555
68.0,2.9363609058502638,-2518.5706620124465
68.02,4.126426621168568,-2517.9128578713344
68.04,5.300701794208939,-2516.9000788581175
68.06,6.179215123971149,-2515.7248074396925
68.08,6.7630862719034415,-2514.5347904760897
68.1,7.0897442684832805,-2512.979771708008
68.12,7.381416830081635,-2511.344638508893
68.14,7.381416830081635,-2509.921947339248
68.16,7.381416830081635,-2508.3896647175825
68.18,6.7959873447359485,-2507.205973805476
68.2,6.473164345279045,-2506.109859073536
68.22,6.179215123971149,-2505.4453950928328
68.24,5.594114305451065,-2505.4387284027734
68.26,5.007572003823581,-2505.555354489889
68.28,4.420409187630363,-2506.3595854675887
68.3,3.832376653668596,-2507.701747951962
68.32000000000001,3.228542177261274,-2509.131112902585
68.34,2.6421372067118303,-2511.263765095107
68.36,2.0552393597073366,-2513.6506324851534
68.38,1.4679713112764452,-2516.380190561434
68.4,0.8804562023158986,-2519.367029839661
68.42,0.2928174851186416,-2522.052087468668
68.44,-0.2948212320786325,-2524.667790604577
68.46000000000001,-0.8823363410391619,-2527.0325013420606
68.48,-1.4696043894700703,-2529.4208340178
68.5,-2.348729672628277,-2531.14640930138
68.52,-2.9348353893568335,-2532.1665784772654
68.54,-3.83477421739308,-2533.0680746674257
68.56,-4.421937033586298,-2533.4847614928926
68.58,-5.3006884477700895,-2533.4322528868656
68.60000000000001,-5.883609409043355,-2532.8566729529807
68.62,-6.1774513016661565,-2532.285748617352
68.64,-6.795781859844352,-2531.200548267469
68.66,-7.0868436132060175,-2530.14834713618
68.68,-7.0868436132060175,-2528.7311031673353
68.7,-7.0868436132060175,-2527.5606663884014
68.72,-6.795781859844352,-2526.1962962223365
68.74,-6.1774513016661565,-2525.0532857709377
68.76,-5.593580153733866,-2523.641189209525
68.78,-4.715066823971656,-2522.6299623867035
68.8,-3.83477421739308,-2521.698143284152
68.82000000000001,-2.952380242030185,-2521.1650033103138
68.84,-1.7620706429355424,-2520.512701762236
68.86,-0.5875826945934357,-2519.637263932302
68.88,0.5876438682177567,-2519.2208103794264
68.9,1.7626207458944094,-2518.705099493327
68.92,2.9363609058502638,-2517.6700357741447
68.94,3.832376653668596,-2516.9978195822055
68.96000000000001,4.714029366001072,-2516.216771431012
68.98,5.300701794208939,-2515.282913919771
69.0,5.888685953352698,-2513.8737663960123
69.02,6.179215123971149,-2512.8590698780904
69.04,6.469244379280638,-2511.5429862606657
69.06,6.469244379280638,-2510.369550506168
69.08,6.179215123971149,-2509.55409775802
69.10000000000001,5.888685953352698,-2508.641069858141
69.12,5.594114305451065,-2507.8595432651377
69.14,5.300701794208939,-2507.8595432651377
69.16,4.714029366001072,-2507.8206993231174
69.18,4.126426621168568,-2508.2274968805255
69.2,3.832376653668596,-2509.173934257049
69.22,3.228542177261274,-2510.493471488093
69.24,2.6421372067118303,-2512.0699228883163
69.26,2.0552393597073366,-2513.9283022936024
69.28,1.4679713112764452,-2515.946423566532
69.3,1.1752252953232911,-2518.149521754028
69.32000000000001,0.5876438682177567,-2520.512049340718
69.34,-0.0,-2522.745138844391
69.36,-0.5875826945934357,-2524.8907284863044
69.38,-1.174980677476018,-2526.583375239589
69.4,-1.7620706429355424,-2528.32943355062
69.42,-2.348729672628277,-2529.5007733261014
69.44,-2.9348353893568335,-2530.5790752562298
69.46000000000001,-3.5407916509312845,-2531.267143448716
69.48,-4.421937033586298,-2531.190457336236
69.5,-4.715066823971656,-2531.2113503458413
69.52,-5.3006884477700895,-2530.909554041957
69.54,-5.593580153733866,-2530.3933479222937
69.56,-5.883609409043355,-2529.2618961421003
69.58,-5.883609409043355,-2528.45390317408
69.60000000000001,-5.883609409043355,-2527.268142590028
69.62,-5.593580153733866,-2526.257816808091
69.64,-5.303050983115416,-2525.324866996307
69.66,-5.008109031407025,-2524.281972911582
69.68,-4.421937033586298,-2523.245687410282
69.7,-3.5407916509312845,-2522.352453277904
69.72,-2.952380242030185,-2521.4520168332724
69.74,-2.056502236474547,-2520.759964262536
69.76,-0.8823363410391619,-2520.0
69.78,-0.0,-2519.2225632663462
69.8,0.8804562023158986,-2518.705099493327
69.82000000000001,1.7626207458944094,-2517.9022006671426
69.84,2.6421372067118303,-2517.2320673687364
69.86,3.522460338180636,-2516.4768766351526
69.88,4.126426621168568,-2515.603965188244
69.9,4.714029366001072,-2514.703356657245
69.92,5.007902345408673,-2513.8582752349475
69.94,5.300701794208939,-2512.9983298106263
69.96000000000001,5.300701794208939,-2512.152038120492
69.98,5.300701794208939,-2511.3849211154775
70.0,5.300701794208939,-2510.578153379141
70.02,5.007572003823581,-2510.0457906633465
70.04,4.714029366001072,-2509.761568788871
70.06,4.420409187630363,-2510.0642254116287
70.08,3.832376653668596,-2510.369550506168
70.10000000000001,3.5380152122674517,-2510.984276891512
70.12,2.9489178088316663,-2511.843080432164
70.14,2.6421372067118303,-2513.2474274069223
70.16,2.0552393597073366,-2514.637289624981
70.18,1.7626207458944094,-2515.9525530346846
70.2,1.1752252953232911,-2517.8033242830056
70.22,0.5876438682177567,-2519.506759416363
70.24,0.2928174851186416,-2521.411635476949
70.26,-0.2948212320786325,-2523.109451205124
70.28,-0.8823363410391619,-2524.6874611005087
70.3,-1.4696043894700703,-2526.1065757407023
70.32000000000001,-2.056502236474547,-2527.037626462988
70.34,-2.35072593561298,-2528.055080044433
70.36,-2.952380242030185,-2528.9831668999736
70.38,-3.5407916509312845,-2529.106174862888
70.4,-3.83477421739308,-2529.218173554288
70.42,-4.421937033586298,-2528.8136130953194
70.44,-4.715066823971656,-2528.576386209116
70.46000000000001,-4.715066823971656,-2528.453161996809
70.48,-5.008109031407025,-2527.771386829299
70.5,-5.008109031407025,-2526.7937681700128
70.52,-4.715066823971656,-2526.126233603988
70.54,-4.715066823971656,-2525.229213177568
70.56,-4.12839439576379,-2524.2881693031413
70.58,-3.83477421739308,-2523.498180876753
70.60000000000001,-3.2467416834313125,-2522.697636666063
70.62,-2.657961623887691,-2521.593237221058
70.64,-2.056502236474547,-2521.0219637504074
70.66,-1.174980677476018,-2520.2847770428166
70.68,-0.5875826945934357,-2519.367029839661
70.7,0.2928174851186416,-2518.8517703358493
70.72,1.1752252953232911,-2518.149521754028
70.74,1.7626207458944094,-2517.5222903335703
70.76,2.349706919535912,-2517.0058065060834
70.78,2.9363609058502638,-2516.266593701468
70.8,3.522460338180636,-2515.346229424372
70.82000000000001,3.832376653668596,-2514.9205533362697
70.84,4.126426621168568,-2514.3078600226804
70.86,4.420409187630363,-2513.728982907359
70.88,4.420409187630363,-2513.1197359168073
70.9,4.420409187630363,-2512.712382549161
70.92,4.126426621168568,-2512.2742612360094
70.94,4.126426621168568,-2512.050043372968
70.96000000000001,3.832376653668596,-2511.9668312455847
70.98,3.5380152122674517,-2512.438508771758
71.0,3.243596594124974,-2512.8590698780904
71.02,2.9343646428655608,-2513.368866113437
71.04,2.349706919535912,-2514.521611377503
71.06,2.0552393597073366,-2515.44376518252
71.08,1.7626207458944094,-2516.509860357566
71.10000000000001,1.1752252953232911,-2517.804902500525
71.12,0.8804562023158986,-2519.367029839661
71.14,0.2928174851186416,-2520.512701762236
71.16,-0.0,-2521.6997554077266
71.18,-0.5875826945934357,-2523.100080596514
71.2,-0.8823363410391619,-2524.053576433468
71.22,-1.4696043894700703,-2525.302925914439
71.24,-1.7640719492986288,-2525.7932619482526
71.26,-2.363282838594383,-2526.752572593077
71.28,-2.642907207023991,-2526.752572593077
71.3,-2.952380242030185,-2527.020248479312
71.32000000000001,-3.2467416834313125,-2527.1418361576684
71.34,-3.5407916509312845,-2527.001040023319
71.36,-3.83477421739308,-2526.7588831332614
71.38,-3.83477421739308,-2526.631595740525
71.4,-3.83477421739308,-2526.066736267636
71.42,-3.83477421739308,-2525.209109629628
71.44,-3.5407916509312845,-2524.7928860191328
71.46000000000001,-3.2467416834313125,-2524.0279304666724
71.48,-2.952380242030185,-2523.3489821975895
71.5,-2.642907207023991,-2522.697636666063
71.52,-2.348729672628277,-2521.84297903276
71.54,-1.7620706429355424,-2521.162903053272
71.56,-1.174980677476018,-2520.4857680882387
71.58,-0.5875826945934357,-2520.0
71.60000000000001,0.3917625784506229,-2519.2225632663462
71.62,0.5876438682177567,-2518.423088791086
71.64,0.8804562023158986,-2517.903890274986
71.66,1.4679713112764452,-2517.4190791167234
71.68,2.0552393597073366,-2516.8697833096057
71.7,2.349706919535912,-2516.239988521589
71.72,2.6541921432942748,-2515.7248074396925
71.74,2.9489178088316663,-2515.1939932187934
71.76,3.228542177261274,-2514.9205533362697
71.78,3.243596594124974,-2514.9125947002253
71.8,3.243596594124974,-2514.417671764829
71.82000000000001,3.243596594124974,-2514.147104871472
71.84,3.243596594124974,-2514.01491801813
71.86,2.9489178088316663,-2514.016713068808
71.88,2.9363609058502638,-2514.3846529645093
71.9,2.6421372067118303,-2514.6258366722927
71.92,2.3592579464033006,-2515.0522553092114
71.94,2.0552393597073366,-2515.7248074396925
71.96000000000001,1.7626207458944094,-2516.509860357566
71.98,1.4679713112764452,-2517.4190791167234
72.0,1.1752252953232911,-2518.300244592273
72.02,0.8804562023158986,-2519.367029839661
72.04,0.5876438682177567,-2520.0
72.06,-0.0,-2521.1650033103138
72.08,-0.2948212320786325,-2521.9399787185575
72.1,-0.5875826945934357,-2522.745138844391
72.12,-0.8823363410391619,-2523.39311022271
72.14,-1.4696043894700703,-2524.053576433468
72.15999999999998,-1.7620706429355424,-2524.7828576463908
72.18,-2.056502236474547,-2525.0239366058086
72.2,-2.348729672628277,-2525.302925914439
72.22,-2.35072593561298,-2525.455391266644
72.23999999999998,-2.657961623887691,-2525.2913200977646
72.26,-2.657961623887691,-2525.351422381603
72.28,-2.952380242030185,-2524.9272734228502
72.29999999999998,-2.952380242030185,-2524.690890855328
72.32,-2.642907207023991,-2524.3976750506886
72.34,-2.657961623887691,-2523.7824132237793
72.36,-2.35072593561298,-2523.505963564424
72.37999999999998,-2.348729672628277,-2522.9654076873508
72.4,-2.056502236474547,-2522.188613682284
72.42,-1.7620706429355424,-2521.449630522736
72.43999999999998,-1.4696043894700703,-2521.1650033103138
72.46,-1.174980677476018,-2520.369146472859
72.48,-0.5875826945934357,-2520.0
72.5,-0.2948212320786325,-2519.2225632663462
72.51999999999998,-0.0,-2518.705099493327
72.54,0.5876438682177567,-2518.149521754028
72.56,0.8804562023158986,-2517.811386317716
72.58,1.1752252953232911,-2517.4246918655185
72.6,1.4679713112764452,-2517.1411151141815
72.62,1.7626207458944094,-2516.7534863726128
72.64,2.0552393597073366,-2516.094935367424
72.65999999999998,2.0552393597073366,-2516.094935367424
72.68,2.349706919535912,-2515.875398910869
72.7,2.349706919535912,-2515.851285047811
72.72,2.349706919535912,-2515.7179203060073
72.73999999999998,2.349706919535912,-2515.851285047811
72.76,2.349706919535912,-2515.875398910869
72.78,2.0552393597073366,-2515.999656932152
72.79999999999998,2.0552393597073366,-2516.094935367424
72.82,1.7626207458944094,-2516.7528602528505
72.84,1.7606156477133013,-2517.279299972381
72.86,1.4679713112764452,-2517.5608474464716
72.87999999999998,1.1752252953232911,-2518.300244592273
72.9,0.8804562023158986,-2518.705099493327
72.92,0.8804562023158986,-2519.5055465330274
72.93999999999998,0.5876438682177567,-2520.0
72.96,0.2928174851186416,-2520.652061277327
72.98,-0.0,-2521.306026182593
73.0,-0.2948212320786325,-2521.700074646047
73.01999999999998,-0.5875826945934357,-2522.311898633636
73.04,-0.8823363410391619,-2522.838941644052
73.06,-1.174980677476018,-2523.237248507586
73.08,-1.174980677476018,-2523.237248507586
73.1,-1.4696043894700703,-2523.3862348824086
73.12,-1.7620706429355424,-2523.3862348824086
73.14,-1.7620706429355424,-2523.645939193309
73.15999999999998,-1.7620706429355424,-2523.505963564424
73.18,-1.7640719492986288,-2523.505963564424
73.2,-1.7640719492986288,-2523.237248507586
73.22,-1.7620706429355424,-2523.109451205124
73.23999999999998,-1.7620706429355424,-2522.9654076873508
73.26,-1.7620706429355424,-2522.5988045156364
73.28,-1.4696043894700703,-2522.052087468668
73.29999999999998,-1.4696043894700703,-2521.6997554077266
73.32,-1.174980677476018,-2521.162903053272
73.34,-0.8823363410391619,-2520.6554443212085
73.36,-0.8823363410391619,-2520.0
73.37999999999998,-0.5875826945934357,-2519.6102651255587
73.4,-0.2948212320786325,-2519.2225632663462
73.42,-0.2948212320786325,-2518.705099493327
73.43999999999998,-0.0,-2518.5622135277713
73.46,0.2928174851186416,-2518.300244592273
73.48,0.5876438682177567,-2517.8077140701484
73.5,0.8804562023158986,-2517.6713290652106
73.51999999999998,0.8804562023158986,-2517.4246918655185
73.54,1.1752252953232911,-2517.4246918655185
73.56,1.1752252953232911,-2517.4190791167234
73.58,1.4679713112764452,-2517.4246918655185
73.6,1.4679713112764452,-2517.4246918655185
73.62,1.4679713112764452,-2517.4246918655185
73.64,1.4679713112764452,-2517.4246918655185
73.65999999999998,1.4679713112764452,-2517.5579242712565
73.68,1.4679713112764452,-2517.6700357741447
73.7,1.1752252953232911,-2517.8033242830056
73.72,1.1752252953232911,-2518.0517483412445
73.73999999999998,1.1732176648307189,-2518.423088791086
73.76,0.8804562023158986,-2518.849558848586
73.78,0.8804562023158986,-2519.2225632663462
73.79999999999998,0.5876438682177567,-2519.367029839661
73.82,0.5876438682177567,-2520.0
73.84,0.2928174851186416,-2520.0
73.86,0.2928174851186416,-2520.652061277327
73.87999999999998,-0.0,-2520.8996336211985
73.9,-0.0,-2521.306026182593
73.92,-0.2948212320786325,-2521.4520168332724
73.93999999999998,-0.2948212320786325,-2521.5618092096374
73.96,-0.5875826945934357,-2521.8436518037583
73.98,-0.5875826945934357,-2521.7991663111256
74.0,-0.8823363410391619,-2522.052087468668
74.01999999999998,-0.8823363410391619,-2521.9399787185575
74.04,-0.8823363410391619,-2521.9071565777886
74.06,-0.8823363410391619,-2521.7991663111256
74.08,-0.8823363410391619,-2521.7991663111256
74.1,-0.8823363410391619,-2521.840892799341
74.12,-0.8823363410391619,-2521.449630522736
74.14,-0.8823363410391619,-2521.306026182593
74.15999999999998,-0.8823363410391619,-2521.3087958915926
74.18,-0.5895903250860252,-2521.0406260705804
74.2,-0.5875826945934357,-2520.652061277327
74.22,-0.5875826945934357,-2520.407271725443
74.23999999999998,-0.5875826945934357,-2520.0
74.26,-0.5875826945934357,-2519.6483905686596
74.28,-0.2948212320786325,-2519.6102651255587
74.29999999999998,-0.2948212320786325,-2519.3630309461
74.32,-0.2948212320786325,-2519.1150787959305
74.34,0.3917625784506229,-2518.8512161052854
74.36,-0.0,-2518.5692949443314
74.37999999999998,-0.0,-2518.705099493327
74.4,0.2928174851186416,-2518.423088791086
74.42,0.2928174851186416,-2518.5692949443314
74.43999999999998,0.2928174851186416,-2518.705099493327
74.46,0.2928174851186416,-2518.705099493327
74.48,0.5876438682177567,-2518.814397814925
74.5,0.5876438682177567,-2518.9593739294196
74.51999999999998,0.5876438682177567,-2519.081242763016
74.54,0.5876438682177567,-2519.2208103794264
74.56,0.5876438682177567,-2519.2225632663462
74.58,0.5876438682177567,-2519.2225632663462
74.6,0.5876438682177567,-2519.5055465330274
74.62,0.2928174851186416,-2519.367029839661
74.64,0.2928174851186416,-2520.0
74.65999999999998,0.2928174851186416,-2520.0
74.68,0.2928174851186416,-2520.0
74.7,0.2928174851186416,-2520.0
74.72,0.2928174851186416,-2520.4857680882387
74.73999999999998,0.2928174851186416,-2520.512049340718
74.76,-0.0,-2520.512701762236
74.78,-0.0,-2520.655868230063
74.79999999999998,-0.0,-2520.796642000389
74.82,-0.0,-2520.796642000389
74.84,-0.0,-2520.7552384161504
74.86,-0.0,-2520.7552384161504
74.87999999999998,-0.0,-2520.6554443212085
74.9,0.3917625784506229,-2520.652061277327
74.92,0.3917625784506229,-2520.652061277327
74.93999999999998,0.3917625784506229,-2520.652061277327
74.96,0.3917625784506229,-2520.512049340718
74.98,-0.0,-2520.3694809204926
75.0,-0.0,-2520.0
75.01999999999998,-0.0,-2520.0
75.04,-0.0,-2520.0
75.06,-0.0,-2520.0
75.08,-0.0,-2520.0
75.1,-0.0,-2519.6102651255587
75.12,-0.0,-2519.6078767200524
75.14,-0.0,-2519.362289668555
75.15999999999998,-0.0,-2519.2225632663462
75.18,-0.0,-2519.367029839661
75.2,-0.0,-2519.367029839661
75.22,-0.0,-2519.367029839661
75.23999999999998,-0.0,-2519.367029839661
75.26,-0.0,-2519.367029839661
75.28,-0.0,-2519.367029839661
75.29999999999998,-0.0,-2519.610641557748
75.32,-0.0,-2520.0
75.34,-0.0,-2519.6102651255587
75.36,-0.0,-2519.6102651255587
75.37999999999998,-0.0,-2520.0
75.4,-0.0,-2520.0
75.42,-0.0,-2520.0
75.43999999999998,-0.0,-2520.0
75.46,-0.0,-2520.407271725443
75.48,-0.0,-2520.512701762236
75.5,-0.0,-2520.512701762236
75.51999999999998,-0.0,-2520.512701762236
75.54,-0.0,-2520.3694809204926
75.56,-0.0,-2520.656633310411
75.58,-0.0,-2520.3694809204926
75.6,-0.0,-2520.4857680882387
75.62,-0.0,-2520.512701762236
75.64,-0.0,-2520.512701762236
75.65999999999998,-0.0,-2520.407271725443
75.68,-0.0,-2520.369146472859
75.7,-0.0,-2520.0
75.72,-0.0,-2520.0
75.73999999999998,-0.0,-2520.0
75.76,-0.0,-2520.0
75.78,-0.0,-2519.6102651255587
75.79999999999998,-0.0,-2519.6102651255587
75.82,-0.0,-2519.6078767200524
75.84,-0.0,-2519.610641557748
75.86,-0.0,-2519.362289668555
75.87999999999998,-0.0,-2519.610641557748
75.9,-0.0,-2519.610641557748
75.92,-0.0,-2519.610641557748
75.93999999999998,-0.0,-2519.610641557748
75.96,-0.0,-2519.610641557748
75.98,-0.0,-2520.0
76.0,-0.0,-2519.637263932302
76.01999999999998,-0.0,-2519.715222957183
76.04,-0.0,-2520.0
76.06,-0.0,-2520.0
76.08,-0.0,-2520.0
76.1,-0.0,-2520.0
76.12,-0.0,-2520.0
76.14,-0.0,-2520.369146472859
76.15999999999998,-0.0,-2520.0
76.18,-0.0,-2520.407271725443
76.2,-0.0,-2520.512701762236
76.22,-0.0,-2520.407271725443
76.23999999999998,-0.0,-2520.512701762236
76.26,-0.0,-2520.407271725443
76.28,-0.0,-2520.407271725443
76.29999999999998,-0.0,-2520.3720746941
76.32,-0.0,-2520.369146472859
76.34,-0.0,-2520.369146472859
76.36,-0.0,-2520.0
76.37999999999998,-0.0,-2520.0
76.4,-0.0,-2520.0
76.42,-0.0,-2520.0
76.43999999999998,-0.0,-2519.7403081113102
76.46,-0.0,-2519.6102651255587
76.48,-0.0,-2519.715222957183
76.5,-0.0,-2519.6102651255587
76.51999999999998,-0.0,-2519.6078767200524
76.54,-0.0,-2519.6078767200524
76.56,-0.0,-2520.0
76.58,-0.0,-2519.6078767200524
76.6,-0.0,-2520.0
76.62,-0.0,-2519.637263932302
76.64,-0.0,-2519.6102651255587
76.65999999999998,-0.0,-2519.6102651255587
76.68,-0.0,-2519.6102651255587
76.7,-0.0,-2520.0
76.72,-0.0,-2520.0
76.73999999999998,-0.0,-2520.0
76.76,-0.0,-2520.0
76.78,-0.0,-2520.0
76.79999999999998,-0.0,-2520.0
76.82,-0.0,-2520.0
76.84,-0.0,-2520.369146472859
76.86,-0.0,-2520.0
76.87999999999998,-0.0,-2520.0
76.9,-0.0,-2520.0
76.92,-0.0,-2520.0
76.93999999999998,-0.0,-2520.369146472859
76.96,-0.0,-2520.369146472859
76.98,-0.0,-2520.0
77.0,-0.0,-2520.0
77.01999999999998,-0.0,-2520.0
77.04,-0.0,-2520.0
77.06,-0.0,-2520.0
77.08,-0.0,-2520.0
77.1,-0.0,-2519.7403081113102
77.12,-0.0,-2520.0
77.14,-0.0,-2519.6102651255587
77.15999999999998,-0.0,-2519.715222957183
77.18,-0.0,-2519.715222957183
77.2,-0.0,-2519.6102651255587
77.22,-0.0,-2519.715222957183
77.23999999999998,-0.0,-2519.6102651255587
77.26,-0.0,-2519.715222957183
77.28,-0.0,-2519.715222957183
77.29999999999998,-0.0,-2519.6102651255587
77.32,-0.0,-2519.6102651255587
77.34,-0.0,-2520.0
77.36,-0.0,-2520.0
77.37999999999998,-0.0,-2520.0
77.4,-0.0,-2520.0
77.42,-0.0,-2520.0
77.43999999999998,-0.0,-2520.0
77.46,-0.0,-2520.0
77.48,-0.0,-2520.0
77.5,-0.0,-2520.0
77.51999999999998,-0.0,-2520.0
77.54,-0.0,-2520.0
77.56,-0.0,-2520.0
77.58,-0.0,-2520.0
77.6,-0.0,-2520.0
77.62,-0.0,-2520.0
77.64,-0.0,-2520.0
