t,s1,s2
0.0,-0.0,-0.0
0.02,-0.0,-0.0
0.04,-0.0,-0.0
0.06,-0.0,-0.0
0.08,-0.0,-0.0
0.1,-0.0,-0.0
0.12,-0.0,-0.0
0.14,-0.0,-0.0
0.16,-0.0,-0.0
0.18,-0.0,-0.0
0.2,-0.0,-0.0
0.22,-0.0,-0.0
0.24,-0.0,-0.0
0.26,-0.0,-0.0
0.28,-0.0,-0.0
0.3,-0.0,-0.0
0.32,-0.0,-0.0
0.34,-0.0,-0.0
0.36,-0.0,-0.0
0.38,-0.0,-0.0
0.4,-0.0,-0.0
0.42,-0.0,-0.0
0.44,-0.0,-0.0
0.46,-0.0,-0.0
0.48,-0.0,-0.0
0.5,-0.0,-0.0
0.52,-0.0,-0.0
0.54,-0.0,-0.0
0.56,-0.0,-0.0
0.58,-0.0,-0.0
0.6,-0.0,-0.0
0.62,-0.0,-0.0
0.64,-0.0,-0.0
0.66,-0.0,-0.0
0.68,-0.0,-0.0
0.7000000000000001,-0.0,-0.0
0.72,-0.0,-0.0
0.74,-0.0,-0.0
0.76,-0.0,-0.0
0.78,-0.0,-0.0
0.8,-0.0,-0.0
0.82,-0.0,-0.0
0.8399999999999999,-0.0,-0.0
0.86,-0.0,-0.0
0.88,-0.0,-0.0
0.9,-0.0,-0.0
0.92,-0.0,-0.0
0.94,-0.0,-0.0
0.96,-0.0,-0.0
0.98,-0.0,-0.0
1.0,-0.0,-0.0
1.02,-0.0,-0.0
1.04,-0.0,-0.0
1.06,-0.0,-0.0
1.08,-0.0,-0.0
1.1,-0.0,-0.0
1.12,-0.0,-0.0
1.14,-0.0,-0.0
1.16,-0.0,-0.0
1.18,-0.0,-0.0
1.2,-0.0,-0.0
1.22,-0.0,-0.0
1.24,-0.0,-0.0
1.26,-0.0,-0.0
1.28,-0.0,-0.0
1.3,-0.0,-0.0
1.32,-0.0,-0.0
1.34,-0.0,-0.0
1.36,-0.0,-0.0
1.38,-0.0,-0.0
1.4,-0.0,-0.0
1.42,-0.0,-0.0
1.44,-0.0,-0.0
1.46,-0.0,-0.0
1.48,-0.0,-0.0
1.5,-0.0,-0.0
1.52,-0.0,-0.0
1.54,-0.0,-0.0
1.56,-0.0,-0.0
1.58,-0.0,-0.0
1.6,-0.0,-0.0
1.62,-0.0,-0.0
1.64,-0.0,-0.0
1.66,-0.0,-0.0
1.68,-0.0,-0.0
1.7,-0.0,-0.0
1.72,-0.0,-0.0
1.74,-0.0,-0.0
1.76,-0.0,-0.0
1.78,-0.0,-0.0
1.8,-0.0,-0.0
1.82,-0.0,-0.0
1.84,-0.0,-0.0
1.86,-0.0,-0.0
1.88,-0.0,-0.0
1.9,-0.0,-0.0
1.92,-0.0,-0.0
1.94,-0.0,-0.0
1.96,-0.0,-0.0
1.98,-0.0,-0.0
2.0,-0.0,-0.0
2.02,-0.0,-0.0
2.04,-0.0,-0.0
2.06,-0.0,-0.0
2.08,-0.0,-0.0
2.1,-0.0,-0.0
2.12,-0.0,-0.0
2.14,-0.0,-0.0
2.16,-0.0,-0.0
2.18,-0.0,-0.0
2.2,-0.0,-0.0
2.22,-0.0,-0.0
2.24,-0.0,0.4967108792723767
2.26,-0.0,0.7750130832853398
2.28,-0.0,0.7750130832853398
2.3,-0.0,-0.0
2.32,-0.0,-1.043938646808516
2.34,-0.0,-2.1963924942781565
2.36,-0.0,-3.381553533196665
2.38,-0.2948212320786325,-4.775277521166656
2.4,-0.2948212320786325,-6.212103879976255
2.42,-0.5875826945934357,-8.235233670781824
2.44,-0.8823363410391619,-10.773640406832431
2.46,-1.174980677476018,-13.304903872598876
2.48,-1.7736229761660176,-16.158818639248604
2.5,-2.363282838594383,-18.96791055901966
2.52,-2.952380242030185,-21.94218867171864
2.54,-3.5407916509312845,-24.327793442898887
2.56,-4.126710620785276,-27.45484731520451
2.58,-4.7134333430089885,-31.170331114398724
2.6,-5.299106022055767,-35.22382937588638
2.62,-5.883609409043355,-39.71151073447887
2.64,-6.502143739100421,-44.57082234364727
2.66,-7.0868436132060175,-49.47857019239141
2.68,-7.670002402435877,-54.73573641473227
2.7,-8.296159373356895,-60.3430360745684
2.72,-8.878752644451971,-66.26265814423284
2.74,-9.749896215727645,-72.25177554552262
2.76,-10.669635971761256,-77.92194941721036
2.78,-11.884082183022617,-82.99200426916201
2.8,-13.098776872511433,-88.07448926227617
2.82,-14.3154024718727,-92.95034970741901
2.84,-15.530242687942026,-97.66792651304854
2.86,-16.74466756699448,-103.07246219044372
2.88,-17.95529750739325,-107.99288260326304
2.9,-19.53963448548767,-113.17575595917396
2.92,-21.12479038289902,-117.88130724021724
2.94,-22.594942597729617,-122.68668938618522
2.96,-24.29664067343637,-126.9721527698142
2.98,-25.875582243205045,-131.83815415335016
3.0,-27.847113738846488,-136.86499474278995
3.02,-29.813544298950983,-141.6310710280566
3.04,-32.33588094637983,-147.12135550294883
3.06,-35.1079493274729,-151.4362278548203
3.08,-37.63558836358443,-156.19797122323612
3.1,-40.75307550624756,-160.38291507901363
3.12,-43.87675077865234,-164.66929857529794
3.14,-47.1947410242978,-168.72115415109937
3.16,-50.3141237613768,-172.2136950035354
3.18,-53.25023702416362,-175.84702519500135
3.2,-56.82909400635453,-178.7915444923769
3.22,-60.25179338040105,-181.4965709733616
3.24,-63.66781316655659,-183.93816946390683
3.26,-67.47013590163236,-185.56495387128257
3.28,-71.17906957811569,-187.1404965358844
3.3,-75.17360321647656,-188.10748860328968
3.32,-79.37625459620659,-188.828958357312
3.34,-82.94364665310697,-189.1295962079001
3.36,-86.77145782273872,-189.1074300976123
3.38,-90.5821485229503,-189.0998930270001
3.4,-94.39794829684092,-188.50791563327047
3.42,-97.96207374238544,-187.74684437836217
3.44,-101.82333704039584,-186.9256849496192
3.46,-105.45085583714285,-186.09826684893451
3.48,-108.51218037091728,-185.68777988737213
3.5,-111.67141578372792,-185.02323040266876
3.52,-114.82967115358532,-184.65298311213337
3.54,-118.3621519975466,-184.3685448906548
3.56,-121.7728367197036,-183.72121191161332
3.58,-125.34493331767648,-182.95004971614716
3.6,-128.68838021340295,-181.89648825058393
3.62,-132.21563521658845,-181.03962748217887
3.64,-135.53749800113937,-179.5895258288796
3.66,-139.0728373272478,-179.54127689089145
3.68,-142.1924798685664,-178.72151646502044
3.7,-145.3646606132262,-178.18632260353456
3.72,-148.5425013738089,-177.39246634750452
3.74,-151.3070363044669,-177.28815416532905
3.76,-154.19331208734707,-177.13955617726367
3.78,-156.8151965970916,-177.00189586475028
3.8,-159.32255948899268,-177.39246634750452
3.82,-161.82731707464546,-177.4307899297886
3.84,-163.96417094175553,-177.39879549362075
3.86,-166.38018620935603,-177.2608594798275
3.88,-168.45475694268407,-177.2462212932097
3.9,-170.53561238531074,-177.27924262812468
3.92,-172.32752141655672,-177.14131040147473
3.94,-174.11367658199262,-176.9751197626127
3.96,-175.28597063399894,-177.00189586475028
3.98,-176.47952964040584,-177.49727550726405
4.0,-177.65029308046408,-178.04640074619255
4.02,-178.2393843522867,-178.85510723806206
4.04,-178.82678233516927,-179.5749220889284
4.06,-179.4143650297627,-179.75685886145752
4.08,-180.0,-180.7613435814896
4.1,-180.29482123207865,-181.27267145717803
4.12,-180.88233634103915,-181.63737472026304
4.14,-181.17698577565716,-181.91855037733777
4.16,-181.76407194929865,-181.91855037733777
4.18,-182.35072593561293,-182.0654294766674
4.2,-182.93483538935683,-181.77862833312113
4.22,-183.22869724496687,-181.66284784344097
4.24,-183.54079165093123,-181.6556944891632
4.26,-183.52026610915303,-181.9296204683866
4.28,-183.24674168343128,-182.31589700114353
4.3,-183.22869724496687,-182.55585491450168
4.32,-182.93483538935683,-182.74310954124647
4.34,-182.642907207024,-182.84142663448876
4.36,-182.35072593561293,-183.46313307716284
4.38,-182.05650223647447,-183.45563030653895
4.4,-181.76407194929865,-183.7323008539528
4.42,-181.76407194929865,-183.57444569575983
4.44,-181.76407194929865,-183.57444569575983
4.46,-181.76407194929865,-183.452072033092
4.48,-181.76407194929865,-183.31843218551995
4.5,-181.76407194929865,-183.05001796526227
4.52,-181.76407194929865,-182.84142663448876
4.54,-181.76407194929865,-182.8401516401157
4.56,-181.76407194929865,-182.70794755201797
4.58,-181.76407194929865,-182.5617780233379
4.6000000000000005,-181.76407194929865,-182.66414761654096
4.62,-181.76407194929865,-182.45620365924609
4.64,-181.76407194929865,-182.5535884095424
4.66,-181.76407194929865,-182.70488729411667
4.68,-181.76407194929865,-182.46085548161687
4.7,-181.76207064293553,-182.46358247032785
4.72,-181.76207064293553,-182.34655920573337
4.74,-181.46960438947008,-182.0654294766674
4.76,-181.46960438947008,-182.20650421150268
4.78,-181.46960438947008,-182.34655920573337
4.8,-181.46960438947008,-182.0654294766674
4.82,-181.17698577565716,-182.0654294766674
4.84,-181.17698577565716,-182.20650421150268
4.86,-181.17698577565716,-182.0654294766674
4.88,-181.174980677476,-181.7841399606164
4.9,-180.88233634103915,-181.92821742721824
4.92,-180.88233634103915,-181.4973055870198
4.94,-180.88233634103915,-181.27123777830388
4.96,-180.58959032508605,-181.1500382677844
4.98,-180.58959032508605,-180.866868262387
5.0,-180.58959032508605,-179.66805872337417
5.02,-180.88233634103915,-179.55721255247806
5.04,-180.88233634103915,-179.6599861765613
5.06,-180.88233634103915,-179.4141367214047
5.08,-181.174980677476,-178.91711028303783
5.1000000000000005,-181.17698577565716,-177.89966867318276
5.12,-181.46960438947008,-177.25336541140177
5.14,-181.76207064293553,-176.19929950881638
5.16,-182.05650223647447,-175.0941117005785
5.18,-182.35072593561293,-173.6042127402606
5.2,-183.22869724496687,-171.26676248175403
5.22,-183.8347742173931,-168.38770454226764
5.24,-185.00810903140703,-164.87201607539671
5.26,-186.17700250005447,-160.2350477215936
5.28,-187.96207374238548,-154.62284660800367
5.3,-190.0381104335561,-147.56304906352295
5.32,-192.17211535694636,-139.42693809328003
5.34,-194.88465504206087,-129.48504861780168
5.36,-197.30614458304257,-118.09769219535865
5.38,-200.09180554077,-105.49592238390632
5.4,-202.32669083228072,-90.73083363501166
5.42,-204.2966406734364,-73.49801652028277
5.44,-205.61306658779696,-53.55050574489994
5.46,-206.2718299759518,-31.872114218163652
5.48,-207.19245227580083,-8.554626206802617
5.5,-209.96361967841065,11.459676208230135
5.52,-214.45768998237173,29.53320925746394
5.54,-221.16926375361655,45.91210430900171
5.56,-229.71319063162545,62.01972018565463
5.58,-240.767169822042,80.37049574096477
5.6000000000000005,-254.45118791467797,102.9112135671248
5.62,-269.70718251488137,125.33691451207086
5.64,-284.96142527344745,142.88777317784113
5.66,-300.3667676176828,152.89010034107068
5.68,-316.79531464608334,154.90066643602435
5.7,-334.84960288080623,147.66425800503492
5.72,-354.40588569454894,129.96562636327107
5.74,-373.67118409792255,101.84510274443429
5.76,-389.56096893119127,66.41010749711579
5.78,-399.51226087501226,24.18259213814828
5.8,-400.7553438453174,-25.831390621424795
5.82,-398.2736340937667,-79.99903621785306
5.84,-401.5855526550124,-125.71125837978003
5.86,-410.72598481635976,-168.23157010512304
5.88,-424.58469387617737,-209.20751381085003
5.9,-440.29538028517607,-250.23007468106928
5.92,-455.5632969975524,-291.68586703972755
5.94,-467.58587911072266,-330.8500982608681
5.96,-474.17500783132584,-366.6264131894379
5.98,-475.0954742559245,-399.6684471078136
6.0,-470.63723979080703,-434.0812330151856
6.02,-461.1879236036499,-472.39599405184896
6.04,-451.7507160904632,-509.00485667037515
6.06,-445.01641673292175,-541.1329580764939
6.08,-440.005265023551,-572.8067735458336
6.1000000000000005,-436.7342586431023,-606.1218221675825
6.12,-432.7544587702517,-640.5637837442237
6.140000000000001,-425.5062109237229,-673.0596717589648
6.16,-413.0131435629004,-706.7288492861771
6.18,-393.8860232032212,-750.9631464117809
6.2,-373.67118409792255,-796.06719597848
6.22,-358.23737925410563,-828.4760876260533
6.24,-345.74140143987694,-855.2867928698653
6.26,-334.7259429086653,-880.4289821777667
6.28,-324.1356953923748,-905.4719359167648
6.3,-313.2474441559981,-932.8543257605187
6.32,-300.77234740038,-964.448762856097
6.34,-284.3154024718727,-1004.9466657604899
6.36,-269.70718251488137,-1045.1911565014718
6.38,-261.11820565640585,-1078.8984070606152
6.4,-258.167609463998,-1112.3543342147589
6.42,-260.8265233643611,-1150.3978506880155
6.44,-266.16762334633137,-1190.9526166391029
6.46,-270.0020088979805,-1228.0612788858891
6.48,-271.1856553302036,-1262.2069761067096
6.5,-270.0005048397654,-1296.013165355793
6.52,-265.85471367117765,-1333.7528728735376
6.54,-262.0346376483248,-1373.0647990003993
6.56,-262.9122212906623,-1408.0098161051965
6.58,-269.11954379768406,-1440.0
6.6000000000000005,-280.3813477796773,-1469.8490530590468
6.62,-295.74255577722613,-1496.2265907935453
6.640000000000001,-313.4506987059361,-1515.8883977273015
6.66,-332.0844419168503,-1526.5213796913379
6.68,-350.2442062995733,-1526.3980170782563
6.7,-368.878752644452,-1515.1076197631292
6.72,-389.56096893119127,-1490.7025736477678
6.74,-411.36871549149527,-1459.8139219068844
6.76,-429.42764017015423,-1437.538680114858
6.78,-444.43319538971673,-1423.8198631163634
6.8,-457.3405131021127,-1415.6923507574716
6.82,-469.1631887872049,-1411.5096575086927
6.84,-480.0684170297531,-1408.6574897175367
6.86,-489.51226087501215,-1406.8706924151004
6.88,-498.02297803473743,-1405.3402467231144
6.9,-505.36466061322625,-1403.4358138645264
6.92,-511.5655812826196,-1400.9916037187827
6.94,-517.4701359016324,-1398.8911740126384
6.96,-522.3882440833667,-1397.0777376576764
6.98,-527.2422496728163,-1395.8611280095809
7.0,-531.7443626273268,-1395.5036231626796
7.02,-536.4775396618194,-1396.2460842953503
7.04,-541.174980677476,-1398.1638351573988
7.06,-545.8851400883245,-1401.1834795665475
7.08,-551.2467555657648,-1405.47216080553
7.1000000000000005,-557.0261209463961,-1410.94597619601
7.12,-563.3703232230756,-1417.3329821451418
7.140000000000001,-570.6209025488367,-1424.7217343794412
7.16,-578.8721898153758,-1432.1754099005655
7.18,-588.2451012761462,-1440.0
7.2,-598.5425013738089,-1446.6110007108919
7.219999999999998,-610.1533749242914,-1451.8989429705987
7.24,-622.9102557315167,-1453.823527655249
7.259999999999998,-636.8321988637831,-1451.1491214686796
7.28,-652.439883002076,-1442.8973042282369
7.3,-670.3066547796229,-1425.8338409433013
7.32,-691.825103027056,-1399.2809894797797
7.34,-712.6185831699183,-1377.0811431566915
7.36,-731.8215115550186,-1367.6767916496115
7.38,-750.2169805495091,-1369.2720826991836
7.4,-767.611102603812,-1381.3235355886843
7.42,-783.6637951903723,-1402.7222546921785
7.44,-796.3828759346394,-1429.7972629580954
7.46,-804.1430600545502,-1460.651081451765
7.48,-806.7714578227387,-1495.473470725488
7.5,-804.725744844649,-1534.890302591542
7.52,-802.0743769200952,-1572.9324312377871
7.54,-802.3657263407651,-1606.5953811028803
7.56,-805.0164167329218,-1639.690972302022
7.58,-809.7071825148814,-1674.4613018503212
7.6,-816.7594885227226,-1712.7108714847068
7.62,-822.3938034772816,-1750.7645202384945
7.64,-823.8817454894214,-1784.599671933122
7.66,-820.0381104335562,-1815.646376270607
7.679999999999999,-811.4607089112261,-1847.3225210627184
7.7,-797.592853474744,-1885.8577534041217
7.719999999999998,-783.013705417558,-1922.2839069932193
7.74,-771.1407309359959,-1950.8821037782293
7.759999999999998,-760.5619833406189,-1975.5608054246416
7.78,-750.2169805495091,-1997.6701513027615
7.8,-739.162887847643,-2019.717086519022
7.82,-727.3797273814381,-2041.8484512288528
7.84,-713.8207848760288,-2068.9242167547204
7.86,-696.7016640333313,-2104.5161155640385
7.88,-676.3796361975375,-2150.089586326991
7.9,-661.4312394928896,-2185.875781760263
7.92,-651.5085920012332,-2215.9681091516445
7.94,-645.8145849946673,-2245.807083584604
7.96,-643.1005836216125,-2278.337014828712
7.98,-640.6715083137163,-2309.0429810379705
8.0,-637.1257021221061,-2337.962124409742
8.019999999999998,-632.0687240307775,-2366.714518877624
8.040000000000001,-624.9680263389,-2398.8149553225194
8.06,-617.466653237327,-2433.432982971401
8.08,-612.8656932717186,-2466.297906377722
8.099999999999998,-612.8656932717186,-2495.974884248458
8.120000000000001,-617.5302828467402,-2525.54242920776
8.14,-626.7564034058748,-2555.2639510437175
8.16,-640.0902559807719,-2585.3150439452406
8.179999999999998,-656.6686908977811,-2614.1121172214966
8.199999999999998,-675.1233576574664,-2640.374996285009
8.22,-694.4565928733227,-2663.7641303321884
8.24,-714.4058856945489,-2685.009304408909
8.259999999999998,-734.2407618132862,-2703.417777149885
8.279999999999998,-752.9893482115722,-2718.515276044339
8.3,-770.7259848163596,-2730.216789122732
8.32,-786.1614492145836,-2737.4835523736697
8.34,-799.3762545962065,-2739.5965247061863
8.359999999999998,-810.2918536152013,-2738.264187722378
8.38,-819.69584678092,-2734.1209390554463
8.4,-827.3061445830425,-2727.8813072402168
8.42,-833.7859214399973,-2721.401632720801
8.439999999999998,-839.0148831401592,-2714.868897092879
8.46,-842.9893482115722,-2708.6803357371364
8.48,-845.7556359835814,-2703.095889166225
8.5,-847.2218851611965,-2698.72151646502
8.519999999999998,-847.2218851611965,-2695.362348627917
8.540000000000001,-846.1641280055991,-2693.662708837486
8.56,-843.4779111842143,-2692.7411410124346
8.58,-839.4153255190976,-2693.099560148204
8.599999999999998,-834.1750078313257,-2693.5115624817145
8.620000000000001,-827.5847104649741,-2694.3195403185196
8.64,-819.4091000062117,-2694.1865112469777
8.66,-809.9975319931601,-2692.4085596942446
8.679999999999998,-799.3762545962065,-2687.617735194649
8.700000000000001,-787.2004978870323,-2679.3378757102773
8.72,-774.0694317120863,-2665.435067369924
8.74,-760.9756558059782,-2645.483824850359
8.759999999999998,-748.9042396701564,-2619.3176693478385
8.779999999999998,-739.8151143568782,-2586.3114214199422
8.8,-734.5228512492727,-2546.239646726495
8.82,-730.6696359717613,-2503.219464559488
8.84,-722.9523802420301,-2466.6171249048775
8.859999999999998,-710.8265233643612,-2437.4208589387913
8.88,-696.4306822272051,-2416.8508467631605
8.9,-681.4150379244242,-2404.4621293028436
8.92,-666.2799161728753,-2399.5701179328285
8.939999999999998,-652.1681259908995,-2402.0876026816863
8.96,-638.341579652247,-2409.5971975728226
8.98,-625.285970633999,-2420.268289968835
9.0,-613.8841223418207,-2431.4637695201427
9.02,-604.1933120873471,-2440.7909509780275
9.040000000000001,-596.4250168181904,-2448.797433266446
9.06,-590.1277777986437,-2456.447575386559
9.08,-584.9160349523157,-2463.719644409775
9.1,-581.1692637536166,-2472.490044081441
9.120000000000001,-578.8721898153758,-2481.593439057257
9.14,-577.8152499798136,-2493.3720686946335
9.16,-578.4588108498432,-2506.4153931622577
9.18,-581.1692637536166,-2522.323686351389
9.2,-585.3316976821388,-2540.247190812785
9.22,-592.0134299641419,-2559.212709949183
9.24,-600.108122628169,-2580.0110849325965
9.26,-609.5992506728846,-2601.4654173268127
9.28,-620.2448603068557,-2622.1445149574733
9.3,-631.7853786934099,-2644.409747864464
9.32,-643.9574548784527,-2667.836271272462
9.34,-656.6686908977811,-2693.1089523543938
9.36,-668.4130119815816,-2721.2635941950093
9.38,-678.4657382003534,-2752.8935053579885
9.4,-685.6080748946753,-2788.5663882008985
9.420000000000002,-688.2359622471968,-2831.005370071775
9.44,-689.0475974120799,-2877.051674350011
9.46,-694.0657812228218,-2916.8742562345305
9.48,-705.09896255789,-2949.1189926645648
9.5,-719.7071825148814,-2974.15409655714
9.52,-735.8145849946671,-2990.562802911885
9.540000000000001,-751.9309906950739,-2998.108110880218
9.56,-767.611102603812,-2996.8464756059648
9.58,-782.6181049095513,-2988.054539157107
9.6,-797.592853474744,-2972.949815230514
9.620000000000001,-811.750716090463,-2955.366712258842
9.64,-823.8817454894214,-2940.1701082708487
9.66,-833.5203335956727,-2928.409636534722
9.68,-841.1206261128389,-2918.366213691733
9.7,-847.0452246789436,-2907.900624901025
9.72,-851.3874157460992,-2897.4851986618346
9.74,-853.8768670286233,-2885.4907814646604
9.76,-854.7051767815165,-2871.1622901707506
9.78,-853.4617746841128,-2855.040226469012
9.8,-850.5605843919521,-2837.7208619524104
9.82,-845.9912582257876,-2818.580786693805
9.84,-840.4699020491202,-2799.8975622071766
9.86,-834.4399733897847,-2782.1625457244286
9.88,-827.5847104649741,-2764.836635818037
9.9,-819.9849727180757,-2747.774639807041
9.920000000000002,-811.7620706429356,-2729.8841409765905
9.94,-803.5615271085281,-2711.3493120346716
9.96,-794.6069458167758,-2690.663570021394
9.98,-786.1614492145836,-2667.4404983374543
10.0,-778.2937389169236,-2641.7068394332414
10.02,-772.6010261976387,-2611.0396274821787
10.04,-768.4387092237844,-2575.9753231840305
10.06,-764.2919884401998,-2539.6365808428222
10.08,-756.4012214668622,-2508.023992848519
10.1,-744.5647621489564,-2483.3183971150424
10.12,-730.0369413309338,-2466.468968894608
10.14,-713.498346119437,-2458.5233706819927
10.16,-696.044041806687,-2459.516262576843
10.18,-678.269943985484,-2468.534134112572
10.2,-660.5179719983336,-2479.6720740503647
10.22,-645.24735659781,-2486.666514031708
10.24,-632.3760534820157,-2488.43961193158
10.26,-621.1182056564057,-2486.2075720576167
10.28,-611.9289188835542,-2481.453053058128
10.3,-604.3335095028937,-2475.407300564276
10.32,-598.2359622471968,-2468.5878895809014
10.34,-593.8960185922401,-2461.907419591135
10.36,-590.5421752143869,-2455.8980445121215
10.38,-588.6590211844454,-2450.6561585184454
10.4,-587.8288123747503,-2446.4075251991726
10.42,-587.8288123747503,-2443.396309313654
10.44,-588.8818054358782,-2441.6271532583046
10.46,-590.9555541799197,-2440.5405141856327
10.48,-593.8960185922401,-2440.630166431244
10.5,-598.3898898966945,-2441.162896074816
10.52,-603.8012984419657,-2441.605563895841
10.54,-610.8067340822196,-2441.605563895841
10.56,-619.3241090489909,-2441.227744483596
10.58,-629.4138601899973,-2438.7649684626795
10.6,-641.5966576342194,-2435.741926383336
10.62,-655.0808555268691,-2432.857808620121
10.64,-668.8297899082382,-2432.5930445996137
10.66,-683.3107900025224,-2437.821303075594
10.68,-697.3576554362378,-2449.1133980221543
10.7,-710.5356123853107,-2467.258438980027
10.72,-721.4696043894701,-2492.3970758747982
10.74,-730.3231055725751,-2523.1009706029527
10.76,-737.9552975073933,-2555.652609858784
10.78,-746.5366750752629,-2584.2549381438735
10.8,-757.2218851611965,-2607.6801427555024
10.82,-768.8523816891438,-2624.588390146163
10.84,-780.6531057910499,-2636.8174598073024
10.86,-791.8296545647886,-2644.4192929924543
10.88,-802.3657263407651,-2648.2752047959534
10.9,-811.4607089112261,-2650.2243400408047
10.92,-819.4091000062117,-2650.790489860051
10.94,-826.0133155720998,-2650.804013385245
10.96,-831.0180920792171,-2650.925968343299
10.98,-834.4429969027148,-2651.626658546073
11.0,-836.4034453212731,-2652.932431237787
11.02,-837.0554337282285,-2655.201660214894
11.04,-836.140518566624,-2658.17380112002
11.06,-833.5203335956727,-2662.00644086106
11.08,-829.7149669373789,-2666.2180215328135
11.1,-824.2407618132862,-2670.4790634400583
11.12,-817.6289338649459,-2674.96937373418
11.14,-809.7032052985351,-2678.0690324623133
11.16,-800.5831232630586,-2679.177593215556
11.18,-789.6996429398697,-2677.673980031678
11.2,-777.8878722281562,-2671.3716077042177
11.22,-764.7091882482463,-2659.9431054883366
11.24,-751.525588068521,-2642.4665337039146
11.26,-738.8861905406922,-2618.036656534461
11.28,-728.8787526444519,-2587.5432170457775
11.3,-723.2467416834313,-2550.02880247226
11.32,-720.5875826945933,-2506.4155193767847
11.34,-716.1676233463313,-2466.744423148662
11.36,-707.2422496728163,-2434.018765269677
11.38,-695.3849093151151,-2407.973354627167
11.4,-682.0134299641418,-2388.8620662044414
11.42,-668.8297899082382,-2376.0893866064566
11.44,-656.6686908977811,-2369.631652909447
11.46,-645.1684002553233,-2366.8482590712015
11.48,-635.330579247411,-2368.448955259984
11.5,-626.7564034058748,-2372.347279974855
11.52,-619.3222146411615,-2377.388694157833
11.54,-613.3184874655517,-2383.3183307059153
11.56,-608.9447528046428,-2388.4901680846956
11.58,-605.6553320431419,-2393.7218699170166
11.6,-604.1933120873471,-2398.2344364427645
11.62,-603.8000506405922,-2402.47882351506
11.64,-604.9941699905493,-2405.8385563260313
11.66,-608.0146660176446,-2408.8696074435475
11.68,-612.0178903095658,-2411.527093406915
11.7,-617.8788096500257,-2413.668366928606
11.72,-625.285970633999,-2415.834676791711
11.74,-633.8561598232441,-2417.78460460327
11.76,-643.9574548784527,-2420.0079563883755
11.78,-655.3485838069407,-2424.591835208152
11.8,-667.1666811595343,-2431.8149523375396
11.82,-679.2957294866897,-2443.1848234424588
11.84,-691.1666494771944,-2459.0729493822664
11.86,-702.3871001056937,-2480.339904284664
11.88,-712.3255709217677,-2504.962898962696
11.9,-722.0565022364746,-2531.5032351674686
11.92,-732.4590855733132,-2555.786100519912
11.94,-743.9096542969324,-2576.208181742331
11.96,-756.4012214668622,-2591.310249130804
11.98,-769.0745178113037,-2601.3278146532234
12.0,-781.7030861971283,-2607.826645590419
12.02,-793.4010494576629,-2611.161521836292
12.04,-803.8510680322103,-2613.2286837347624
12.06,-812.642907207024,-2615.0376112454715
12.08,-820.2732344206173,-2617.111169675737
12.1,-826.0133155720998,-2620.0443780418814
12.12,-830.3653425304963,-2623.239508017156
12.14,-833.252915815179,-2626.672184477015
12.16,-834.5647621489564,-2630.865810270416
12.18,-834.438899444071,-2634.881297606689
12.2,-832.8669849253963,-2639.872774033885
12.22,-829.7147220898929,-2645.092087210084
12.24,-825.1684002553231,-2650.580852574619
12.26,-819.4091000062117,-2656.5197597468327
12.28,-812.0446501865891,-2661.9601786626345
12.3,-803.8510680322103,-2665.8080416193834
12.32,-793.9635091926199,-2667.048663691463
12.34,-783.0109197084896,-2665.311121205538
12.36,-770.9555541799197,-2658.9684159331623
12.38,-758.0456495382674,-2646.7965902286915
12.4,-745.2210529424156,-2628.4567307212774
12.42,-733.6711840979226,-2603.6652690048254
12.44,-725.0084793352139,-2572.629218707574
12.46,-719.6082374215492,-2534.549372496629
12.48,-717.3578627932882,-2493.1475151041104
12.5,-711.7424283089524,-2456.7381668355742
12.52,-702.1054245041519,-2427.230283745168
12.54,-690.108122628169,-2404.448847322417
12.56,-677.4123802588354,-2387.3259730227605
12.58,-665.0404357679937,-2376.305804646958
12.6,-654.0294557146476,-2370.80775716076
12.62,-643.6729635898856,-2369.035881189079
12.64,-634.4463386908627,-2370.1115703708774
12.66,-627.0510821911683,-2373.2900186451297
12.68,-620.5356123853107,-2377.0907664420647
12.7,-615.7431809318401,-2381.431388061637
12.72,-612.3882440833665,-2385.380943650609
12.74,-610.8067340822196,-2388.6224730143404
12.76,-610.5281744890707,-2391.3943725682657
12.78,-611.6455081616751,-2393.2423275291344
12.8,-614.5297099877017,-2394.568523659633
12.82,-619.0330172500854,-2395.366475845141
12.84,-624.6992982057911,-2396.231088836668
12.86,-632.0808206784817,-2397.1513593676045
12.88,-640.6696359717612,-2399.092486565455
12.9,-650.5755625501757,-2403.2020033334525
12.92,-661.1793312702641,-2410.106866914008
12.94,-672.1993919946531,-2421.3105932968324
12.96,-683.0711327187979,-2437.2091342786243
12.98,-693.1421313378033,-2458.0904346068696
13.0,-702.0195422744612,-2484.2928595833127
13.02,-709.9523560706939,-2513.560929786021
13.04,-718.5320286887236,-2542.0243792043884
13.06,-728.5878416654018,-2566.0065619237294
13.08,-740.744693540303,-2584.223147409603
13.1,-753.642044012484,-2596.5935890649444
13.12,-767.1947410242977,-2603.430506193216
13.14,-779.9983373154378,-2605.362348627917
13.16,-792.4750788122901,-2604.720066816175
13.18,-803.2378112395338,-2602.9466464065513
13.2,-812.6239576609123,-2601.9869737926047
13.22,-820.3261126275429,-2601.570525219662
13.24,-826.2911972755093,-2601.8681364454615
13.26,-830.637239790807,-2603.419862469281
13.28,-833.5203335956727,-2604.720066816175
13.3,-835.2210529424156,-2605.5125341584508
13.32,-835.4852218097537,-2606.6173354654366
13.34,-834.4429969027148,-2607.171779248601
13.36,-832.2138671427302,-2607.789482035826
13.38,-828.5121803709171,-2608.546668266534
13.4,-823.0314890951233,-2609.370689629073
13.42,-816.1770025000545,-2610.895568074403
13.44,-807.9536561185366,-2612.8315838151625
13.46,-797.9425356681575,-2615.035033511914
13.48,-786.816630858633,-2616.06128199303
13.5,-774.7170440636723,-2614.3696573946822
13.52,-762.2196240054648,-2608.4936258293924
13.54,-749.813544298951,-2597.600472035664
13.56,-737.6766186056137,-2580.682621164044
13.58,-727.3797273814381,-2557.8898068540702
13.6,-718.8247747046768,-2530.351466165712
13.62,-711.4100375450445,-2500.205783562789
13.64,-702.9514335856825,-2472.0924415372533
13.66,-693.1425350538109,-2448.8681437987466
13.68,-682.2466276543907,-2431.5309770692834
13.7,-670.9480965276016,-2419.1936980648525
13.72,-659.9636196784105,-2411.6599606831755
13.74,-649.2625618786152,-2407.474124631496
13.76,-639.8008789918641,-2406.4083529222485
13.78,-631.1856553302035,-2406.205058817223
13.8,-624.4062559983556,-2406.7318728285904
13.82,-619.0330172500854,-2407.5262336847613
13.84,-615.09896255789,-2407.6581670296855
13.86,-612.9514335856824,-2407.5262336847613
13.88,-612.3882440833665,-2406.256504224528
13.9,-613.3184874655517,-2405.0245113296014
13.92,-615.741401439877,-2403.0911558705334
13.94,-619.6651588793518,-2400.7780748533487
13.96,-625.285970633999,-2397.6646368253487
13.98,-632.0808206784817,-2395.141894593778
14.0,-640.3813477796772,-2393.8149878904737
14.02,-649.917122505024,-2394.3190307796167
14.04,-660.3677403641099,-2397.8070462604096
14.06,-671.3651206185393,-2405.647216177405
14.08,-682.6599869265415,-2418.141216165595
14.1,-693.8012984419657,-2436.1220433429016
14.12,-703.5997800350955,-2460.3558747898246
14.14,-711.1182056564057,-2490.2241104746245
14.16,-716.7564034058752,-2524.02974806522
14.18,-723.2467416834313,-2556.112750503536
14.2,-732.1721153569463,-2582.967498858101
14.22,-743.252915815179,-2603.548820641294
14.24,-755.5183464375226,-2617.733642632614
14.26,-767.8288123747502,-2626.3117393717303
14.28,-779.5980890496301,-2629.4430806309138
14.3,-790.9021846588454,-2628.878139510148
14.32,-800.8741731347819,-2625.8851651915625
14.34,-809.7071825148814,-2621.0538590675674
14.36,-817.0500640855746,-2616.211041293246
14.38,-822.9635336956596,-2612.1546999815528
14.4,-827.2172724116584,-2608.4350039649826
14.42,-829.9867248596083,-2604.8373053334667
14.44,-831.2897875404029,-2601.69620085148
14.46,-831.0180920792171,-2598.314813585263
14.48,-829.4398720145424,-2594.612187536861
14.5,-826.3785885127041,-2590.7850971190046
14.52,-821.8215115550186,-2587.6618331286286
14.54,-815.8528379212343,-2584.8870316779607
14.56,-807.9536561185366,-2582.914323316265
14.58,-798.5128306367229,-2582.8905484811135
14.6,-787.2004978870323,-2584.397162643296
14.62,-774.3064157022898,-2586.6545081427494
14.64,-760.5619833406189,-2587.225483259834
14.66,-746.5350565251958,-2583.702277801563
14.68,-733.0305967808644,-2574.721877212446
14.7,-720.2948212320787,-2560.1122575511595
14.72,-709.3774236988289,-2539.227245847076
14.74,-700.8067340822196,-2513.3917324325325
14.76,-693.8000506405922,-2485.133797569716
14.78,-686.670499630487,-2458.213943079575
14.8,-678.4657382003534,-2435.339363067874
14.82,-669.8926027231546,-2416.3372485036225
14.84,-661.0272019218829,-2401.7284304726736
14.86,-652.4413054272219,-2390.2909579420566
14.88,-644.600655473723,-2381.69235956001
14.9,-638.0049070615654,-2374.924372436116
14.92,-632.3780910616032,-2369.0751473925434
14.94,-628.2308401271567,-2363.994302551012
14.96,-625.5795908123697,-2359.528587713772
14.98,-624.4062559983556,-2354.325709549764
15.0,-624.6992982057911,-2349.239239331698
15.02,-626.1676233463313,-2343.7614043777926
15.04,-629.1164834526877,-2338.5002326506587
15.06,-633.5616745638794,-2333.1518524103417
15.08,-639.4594394432843,-2329.1780086721583
15.1,-647.1143856288144,-2326.540670122232
15.12,-656.0098108374783,-2326.6641676579075
15.14,-666.9320900879641,-2330.2133391962366
15.16,-679.2957294866897,-2338.0343896289655
15.18,-693.5359644567923,-2350.448279889576
15.2,-708.7428567160464,-2368.679757716546
15.22,-724.1283943957638,-2391.685317722828
15.24,-738.2352954516471,-2419.862730321459
15.26,-749.1625716493616,-2451.789283168677
15.28,-755.5183464375226,-2486.72229774846
15.3,-755.7556359835814,-2526.7770475695056
15.32,-751.1206261128389,-2572.993594497408
15.34,-748.9042396701564,-2614.2556602684513
15.36,-751.2761536441997,-2650.620250785593
15.38,-757.2218851611965,-2685.0226784613606
15.4,-765.9525903456499,-2720.9207251932553
15.42,-776.179195758022,-2757.54851797751
15.44,-784.5846938761774,-2793.906911209671
15.46,-789.0490224992662,-2827.578432345156
15.48,-788.3962729505457,-2858.789615818994
15.5,-783.0109197084896,-2891.13086063771
15.52,-771.7826636138097,-2929.97530426949
15.54,-759.5122608750122,-2969.107093781888
15.56,-750.2169805495091,-3000.6927951339017
15.58,-743.252915815179,-3028.8667677742915
15.6,-738.2352954516471,-3056.685390621995
15.62,-733.9574548784526,-3084.9793010134463
15.64,-728.5427076971425,-3112.319405119334
15.66,-721.174980677476,-3140.18315861084
15.68,-710.5356123853107,-3171.5408990727315
15.7,-696.0425545388979,-3211.7938210802304
15.72,-680.9535907662133,-3253.115662605696
15.74,-671.7817907043587,-3286.0458620996446
15.76,-667.3485896240882,-3316.1925868826206
15.78,-666.9868583888693,-3347.792696885087
15.8,-669.4754094378598,-3383.078126114824
15.82,-672.1995695715702,-3416.4418379528306
15.84,-672.8322134864487,-3447.5335711405346
15.86,-671.7801853366864,-3478.544560129475
15.88,-667.3485896240882,-3513.2395581278647
15.9,-660.770549278323,-3552.937362208679
15.92,-657.3282574979569,-3589.671074139597
15.94,-659.0483089718967,-3621.9786488083655
15.96,-665.0371647276547,-3651.7892139952232
15.98,-675.3316976821388,-3679.7358232308534
16.0,-688.793462480926,-3705.095598321015
16.02,-703.882400871718,-3725.9810856232593
16.04,-719.1195437976842,-3741.664634237925
16.06,-733.9574548784526,-3751.501457209944
16.08,-747.4515051250947,-3755.373922623195
16.1,-759.5122608750122,-3753.361902765964
16.12,-770.3141237613767,-3745.9141775018816
16.14,-779.9983373154378,-3734.7981752579662
16.16,-789.3225594889926,-3719.997005382704
16.18,-798.5113113937648,-3701.5670815147614
16.2,-807.0799404682031,-3681.2938848802314
16.22,-813.2286972449667,-3661.818017871776
16.24,-817.6289338649459,-3644.196270128949
16.26,-819.1215180717214,-3627.735167292165
16.28,-818.5401918949808,-3611.945796308555
16.3,-815.2713049752125,-3595.334195259816
16.32,-809.4128558202561,-3579.513467546456
16.34,-801.7854311648168,-3563.9769156915404
16.36,-791.8284859190398,-3550.522001151576
16.38,-780.2535097879603,-3539.8757231505706
16.4,-767.611102603812,-3533.874175861388
16.42,-754.2907989767542,-3533.589892502884
16.44,-740.4696122251198,-3539.8488597419614
16.46,-725.2991060220556,-3554.016453485903
16.48,-707.8185244752533,-3577.1572584804826
16.5,-689.8523812662081,-3603.4437673419898
16.52,-675.1233576574664,-3622.240040507442
16.54,-662.2470202785912,-3633.8774063854153
16.56,-651.5085920012332,-3640.501863679664
16.58,-641.8840821830227,-3644.0072499085945
16.6,-633.2650976514365,-3644.8424093606286
16.62,-626.1676233463313,-3644.650714004484
16.64,-620.5356123853107,-3643.5690671811185
16.66,-616.3137814081502,-3642.926874472757
16.68,-613.8841223418207,-3642.2076082200897
16.7,-612.6696974627681,-3642.6699320997727
16.72,-613.3184874655517,-3643.850763849903
16.74,-615.45691015131,-3645.39141189315
16.76,-619.0330172500854,-3647.7189105255666
16.78,-624.4062559983556,-3650.2012320328454
16.8,-631.1816034461702,-3652.170776794512
16.82,-639.2183088709489,-3653.6694558005183
16.84,-648.3299883455243,-3653.4408444802425
16.86,-658.6489098790622,-3650.1220428135334
16.88,-669.8926027231546,-3643.154116488317
16.9,-682.8352759710568,-3630.4990558035424
16.92,-698.2880927259067,-3610.4714764133696
16.94,-716.4619847877325,-3582.6039669440775
16.96,-733.3864569705678,-3558.90472690772
16.98,-747.848783747143,-3544.518952147293
17.0,-760.9756558059782,-3536.637145282909
17.02,-773.2477315655747,-3535.1330030702406
17.04,-784.8496028808061,-3537.7986791508088
17.06,-795.1736032164765,-3544.472819825253
17.08,-804.435518346344,-3553.5100698133474
17.1,-812.0405309133408,-3564.008428734141
17.12,-817.6289338649459,-3574.7838004520895
17.14,-821.8215115550186,-3585.589428490837
17.16,-823.6003622597942,-3595.601722295476
17.18,-823.8861918018271,-3604.9178170108353
17.2,-822.3938034772816,-3613.7745958919904
17.22,-818.8312417667041,-3622.11427749065
17.24,-813.8137510641003,-3630.8803321141927
17.26,-807.0799404682031,-3641.195204993516
17.28,-797.938100378486,-3653.604481703148
17.3,-786.5473152006734,-3668.2407647034215
17.32,-773.6587290461811,-3683.3091721230794
17.34,-760.7553438453174,-3694.134883275104
17.36,-747.8471137388464,-3699.718245447789
17.38,-734.600655473723,-3698.319595623685
17.400000000000002,-721.174980677476,-3690.0266538446585
17.42,-708.4547569426841,-3675.3558051085274
17.44,-697.3576554362378,-3654.378658651603
17.46,-689.0466246656528,-3628.0717089517657
17.48,-685.196767454461,-3596.4971712792367
17.5,-684.7881306379426,-3559.86045045488
17.52,-684.54574446439,-3523.884027232115
17.54,-682.0109696600017,-3492.752800334307
17.56,-677.2147954581925,-3465.333407044713
17.58,-671.1444210442787,-3440.514411054908
17.6,-663.9725069151315,-3416.9193902005995
17.62,-657.0657040960083,-3394.191599643053
17.64,-649.9199856645084,-3371.7848426613623
17.66,-643.6711840979225,-3349.1518085675066
17.68,-638.5878416654016,-3326.6496435093404
17.7,-635.9160189103256,-3305.943233087321
17.72,-635.6235559476363,-3286.146551263275
17.74,-638.0049070615654,-3267.965492810696
17.76,-643.1005836216125,-3249.4985501215847
17.78,-650.8510201718088,-3229.828571370292
17.8,-661.8384994699829,-3205.191156501472
17.82,-676.3796361975375,-3176.330447465532
17.84,-689.8523812662081,-3151.414541554598
17.86,-702.1087035672209,-3133.8587972829505
17.88,-714.1113140466473,-3122.382458181828
17.900000000000002,-726.5021437391003,-3116.3417477551407
17.92,-739.162887847643,-3116.3417477551407
17.94,-752.1779518410718,-3120.6259280880813
17.96,-764.915533518973,-3128.819437904767
17.98,-777.2364131886909,-3140.051528653068
18.0,-788.1261226558531,-3152.8080652235667
18.02,-797.592853474744,-3166.922166039078
18.04,-805.6006139656622,-3181.7978575764255
18.06,-811.1665837125933,-3196.7816005862487
18.08,-814.6886201851139,-3210.6632909159457
18.1,-816.1770025000545,-3223.930983759304
18.12,-815.5609467909942,-3236.888104330372
18.14,-812.642907207024,-3249.5678959202737
18.16,-808.2477813171693,-3262.1215733550907
18.18,-800.8741731347819,-3276.554912493298
18.2,-791.2754138756234,-3294.1717206161143
18.22,-779.3459480000095,-3313.962894138798
18.24,-766.7822813611651,-3331.6880898164673
18.26,-754.6973209660906,-3343.923881383235
18.28,-742.3266908322807,-3350.742177938521
18.3,-729.4594394432842,-3351.091227768287
18.32,-716.1676233463313,-3344.790074659826
18.34,-702.9514335856825,-3331.9927029528285
18.36,-690.767169822042,-3313.2536006825308
18.38,-680.7703123949458,-3289.8501425369227
18.4,-674.2910073722961,-3262.9802778993608
18.42,-671.7817907043587,-3231.687291286276
18.44,-673.8707774907411,-3195.697674215376
18.46,-676.9972898876641,-3159.143748147077
18.48,-678.0490083455112,-3127.221095594797
18.5,-676.9972898876641,-3098.585770029418
18.52,-673.6650512532316,-3070.8979214807614
18.54,-669.4730408227333,-3042.9766319980795
18.56,-664.6269346278955,-3013.829373524757
18.58,-660.3667676176829,-2983.830629766699
18.6,-658.3880076295706,-2956.614430615156
18.62,-659.7080615002071,-2930.7504302796647
18.64,-664.8686205653727,-2905.035725067154
18.66,-673.8707774907411,-2875.9955900734208
18.68,-687.3246723712708,-2839.688991349236
18.7,-700.5269252207685,-2805.4399077715607
18.72,-711.1182056564057,-2779.1780086721583
18.74,-719.7071825148814,-2757.1569119148608
18.76,-727.086843613206,-2737.367294813887
18.78,-733.9574548784526,-2719.0276228898792
18.8,-740.4696122251198,-2700.2497753719376
18.82,-746.533438176949,-2681.220977668768
18.84,-752.5852710234082,-2661.0155980817945
18.86,-759.5138706030544,-2638.4054707767914
18.88,-768.0229780347374,-2612.1954161200943
18.9,-777.641528310059,-2580.5227927226015
18.92,-786.5473152006734,-2548.656483716532
18.94,-791.5506380989957,-2521.179975863357
18.96,-792.4750788122901,-2496.485461784672
18.98,-789.6996429398697,-2471.534524827032
19.0,-783.2738464631389,-2446.7504059637836
19.02,-774.0694317120863,-2421.074133745516
19.04,-762.6320836685976,-2396.284382832915
19.06,-749.5609689311912,-2371.079105444683
19.08,-735.8145849946671,-2346.1322502511102
19.1,-721.7620706429356,-2320.43214023298
19.12,-708.4547569426841,-2293.059865990996
19.14,-696.9730596025407,-2263.598824677444
19.16,-688.3898898966945,-2233.105358325181
19.18,-684.1356953923748,-2200.539343557711
19.2,-685.443008931744,-2164.696824178296
19.22,-691.4259886323604,-2122.626749271762
19.24,-696.7016640333313,-2082.7276721178655
19.26,-698.2880927259067,-2048.5752796647657
19.28,-696.4306822272051,-2016.3640464653713
19.3,-691.4259886323604,-1983.677773385328
19.32,-685.198659527213,-1949.3134206634204
19.34,-679.2977257004874,-1914.794865695156
19.36,-676.580269482956,-1882.4328413411165
19.38,-678.0490083455112,-1852.103665368704
19.4,-684.1344336831401,-1820.287512471124
19.42,-695.3849093151151,-1781.0348137208168
19.44,-707.5302828467402,-1740.4985524529409
19.46,-716.1676233463313,-1708.0356022299718
19.48,-721.4696043894701,-1679.159730616548
19.5,-723.8347742173931,-1650.0405030523855
19.52,-724.713433343009,-1619.684782491935
19.54,-725.5935801537339,-1590.2149714541956
19.56,-728.5878416654018,-1561.3955060075702
19.58,-733.9574548784526,-1531.7988541905822
19.6,-742.599168432671,-1497.4501566186996
19.62,-754.6973209660906,-1456.7515339611675
19.64,-763.4617746841128,-1420.0178098583344
19.66,-767.1947410242977,-1389.0390838115973
19.68,-766.3654641866772,-1358.6429168042819
19.7,-761.388939263232,-1326.2684781633354
19.72,-753.3972500408613,-1293.0032976684383
19.74,-744.5647621489564,-1258.8810675994223
19.76,-737.026120946396,-1225.84228998438
19.78,-732.4590855733132,-1193.3155628931631
19.8,-731.2467555657648,-1159.8777579085906
19.82,-734.5996527407104,-1121.6838298963514
19.84,-740.7433473350553,-1077.8156340908204
19.86,-743.252915815179,-1039.211105642943
19.88,-740.744693540303,-1005.571774000008
19.9,-733.9574548784526,-974.2898257772648
19.92,-723.8347742173931,-944.354068489178
19.94,-711.7424283089524,-915.4327860822218
19.96,-698.9419063455438,-888.5359594384598
19.98,-686.5096167226649,-861.7018698728809
20.0,-674.9140001534038,-835.1753439324702
20.02,-665.4511306481984,-808.5760899061075
20.04,-659.0493654118019,-782.7847314707757
20.06,-656.0081997107003,-757.3262284773666
20.08,-656.4039488300962,-731.9388687837453
20.1,-660.77234740038,-704.1544398990561
20.12,-669.2467760661772,-671.797733560989
20.14,-679.2957294866897,-638.4382296066897
20.16,-687.3246723712708,-610.4808770927849
20.18,-693.8000506405922,-587.3638736104024
20.2,-698.9419063455438,-565.6903874618437
20.22,-703.882400871718,-544.9140039854021
20.24,-708.4547569426841,-523.9285441531417
20.26,-713.5307556207193,-503.91675344043847
20.28,-719.7071825148814,-482.9489694279837
20.3,-726.7957818598445,-460.45667449073136
20.32,-736.095877564211,-433.9366205234056
20.34,-748.246619804563,-400.76280031770966
20.36,-760.9756558059782,-364.4832764361073
20.38,-769.677610598571,-334.795714133911
20.4,-774.0694317120863,-309.03908381159715
20.42,-775.1235660530083,-283.55237680866236
20.44,-772.8377670390422,-256.6162661102149
20.46,-768.0254257665309,-228.3269671853096
20.48,-761.8032624259506,-199.417753932602
20.5,-756.1641280055991,-171.20593761595643
20.52,-751.5264928016065,-143.69416903550453
20.54,-748.7612592387128,-115.24062476359136
20.56,-748.5027666663058,-84.7333499106647
20.58,-751.1206261128389,-49.86919660869465
20.6,-755.1079493274729,-11.449102352735409
20.62,-755.5183464375226,22.73331622581161
20.64,-751.680898449352,52.06931422635208
20.66,-744.2966406734365,77.98632804498854
20.68,-733.9574548784526,100.4681350091634
20.7,-722.3632828385943,119.01025919601952
20.72,-710.2448603068557,132.33059935459434
20.74,-698.9419063455438,140.8122907430289
20.76,-688.1364159579751,144.17898676402964
20.78,-678.8818054358782,143.1382006811489
20.8,-670.7254787336806,138.2883287219902
20.82,-663.5590043559007,130.70412020152185
20.84,-657.3282574979569,120.39351937232799
20.86,-651.5085920012332,108.0709997363486
20.88,-646.3785885127043,94.21817052537745
20.9,-642.7458390979043,79.65289684469764
20.92,-640.3813477796772,65.42648086931102
20.94,-639.7492061504108,51.98812087202805
20.96,-641.2467555657648,40.08721011382697
20.98,-644.8846550420609,29.188637907332897
21.0,-650.1955238536515,20.102083412335546
21.02,-657.5892620027065,12.988637104462676
21.04,-666.5158487939589,8.955706026755193
21.06,-677.2147954581925,7.924768234551731
21.08,-689.8533960985715,11.391401738701523
21.1,-703.882400871718,17.824672108596587
21.12,-718.2373792541056,24.04411850741632
21.14,-731.8215115550186,26.02652265555952
21.16,-744.2966406734365,23.324531739382763
21.18,-755.1079493274729,15.147359033635611
21.2,-764.2919884401998,2.367546520760871
21.22,-771.1407309359959,-13.970676828075124
21.24,-775.5316638618403,-33.40818734974332
21.26,-777.8878722281562,-55.47347072548799
21.28,-778.5425013738089,-78.03663289624834
21.3,-778.6929140222189,-99.19552088188067
21.32,-778.9427060684823,-118.24649053808476
21.34,-778.9462197174995,-135.49043479325368
21.36,-778.9463690676079,-151.8441112311621
21.38,-778.5425013738089,-166.37983631510812
21.4,-777.4833743346888,-180.89981671669167
21.42,-775.7723210172787,-194.1124990970908
21.44,-773.0131435629005,-207.07415280750376
21.46,-769.0745178113037,-219.06375478748612
21.48,-764.2919884401998,-230.64886545451867
21.5,-758.2736340937665,-241.52059459521763
21.52,-751.2743583875739,-254.33895473149224
21.54,-743.252915815179,-268.44606611167006
21.56,-733.9574548784526,-285.8757829571298
21.58,-723.2467416834313,-308.5731181551655
21.6,-709.3222146411615,-338.53643881164345
21.62,-694.4565928733227,-371.1720511467134
21.64,-683.3107900025224,-396.8663681002593
21.66,-674.9160349523157,-417.16193308468456
21.68,-669.2846063087095,-435.3293296452297
21.7,-665.6890579812116,-452.5488889755648
21.72,-664.2157055025497,-470.3138796171416
21.74,-663.8055395517445,-489.61465568995806
21.76,-664.8686205653727,-507.9898617335074
21.78,-666.5158487939589,-526.3134580531421
21.8,-668.4130119815816,-544.8766658139496
21.82,-670.7254787336806,-564.2494375734009
21.84,-672.6170233611707,-584.0280851229393
21.86,-674.0826673476238,-605.406124176803
21.88,-674.9140001534038,-629.4466938361631
21.9,-674.7071825148813,-656.5546097309517
21.92,-674.2869377808022,-685.8883270495356
21.94,-675.3316976821388,-713.1069390263926
21.96,-679.9413242070293,-736.5864428053646
21.98,-687.328232640736,-756.1776426863233
22.0,-696.7016640333313,-771.1004426783991
22.02,-707.8788096500257,-780.928775403997
22.04,-719.7071825148814,-785.5327487851398
22.06,-732.1721153569463,-783.6499694284829
22.08,-745.219491391096,-776.3869114265486
22.1,-758.4588108498432,-764.7665148246533
22.12,-770.9555541799197,-751.7511523402227
22.14,-781.5655812826196,-741.7499537517511
22.16,-790.2511762425578,-735.3683456277719
22.18,-797.0205615524811,-730.8812669830603
22.2,-802.3657263407651,-728.2741255974119
22.22,-805.8940989206096,-726.8331474995458
22.24,-807.9536561185366,-725.5276172944361
22.26,-808.2438115485329,-724.4831191054246
22.28,-807.3697148431735,-723.3491433971568
22.3,-804.725744844649,-722.4627317289837
22.32,-800.8716573326202,-722.4476608666366
22.34,-795.247026189305,-723.3395807584651
22.36,-788.1218488490598,-725.9096698779479
22.38,-779.1973844802534,-730.8812669830603
22.4,-768.4387092237844,-739.804182554193
22.42,-755.7556359835814,-752.360278874062
22.44,-741.9414037160522,-765.5183747244558
22.46,-728.5427076971425,-774.7252255949116
22.48,-715.8735733788315,-778.119543571082
22.5,-703.882400871718,-775.5309933757345
22.52,-692.8776899544998,-767.5600009275257
22.54,-683.5489970750731,-754.4724282407361
22.56,-675.7473686947502,-737.4234089738615
22.58,-670.9480965276016,-716.6104785375292
22.6,-669.0600307352249,-692.3146059671628
22.62,-669.6647314457105,-664.9136350748779
22.64,-671.3651206185393,-638.3149595211632
22.66,-672.1993919946531,-614.3380784973814
22.68,-672.1995695715702,-593.0671875410294
22.7,-672.1993919946531,-573.6346141583577
22.72,-671.3653566842515,-555.3391415587881
22.74,-671.3651206185393,-537.6883668479246
22.76,-671.3651206185393,-520.4131148106422
22.78,-671.9813805633206,-503.3703891715021
22.8,-673.4527308921998,-486.16247155706645
22.82,-676.1648015640686,-469.24255079604967
22.84,-680.7703123949458,-452.7068404944848
22.86,-686.670499630487,-435.3821324717827
22.88,-694.7259429086653,-415.2231275910648
22.9,-705.09896255789,-390.6602787529538
22.92,-719.1195437976842,-358.5824958159723
22.94,-732.7467220740865,-326.67168156013275
22.96,-743.252915815179,-302.5284741183724
22.98,-751.2761536441997,-282.6805824278577
23.0,-757.6317014159528,-265.50498518923126
23.02,-762.2156352165885,-248.94928252486903
23.04,-765.1223765895629,-233.13450110796927
23.06,-767.1947410242977,-216.65804077116223
23.08,-768.0229780347374,-199.96488567409767
23.1,-768.0254257665309,-183.224305543914
23.12,-767.611102603812,-165.74951220719376
23.14,-767.1987298131744,-147.89491471676945
23.16,-767.1947410242977,-128.76092438145292
23.18,-767.1967354368804,-108.46203991050504
23.2,-768.0254257665309,-84.96681029817769
23.22,-769.4875717777309,-58.88010474643234
23.24,-770.3141237613767,-31.934786953058712
23.26,-768.8523816891438,-7.51460082689331
23.28,-764.49883151079,13.845334342948169
23.3,-757.6317014159528,31.300690060339942
23.32,-748.5027666663058,44.88280429219274
23.34,-737.9552975073933,53.82402049842536
23.36,-726.2103523744987,57.33439620065835
23.38,-714.1113140466473,55.14019145202655
23.4,-701.0856031483937,47.29303234922472
23.42,-687.983125536873,35.373450214818405
23.44,-675.1274272489604,22.799432053693938
23.46,-664.3840716660255,13.35920776226646
23.48,-655.742555777226,7.546789470619779
23.5,-648.7030330094875,4.290621353860866
23.52,-643.0314890951233,3.198870520455659
23.54,-639.1695047229069,3.1065592358350487
23.56,-636.8321988637831,3.8764169484714777
23.58,-635.9160189103256,4.904175191186469
23.6,-636.5380678305648,6.355371031444052
23.62,-638.6337470789333,7.782823113023149
23.64,-642.4590855733132,10.171819710202175
23.66,-647.6766186056137,13.523979300587154
23.68,-654.689973667707,18.763135985098845
23.7,-663.314650829216,26.572878828804367
23.72,-674.2869377808022,37.44644466551247
23.74,-686.5096167226649,49.47929560058984
23.76,-698.6683250739608,59.33733516634027
23.78,-710.5356123853107,64.2914046841808
23.8,-722.3632828385943,64.03985226649584
23.82,-733.3864569705678,58.21043067820037
23.84,-743.252915815179,47.447857073126606
23.86,-751.9283125345228,31.522697782138174
23.88,-758.0456495382674,12.235506467149792
23.9,-761.3913869950253,-11.25886267650572
23.92,-762.2156352165885,-37.98330697789455
23.94,-761.3913869950253,-65.66326834449796
23.96,-761.3913869950253,-90.68752281306512
23.98,-762.2156352165885,-112.74904830103956
24.0,-763.6715109717968,-132.5941538433806
24.02,-765.5354935250851,-150.59237935698653
24.04,-767.1947410242977,-167.43478065902545
24.06,-768.4387092237844,-183.59888789967852
24.08,-769.2647594075995,-199.71683678369723
24.1,-769.2647594075995,-213.93670560848807
24.12,-768.4387092237844,-229.3492210407481
24.14,-766.3654641866772,-243.67920030756227
24.16,-762.6320836685976,-258.4831092026408
24.18,-758.0456495382674,-273.421682912887
24.2,-751.5264928016065,-289.77423547363236
24.22,-743.252915815179,-308.8988124558906
24.24,-732.7449562885149,-333.60823738738947
24.26,-718.8247747046768,-364.54819288042097
24.28,-705.741401439877,-394.3120918369704
24.3,-695.7720945491303,-417.05646264971824
24.32,-687.983125536873,-435.482878170911
24.34,-681.831948613604,-451.1232074418271
24.36,-677.4120002447975,-466.0218204440326
24.38,-674.080691949315,-479.6734933540631
24.4,-672.3992994941173,-493.93564199870406
24.42,-671.5617171557866,-509.10876127901537
24.44,-671.5833309888529,-523.8343547373695
24.46,-672.6170233611707,-539.416132047681
24.48,-674.0826673476238,-555.2165226931378
24.5,-675.7493137765313,-571.9046292074884
24.52,-677.6321604640377,-589.898333004715
24.54,-679.2957294866897,-609.7951843557713
24.56,-679.7131906316255,-631.6699661343985
24.58,-679.7128395223212,-656.8255630752226
24.6,-678.8818054358782,-684.4448110094593
24.62,-679.7128395223212,-710.7967727476433
24.64,-683.3107900025224,-734.1904302095171
24.66,-689.4489873363964,-753.4661846209243
24.68,-697.6322473036033,-768.8104720204958
24.7,-707.5302828467402,-779.4283244993549
24.72,-718.2373792541056,-785.5239521363701
24.74,-729.4594394432842,-786.0730375881828
24.76,-741.017974582312,-781.4573237092686
24.78,-752.9893482115722,-772.5278861128913
24.8,-764.7071825148813,-760.7628003177095
24.82,-775.1235660530083,-749.6995376958973
24.84,-783.6637951903723,-741.3377494501718
24.86,-790.2511762425578,-735.478403022558
24.88,-795.1736032164765,-731.6524688542193
24.9,-798.5113113937648,-728.8987411085725
24.92,-800.2928469580413,-726.575614812282
24.94,-800.5831232630586,-725.1369555341095
24.96,-799.3762545962065,-723.8675448803264
24.98,-796.3828759346394,-723.3395807584651
25.0,-792.1082204467201,-723.6253901525192
25.02,-786.1614492145836,-725.5251203881454
25.04,-778.6929140222189,-729.2403509633773
25.06,-769.4875717777309,-736.3071807162657
25.08,-758.2736340937665,-746.5815882974479
25.1,-745.8784005729702,-758.7212418185411
25.12,-733.0305967808644,-768.9842270549227
25.14,-720.882336341039,-774.2247890360736
25.16,-709.6644688140351,-774.2564737644545
25.18,-699.2188411761113,-768.9876929399545
25.2,-689.7063035295556,-759.2799705833581
25.22,-681.831948613604,-745.2889385196767
25.24,-676.1648015640686,-727.857612051111
25.26,-673.0347288322253,-706.7561816618729
25.28,-672.6190503836792,-682.8954591283845
25.3,-673.8707774907411,-657.4924183366644
25.32,-675.3316976821388,-633.6529324842569
25.34,-676.1648015640686,-612.6100922802306
25.36,-676.3795175607085,-594.2680119117471
25.38,-676.580269482956,-576.775613058172
25.4,-676.797341668592,-561.5780316614336
25.42,-677.4123802588354,-546.8396298111232
25.44,-678.4657382003534,-533.0031649653083
25.46,-680.5417678300954,-520.1601899755967
25.48,-683.0730686389139,-506.93313987709297
25.5,-686.9182708074449,-494.74700054322045
25.52,-691.4259886323604,-482.61196576228366
25.54,-696.9730596025407,-469.30295326161087
25.56,-703.3167969443201,-454.43188089187777
25.58,-710.5356123853107,-436.56863344788974
25.6,-720.0,-414.7252255949117
25.62,-731.5355553797369,-386.70935620268807
25.64,-744.5619325321721,-355.4964524718823
25.66,-754.2907989767542,-329.2875850977348
25.68,-760.9756558059782,-308.53631530328585
25.7,-765.5354935250851,-289.77423547363236
25.72,-767.611102603812,-271.76047206631733
25.74,-768.0229780347374,-253.58751552691413
25.76,-766.3654641866772,-235.43594942051448
25.78,-763.4617746841128,-216.39472190464292
25.8,-759.5138706030544,-197.3822362528309
25.82,-755.3449333176765,-177.89911954927862
25.84,-750.8718636559538,-158.09710043441484
25.86,-747.1896541358885,-137.40990410698728
25.88,-743.9096542969324,-115.5634780982648
25.9,-742.0552908627909,-91.40255176252835
25.92,-742.3266908322807,-64.14127753097806
25.94,-744.5619325321721,-32.53731989324346
25.96,-746.7967113094567,0.3501484413622046
25.98,-746.140518566624,29.292272230714985
26.0,-742.3267026686761,53.866391458092096
26.02,-736.095877564211,74.95390865896769
26.04,-727.670002402436,92.79564888036954
26.06,-718.5320286887236,106.34890977568828
26.08,-709.0330172500854,115.67871785991528
26.1,-699.8747305442752,120.84026938345212
26.12,-691.4259886323604,122.23144967977312
26.14,-683.9632343815643,119.41453418741544
26.16,-676.797341668592,114.05460090004811
26.18,-670.7254787336806,105.52099211611724
26.2,-665.0404357679937,95.08490815195806
26.22,-660.3667676176829,82.79086572137558
26.24,-656.2722336919593,69.12767718261695
26.26,-653.371810490865,55.897299451741326
26.28,-652.439883002076,43.54621878279705
26.3,-653.1022331231499,32.532420844063566
26.32,-655.742555777226,22.84274151951737
26.34,-660.1131608782274,14.611249699724988
26.36,-666.1049163368599,8.511173980609344
26.38,-673.8707774907411,4.811541803222365
26.4,-683.0730686389139,4.245014391199288
26.42,-694.0657812228218,6.729901055086124
26.44,-706.0279080591948,12.178797792436615
26.46,-718.5320286887236,17.824672108596587
26.48,-730.6696359717613,20.61504479243315
26.5,-741.6714157837279,20.098894954560855
26.52,-751.2761536441997,15.084267166059112
26.54,-759.5122608750122,6.1994141518018955
26.56,-765.9525903456499,-5.8214812715418205
26.58,-770.3164759568514,-20.528297118167295
26.6,-772.8377670390422,-37.46183935987868
26.62,-773.657440291711,-56.20818174233102
26.64,-773.0131435629005,-74.65719728690787
26.66,-771.7826636138097,-92.3086727224512
26.68,-770.7259848163596,-107.75740527401082
26.7,-769.0745178113037,-121.53338321770023
26.72,-767.1947410242977,-133.6940147093254
26.74,-764.2919884401998,-144.30390856957666
26.76,-760.9756558059782,-153.1431178802625
26.78,-756.8103304370096,-160.41050014827005
26.8,-751.5264928016065,-165.02267846136047
26.82,-745.219491391096,-167.68547586590122
26.84,-737.6766186056137,-167.66881158850555
26.86,-729.4594394432842,-165.09637561084816
26.88,-720.2948212320787,-159.90681002014583
26.9,-710.8265233643612,-152.67269300222307
26.92,-701.4574491213002,-144.06045557965217
26.94,-692.4830013988708,-133.17303789357862
26.96,-683.7227490434016,-121.92971867943972
26.98,-676.1648015640686,-108.98949966328432
27.0,-669.8909362508243,-95.05785032826424
27.02,-664.7959558344019,-80.50105093504455
27.04,-661.8375491418557,-65.41721175220206
27.06,-660.6209025488367,-50.422206483994955
27.08,-661.4312394928896,-34.93551650131422
27.1,-664.4588716287363,-18.334749235022684
27.12,-669.8926027231546,0.7598327533022758
27.14,-678.269943985484,23.656009959487076
27.16,-688.793462480926,49.53242814087359
27.18,-698.9447528046428,72.36866565402349
27.2,-707.8788096500257,90.15920837806786
27.22,-715.8735733788315,103.33583234209279
27.24,-723.8347742173931,112.92625902139632
27.26,-731.5355553797369,119.3306692197842
27.28,-739.5396344854877,122.62281135986434
27.3,-747.4515051250947,123.1119213828082
27.32,-755.1079493274729,121.12121947632016
27.34,-761.8032624259506,118.33930340520156
27.36,-768.0254257665309,114.23243916878006
27.38,-773.0131435629005,109.07486915029727
27.4,-776.8309207626708,103.80714902812288
27.42,-779.5980890496301,98.69575592592012
27.44,-780.9088291816925,93.10668208776694
27.46,-780.9088291816925,87.46747791075218
27.48,-779.3459480000095,81.19942042459138
27.5,-776.8290940063544,74.86219374354167
27.52,-772.8377670390422,67.18049334687487
27.54,-767.611102603812,58.372201756550965
27.56,-761.1692637536166,47.526777283633656
27.58,-752.9893482115722,33.50739787161243
27.6,-742.9822991714667,14.973052137340492
27.62,-730.3275630962435,-9.485842913742625
27.64,-717.3458078567057,-33.83960334304388
27.66,-706.3137814081502,-52.05414363030092
27.68,-696.9730596025407,-65.5729336705776
27.7,-688.793462480926,-74.92530771165424
27.72,-681.5991150499492,-80.82061230799337
27.74,-674.9140001534038,-84.02238414873794
27.76,-669.2467760661772,-85.54636597166352
27.78,-664.62623439182,-85.1937820366148
27.8,-660.77234740038,-84.02238414873794
27.82,-658.3880076295706,-81.74423337379181
27.84,-656.9301900577025,-79.39625602897716
27.86,-656.9301900577025,-76.23680772833619
27.88,-658.246619804563,-72.9457738139885
27.9,-660.77234740038,-68.90493384803958
27.92,-664.381438481402,-63.636264910598605
27.94,-669.2467760661772,-57.25890692571716
27.96,-675.3316976821388,-49.14241132380968
27.98,-683.0711327187979,-37.54375839968301
28.0,-692.2219127539619,-22.80263622442219
28.02,-703.882400871718,-2.609888158108532
28.04,-717.0510821911683,21.360142622053186
28.06,-729.1695047229069,41.49251337697598
28.08,-739.162887847643,56.05411350570448
28.1,-748.246619804563,65.89438970166538
28.12,-756.1641280055991,71.71489401338584
28.14,-763.4617746841128,74.84786029320166
28.16,-769.9004944267083,75.36099602133986
28.18,-775.1235660530083,73.79916966549656
28.2,-779.5980890496301,70.8474741024541
28.22,-782.8793085045667,66.86013010334202
28.24,-784.5846938761774,62.201320849191255
28.26,-785.239163302291,56.70541132483864
28.28,-784.3188907738382,50.63475047646828
28.3,-781.9628599046679,44.42557230969555
28.32,-778.2910529657955,36.616781597597615
28.34,-772.8377670390422,27.00439557598166
28.36,-765.9525903456499,15.313019568663982
28.38,-756.8133388321241,-0.2488432759674084
28.4,-745.6130665877971,-19.910650571362897
28.42,-733.3864569705678,-40.8578975168573
28.44,-722.068557173057,-57.44910087902437
28.46,-712.0346376483247,-68.93790697915988
28.48,-702.6696974627681,-75.1474238692222
28.5,-693.8000506405922,-77.61561083094112
28.52,-685.8527088427164,-75.88392490262734
28.54,-677.8288123747503,-71.13368812996849
28.56,-671.1444210442787,-63.641630096733024
28.58,-665.6890579812116,-54.0681665247241
28.6,-662.0878602214506,-43.00559497987314
28.62,-659.7108343475262,-30.638186292613277
28.64,-659.4520638118236,-17.474603880424297
28.66,-661.4312394928896,-2.8973042282369295
28.68,-665.0385138537977,13.933638634485243
28.7,-671.7817907043587,33.61322193464314
28.72,-680.1675889635856,55.426187569735816
28.74,-688.3898898966945,74.98217276249899
28.76,-696.7016640333313,90.67668893038368
28.78,-704.2449328971337,102.40612641222964
28.8,-711.7443626273268,111.03171068826929
28.82,-719.7071825148814,115.44275329174948
28.84,-727.670002402436,116.56485800110399
28.86,-736.095877564211,113.96523330501572
28.88,-744.2966406734365,108.0834692264948
28.9,-752.3358809463798,99.43792867932414
28.92,-759.5122608750122,88.23952793368258
28.94,-765.5354935250851,74.75785409511855
28.96,-769.9004944267083,60.151648121227375
28.98,-772.4250301908182,44.44770433076662
29.0,-772.8364007753747,27.772250270251355
29.02,-770.7259848163596,9.07359327667305
29.04,-765.9525903456499,-12.234450434848394
29.06,-758.6868427053083,-36.97028467418532
29.08,-750.2169805495091,-62.245546413670155
29.1,-742.5949425977296,-83.54611208557073
29.12,-736.095877564211,-100.9773721033494
29.14,-730.0369413309338,-115.18609024692526
29.16,-724.1283943957638,-126.21172622545316
29.18,-718.5320286887236,-135.07628995534554
29.2,-712.3275214165567,-141.84957444817317
29.22,-706.3155881572513,-146.70390099418063
29.24,-700.5269252207685,-149.69683985773105
29.26,-695.1164063936912,-153.19004773024344
29.28,-690.108122628169,-156.36691544948158
29.3,-686.5096167226649,-160.0842419159022
29.32,-683.3107900025224,-164.27791366561016
29.34,-681.5991150499492,-169.36898443905784
29.36,-680.5421752143869,-176.18400857941387
29.38,-680.9535907662133,-183.98312576743447
29.4,-682.4822749417987,-192.90347571387127
29.42,-684.3064157022898,-203.68288666562736
29.44,-687.0758114378172,-215.3764203852692
29.46,-690.108122628169,-228.76809530069548
29.48,-693.1425350538109,-244.32128214008472
29.5,-696.044041806687,-261.73607396437853
29.52,-698.0146660176446,-281.89849600775995
29.54,-698.6683250739608,-305.19297809017024
29.56,-698.0146660176446,-331.9527975568301
29.58,-697.6322473036033,-359.1372147451154
29.6,-699.2201683215507,-383.9286042253744
29.62,-703.3167969443201,-404.50644870564577
29.64,-709.0330172500854,-421.6603945903728
29.66,-716.4619847877325,-435.10009185404374
29.68,-724.4219370335862,-444.7053794328247
29.7,-732.7422307321671,-450.65007674243736
29.72,-740.744693540303,-452.4738504199032
29.74,-748.7612592387128,-450.900259566056
29.76,-756.1641280055991,-446.11704388800575
29.78,-763.2609730644965,-438.43621495125785
29.8,-769.9004944267083,-428.6503691957578
29.82,-775.5316638618403,-417.6150247992264
29.84,-779.9983373154378,-407.32252106271847
29.86,-782.8793085045667,-397.6065255893368
29.88,-783.9288202917672,-389.32148287751073
29.9,-783.2738464631389,-382.33663517151746
29.92,-781.052213032216,-376.3050406620816
29.94,-777.2364131886909,-371.885794980784
29.96,-771.7826636138097,-368.95791812092943
29.98,-765.1223765895629,-368.59466219066354
30.0,-756.5765979907206,-370.6173688863133
30.02,-746.7967113094567,-375.30549604695887
30.04,-736.095877564211,-380.96188450614625
30.06,-725.0084793352139,-386.76737096410886
30.08,-714.4058856945489,-389.16069771265967
30.1,-704.5304299520335,-388.20349838050686
30.12,-695.7720945491303,-383.6415441456144
30.14,-688.3871631078798,-375.52023648776714
30.16,-682.2466276543907,-363.92496301275537
30.18,-678.0490083455112,-349.92922703061726
30.2,-675.7472221770446,-333.64339608105973
30.22,-675.1223765895628,-315.6976742153755
30.24,-675.7472221770446,-297.14579005133805
30.26,-676.580269482956,-279.81931775613265
30.28,-677.6321604640377,-264.46644892999603
30.3,-678.8818054358782,-250.9050588624182
30.32,-680.3559276029282,-239.76494566563647
30.34,-682.4250301908182,-230.03437363672887
30.36,-685.2001110654717,-221.8156548707931
30.38,-688.3898898966945,-215.78321948932572
30.4,-692.7456741319817,-211.80897542068408
30.42,-698.0146660176446,-210.17282172220771
30.44,-703.882400871718,-211.08107475564256
30.46,-710.8265233643612,-215.03152172353967
30.48,-718.2373792541056,-221.59553285670623
30.5,-725.8836094090434,-230.88474220849156
30.52,-733.6711840979226,-243.51103112517745
30.54,-740.744693540303,-257.64943516716323
30.56,-746.7967113094567,-274.3153351152603
30.58,-751.2761536441997,-293.04796718694934
30.6,-753.6409426812799,-313.386453123559
30.62,-753.2325501279857,-335.95588149258367
30.64,-749.8162759801327,-362.18132984238053
30.66,-743.9096542969324,-392.24579499753423
30.68,-737.9552975073933,-420.91730626798415
30.7,-733.9574548784526,-444.958234599636
30.72,-731.5355553797369,-466.4358837320983
30.74,-730.3231055725751,-485.2013848825269
30.76,-729.7498962157276,-503.1638197531564
30.78,-729.7498962157276,-520.4951618265113
30.8,-730.0369413309338,-536.7126709197684
30.82,-730.0369413309338,-553.4633548328487
30.84,-730.0369413309338,-570.3908010322365
30.86,-729.1701587301893,-586.6643063663164
30.88,-727.670002402436,-603.8692436776881
30.9,-725.0084793352139,-622.0227178838651
30.92,-721.174980677476,-641.7811850549318
30.94,-715.2859706339989,-664.9864212705231
30.96,-707.2422496728163,-693.1931008694281
30.98,-698.2880927259067,-724.0381893307082
31.0,-691.825103027056,-750.7779884283485
31.02,-688.6438157514398,-772.9475869224677
31.04,-687.732579785209,-793.3277949162344
31.06,-688.793462480926,-812.3236863513888
31.08,-691.825103027056,-830.8117928356324
31.1,-696.4306822272051,-849.0136867305865
31.12,-701.7377464241488,-866.1907250473059
31.14,-708.1657601107022,-883.1692192015635
31.16,-714.6992982057911,-900.4031669151318
31.18,-721.1769857756569,-917.783631051744
31.2,-727.670002402436,-935.4040729701944
31.22,-733.6711840979226,-953.8375406986488
31.24,-738.232484729867,-973.4283436049427
31.26,-741.124790382899,-993.764002638547
31.28,-742.3266908322807,-1015.4546246422804
31.3,-740.746039955802,-1039.0402170883056
31.32,-736.3785885127041,-1066.732094794089
31.34,-729.1695047229069,-1098.5540833498217
31.36,-722.642907207024,-1128.6935958151284
31.38,-718.8247747046768,-1154.354964080219
31.4,-717.0510821911683,-1176.2473765085595
31.42,-717.0510821911683,-1197.0996493042487
31.44,-718.5320286887236,-1216.4478978058053
31.46,-720.5875826945933,-1236.2683126679156
31.48,-723.2467416834313,-1254.7341092675852
31.5,-726.2103523744987,-1273.895666773852
31.52,-728.5878416654018,-1292.7162690875882
31.54,-730.0369413309338,-1311.784629060033
31.56,-730.6696359717613,-1330.9882410979585
31.58,-729.7498962157276,-1350.9584586020871
31.6,-727.086843613206,-1372.7692089573575
31.62,-722.0565022364746,-1397.9839377868918
31.64,-714.4058856945489,-1428.2183249739455
31.66,-706.3137814081502,-1459.4430806309135
31.68,-701.0856031483937,-1486.3287044000072
31.7,-698.563344857954,-1508.9346249314865
31.72,-698.2880927259067,-1529.4701993484755
31.74,-700.1518031511475,-1549.5139309921483
31.76,-703.3167969443201,-1568.4429911634843
31.78,-707.5302828467402,-1587.44815771738
31.8,-712.6185831699183,-1605.3286467346356
31.82,-717.9447606402928,-1623.7882692348364
31.84,-723.2467416834313,-1642.2322084376865
31.86,-727.9620737423854,-1660.7287577372983
31.88,-732.1721153569463,-1679.9227396723632
31.9,-734.884655042061,-1699.6961971418907
31.92,-735.8145849946671,-1720.7422601003304
31.94,-734.600655473723,-1743.4490924449135
31.96,-730.9596080870785,-1769.6398325889484
31.98,-724.4219370335862,-1800.0
32.0,-717.0636390941497,-1831.58930011156
32.02,-712.6185831699183,-1858.3609712112025
32.04,-710.5356123853107,-1881.6756818429787
32.06,-710.5356123853107,-1902.430458258944
32.08,-712.3255709217677,-1922.3543342147584
32.1,-714.9920976545914,-1941.198863817608
32.12,-718.5320286887236,-1960.083338382798
32.14,-722.6579616238877,-1978.8060575491647
32.160000000000004,-726.5021437391003,-1996.9978082001664
32.18,-730.0369413309338,-2015.2864698471692
32.2,-733.0305967808644,-2033.802436532048
32.22,-734.600655473723,-2052.78648999443
32.24,-734.884655042061,-2072.602639488808
32.26,-733.0987768725115,-2093.963101851243
32.28,-729.1695047229069,-2117.8382150400967
32.3,-722.3632828385943,-2146.9414651789725
32.32,-714.115259007707,-2178.4387316781263
32.34,-708.1657601107022,-2206.069113407246
32.36,-704.8137095560398,-2229.055811994688
32.38,-703.882400871718,-2250.1256273707727
32.4,-704.5304299520335,-2269.374620468129
32.42,-706.6676429556761,-2288.4434891013775
32.44,-709.9523560706939,-2306.588792777756
32.46,-713.8207848760288,-2324.0615529827096
32.480000000000004,-717.9447606402928,-2342.070460537579
32.5,-722.3632828385943,-2359.9475201525747
32.52,-726.1774513016661,-2378.196009634564
32.54,-729.1695047229069,-2396.710099538875
32.56,-730.9596080870785,-2415.994692481757
32.58,-731.5355553797369,-2435.957777704725
32.6,-730.0369413309338,-2457.953812248213
32.62,-726.1730959968736,-2483.2457405479668
32.64,-719.4123561317823,-2513.3917324325325
32.660000000000004,-712.3255709217677,-2544.864505376632
32.68,-707.8185244752533,-2571.132827431514
32.7,-705.741401439877,-2593.6783711420076
32.72,-706.0279080591948,-2614.4318808918774
32.74,-707.8185244752533,-2633.978075363841
32.76,-711.1182056564057,-2652.5139151257104
32.78,-714.9924279961764,-2670.045337075509
32.8,-719.7071825148814,-2687.1010587988744
32.82,-724.4219370335862,-2704.1519985886307
32.84,-728.8787526444519,-2721.371299192697
32.86,-733.0305967808644,-2738.196009634564
32.88,-736.3785885127041,-2755.438641710433
32.9,-738.8849414788676,-2773.2266648972345
32.92,-739.5396344854877,-2792.109073734696
32.94,-738.8849414788676,-2812.0580597621224
32.96,-735.8145849946671,-2834.046755789758
32.980000000000004,-730.0369413309338,-2860.118764306557
33.0,-722.0565022364746,-2890.5691253406817
33.02,-714.6992982057911,-2919.635835260934
33.04,-709.9561510296636,-2943.65959730772
33.06,-707.5302828467402,-2964.4012235828495
33.08,-706.9525956975945,-2983.2070825519886
33.1,-707.5302828467402,-3001.1734765004444
33.12,-709.0330172500854,-3018.6457538868585
33.14,-711.4522912873772,-3035.133989679688
33.160000000000004,-714.4058856945489,-3051.778745417863
33.18,-717.3578627932882,-3068.518549696759
33.2,-720.2948212320787,-3084.870763821213
33.22,-722.9523802420301,-3101.852489732776
33.24,-725.0084793352139,-3119.703195715031
33.26,-725.8836094090434,-3138.334230712974
33.28,-725.2991060220556,-3158.4422142725502
33.3,-722.9523802420301,-3180.6498448569155
33.32,-718.2373792541056,-3206.5580291438146
33.34,-711.4522912873772,-3236.902629494132
33.36,-705.45691015131,-3266.3528364645313
33.38,-702.1054245041519,-3291.131797479739
33.4,-701.4574491213002,-3312.50057192908
33.42,-702.6696974627681,-3331.9022884498177
33.44,-705.741401439877,-3350.286303231554
33.46,-709.6644688140351,-3367.4700461511206
33.480000000000004,-714.4058856945489,-3383.323958158129
33.5,-719.7071825148814,-3398.1989580988447
33.52,-725.0084793352139,-3411.378432807349
33.54,-730.3813477796771,-3424.8161621815166
33.56,-735.1694321326288,-3437.996348997008
33.58,-739.8151143568782,-3450.9291139513293
33.6,-743.6394253840294,-3463.7058048749304
33.62,-746.7967113094567,-3476.6727725820774
33.64,-748.9042396701564,-3491.029332742227
33.660000000000004,-749.9636196784105,-3505.6892464726934
33.68,-749.5609689311912,-3521.139609146428
33.7,-747.848783747143,-3537.900624901025
33.72,-743.9096542969324,-3556.568321685488
33.74,-737.9552975073933,-3578.949066428017
33.76,-729.4594394432842,-3605.8488724815193
33.78,-720.2948212320787,-3633.561993060191
33.8,-713.2040126552641,-3656.6438673703774
33.82,-708.1657601107022,-3675.2982469603
33.84,-704.5269552290691,-3691.739521733496
33.86,-702.0178903095657,-3706.3192839101966
33.88,-700.5269252207685,-3719.2880803943817
33.9,-699.8747305442752,-3731.7195099142486
33.92,-699.5977146588393,-3743.4736104646554
33.94,-700.1518031511475,-3754.3962437685345
33.96,-701.0856031483937,-3765.7402168746394
33.980000000000004,-702.6696974627681,-3777.4358750764422
34.0,-704.5269552290691,-3789.411899983975
34.02,-706.9525956975945,-3802.4199723963593
34.04,-709.3222146411615,-3816.4351276091065
34.06,-711.4522912873772,-3831.4253826913273
34.08,-713.2369137280965,-3847.965860600697
34.1,-714.115259007707,-3865.9731388127375
34.12,-713.8207848760288,-3886.421480268787
34.14,-712.0346376483247,-3909.596403674326
34.160000000000004,-708.1657601107022,-3937.0697365061146
34.18,-703.5997800350955,-3965.791069018212
34.2,-701.1790695781157,-3991.6691111256905
34.22,-701.4574491213002,-4013.5838002799273
34.24,-703.5997800350955,-4032.8317241312975
34.26,-707.5302828467402,-4049.612585798032
34.28,-712.6185831699183,-4064.470807144995
34.300000000000004,-718.5320286887236,-4076.685652268224
34.32,-724.4219370335862,-4086.3951886879486
34.34,-730.0369413309338,-4093.153718126681
34.36,-735.1694321326288,-4097.409904106987
34.38,-739.8151143568782,-4099.532352435101
34.4,-743.6394253840294,-4099.015921797388
34.42,-746.5350565251958,-4096.252970052404
34.44,-748.50553584807,-4091.468752346641
34.46,-750.2169805495091,-4085.1518206436576
34.480000000000004,-751.2743583875739,-4076.386163156247
34.5,-751.5264928016065,-4066.2007321862816
34.52,-751.9283125345228,-4054.237072130676
34.54,-752.1779518410718,-4039.8777579085895
34.56,-752.5816176681611,-4023.5495381110463
34.58,-752.9893482115722,-4005.342482588759
34.6,-752.9893482115722,-3986.142412204792
34.62,-751.9309906950739,-3967.4966359133714
34.64,-749.1625716493616,-3951.6529975932335
34.660000000000004,-744.9549321165597,-3937.920590231072
34.68,-739.162887847643,-3927.294507810679
34.7,-732.1721153569463,-3919.777475217182
34.72,-724.4219370335862,-3915.640376024337
34.74,-715.8735733788315,-3914.8532977939144
34.76,-706.9562297223558,-3917.233007801535
34.78,-698.0146660176446,-3922.6267492717616
34.800000000000004,-689.1966003145203,-3929.370497508494
34.82,-681.1860401990707,-3935.8775657032816
34.84,-674.4983300774469,-3941.177271135567
34.86,-669.4754094378598,-3944.276117997754
34.88,-665.8653679546898,-3945.9006998785185
34.9,-663.8062901350874,-3945.833840943301
34.92,-662.9028806612807,-3944.690004909153
34.94,-663.5590043559007,-3942.5630376535382
34.96,-665.6890579812116,-3939.058371985536
34.980000000000004,-669.4730408227333,-3934.1764752838594
35.0,-674.7071825148813,-3927.9537634492567
35.02,-680.7703123949458,-3920.039167501736
35.04,-688.640219328266,-3912.7403191353615
35.06,-696.3150028054929,-3906.170893522084
35.08,-704.2449328971337,-3902.347279974855
35.1,-712.3255709217677,-3901.1033416631785
35.12,-720.0,-3903.942614732037
35.14,-727.086843613206,-3909.7088867335974
35.160000000000004,-733.6711840979226,-3918.4285118324096
35.18,-738.8861905406922,-3931.12791233856
35.2,-742.599168432671,-3946.134540260827
35.22,-744.9549321165597,-3964.426277937192
35.24,-745.6130665877971,-3984.290596974168
35.26,-745.4855447379955,-4004.683904119492
35.28,-745.6130665877971,-4023.707021753772
35.300000000000004,-746.140518566624,-4039.9240454077567
35.32,-746.9301900577024,-4054.0085434800735
35.34,-747.848783747143,-4066.1059665924327
35.36,-748.50553584807,-4075.5659428841495
35.38,-748.9042396701564,-4084.240710428237
35.4,-748.50553584807,-4090.4478273603386
35.42,-747.8471137388464,-4094.7721025331994
35.44,-745.8784005729702,-4097.67499009775
35.46,-743.6394253840294,-4097.936408518383
35.480000000000004,-740.0918055407701,-4096.480355701239
35.5,-736.095877564211,-4092.726236304063
35.52,-731.8215115550186,-4086.972076469781
35.54,-726.7957818598445,-4078.3801762903367
35.56,-722.068557173057,-4066.9498636386647
35.58,-717.3578627932882,-4053.6929521068264
35.6,-713.8207848760288,-4037.657423086561
35.62,-711.4522912873772,-4019.50116535678
35.64,-710.8265233643612,-3998.2808093476137
35.660000000000004,-712.3275214165567,-3973.3963093136526
35.68,-715.5795908123697,-3945.721002304851
35.7,-718.2373792541056,-3919.3253665464126
35.72,-718.8247747046768,-3897.033260128307
35.74,-717.9357127748473,-3877.9138564984
35.76,-715.5795908123697,-3860.796086991144
35.78,-712.6185831699183,-3845.807874968652
35.800000000000004,-709.3222146411615,-3833.486585298429
35.82,-705.7431809318401,-3822.900538508424
35.84,-702.6702385886699,-3814.0910734565823
35.86,-700.1533749242914,-3807.380050476877
35.88,-698.2895746468637,-3802.3442705744014
35.9,-697.3576554362378,-3798.8599327040297
35.92,-697.0876623610864,-3797.162489284761
35.94,-697.6322473036033,-3797.2686059064
35.96,-699.2188411761113,-3798.739745674917
35.980000000000004,-701.4574491213002,-3801.882455431077
36.0,-704.5269552290691,-3806.637145282909
36.02,-707.8788096500257,-3813.8328920359545
36.04,-711.7443626273268,-3822.2442399126935
36.06,-716.1676233463313,-3832.8045351378873
36.08,-720.0,-3845.447445224448
36.1,-723.8347742173931,-3860.3598285094886
36.12,-726.5021437391003,-3876.643675436933
36.14,-727.670002402436,-3895.663454666976
36.16,-727.3797273814381,-3917.142915681887
36.18,-724.7150668239717,-3942.330954828992
36.2,-720.2948212320787,-3970.2926521617906
36.22,-716.7564034058752,-3997.221050057919
36.24,-715.2859706339989,-4019.992819174023
36.26,-715.8735733788315,-4039.2237921784367
36.28,-717.9447606402928,-4056.989688316768
36.3,-720.5875826945933,-4072.0631147807985
36.32,-724.1283943957638,-4085.629255799768
36.34,-727.670002402436,-4097.29182230152
36.36,-731.2467555657648,-4106.9463661593645
36.38,-734.2407618132862,-4115.007175304573
36.4,-737.0249771670663,-4121.220977668768
36.42,-738.8849414788676,-4126.119748821393
36.44,-740.0889785640697,-4129.593101289335
36.46,-740.4696122251198,-4130.842772107474
36.48,-740.0889785640697,-4131.099441844298
36.5,-738.8861905406922,-4130.052197227364
36.52,-737.0249771670663,-4127.359912224423
36.54,-734.2407618132862,-4123.356178669971
36.56,-731.2467555657648,-4117.575252813187
36.58,-727.670002402436,-4110.538332974921
36.6,-723.5407916509312,-4101.746759283286
36.62,-719.4123561317823,-4090.9380350545966
36.64,-715.5795908123697,-4078.8331907550746
36.66,-712.0346376483247,-4064.6986526120218
36.68,-709.3222146411615,-4048.761146123304
36.7,-708.1077872699599,-4030.9812377973103
36.72,-708.4547569426841,-4010.844270112207
36.74,-710.8265233643612,-3987.694844471287
36.76,-715.5795908123697,-3960.548099107239
36.78,-720.5875826945933,-3932.8641371887775
36.8,-724.1283943957638,-3908.399588714728
36.82,-725.2991060220556,-3887.4725895161137
36.84,-725.0084793352139,-3869.4027794053736
36.86,-723.5407916509312,-3852.7864899944298
36.88,-721.174980677476,-3838.4138165658896
36.9,-718.5320286887236,-3825.563299275216
36.92,-715.5795908123697,-3814.02442569866
36.94,-712.6185831699183,-3803.9286549475114
36.96,-710.2442062995733,-3794.9536605256576
36.98,-707.8788096500257,-3787.7414775426687
37.0,-706.3137814081502,-3781.0476732317616
37.02,-705.09896255789,-3774.991190526896
37.04,-704.2449328971337,-3769.6703607172017
37.06,-704.1670084319526,-3764.6566400310794
37.08,-704.1670084319526,-3759.5837753863534
37.1,-704.8137095560398,-3754.5737366786816
37.12,-705.741401439877,-3749.618066472995
37.14,-706.9562297223558,-3743.7848731148983
37.16,-708.4547569426841,-3736.6428750444206
37.18,-709.9523560706939,-3728.3564861229215
37.2,-711.7424283089524,-3719.131779975584
37.22,-713.8207848760288,-3708.075937415388
37.24,-716.4619847877325,-3695.3262741536446
37.26,-719.7071825148814,-3679.8700209099984
37.28,-724.1283943957638,-3662.355084908684
37.3,-730.0369413309338,-3640.860996635057
37.32,-737.3056614625417,-3615.717849249191
37.34,-743.90815410604,-3591.123948208049
37.36,-748.246619804563,-3569.85342179224
37.38,-750.4716589612807,-3552.2361926432222
37.4,-750.8718636559538,-3536.524261547232
37.42,-749.5609689311912,-3522.482010202473
37.44,-746.9301900577024,-3510.060558006845
37.46,-743.252915815179,-3499.6777461375555
37.48,-739.162887847643,-3490.5984688100407
37.5,-734.600655473723,-3483.5806379664227
37.52,-729.7498962157276,-3478.923987481937
37.54,-725.0084793352139,-3476.0317215295854
37.56,-720.2948212320787,-3476.253998608476
37.58,-716.1676233463313,-3478.4753972579306
37.6,-712.0346376483247,-3483.2370908034263
37.62,-708.4547569426841,-3489.871488052282
37.64,-704.8137095560398,-3499.93512137915
37.66,-701.1790695781157,-3511.277561248345
37.68,-697.3576554362378,-3525.4094687256334
37.7,-692.8776899544998,-3542.750142387093
37.72,-688.389022956805,-3562.457596002273
37.74,-684.1344336831401,-3582.873737983204
37.76,-681.3687154914953,-3600.940947026
37.78,-681.0013530481809,-3616.747936463597
37.8,-682.2466276543907,-3629.8526001786313
37.82,-685.198659527213,-3640.846631942016
37.84,-689.4507453513521,-3649.904052284032
37.86,-694.8496028808062,-3656.1341544908
37.88,-701.0856031483937,-3659.896139324777
37.9,-707.8788096500257,-3660.172962486115
37.92,-715.2859706339989,-3657.175983364377
37.94,-723.2467416834313,-3650.844270112208
37.96,-731.8215115550186,-3640.783257868885
37.98,-740.744693540303,-3627.8794756449615
38.0,-749.5609689311912,-3613.9238813832344
38.02,-756.8103304370096,-3602.1876140932527
38.04,-762.6320836685976,-3592.86180938923
38.06,-766.7822813611651,-3585.7905707861414
38.08,-769.4898836538271,-3581.0449864376787
38.1,-770.957517504157,-3577.54887034538
38.12,-771.1407309359959,-3575.699812579504
38.14,-770.3141237613767,-3574.866341356786
38.16,-768.0229780347374,-3575.663268344498
38.18,-764.2919884401998,-3578.5242501128846
38.2,-759.5138706030544,-3582.853176559564
38.22,-753.3972500408613,-3590.115607793573
38.24,-745.8755822432049,-3600.0
38.26,-736.7446675669945,-3612.4300536429614
38.28,-727.3797273814381,-3625.687723586077
38.3,-718.2373792541056,-3636.6441264032833
38.32,-709.9523560706939,-3644.251079283537
38.34,-702.3871001056937,-3648.0837939242065
38.36,-695.7720945491303,-3648.6940959047815
38.38,-689.8533960985715,-3646.2380890989048
38.4,-684.9554934010264,-3641.204584834088
38.42,-681.1860401990707,-3634.0826064702974
38.44,-678.8818054358782,-3624.6681854667354
38.46,-677.8288123747503,-3613.1017217853273
38.48,-678.8818054358782,-3600.0
38.5,-681.5991150499492,-3584.259629340783
38.52,-686.0997142005466,-3566.699700676632
38.54,-691.1666494771944,-3549.094869558503
38.56,-696.4306822272051,-3532.919079362171
38.58,-701.1790695781157,-3519.8923546047668
38.6,-706.0279080591948,-3509.717483021007
38.62,-710.5356123853107,-3501.878298350283
38.64,-714.9920976545914,-3497.0153427847963
38.66,-719.7071825148814,-3494.4991299901994
38.68,-724.713433343009,-3495.0413152638293
38.7,-729.7498962157276,-3497.8384060353924
38.72,-734.5996527407104,-3503.2840677774184
38.74,-738.8861905406922,-3511.1439269670163
38.76,-742.599168432671,-3521.3620411059487
38.78,-745.6130665877971,-3533.8845455317287
38.8,-747.1896541358885,-3547.6583852849217
38.82,-746.9301900577024,-3563.930026157256
38.84,-744.9549321165597,-3582.99560459973
38.86,-740.744693540303,-3605.191737182171
38.88,-735.1649549733528,-3629.779684613376
38.9,-729.7498962157276,-3652.228443305477
38.92,-726.1730959968736,-3671.196495401568
38.94,-723.2467416834313,-3687.1803683802705
38.96,-721.4786522549153,-3700.771398359436
38.98,-720.0,-3712.488340433552
39.0,-718.8247747046768,-3722.0480824564897
39.02,-717.6407420535967,-3730.061121519683
39.04,-716.7564034058752,-3736.5416915655464
39.06,-715.579300845772,-3741.4943881360846
39.08,-714.115259007707,-3745.0273909544576
39.1,-712.9102557315167,-3747.06385089458
39.12,-711.4522912873772,-3747.821130415633
39.14,-710.2442062995733,-3747.5756753762134
39.16,-708.7447290580014,-3746.3695493880946
39.18,-707.8185244752533,-3744.2549535199455
39.2,-706.6676429556761,-3741.095719240016
39.22,-705.741401439877,-3736.8144709003495
39.24,-705.09896255789,-3731.135630548279
39.26,-704.8127066390444,-3724.240710428237
39.28,-704.5304299520335,-3716.005985024651
39.3,-704.8137095560398,-3706.428753560011
39.32,-705.741401439877,-3695.4420546588135
39.34,-707.5302828467402,-3682.8157232313615
39.36,-709.9561510296636,-3667.8320432822434
39.38,-714.1113140466473,-3650.1853871394737
39.4,-719.7071825148814,-3629.4116073773616
39.42,-726.7957818598445,-3604.683170061583
39.44,-733.6711840979226,-3580.3807779675794
39.46,-738.5121803709171,-3560.0777261312774
39.48,-741.399699012118,-3542.8660029078615
39.5,-742.7127009964314,-3527.9790651523226
39.52,-742.599168432671,-3514.8373333427826
39.54,-741.6714157837279,-3503.671104030237
39.56,-739.8151143568782,-3493.954368133742
39.58,-737.6766186056137,-3485.675036119794
39.6,-734.884655042061,-3479.0043298213927
39.62,-732.1721153569463,-3474.419740649036
39.64,-729.1695047229069,-3471.2374643803896
39.66,-726.1774513016661,-3470.0306770634916
39.68,-723.5407916509312,-3470.2572286632358
39.7,-720.882336341039,-3473.027511814133
39.72,-718.5320286887236,-3477.377188640136
39.74,-716.4619847877325,-3484.024968786396
39.76,-714.4058856945489,-3492.449459599316
39.78,-712.0346376483247,-3502.9412342936503
39.8,-709.6644688140351,-3515.9999618065126
39.82,-706.3155881572513,-3531.0807719582367
39.84,-702.6668944383016,-3549.675796452956
39.86,-697.6322473036033,-3570.787677623868
39.88,-693.1425350538109,-3592.7051384300426
39.9,-690.5073542483597,-3612.678462112088
39.92,-689.4489873363964,-3629.3391931017895
39.94,-690.5073542483597,-3643.668292319127
39.96,-692.7456741319817,-3655.798971165205
39.98,-696.4320658582959,-3665.6460080884967
40.0,-701.0856031483937,-3673.2333145251455
40.02,-706.0279080591948,-3678.1082900727806
40.04,-711.7424283089524,-3680.2816897697953
40.06,-717.3578627932882,-3679.369814513173
40.08,-723.2467416834313,-3675.6257733849966
40.1,-729.4594394432842,-3669.177593215556
40.12,-735.8145849946671,-3659.272463859296
40.14,-742.599168432671,-3646.2380890989048
40.16,-749.5609689311912,-3631.1703311143983
40.18,-755.7556359835814,-3616.128266762005
40.2,-760.339847218459,-3602.8419416916727
40.22,-763.4617746841128,-3592.4763916505744
40.24,-764.7071825148813,-3583.2013222562
40.26,-764.7051767815165,-3576.262658144233
40.28,-763.0489008430854,-3570.632680155016
40.3,-760.5619833406189,-3566.795504517161
40.32,-756.8103304370096,-3565.016940233307
40.34,-752.1779518410718,-3565.139328703432
40.36,-746.2718299759518,-3567.9574224279054
40.38,-739.5396344854877,-3573.720130754648
40.4,-731.5355553797369,-3582.6039669440775
40.42,-722.6579616238877,-3594.4098063840142
40.44,-713.2040126552641,-3607.333838274684
40.46,-704.5304299520335,-3618.384029179442
40.48,-697.0876623610864,-3626.2994749544578
40.5,-690.767169822042,-3631.394293751112
40.52,-685.8527088427164,-3633.5265477233056
40.54,-681.1860401990707,-3633.3331480886823
40.56,-678.2433516933795,-3631.1033416631785
40.58,-676.1648015640686,-3627.2229478422128
40.6,-675.7472221770446,-3621.5397457092017
40.62,-676.1648015640686,-3614.318527730192
40.64,-678.2433516933795,-3605.1001518544417
40.66,-682.0109696600017,-3594.288648244707
40.68,-687.5758655597798,-3581.177271135567
40.7,-693.8000506405922,-3566.2186392999865
40.72,-700.5281744890707,-3552.3572213653383
40.74,-707.2422496728163,-3540.746950648429
40.76,-713.5307556207193,-3532.127727524547
40.78,-719.7071825148814,-3526.8087194572386
40.8,-725.2991060220556,-3524.412776448315
40.82,-730.6696359717613,-3524.7779303013335
40.84,-735.8145849946671,-3527.998416682001
40.86,-740.4696122251198,-3534.136990137631
40.88,-744.2966406734365,-3542.4234650629405
40.9,-747.1896541358885,-3553.095305666442
40.92,-748.50553584807,-3566.096132947953
40.94,-748.5027666663058,-3581.4786669227774
40.96,-746.2718299759518,-3599.108634187863
40.98,-742.599168432671,-3619.617642652872
41.0,-738.2352954516471,-3640.3789438273934
41.02,-734.2407618132862,-3658.978925446697
41.04,-730.9596080870785,-3674.830360365522
41.06,-728.5878416654018,-3687.817951490156
41.08,-726.5021437391003,-3698.7652963119754
41.1,-724.7150668239717,-3707.2847693014414
41.12,-722.9523802420301,-3714.079266271568
41.14,-720.882336341039,-3718.3801762903367
41.16,-718.5320286887236,-3720.9486393421207
41.18,-716.1676233463313,-3721.2786038011686
41.2,-713.8207848760288,-3719.506352938062
41.22,-711.1182056564057,-3715.927051654012
41.24,-708.7428567160464,-3710.451565844551
41.26,-706.6016895160252,-3702.7207224171775
41.28,-704.8127066390444,-3693.190977241183
41.3,-703.5997800350955,-3682.2477320007374
41.32,-703.3167969443201,-3669.0558119946872
41.34,-704.5269552290691,-3654.060318467165
41.36,-706.9525956975945,-3636.1327503174816
41.38,-711.1182056564057,-3615.2704041900206
41.4,-717.0510821911683,-3591.2499801982967
41.42,-722.6577534934586,-3568.321827311727
41.44,-726.5021437391003,-3548.8210724298942
41.46,-728.8787526444519,-3532.3768077417867
41.48,-730.0369413309338,-3517.976777221706
41.5,-730.3813477796771,-3506.1714729201603
41.52,-730.0369413309338,-3495.948357074195
41.54,-729.1695047229069,-3487.515767466475
41.56,-728.2515058641985,-3481.1330680471533
41.58,-727.3797273814381,-3476.0317215295854
41.6,-726.2103523744987,-3473.212875653492
41.62,-725.2991060220556,-3471.866251942348
41.64,-724.7150668239717,-3472.1772255879314
41.66,-724.1283943957638,-3474.3195305941713
41.68,-723.5407916509312,-3478.4434682801943
41.7,-722.9523802420301,-3484.535610410157
41.72,-722.6577534934586,-3492.194602684879
41.74,-721.773622976166,-3502.022717883865
41.76,-720.882336341039,-3513.5958311461595
41.78,-719.1195437976842,-3527.380666503229
41.8,-716.4619847877325,-3543.7825148524307
41.82,-712.3275214165567,-3563.2457405479668
41.84,-707.5302828467402,-3585.7024867774862
41.86,-702.6696974627681,-3608.38784984392
41.88,-699.8747305442752,-3628.0430636375495
41.9,-698.563344857954,-3645.03047873722
41.92,-698.9419063455438,-3659.091701155616
41.94,-700.5269252207685,-3671.032606755433
41.96,-703.2345668812272,-3681.0114095943736
41.98,-706.3137814081502,-3689.228062659477
42.0,-709.9561510296636,-3694.637224363088
42.02,-713.8207848760288,-3698.0234277074014
42.04,-717.9357127748473,-3698.796724227284
42.06,-721.7620706429356,-3696.989688316768
42.08,-725.5892377156371,-3692.631498942105
42.1,-729.1695047229069,-3686.1307850778294
42.12,-733.0305967808644,-3677.140379084264
42.14,-737.3056614625417,-3665.3646777006866
42.16,-741.6714157837279,-3651.314940598272
42.18,-746.5350565251958,-3634.478070756632
42.2,-750.8718636559538,-3617.447277198609
42.22,-754.0497044165364,-3601.6609227944655
42.24,-755.3449333176765,-3587.9959047081525
42.26,-755.1079493274729,-3576.704920518253
42.28,-753.6409426812799,-3567.5654134638326
42.3,-750.6209025488366,-3560.439067471311
42.32,-746.7967113094567,-3555.118393134266
42.34,-741.6714157837279,-3552.458376134159
42.36,-736.095877564211,-3552.455238600526
42.38,-730.0369413309338,-3555.837944416187
42.4,-722.9523802420301,-3561.3071338942405
42.42,-715.2859706339989,-3570.3809393899805
42.44,-707.24139915605,-3582.0989838412247
42.46,-699.2201683215507,-3593.883599351211
42.48,-692.2219127539619,-3604.1978814590784
42.5,-686.670499630487,-3612.174330166711
42.52,-682.2466276543907,-3617.5924370059806
42.54,-679.2957294866897,-3620.9170032164216
42.56,-677.2147954581925,-3622.5629324188167
42.58,-676.580269482956,-3622.6079994318
42.6,-676.9972898876641,-3621.0140025636406
42.62,-678.6590211844454,-3617.903124584064
42.64,-681.5991150499492,-3612.8216298602
42.66,-685.855360673862,-3605.880815090632
42.68,-691.4259886323604,-3596.633574877786
42.7,-698.2880927259067,-3585.2508182181946
42.72,-705.741401439877,-3572.9963276618323
42.74,-713.4963666385441,-3562.233604689692
42.76,-720.5875826945933,-3554.017419761296
42.78,-727.086843613206,-3548.925275695823
42.8,-733.0305967808644,-3546.5740329423065
42.82,-738.2352954516471,-3547.48784289799
42.84,-742.9822991714667,-3550.978808342048
42.86,-746.7967113094567,-3556.5343601674695
42.88,-749.5609689311912,-3564.399400824665
42.9,-751.2743583875739,-3574.793697988954
42.92,-751.2761536441997,-3587.2364398102195
42.94,-749.813544298951,-3601.943471336736
42.96,-746.7967113094567,-3618.8619781666503
42.98,-742.599168432671,-3636.624434596976
43.0,-738.607630947543,-3653.1399362157417
43.02,-734.884655042061,-3667.2254832598337
43.04,-731.5355553797369,-3678.5943724152553
43.06,-728.5878416654018,-3687.6784755330887
43.08,-725.8836094090434,-3694.4318808918774
43.1,-722.9523802420301,-3698.7652963119754
43.12,-720.0,-3701.017465377912
43.14,-717.0510821911683,-3700.8186870839554
43.16,-714.1113140466473,-3698.4182483969776
43.18,-711.1182056564057,-3693.6929521068273
43.2,-708.4547569426841,-3686.687618788832
43.22,-706.3137814081502,-3677.75795954684
43.24,-704.8127066390444,-3666.3654826981215
43.26,-704.2449328971337,-3653.4143538166895
43.28,-705.09896255789,-3637.4423567817594
43.3,-707.8185244752533,-3619.124347622263
43.32,-711.7424283089524,-3597.5661463053743
43.34,-716.4619847877325,-3575.227111309712
43.36,-720.0,-3555.4047526912846
43.38,-722.3487296726281,-3538.6412283862496
43.4,-723.5407916509312,-3524.604331927647
43.42,-724.1283943957638,-3513.0047180441497
43.44,-723.8347742173931,-3503.3239915510817
43.46,-723.5407916509312,-3495.463978452329
43.48,-722.9523802420301,-3489.769167957231
43.5,-722.3632828385943,-3485.879127987081
43.52,-722.0565022364746,-3484.0390704185543
43.54,-721.7620706429356,-3484.339419988833
43.56,-721.4696043894701,-3486.4979300265186
43.58,-721.4696043894701,-3490.359632449907
43.6,-721.4696043894701,-3496.6450373006296
43.62,-721.4696043894701,-3504.9197524103793
43.64,-720.882336341039,-3515.1521239772524
43.66,-720.0,-3526.9159193956243
43.68,-718.5320286887236,-3541.84899811964
43.7,-715.5795908123697,-3558.9763515726804
43.72,-711.7424283089524,-3579.3849552075662
43.74,-707.5302828467402,-3601.0842117225893
43.76,-704.2449328971337,-3621.2302380656834
43.78,-702.6696974627681,-3638.360421574776
43.8,-702.6696974627681,-3652.8437356343447
43.82,-703.5997800350955,-3664.813662276519
43.84,-705.7431809318401,-3674.9273629752056
43.86,-708.7428567160464,-3682.661171013612
43.88,-711.7424283089524,-3687.975120109445
43.9,-715.2859706339989,-3691.0609909555847
43.92,-718.8247747046768,-3691.921195381899
43.94,-722.3487296726281,-3690.2094015700577
43.96,-725.8836094090434,-3686.0031735589446
43.98,-729.4594394432842,-3679.6023066316175
44.0,-733.0305967808644,-3670.7850971190046
44.02,-737.0249771670663,-3659.178606714912
44.04,-741.124790382899,-3645.2330980243055
44.06,-745.4855447379955,-3629.5658895567167
44.08,-749.5609689311912,-3613.5519674825673
44.1,-751.9309906950739,-3599.2096216886907
44.12,-752.9893482115722,-3586.987975081114
44.14,-752.5816176681611,-3576.7154770753887
44.16,-750.8718636559538,-3568.5896404074247
44.18,-747.8504539503632,-3562.623482151867
44.2,-743.90815410604,-3558.5045752222463
44.22,-739.162887847643,-3556.8846194622865
44.24,-733.6711840979226,-3558.0665243478343
44.26,-727.670002402436,-3561.998187650129
44.28,-720.5875826945933,-3568.8955549753646
44.3,-713.2369137280965,-3578.099197217439
44.32,-705.45691015131,-3588.655102104791
44.34,-698.2880927259067,-3599.366868291956
44.36,-692.2219127539619,-3607.7036975973674
44.38,-687.5768158879068,-3613.744506797508
44.4,-683.9632343815643,-3617.7585911542424
44.42,-681.1860401990707,-3619.6532551770088
44.44,-679.7131906316255,-3619.972831445069
44.46,-679.7128395223212,-3618.381176020503
44.48,-680.5421752143869,-3615.4250139587807
44.5,-682.8364007753748,-3610.88465861686
44.52,-686.2631328459556,-3604.1978814590784
44.54,-691.1666494771944,-3595.605629466012
44.56,-697.0848330416018,-3585.0248222443006
44.58,-703.882400871718,-3573.4531539631503
44.6,-710.8265233643612,-3563.2442306282005
44.62,-717.3458078567057,-3554.9997972431406
44.64,-723.5407916509312,-3549.494119089898
44.66,-729.1688508462398,-3547.0907664420647
44.68,-733.9574548784526,-3547.0907664420647
44.7,-738.607630947543,-3549.801565835287
44.72,-742.3266908322807,-3554.9451809438974
44.74,-744.9549321165597,-3562.597524954278
44.76,-746.7967113094567,-3572.1770658772166
44.78,-747.1896541358885,-3584.160343289215
44.8,-745.8784005729702,-3598.4445496178832
44.82,-743.252915815179,-3614.752165741888
44.84,-740.0889785640697,-3631.8541661844206
44.86,-736.3785885127041,-3647.910139930367
44.88,-733.3864569705678,-3662.011280604227
44.9,-730.6696359717613,-3673.5578934206455
44.92,-728.2515058641985,-3682.7411410124337
44.94,-726.1730959968736,-3689.2570692216295
44.96,-723.8347742173931,-3693.9029908013367
44.98,-721.7620706429356,-3696.637887589467
45.0,-719.4123561317823,-3696.6110007108914
45.02,-717.0510821911683,-3694.6743405377174
45.04,-714.9920976545914,-3690.663714347877
45.06,-712.9102557315167,-3684.266560285741
45.08,-711.1182056564057,-3675.348329721681
45.1,-710.2442062995733,-3665.125348442829
45.12,-709.9561510296636,-3652.0866928804176
45.14,-711.1609421031791,-3636.804717818372
45.16,-713.498346119437,-3618.5540833498226
45.18,-717.0510821911683,-3597.8072693252325
45.2,-720.882336341039,-3577.2790078231105
45.22,-723.5407916509312,-3558.798852130812
45.24,-725.0084793352139,-3543.2614762594912
45.26,-725.2991060220556,-3530.4556998509006
45.28,-725.0084793352139,-3519.998460432209
45.3,-724.1283943957638,-3511.2412090996004
45.32,-722.6579616238877,-3505.1258910309493
45.34,-721.4786522549153,-3500.562071320676
45.36,-719.6082374215492,-3498.3171358825844
45.38,-718.8247747046768,-3498.397932622836
45.4,-717.6522943868272,-3500.0642312521663
45.42,-716.7564034058752,-3504.177972387364
45.44,-715.8735733788315,-3510.5791762552703
45.46,-714.6969640794365,-3518.4174912707135
45.48,-713.2040126552641,-3528.905158695044
45.5,-711.4522912873772,-3541.951784243489
45.52,-708.7447290580014,-3557.304297025237
45.54,-705.741401439877,-3574.977222153529
45.56,-702.3871001056937,-3593.752253434121
45.58,-700.1518031511475,-3611.269883360752
45.6,-699.2201683215507,-3626.3225359127664
45.62,-699.8747305442752,-3638.805145402403
45.64,-701.4590675223694,-3649.161552841464
45.66,-704.1670084319526,-3657.048717118083
45.68,-707.5302828467402,-3662.8601505059296
45.7,-711.7424283089524,-3666.070177041447
45.72,-715.8735733788315,-3666.967850547008
45.74,-720.5875826945933,-3665.4753124063054
45.76,-725.2991060220556,-3660.8557099854497
45.78,-730.3813477796771,-3653.8295718745185
45.8,-735.8145849946671,-3644.5670656974166
45.82,-741.399699012118,-3633.00409516073
45.84,-746.5350565251958,-3620.595121797347
45.86,-750.8718636559538,-3609.127471925584
45.88,-754.0497044165364,-3598.96643878281
45.9,-755.7569247380516,-3591.123948208049
45.92,-756.1666334641878,-3584.6871446424566
45.94,-755.5183464375226,-3580.0572797062405
45.96,-753.6409426812799,-3577.3911102850725
45.98,-750.6209025488366,-3576.6932590752817
46.0,-746.5350565251958,-3577.655006149487
46.02,-741.6714157837279,-3581.216294048652
46.04,-735.8118039913877,-3586.9424005264937
46.06,-728.8787526444519,-3594.901510735931
46.08,-721.4696043894701,-3604.3254479785055
46.1,-714.1113140466473,-3613.3057875924674
46.12,-707.2422496728163,-3620.842474302173
46.14,-701.4574491213002,-3625.603600572124
46.16,-696.4306822272051,-3627.8673431858992
46.18,-692.4830013988708,-3627.9250257566937
46.2,-689.1966003145203,-3625.808182993304
46.22,-687.3246723712708,-3621.803741024635
46.24,-686.2631328459556,-3615.8883843075055
46.26,-686.670499630487,-3608.069290421724
46.28,-688.3871631078798,-3598.467519168082
46.3,-691.1677452251997,-3586.9023819274144
46.32,-695.3849093151151,-3574.334833630583
46.34,-699.8747305442752,-3561.482431301085
46.36,-704.5304299520335,-3550.102654250669
46.38,-709.0330172500854,-3540.9600387911228
46.4,-713.4963666385441,-3534.0807609028943
46.42,-717.6407420535967,-3529.8504371667104
46.44,-721.4696043894701,-3528.013226479934
46.46,-725.0084793352139,-3528.5948740871936
46.48,-728.5878416654018,-3531.588956553578
46.5,-731.5355553797369,-3537.1230778596146
46.52,-733.9574548784526,-3544.718340650912
46.54,-735.5302426879421,-3554.768900882972
46.56,-736.095877564211,-3566.895908346835
46.58,-735.1694321326288,-3581.8391963540166
46.6,-733.0305967808644,-3598.713599969941
46.62,-730.0369413309338,-3617.267911197129
46.64,-727.3797273814381,-3635.1440472669847
46.66,-725.0084793352139,-3650.7463820348185
46.68,-723.5407916509312,-3663.6499694284826
46.7,-722.9523802420301,-3674.65664003108
46.72,-722.3632828385943,-3682.7844310761616
46.74,-722.3632828385943,-3689.0337579377815
46.76,-722.0565022364746,-3693.7459186172737
46.78,-722.068557173057,-3695.952831939004
46.8,-721.7620706429356,-3696.2473765085592
46.82,-721.4696043894701,-3694.0652554617254
46.84,-721.4696043894701,-3690.282566430611
46.86,-721.174980677476,-3683.905211053049
46.88,-721.174980677476,-3675.790570786141
46.9,-721.773622976166,-3665.525711729421
46.92,-722.6579616238877,-3652.748403820168
46.94,-724.713433343009,-3637.5378383104166
46.96,-727.3797273814381,-3619.8504371667104
46.98,-730.3275630962435,-3601.043938646809
47.0,-732.7422307321671,-3583.335600118466
47.02,-733.6711840979226,-3567.803617831299
47.04,-733.6711840979226,-3554.9451809438974
47.06,-732.1721153569463,-3544.5208992618886
47.08,-730.3231055725751,-3536.30227566451
47.1,-727.670002402436,-3530.115937814885
47.12,-724.4219370335862,-3526.4820933761835
47.14,-721.1769857756569,-3525.2020254927406
47.16,-717.9357127748473,-3526.170421206111
47.18,-714.4058856945489,-3529.2919993927744
47.2,-710.8265233643612,-3535.259828807567
47.22,-706.9525956975945,-3543.0447262505127
47.24,-702.9503156647902,-3553.2878605478268
47.26,-698.6683250739608,-3565.7059242109435
47.28,-694.7259429086653,-3578.7813168902417
47.3,-691.8228329857253,-3591.001913214018
47.32,-689.7063035295556,-3602.2318522977985
47.34,-689.0466246656528,-3611.449667427317
47.36,-689.7063035295556,-3619.1771686933607
47.38,-691.4259886323604,-3624.4933590529295
47.4,-694.191750329424,-3628.0976921953593
47.42,-698.0146660176446,-3629.464077297721
47.44,-702.3871001056937,-3628.6697553054128
47.46,-707.8185244752533,-3625.4436752390766
47.48,-714.1113140466473,-3620.07144987564
47.5,-720.5875826945933,-3612.5454760686066
47.52,-727.670002402436,-3604.0304949844513
47.54,-734.2407618132862,-3595.8701350261435
47.56,-740.0918055407701,-3589.4745727911845
47.58,-745.219491391096,-3584.8526409663646
47.6,-748.9042396701564,-3582.4353409821088
47.62,-751.680898449352,-3582.2772725755526
47.64,-753.6409426812799,-3583.8540493993983
47.66,-754.0497044165364,-3587.144571343554
47.68,-753.642044012484,-3592.0566550264707
47.7,-751.9309906950739,-3598.821532993439
47.72,-749.1625716493616,-3607.1645535049215
47.74,-745.219491391096,-3617.0196411130273
47.76,-740.4696122251198,-3627.8673431858992
47.78,-735.1649549733528,-3638.0077965651094
47.8,-730.0369413309338,-3646.5871289604343
47.82,-725.0084793352139,-3652.5812206266814
47.84,-720.5875826945933,-3656.7777430141273
47.86,-716.1676233463313,-3658.2993212460274
47.88,-712.3255709217677,-3657.218689622548
47.9,-708.7428567160464,-3653.6331273602705
47.92,-705.7431809318401,-3648.172345446829
47.94,-703.5997800350955,-3640.460832811096
47.96,-702.6696974627681,-3630.0262542757937
47.98,-702.6696974627681,-3617.6583450286626
48.0,-703.5997800350955,-3603.251286487624
48.02,-706.0279080591948,-3586.8334198011835
48.04,-708.4547569426841,-3570.295835611544
48.06,-710.8265233643612,-3555.2289345782306
48.08,-712.6185831699183,-3542.8549620731
48.1,-713.8207848760288,-3532.2966859194894
48.12,-714.6969640794365,-3524.2081880267706
48.14,-715.2859706339989,-3518.314472539292
48.16,-715.8735733788315,-3514.3509564200726
48.18,-716.4619847877325,-3512.537524850491
48.2,-717.3458078567057,-3512.9437018675644
48.22,-717.9447606402928,-3514.9355361938406
48.24,-718.5320286887236,-3519.225700821716
48.26,-718.8247747046768,-3525.888384307505
48.28,-719.1195437976842,-3534.289888556025
48.3,-718.5320286887236,-3545.601454656704
48.32,-717.6407420535967,-3558.507383445828
48.34,-715.5795908123697,-3573.942135911327
48.36,-713.2040126552641,-3591.48882601939
48.38,-710.8265233643612,-3609.1154440595137
48.4,-709.3241090489909,-3624.614604785332
48.42,-709.0330172500854,-3638.407334078171
48.44,-709.9523560706939,-3649.4395609013136
48.46,-711.4522912873772,-3658.209527175816
48.48,-713.5307556207193,-3664.7796366631055
48.5,-716.1676233463313,-3669.0069368557592
48.52,-719.1195437976842,-3671.259722168165
48.54,-722.0565022364746,-3671.068326209405
48.56,-725.2991060220556,-3668.5242501128846
48.58,-728.5878416654018,-3663.7047632921526
48.6,-731.8840821830225,-3656.706789992814
48.62,-735.5302426879421,-3647.6994658853855
48.64,-739.162887847643,-3636.9702846741848
48.66,-742.9822991714667,-3624.7266073949295
48.68,-745.8784005729702,-3612.615822431447
48.7,-747.848783747143,-3601.688089816468
48.72,-748.50553584807,-3592.2334668858
48.74,-748.246619804563,-3584.918254539102
48.76,-746.7967113094567,-3579.271193153005
48.78,-744.2966406734365,-3575.699812579504
48.8,-740.746039955802,-3573.690012892409
48.82,-736.6582472127171,-3574.0971755470046
48.84,-731.5355553797369,-3576.5807892068324
48.86,-725.8836094090434,-3581.3206994922
48.88,-719.4123561317823,-3588.003848290748
48.9,-712.9102557315167,-3595.618675303372
48.92,-706.6676429556761,-3602.747090566173
48.94,-701.0856031483937,-3608.6732494745847
48.96,-696.7016640333313,-3612.8673396653408
48.98,-692.7456741319817,-3614.881028227356
49.0,-690.108122628169,-3614.878931255737
49.02,-688.3898898966945,-3613.3963093136545
49.04,-687.983125536873,-3609.8430993646793
49.06,-688.3898898966945,-3604.9839016391616
49.08,-690.108122628169,-3598.1846586048364
49.1,-692.8776899544998,-3590.066252364857
49.12,-696.7016640333313,-3580.7491326602576
49.14,-701.0856031483937,-3570.614122122128
49.16,-706.0279080591948,-3561.5282394046835
49.18,-710.8265233643612,-3553.924722936448
49.2,-715.2859706339989,-3548.6719334746867
49.22,-719.4123561317823,-3545.601454656704
49.24,-723.2467416834313,-3544.9170913144235
49.26,-726.7957818598445,-3546.398810621923
49.28,-730.0369413309338,-3549.986916901639
49.3,-732.4590855733132,-3556.0330635955406
49.32,-734.2407618132862,-3564.460009364272
49.34,-734.884655042061,-3574.738152881994
49.36,-734.884655042061,-3587.2920330418383
49.38,-733.3864569705678,-3602.084283744168
49.4,-731.2467555657648,-3617.4725895161137
49.42,-729.1695047229069,-3632.6050493005446
49.44,-727.670002402436,-3646.067306275912
49.46,-726.5021437391003,-3657.4501566187
49.48,-725.5935801537339,-3666.3972880039264
49.5,-725.0084793352139,-3672.9702625670407
49.52,-724.7150668239717,-3677.892816876889
49.54,-724.4222673751714,-3680.6914510474808
49.56,-724.4219370335862,-3681.346712227437
49.58,-724.1283943957638,-3679.8777579085904
49.6,-723.8347742173931,-3676.7975613073177
49.62,-723.8347742173931,-3671.257116528073
49.64,-723.8347742173931,-3663.530720242573
49.66,-724.4219370335862,-3653.884565297092
49.68,-725.2991060220556,-3642.0311358690014
49.7,-727.086843613206,-3627.9250257566937
49.72,-728.8787526444519,-3612.151655048741
49.74,-730.9596080870785,-3596.4764499983085
49.76,-731.8840821830225,-3581.8035716832064
49.78,-731.8840821830225,-3569.2984161676354
49.8,-730.9596080870785,-3559.0816310352857
49.82,-729.1701587301893,-3550.978808342048
49.84,-727.086843613206,-3545.086745571776
49.86,-724.1283943957638,-3541.572706526559
49.88,-720.882336341039,-3540.3055748419984
49.9,-717.3578627932882,-3541.103341663179
49.92,-713.7908090821263,-3544.181005238838
49.94,-709.9523560706939,-3549.327767626605
49.96,-706.0279080591948,-3556.5965544761775
49.98,-701.7377464241488,-3565.712231436952
50.0,-698.0146660176446,-3575.465982150394
50.02,-694.7259429086653,-3585.693691771187
50.04,-692.2219127539619,-3594.8102557723246
50.06,-690.767169822042,-3602.7489606234144
50.08,-690.767169822042,-3608.771964778085
50.1,-691.8228329857253,-3613.212379693035
50.12,-693.5359644567923,-3615.9137279826145
50.14,-696.4306822272051,-3616.6320995687374
50.16,-700.1518031511475,-3615.750565357605
50.18,-704.8127066390444,-3613.000977978591
50.2,-710.2442062995733,-3608.350573363012
50.22,-716.1676233463313,-3602.3539760868293
50.24,-722.0565022364746,-3595.586319901265
50.26,-727.9620737423854,-3589.7104405673645
50.28,-733.3864569705678,-3584.9689604623563
50.3,-738.232484729867,-3582.435962346321
50.32,-741.9414037160522,-3581.800319318644
50.34,-744.8296711535853,-3583.028422122181
50.36,-746.7967113094567,-3586.137196690415
50.38,-747.8471137388464,-3591.128672255364
50.4,-747.5887291142842,-3597.510284023269
50.42,-746.533438176949,-3605.4609144754304
50.44,-744.2966406734365,-3615.216532685352
50.46,-741.124790382899,-3625.1894235711407
50.48,-737.6766186056137,-3635.385459177999
50.5,-733.9574548784526,-3644.3060316845113
50.52,-730.3813477796771,-3651.49097352916
50.54,-727.086843613206,-3656.6438673703774
50.56,-723.8347742173931,-3659.8343639252744
50.58,-720.882336341039,-3660.4701096623426
50.6,-717.9447606402928,-3659.255221811849
50.62,-715.5795908123697,-3655.8067547168566
50.64,-713.4963666385441,-3650.004336863311
50.66,-712.0346376483247,-3642.3415955171513
50.68,-711.1182056564057,-3632.1821538709823
50.7,-711.4100375450445,-3620.1184223963687
50.72,-712.3255709217677,-3605.880815090632
50.74,-714.1113140466473,-3590.7967727476434
50.76,-715.5795908123697,-3575.7848625543766
50.78,-716.7564034058752,-3562.402484572817
50.8,-717.3578627932882,-3551.2576631646884
50.82,-717.6407420535967,-3541.7894195170315
50.84,-717.3458078567057,-3534.49118398685
50.86,-716.7564034058752,-3529.8504371667104
50.88,-715.8735733788315,-3526.751533961168
50.9,-715.2859706339989,-3525.8630802862835
50.92,-714.4058856945489,-3526.6466402125393
50.94,-713.5307556207193,-3530.1602996164256
50.96,-712.6185831699183,-3535.259828807567
50.98,-711.7424283089524,-3542.5134349058458
51.0,-710.2448603068557,-3551.4474621240684
51.02,-708.7428567160464,-3562.798042710169
51.04,-706.9562297223558,-3575.2588576784724
51.06,-705.09896255789,-3588.7282633823934
51.08,-703.8841223418207,-3602.2100223990687
51.1,-703.5997800350955,-3613.739815404523
51.12,-704.1670084319526,-3623.7634718999384
51.14,-705.741401439877,-3631.753887500786
51.16,-708.1657601107022,-3637.6583852849217
51.18,-711.1182056564057,-3641.204584834088
51.2,-714.4058856945489,-3643.0661269715456
51.22,-718.5320286887236,-3642.2048161270145
51.24,-722.9523802420301,-3639.816975353372
51.26,-727.3797273814381,-3635.3217410106686
51.28,-732.1721153569463,-3628.7549111920375
51.3,-737.026120946396,-3621.337749450172
51.32,-741.399699012118,-3613.879019950145
51.34,-744.9549321165597,-3607.099218917682
51.36,-747.5887291142842,-3601.184786289989
51.38,-749.1625716493616,-3597.150111531693
51.4,-749.813544298951,-3594.589092600024
51.42,-749.1625716493616,-3593.227067816171
51.44,-747.848783747143,-3593.6704323885
51.46,-745.6130665877971,-3595.692471674078
51.48,-742.3266908322807,-3599.3651154050367
51.5,-737.9552975073933,-3604.2048274842073
51.52,-733.0305967808644,-3610.0495744922846
51.54,-727.670002402436,-3616.29191639768
51.56,-722.3632828385943,-3622.070411754357
51.58,-717.3458078567057,-3626.2994749544578
51.6,-712.6185831699183,-3628.7149662299344
51.62,-708.4547569426841,-3629.0017437921774
51.64,-705.09896255789,-3627.4558088481695
51.66,-702.3871001056937,-3623.8154127090897
51.68,-700.5269252207685,-3618.4497051917897
51.7,-699.5977146588393,-3611.0544827443646
51.72,-699.5977146588393,-3602.066786095855
51.74,-700.5269252207685,-3591.3624560692933
51.76,-702.0195422744612,-3579.942912442288
51.78,-704.2449328971337,-3568.858684911159
51.8,-706.3155881572513,-3558.621248849801
51.82,-708.4547569426841,-3549.7529532619355
51.84,-710.5356123853107,-3542.750142387093
51.86,-712.3255709217677,-3537.980279814345
51.88,-714.1113140466473,-3535.0892678398
51.9,-715.579300845772,-3534.0807609028943
51.92,-717.0636390941497,-3535.224281340752
51.94,-718.5301046822218,-3538.6317976366195
51.96,-719.4123561317823,-3543.497470227527
51.98,-720.2948212320787,-3551.109452784004
52.0,-720.2948212320787,-3560.3512230693646
52.02,-720.0,-3571.70403797674
52.04,-719.1195437976842,-3585.0065187908535
52.06,-717.650293080464,-3599.366868291956
52.08,-716.4619847877325,-3613.2154687721113
52.1,-715.8735733788315,-3626.2994749544578
52.12,-715.8735733788315,-3637.1427186822375
52.14,-716.7564034058752,-3646.006561923729
52.16,-717.9447606402928,-3652.6730297960576
52.18,-719.7071825148814,-3657.4607983472656
52.2,-721.4696043894701,-3660.0767547417568
52.22,-723.8347742173931,-3660.6964687041495
52.24,-726.2103523744987,-3659.4461166426927
52.26,-728.5878416654018,-3655.7085276853513
52.28,-730.9596080870785,-3650.7452418109456
52.3,-733.6711840979226,-3643.262980775705
52.32,-736.095877564211,-3634.65136528376
52.34,-738.8849414788676,-3624.7907556322825
52.36,-740.746039955802,-3614.752165741888
52.38,-742.3266908322807,-3605.314119148764
52.4,-742.9822991714667,-3597.0105181836534
52.42,-742.3267026686761,-3590.236218667592
52.44,-741.017974582312,-3585.02694786266
52.46,-738.8849414788676,-3581.436940945174
52.48,-735.8118039913877,-3579.7554885365175
52.5,-731.8840821830225,-3579.7554885365175
52.52,-727.670002402436,-3581.9426291437007
52.54,-722.6579616238877,-3585.4479952081183
52.56,-717.3578627932882,-3590.05846158946
52.58,-712.3255709217677,-3595.4351935251234
52.6,-707.24139915605,-3600.340977311223
52.62,-702.6702385886699,-3604.1978814590784
52.64,-699.2201683215507,-3606.896877618688
52.66,-696.4306822272051,-3607.705796253852
52.68,-694.4565928733227,-3607.1768063676705
52.7,-693.4061653190626,-3604.9829093958647
52.72,-693.4061653190626,-3601.1919215987946
52.74,-694.4565928733227,-3596.265491415076
52.76,-696.4306822272051,-3590.02719786662
52.78,-698.9449257028036,-3582.848064721164
52.8,-702.3871001056937,-3575.1048925118093
52.82,-706.0279080591948,-3568.046036574304
52.84,-709.9523560706939,-3562.0583410109643
52.86,-713.5268356547209,-3557.314843520327
52.88,-717.0510821911683,-3554.654524367428
52.9,-720.2948212320787,-3554.017419761296
52.92,-723.2467416834313,-3555.46705099366
52.94,-725.5935801537339,-3558.90472690772
52.96,-727.670002402436,-3564.0102862177687
52.98,-729.1695047229069,-3571.4687830675666
53.0,-729.745431610327,-3580.6384274056527
53.02,-729.4594394432842,-3591.812187131804
53.04,-728.8787526444519,-3603.9343145381968
53.06,-727.670002402436,-3616.716267814125
53.08,-726.5021437391003,-3628.7549111920375
53.1,-725.8836094090434,-3639.3420962396904
53.12,-725.2991060220556,-3648.17380112002
53.14,-725.2991060220556,-3655.1630171354577
53.16,-725.2991060220556,-3659.997104623256
53.18,-725.5935801537339,-3663.153899280957
53.2,-725.8836094090434,-3664.4295433723096
53.22,-726.5021437391003,-3663.690012892409
53.24,-727.086843613206,-3660.9390534552945
53.26,-727.3797273814381,-3656.145125397064
53.28,-728.2515058641985,-3649.4395609013136
53.3,-729.1695047229069,-3641.378423800188
53.32,-730.3231055725751,-3631.681863542057
53.34,-731.5355553797369,-3620.3864098807608
53.36,-732.4581353074069,-3608.597467022419
53.38,-733.383735956835,-3597.2881541653287
53.4,-733.0987768725115,-3587.011663641443
53.42,-732.4590855733132,-3578.5452108613767
53.44,-730.956976196982,-3571.6278870367664
53.46,-728.5878416654018,-3566.779287050538
53.48,-725.5935801537339,-3563.762876986432
53.5,-722.3632828385943,-3562.6692588226974
53.52,-718.8247747046768,-3563.297633322307
53.54,-714.9920976545914,-3566.1506042050573
53.56,-710.8265233643612,-3570.4014235048244
53.58,-706.6676429556761,-3575.6908275920905
53.6,-702.6702385886699,-3582.1753278914034
53.62,-699.2201683215507,-3588.218324973945
53.64,-696.7016640333313,-3593.600564144091
53.66,-694.7259429086653,-3597.5689968911283
53.68,-693.8000506405922,-3600.51071091868
53.7,-693.8000506405922,-3601.9872840583703
53.72,-694.7259429086653,-3602.097178141664
53.74,-696.4306822272051,-3601.1919215987946
53.76,-699.2188411761113,-3598.849404518937
53.78,-702.3871001056937,-3595.06485836188
53.8,-706.6016895160252,-3590.7967727476434
53.82,-711.1182056564057,-3585.7210023048524
53.84,-715.5795908123697,-3581.0348137208166
53.86,-720.2948212320787,-3578.0068493196686
53.88,-724.4219370335862,-3575.519137673956
53.9,-728.2515058641985,-3575.2088711040565
53.92,-731.2467555657648,-3576.585024158471
53.94,-733.9574548784526,-3579.632451532774
53.96,-735.8145849946671,-3584.3836357072414
53.98,-737.0249771670663,-3591.123948208049
54.0,-737.3056614625417,-3598.957849891443
54.02,-736.7446675669945,-3608.314472539292
54.04,-735.5302426879421,-3617.9710989805294
54.06,-734.2407618132862,-3627.8673431858992
54.08,-732.4581353074069,-3636.804717818372
54.1,-730.9596080870785,-3644.2199976860734
54.12,-729.458214000099,-3650.523935669534
54.14,-728.2515058641985,-3654.7391722349935
54.16,-727.086843613206,-3657.123300161828
54.18,-725.9160189103256,-3657.7155487629025
54.2,-724.713433343009,-3656.652396526256
54.22,-723.8347742173931,-3653.2473728883574
54.24,-723.2467416834313,-3648.0837939242065
54.26,-722.9523802420301,-3641.016568194928
54.28,-722.9523802420301,-3632.4110644374473
54.3,-723.2467416834313,-3621.9196492178016
54.32,-724.1283943957638,-3610.351466165712
54.34,-724.7150668239717,-3598.3274426709495
54.36,-725.2991060220556,-3586.8936464868625
54.38,-725.0084793352139,-3576.737497299448
54.4,-724.4219370335862,-3568.211883567494
54.42,-723.2467416834313,-3561.3550168796055
54.44,-721.4786522549153,-3556.2161186842404
54.46,-719.4123561317823,-3553.4420498207064
54.48,-717.0510821911683,-3552.443348452093
54.5,-714.4058856945489,-3553.370778874693
54.52,-711.7424283089524,-3555.866634485695
54.54,-709.0330172500854,-3559.86045045488
54.56,-706.3137814081502,-3565.7614293554475
54.58,-703.5997800350955,-3572.6478977230454
54.6,-701.0856031483937,-3580.0699010295366
54.62,-699.2201683215507,-3587.2920330418383
54.64,-698.0146660176446,-3593.8816365882926
54.66,-697.6322473036033,-3599.4858913756207
54.68,-698.2880927259067,-3603.80006590088
54.7,-699.5977146588393,-3606.957537589393
54.72,-701.4590675223694,-3608.3530160972346
54.74,-704.5269552290691,-3609.0010777218513
54.76,-707.8788096500257,-3607.705796253852
54.78,-712.0346376483247,-3605.2226773836846
54.8,-716.4619847877325,-3602.0848642048086
54.82,-721.174980677476,-3598.293826779637
54.84,-725.5935801537339,-3594.963066711801
54.86,-729.7498962157276,-3592.418566261619
54.88,-733.3864569705678,-3590.843492449693
54.9,-736.3785885127041,-3590.7176089604754
54.92,-738.8861905406922,-3591.810858809887
54.94,-740.4696122251198,-3594.918474812934
54.96,-741.3968528749134,-3599.103084786567
54.98,-741.017974582312,-3604.538547321893
55.0,-740.0918055407701,-3611.0561857431926
55.02,-738.8849414788676,-3617.801740011724
55.04,-736.7446675669945,-3625.3070092369176
55.06,-734.2407618132862,-3632.094127699992
55.08,-731.8840821830225,-3637.8090047938103
55.1,-729.4594394432842,-3642.496397889492
55.12,-727.086843613206,-3645.402661594492
55.14,-724.713433343009,-3646.694533718104
55.16,-722.6579616238877,-3646.065554784601
55.18,-720.5875826945933,-3643.873901523244
55.2,-719.1195437976842,-3639.367673638696
55.22,-717.9447606402928,-3633.398120913639
55.24,-717.3458078567057,-3625.603600572124
55.26,-717.0636390941497,-3616.324431197641
55.28,-717.3458078567057,-3605.373518203178
55.3,-717.9357127748473,-3594.4280157855455
55.32,-718.5301046822218,-3583.4406588525826
55.34,-718.5320286887236,-3573.561401669708
55.36,-718.2373792541056,-3564.8051415901086
55.38,-717.6522943868272,-3558.2408309953926
55.4,-717.0510821911683,-3553.263479691448
55.42,-715.8735733788315,-3550.240222753739
55.44,-714.4058856945489,-3548.574864083298
55.46,-713.2040126552641,-3549.004180732812
55.48,-711.7424283089524,-3551.283418718784
55.5,-710.2442062995733,-3554.9415107856416
55.52,-708.4547569426841,-3560.3934326236654
55.54,-706.9562297223558,-3566.956760507131
55.56,-705.45691015131,-3574.911273912977
55.58,-704.1670084319526,-3582.931436524984
55.6,-703.3167969443201,-3591.280664030246
55.62,-702.9514335856825,-3598.849404518937
55.64,-703.5997800350955,-3605.381929100275
55.66,-704.5304299520335,-3610.9872960139455
55.68,-706.3155881572513,-3614.881028227356
55.7,-709.0330172500854,-3617.131121123428
55.72,-712.0346376483247,-3618.2799886326666
55.74,-715.5795908123697,-3617.7410101650257
55.76,-719.4123561317823,-3615.8883843075055
55.78,-723.5407916509312,-3613.212379693035
55.8,-727.670002402436,-3609.7727003069817
55.82,-731.5355553797369,-3606.2860297906623
55.84,-735.1694321326288,-3603.243035782479
55.86,-738.232484729867,-3601.1662687760177
55.88,-740.4696122251198,-3600.0
55.9,-741.6714157837279,-3600.0
55.92,-742.3267026686761,-3601.4476493670804
55.94,-742.3266908322807,-3603.9343145381968
55.96,-741.399699012118,-3607.5834079416873
55.98,-739.8151143568782,-3611.9271003475137
56.0,-737.3056614625417,-3616.856090715124
56.02,-734.600655473723,-3622.0224587752286
56.04,-731.5355553797369,-3626.591314595552
56.06,-728.5872246243424,-3630.432952204739
56.08,-725.2991060220556,-3633.159006772963
56.1,-722.3487296726281,-3634.321840275308
56.12,-719.7071825148814,-3633.839603343044
56.14,-717.3458078567057,-3631.928001585903
56.16,-715.2859706339989,-3628.17502530249
56.18,-713.7908090821263,-3622.7576629135
56.2,-712.6185831699183,-3616.0525308139017
56.22,-712.3255709217677,-3607.3322532062352
56.24,-712.3255709217677,-3598.092217556942
56.26,-712.6185831699183,-3588.6102518044845
56.28,-713.2040126552641,-3578.8839003938515
56.3,-713.498346119437,-3570.3809393899805
56.32,-713.7908090821263,-3563.0724051975767
56.34,-713.7908090821263,-3557.1412513698324
56.36,-713.5307556207193,-3553.090715338036
56.38,-713.2040126552641,-3550.5077994816825
56.4,-712.9102557315167,-3549.666242210352
56.42,-712.3275214165567,-3550.626232544128
56.44,-712.0346376483247,-3552.9180281091526
56.46,-711.4100375450445,-3557.0558870604814
56.48,-710.5356123853107,-3562.874229753612
56.5,-709.9523560706939,-3569.653461313272
56.52,-709.0330172500854,-3577.791684955042
56.54,-708.4547569426841,-3586.395272857067
56.56,-708.1657601107022,-3595.188458196777
56.58,-708.167609463998,-3603.4932872232
56.6,-709.0330172500854,-3610.4016916235114
56.62,-710.2442062995733,-3616.548675880784
56.64,-712.0346376483247,-3620.9170032164216
56.66,-714.4058856945489,-3624.0287204196193
56.68,-717.0636390941497,-3625.603600572124
56.7,-720.2948212320787,-3625.6555568901695
56.72,-723.5407916509312,-3624.2520952852656
56.74,-727.086843613206,-3621.898145464577
56.76,-730.3813477796771,-3618.5588257488575
56.78,-733.6711840979226,-3614.7505231484406
56.8,-736.7446675669945,-3611.3413358912326
56.82,-738.8861905406922,-3607.915691854909
56.84,-740.7433473350553,-3605.5775066092456
56.86,-741.6714157837279,-3604.151998588631
56.88,-741.6714157837279,-3603.912274495968
56.9,-741.124790382899,-3604.2542336081992
56.92,-739.8151143568782,-3605.9421230357634
56.94,-737.9552975073933,-3608.5982081996895
56.96,-735.1694321326288,-3611.461675463508
56.98,-732.1721153569463,-3614.7505231484406
57.0,-728.8787526444519,-3618.0732126731546
57.02,-725.2991060220556,-3620.9170032164216
57.04,-722.068557173057,-3622.5940720378576
57.06,-718.8247747046768,-3623.528165383104
57.08,-715.8735733788315,-3622.8492603356494
57.1,-713.4963666385441,-3620.5001022465026
57.12,-711.4522912873772,-3616.9292098594
57.14,-709.9523560706939,-3612.058067990216
57.16,-709.0330172500854,-3605.8488724815193
57.18,-708.7428567160464,-3598.4445496178832
57.2,-708.7428567160464,-3590.469292295087
57.22,-709.3222146411615,-3582.4614790262417
57.24,-709.9523560706939,-3574.7172154240334
57.26,-710.5356123853107,-3567.7023832035625
57.28,-711.1182056564057,-3562.050284482299
57.3,-711.7424283089524,-3557.789701515488
57.32,-712.0346376483247,-3554.9415107856416
57.34,-712.3255709217677,-3553.4935224604874
57.36,-712.6185831699183,-3554.0963961616135
57.38,-712.9102557315167,-3556.0431877508354
57.4,-712.9102557315167,-3559.2559673890128
57.42,-712.9102557315167,-3564.6809257577
57.44,-712.6185831699183,-3570.8490460456364
57.46,-712.3255709217677,-3578.687346549176
57.48,-712.0346376483247,-3586.527872852132
57.5,-712.0346376483247,-3595.427218945381
57.52,-712.0346376483247,-3603.6502685900346
57.54,-712.6185831699183,-3611.3320747655753
57.56,-713.5307556207193,-3617.6583450286626
57.58,-714.9924279961764,-3622.5940720378576
57.6,-717.0510821911683,-3626.551498705012
57.62,-719.4123561317823,-3628.9495548083087
57.64,-721.7620706429356,-3629.4116073773616
57.66,-724.713433343009,-3629.0222532299153
57.68,-727.3797273814381,-3627.095524683627
57.7,-730.3813477796771,-3624.0807609028943
57.72,-733.0987768725115,-3620.5331215147025
57.74,-735.5302426879421,-3616.6915324972992
57.76,-737.6766186056137,-3612.748718915561
57.78,-739.162887847643,-3609.486500792379
57.8,-739.8151143568782,-3606.7302540457313
57.82,-740.0889785640697,-3604.8332789585174
57.84,-739.5396344854877,-3604.018496162016
57.86,-738.2352954516471,-3603.886016514373
57.88,-736.3785885127041,-3604.689242214103
57.9,-733.9574548784526,-3606.0890846549646
57.92,-730.9596080870785,-3608.069290421724
57.94,-727.670002402436,-3610.656956997449
57.96,-724.4219370335862,-3612.6582601336872
57.98,-720.882336341039,-3614.2715403009615
58.0,-717.6407420535967,-3615.1742021668624
58.02,-714.6992982057911,-3614.9576540497856
58.04,-712.0346376483247,-3613.578711865981
58.06,-709.9561510296636,-3610.858859721111
58.08,-708.4547569426841,-3607.17960340296
58.1,-707.2422496728163,-3602.486475627671
58.12,-706.9525956975945,-3596.6263440017588
58.14,-706.9525956975945,-3590.077037422704
58.16,-707.2422496728163,-3583.1486019784097
58.18,-708.1657601107022,-3576.658839825286
58.2,-709.0330172500854,-3570.453891143456
58.22,-709.9523560706939,-3565.8905523223116
58.24,-710.8265233643612,-3561.801537265287
58.26,-711.7424283089524,-3559.4608842147395
58.28,-712.3255709217677,-3558.277867995193
58.3,-713.2040126552641,-3558.801741883076
58.32,-713.8207848760288,-3560.5676794177625
58.34,-714.115259007707,-3563.920479100916
58.36,-714.6969640794365,-3569.07617857907
58.38,-714.6992982057911,-3574.9693201306263
58.4,-714.9920976545914,-3582.1882700591996
58.42,-714.7009316867536,-3590.1900956889567
58.44,-714.7009316867536,-3598.708467957505
58.46,-714.9924279961764,-3606.4059474107007
58.48,-715.5795908123697,-3613.5608407839527
58.5,-716.4619847877325,-3619.947631384269
58.52,-717.6522943868272,-3624.9077271402016
58.54,-719.4123561317823,-3628.441261409896
58.56,-721.1769857756569,-3630.603941691857
58.58,-723.5407916509312,-3631.1703311143983
58.6,-725.8836094090434,-3630.7779884283486
58.62,-728.2515058641985,-3628.9495548083087
58.64,-730.3813477796771,-3626.013797841767
58.66,-732.7467220740865,-3622.283432283985
58.68,-734.884655042061,-3618.128734090688
58.7,-736.3785885127041,-3614.1105530722666
58.72,-737.5870479551171,-3610.176179085503
58.74,-738.232484729867,-3606.896877618688
58.76,-737.9552975073933,-3604.5507519813928
58.78,-737.3056614625417,-3602.6380940861673
58.8,-736.095877564211,-3601.734518168941
58.82,-733.9574548784526,-3601.785088738775
58.84,-731.5355553797369,-3602.3539760868293
58.86,-728.8787526444519,-3603.6424859023623
58.88,-725.5935801537339,-3605.4356251233753
58.9,-722.3632828385943,-3607.0522781160785
58.92,-719.1195437976842,-3608.5982081996895
58.94,-715.8735733788315,-3609.1040948357186
58.96,-713.2040126552641,-3609.240350963377
58.98,-710.8265233643612,-3608.38784984392
59.0,-708.7428567160464,-3606.154182277912
59.02,-707.2422496728163,-3603.2470228485977
59.04,-706.3155881572513,-3599.096688452425
59.06,-706.0279080591948,-3594.4106077953784
59.08,-706.3137814081502,-3589.018726690468
59.1,-706.6676429556761,-3583.407934280344
59.12,-707.5302828467402,-3577.791684955042
59.14,-708.7428567160464,-3572.805605518034
59.16,-709.9523560706939,-3568.516568340236
59.18,-711.1182056564057,-3565.6543111671504
59.2,-712.0346376483247,-3563.4960590873075
59.22,-713.2040126552641,-3562.897336002563
59.24,-714.115259007707,-3563.7152270392307
59.26,-714.9924279961764,-3565.8814223855275
59.28,-715.8735733788315,-3569.35294499206
59.3,-716.4619847877325,-3574.4161282835166
59.32,-716.7714578227387,-3580.49402772569
59.34,-717.0510821911683,-3587.246327667644
59.36,-717.0510821911683,-3595.06485836188
59.38,-717.3458078567057,-3602.7497408757404
59.4,-717.6407420535967,-3610.049435365556
59.42,-717.9447606402928,-3616.717162050282
59.44,-718.8247747046768,-3622.2876600238783
59.46,-720.0,-3626.551498705012
59.48,-721.4696043894701,-3629.4329000657694
59.5,-723.2467416834313,-3631.347991044149
59.52,-725.0084793352139,-3631.9074195911353
59.54,-726.7957818598445,-3630.76466087198
59.56,-728.8787526444519,-3628.7792888234
59.58,-730.6696359717613,-3625.7751090412967
59.6,-732.4590855733132,-3621.8550436800015
59.62,-733.9574548784526,-3617.7410101650257
59.64,-735.1694321326288,-3613.439749759188
59.66,-735.8145849946671,-3609.484493129476
59.68,-736.095877564211,-3605.9421230357634
59.7,-735.8145849946671,-3603.1009706029527
59.72,-734.884655042061,-3601.026715950557
59.74,-733.3864569705678,-3599.608436991876
59.76,-731.2467555657648,-3599.345056811196
59.78,-728.8787526444519,-3599.5032891207275
59.8,-726.2103523744987,-3600.0
59.82,-723.2467416834313,-3601.7054208121467
59.84,-720.0,-3603.011613473228
59.86,-717.0636390941497,-3604.3000106360073
59.88,-714.115259007707,-3604.805302936892
59.9,-711.7424283089524,-3604.8351958809367
59.92,-709.3774236988289,-3604.019572589096
59.94,-707.8788096500257,-3602.3492206348915
59.96,-706.6676429556761,-3599.6313514904914
59.98,-706.0279080591948,-3596.2477378278654
60.0,-705.7431809318401,-3592.424905776335
60.02,-706.3137814081502,-3587.9810207850696
60.04,-706.9525956975945,-3583.132720911461
60.06,-707.8788096500257,-3578.273640046928
60.08,-709.3222146411615,-3574.588200259353
60.1,-710.5356123853107,-3571.1471488281495
60.12,-712.0346376483247,-3569.092486565455
60.14,-713.2040126552641,-3567.6409802029266
60.16,-714.4058856945489,-3567.7655288253377
60.18,-715.5795908123697,-3569.1367857404034
60.2,-716.7564034058752,-3571.483919086131
60.22,-717.6407420535967,-3575.416182943826
60.24,-718.2373792541056,-3580.2183255331543
60.26,-718.5320286887236,-3586.527872852132
60.28,-718.8247747046768,-3593.2643566652773
60.3,-719.1195437976842,-3600.0
60.32,-719.4123561317823,-3607.1645535049215
60.34,-719.7071825148814,-3613.879019950145
60.36,-720.2948212320787,-3619.5372090268825
60.38,-720.882336341039,-3624.1225502776015
60.4,-722.068557173057,-3627.898499681221
60.42,-723.2467416834313,-3629.9228899767386
60.44,-724.713433343009,-3631.2837533808447
60.46,-726.1774513016661,-3631.1703311143983
60.48,-727.670002402436,-3629.6023316606097
60.5,-729.1695047229069,-3627.0726018460914
60.52,-730.6696359717613,-3623.7061123411104
60.54,-731.8840821830225,-3619.7509389850375
60.56,-733.0305967808644,-3615.750565357605
60.58,-733.6711840979226,-3611.4869128259406
60.6,-733.9574548784526,-3607.505894539253
60.62,-733.9574548784526,-3603.886016514373
60.64,-733.383735956835,-3601.1683852948727
60.66,-732.1721153569463,-3598.958082118036
60.68,-730.3813477796771,-3597.5689968911283
60.7,-728.2961593733568,-3597.0200793431623
60.72,-725.8836094090434,-3597.279242628125
60.74,-723.2467416834313,-3597.6617974150004
60.76,-720.5875826945933,-3598.7054644400214
60.78,-717.650293080464,-3599.6498515586377
60.8,-714.9920976545914,-3600.6570067878465
60.82,-712.3275214165567,-3600.940947026
60.84,-710.2448603068557,-3601.3072080788825
60.86,-708.4547569426841,-3600.389520560429
60.88,-707.24139915605,-3598.9605516967945
60.9,-706.3155881572513,-3596.767021042669
60.92,-706.0279080591948,-3593.794937510764
60.94,-706.3137814081502,-3590.597544303591
60.96,-706.9525956975945,-3586.8076490960166
60.98,-707.8788096500257,-3583.0383183281274
61.0,-709.0330172500854,-3579.339938718639
61.02,-710.5356123853107,-3576.3708555795006
61.04,-711.7443626273268,-3573.9753717334247
61.06,-713.2040126552641,-3572.707124426555
61.08,-714.6969640794365,-3572.148291244439
61.1,-716.1676233463313,-3572.7807417136223
61.12,-717.3458078567057,-3574.7172154240334
61.14,-718.2373792541056,-3577.6863218972408
61.16,-719.1195437976842,-3581.8576643101737
61.18,-719.7071825148814,-3586.897084003378
61.2,-720.0,-3592.845863238585
61.22,-720.5875826945933,-3599.220025358172
61.24,-720.5875826945933,-3605.599696292255
61.26,-720.882336341039,-3611.666761987055
61.28,-721.4696043894701,-3617.1023601787615
61.3,-722.0565022364746,-3621.898145464577
61.32,-722.6579616238877,-3625.599894441808
61.34,-723.5407916509312,-3628.1148689125407
61.36,-724.713433343009,-3629.678438463901
61.38,-725.5935801537339,-3629.7658173286177
61.4,-726.7957818598445,-3628.7549111920375
61.42,-727.9620737423854,-3626.922398925379
61.44,-729.1695047229069,-3624.290744721096
61.46,-730.3813477796771,-3620.5331215147025
61.48,-731.2467555657648,-3616.29191639768
61.5,-731.8840821830225,-3612.2937848711126
61.52,-732.1721153569463,-3608.1929613491816
61.54,-732.1721153569463,-3604.5419800762975
61.56,-731.5355553797369,-3601.1967147538226
61.58,-730.6696359717613,-3598.6764407836204
61.6,-729.1695047229069,-3596.760595540071
61.62,-727.3797273814381,-3595.605629466012
61.64,-725.2991060220556,-3595.094111700578
61.66,-722.9523802420301,-3595.188458196777
61.68,-720.5875826945933,-3595.720781805504
61.7,-717.9447606402928,-3596.4764499983085
61.72,-715.5795908123697,-3597.2915588555747
61.74,-713.2040126552641,-3598.3260485881865
61.76,-711.1182056564057,-3598.467519168082
61.78,-709.3736701230605,-3598.467519168082
61.8,-707.8788096500257,-3597.6617974150004
61.82,-707.24139915605,-3596.2392403930335
61.84,-706.6676429556761,-3594.410715209769
61.86,-706.9525956975945,-3591.9873854577727
61.88,-707.2422496728163,-3589.179876136539
61.9,-708.1657601107022,-3586.0663613655142
61.92,-709.3222146411615,-3583.3813798103793
61.94,-710.5356123853107,-3580.604167167575
61.96,-712.0346376483247,-3578.3787677803284
61.98,-713.498346119437,-3576.896626933061
62.0,-714.9920976545914,-3576.3654826981224
62.02,-716.4619847877325,-3576.783013985834
62.04,-717.650293080464,-3578.2735608328608
62.06,-718.8247747046768,-3580.867164790427
62.08,-719.7071825148814,-3584.199500217933
62.1,-720.5875826945933,-3588.234032530529
62.12,-721.174980677476,-3593.2643566652773
62.14,-721.4696043894701,-3598.9605516967945
62.16,-721.7620706429356,-3604.5481928804206
62.18,-722.068557173057,-3610.1699147767913
62.2,-722.3632828385943,-3615.337254519451
62.22,-722.9523802420301,-3619.763755976448
62.24,-723.2467416834313,-3623.3546786454895
62.26,-724.1283943957638,-3626.0021465788386
62.28,-724.713433343009,-3627.283773883491
62.3,-725.5935801537339,-3627.898499681221
62.32,-726.5021437391003,-3627.4585794543814
62.34,-727.3797273814381,-3625.808182993304
62.36,-728.2515058641985,-3623.179047504307
62.38,-729.1688508462398,-3620.217051145097
62.4,-729.7498962157276,-3616.236864291865
62.42,-730.0369413309338,-3612.7071259406985
62.44,-730.3813477796771,-3608.5982081996895
62.46,-730.3813477796771,-3605.0482649724822
62.48,-729.7498962157276,-3601.53703262625
62.5,-729.1695047229069,-3598.8222139399013
62.52,-727.6719367208104,-3596.352451800397
62.54,-726.5021437391003,-3594.796907560813
62.56,-724.4219370335862,-3593.8732879329687
62.58,-722.3632828385943,-3593.276173716548
62.6,-720.2948212320787,-3593.688698367777
62.62,-717.9447606402928,-3594.2909928489025
62.64,-715.8735733788315,-3594.9627267781084
62.66,-713.5307556207193,-3595.7454058756375
62.68,-711.7424283089524,-3596.3842935471994
62.7,-709.9561510296636,-3596.3842935471994
62.72,-708.7447290580014,-3596.2392403930335
62.74,-708.1077872699599,-3595.4599204108767
62.76,-707.5302828467402,-3594.1690531874247
62.78,-707.5302828467402,-3592.581951379372
62.8,-708.1077872699599,-3590.4956982338263
62.82,-708.7428567160464,-3588.218324973945
62.84,-709.9523560706939,-3585.900699878518
62.86,-711.1182056564057,-3583.7441751145184
62.88,-712.3275214165567,-3582.1753278914034
62.9,-714.1113140466473,-3580.905058862418
62.92,-715.2859706339989,-3580.2350477215937
62.94,-716.7564034058752,-3580.2825014435057
62.96,-718.2373792541056,-3581.7750436038964
62.98,-719.4123561317823,-3583.9230404680225
63.0,-720.2948212320787,-3586.6430878705137
63.02,-721.174980677476,-3590.3946481243547
63.04,-721.7620706429356,-3594.6800339211823
63.06,-722.3632828385943,-3599.367922523128
63.08,-722.6579616238877,-3604.426277937192
63.1,-722.9523802420301,-3609.4062011677106
63.12,-723.2467416834313,-3613.760737199088
63.14,-723.5407916509312,-3617.8396181412622
63.16,-723.8347742173931,-3621.1781562487654
63.18,-724.4219370335862,-3623.6415441456143
63.2,-724.7150668239717,-3625.1894235711407
63.22,-725.2991060220556,-3625.7652286725024
63.24,-725.8836094090434,-3625.1632616083903
63.26,-726.7957818598445,-3623.8528933104953
63.28,-727.3797273814381,-3621.806943134357
63.3,-727.9620737423854,-3618.96791055902
63.32,-728.2515058641985,-3615.7450845301246
63.34,-728.5878416654018,-3612.0300668928594
63.36,-728.8787526444519,-3608.477751241333
63.38,-728.5878416654018,-3604.5481928804206
63.4,-728.2515058641985,-3601.294746177024
63.42,-727.3797273814381,-3598.467519168082
63.44,-726.5021437391003,-3595.8691124653024
63.46,-725.0084793352139,-3594.1690531874247
63.48,-723.5407916509312,-3593.0891404104736
63.5,-721.7620706429356,-3592.4389404693693
63.52,-719.7071825148814,-3592.455653706912
63.54,-717.9447606402928,-3592.7051384300426
63.56,-715.8735733788315,-3593.264040942417
63.58,-714.1113140466473,-3593.898009477118
63.6,-712.3255709217677,-3594.4195457321725
63.62,-710.8265233643612,-3594.9733062960486
63.64,-709.6644688140351,-3595.188458196777
63.66,-709.0330172500854,-3594.439737569701
63.68,-708.4547569426841,-3593.950663517722
63.7,-708.4547569426841,-3592.858832763798
63.72,-709.0330172500854,-3591.810858809887
63.74,-709.6644688140351,-3590.1092577610284
63.76,-710.5356123853107,-3588.291979023689
63.78,-711.7424283089524,-3586.6430878705137
63.8,-713.2040126552641,-3585.2996680162455
63.82,-714.4062559983557,-3584.387794302188
63.84,-715.8735733788315,-3584.0197462684073
63.86,-717.3458078567057,-3584.307138129648
63.88,-718.5320286887236,-3585.1439712980828
63.9,-719.7071825148814,-3586.9359239115734
63.92,-720.882336341039,-3589.3013140372736
63.94,-721.773622976166,-3592.315536253805
63.96,-722.3632828385943,-3596.008788068484
63.98,-722.9523802420301,-3600.0
64.0,-723.2467416834313,-3604.2759051721864
64.02,-723.5407916509312,-3608.476422919417
64.04,-723.8347742173931,-3612.6582601336872
64.06,-724.1283943957638,-3616.106723695304
64.08,-724.1283943957638,-3618.915029412152
64.1,-724.4222673751714,-3621.277411911564
64.12,-725.0041525938173,-3622.6324728016175
64.14,-725.2991060220556,-3623.179047504307
64.16,-725.5935801537339,-3622.8589808847537
64.18,-726.1730959968736,-3622.0657353296097
64.2,-726.5021437391003,-3619.974241843852
64.22,-726.7957818598445,-3617.493211282226
64.24,-727.086843613206,-3614.503057015688
64.26,-727.3772518942037,-3610.934000896598
64.28,-727.088794107995,-3607.7904741041025
64.3,-727.086843613206,-3604.3000106360073
64.32000000000001,-726.5021437391003,-3601.1638963925834
64.34,-725.9160189103256,-3598.053756924749
64.36,-725.0084793352139,-3595.7218276777735
64.38,-723.8347742173931,-3593.76657654896
64.4,-722.6577534934586,-3592.7051384300426
64.42,-720.882336341039,-3591.810858809887
64.44,-719.4123561317823,-3591.4080701207167
64.46000000000001,-717.650293080464,-3591.529226141088
64.48,-715.8735733788315,-3592.0498204157534
64.5,-714.4058856945489,-3592.455653706912
64.52,-712.9102557315167,-3593.3852627056986
64.54,-711.7424283089524,-3593.7607937824537
64.56,-710.5356123853107,-3594.1690531874247
64.58,-709.9523560706939,-3594.1096743342487
64.6,-709.6644688140351,-3593.752253434121
64.62,-709.6644688140351,-3593.444834854544
64.64,-709.9561510296636,-3592.581951379372
64.66,-710.5356123853107,-3591.286425939314
64.68,-711.4522912873772,-3590.3599031062463
64.7,-712.6185831699183,-3589.4216947685504
64.72,-713.8207848760288,-3588.2585431583607
64.74,-715.2859706339989,-3587.844425248074
64.76,-716.4619847877325,-3587.470021609001
64.78,-717.9447606402928,-3587.659272834764
64.8,-719.1195437976842,-3588.537495572743
64.82000000000001,-720.2948212320787,-3589.9881784999848
64.84,-721.1769857756569,-3592.0897775281087
64.86,-722.0565022364746,-3594.770141697903
64.88,-722.9523802420301,-3597.6617974150004
64.9,-723.2467416834313,-3601.1683852948727
64.92,-723.8347742173931,-3604.805302936892
64.94,-724.1283943957638,-3608.0743821372935
64.96000000000001,-724.1283943957638,-3611.4869128259406
64.98,-724.4219370335862,-3614.454769107919
65.0,-724.4219370335862,-3617.2741974027786
65.02,-724.7150668239717,-3618.7082506570528
65.04,-724.713433343009,-3620.219203063695
65.06,-725.0084793352139,-3620.5331215147025
65.08,-725.2991060220556,-3620.4393179113513
65.1,-725.2991060220556,-3619.2761350590577
65.12,-725.5935801537339,-3617.702413757717
65.14,-725.8836094090434,-3615.6071885913625
65.16,-725.8836094090434,-3612.7337019932834
65.18,-725.9160189103256,-3609.5651390434095
65.2,-725.8836094090434,-3606.7446193240394
65.22,-725.5935801537339,-3603.5139864644
65.24,-725.0084793352139,-3600.4073368581894
65.26,-724.4222673751714,-3597.6779435473663
65.28,-723.8347742173931,-3595.21703160276
65.3,-722.642907207024,-3593.276173716548
65.32000000000001,-721.4696043894701,-3592.0897775281087
65.34,-720.2948212320787,-3591.4080701207167
65.36,-718.8247747046768,-3590.843492449693
65.38,-717.3578627932882,-3591.128581917122
65.4,-715.8735733788315,-3591.407410714104
65.42,-714.6969640794365,-3591.952505951057
65.44,-713.4963666385441,-3592.426166317081
65.46000000000001,-712.3255709217677,-3593.1426348362365
65.48,-711.4522912873772,-3593.600564144091
65.5,-711.1182056564057,-3594.018071421622
65.52,-710.8265233643612,-3594.1591576706314
65.54,-710.8265233643612,-3594.0049816663936
65.56,-711.1182056564057,-3593.444834854544
65.58,-711.7424283089524,-3593.0033749037007
65.6,-712.6185831699183,-3592.296343146102
65.62,-713.5307556207193,-3591.4080701207167
65.64,-714.6992982057911,-3591.128540898353
65.66,-715.8735733788315,-3590.7176089604754
65.68,-717.3458078567057,-3590.5138555317767
65.7,-718.5320286887236,-3591.123948208049
65.72,-719.7071825148814,-3591.529226141088
65.74,-720.882336341039,-3592.7051384300426
65.76,-721.7620706429356,-3594.665916403113
65.78,-722.6577534934586,-3596.4983658323004
65.8,-723.2467416834313,-3599.2245443970155
65.82000000000001,-723.5407916509312,-3601.982752306532
65.84,-724.1283943957638,-3604.8332789585174
65.86,-724.1283943957638,-3607.7904741041025
65.88,-724.4219370335862,-3610.579783324891
65.9,-724.4219370335862,-3613.052170241001
65.92,-724.4219370335862,-3614.988942034975
65.94,-724.713433343009,-3616.847951198637
65.96000000000001,-724.7150668239717,-3617.7410101650257
65.98,-724.713433343009,-3618.0752442566513
66.0,-724.713433343009,-3617.778322239028
66.02,-724.7150668239717,-3616.9663153860793
66.04,-724.713433343009,-3615.26166218856
66.06,-724.7150668239717,-3613.6290665185034
66.08,-724.7150668239717,-3611.174213880901
66.1,-724.713433343009,-3608.312664637748
66.12,-724.4219370335862,-3605.4957564341225
66.14,-724.4219370335862,-3602.6331404703888
66.16,-723.8347742173931,-3599.6313514904914
66.18,-723.2467416834313,-3597.279242628125
66.2,-722.642907207024,-3594.915091848042
66.22,-721.773622976166,-3593.2643566652773
66.24,-720.882336341039,-3591.952505951057
66.26,-719.7071825148814,-3591.128540898353
66.28,-718.5320286887236,-3590.7180978355595
66.3,-717.3458078567057,-3590.637776513703
66.32000000000001,-716.1676233463313,-3590.916443038556
66.34,-714.9920976545914,-3591.407410714104
66.36,-714.1113140466473,-3592.2171768869766
66.38,-713.2040126552641,-3592.986349387996
66.4,-712.3275214165567,-3593.6658812583646
66.42,-712.0346376483247,-3594.1690531874247
66.44,-712.0346376483247,-3594.796907560813
66.46000000000001,-712.0346376483247,-3594.770141697903
66.48,-712.3255709217677,-3594.439737569701
66.5,-712.9102557315167,-3594.298710250591
66.52,-713.7908090821263,-3594.049201149937
66.54,-714.6969640794365,-3593.6658812583646
66.56,-715.5795908123697,-3593.1069390263924
66.58,-716.7564034058752,-3593.3518687463857
66.6,-717.9447606402928,-3593.124056546298
66.62,-719.1195437976842,-3593.3917324325325
66.64,-720.2948212320787,-3593.9318899652253
66.66,-721.174980677476,-3594.915091848042
66.68,-722.068557173057,-3596.3842935471994
66.7,-722.6579616238877,-3597.951660982028
66.72,-723.2467416834313,-3600.0
66.74,-723.8347742173931,-3602.3492206348915
66.76,-724.1283943957638,-3604.682139276032
66.78,-724.4219370335862,-3607.2977008086577
66.8,-724.4219370335862,-3609.3667129823466
66.82000000000001,-724.4219370335862,-3611.622495277415
66.84,-724.4219370335862,-3613.212379693035
66.86,-724.4219370335862,-3614.633223871484
66.88,-724.1283943957638,-3615.26166218856
66.9,-724.1283943957638,-3615.26166218856
66.92,-724.1283943957638,-3614.9929444185686
66.94,-724.1283943957638,-3614.1532263352074
66.96000000000001,-724.1283943957638,-3612.9383312201335
66.98,-724.1283943957638,-3610.957217096316
67.0,-724.1283943957638,-3608.597467022419
67.02,-724.1283943957638,-3606.2515110289305
67.04,-723.8347742173931,-3603.80006590088
67.06,-723.5407916509312,-3601.3072080788825
67.08,-723.2467416834313,-3598.8222139399013
67.1,-722.642907207024,-3596.7681363929523
67.12,-722.068557173057,-3594.915091848042
67.14,-721.1769857756569,-3593.3917324325325
67.16,-720.2948212320787,-3592.424905776335
67.18,-719.4123561317823,-3591.9646937656153
67.2,-718.5320286887236,-3591.810858809887
67.22,-717.3458078567057,-3591.810858809887
67.24,-716.4619847877325,-3592.582813797368
67.26,-715.2859706339989,-3592.989874149954
67.28,-714.4058856945489,-3593.51343796922
67.3,-713.8207848760288,-3594.2909928489025
67.32000000000001,-713.4963666385441,-3594.9644759481503
67.34,-713.2040126552641,-3595.06485836188
67.36,-712.9122212906623,-3595.1965603348217
67.38,-713.2369137280965,-3595.338298244404
67.4,-713.5307556207193,-3595.3514190064766
67.42,-714.1113140466473,-3595.188458196777
67.44,-714.9920976545914,-3594.848471594669
67.46000000000001,-715.5795908123697,-3594.439737569701
67.48,-716.7564034058752,-3594.410715209769
67.5,-717.6407420535967,-3594.2914098970814
67.52,-718.5320286887236,-3594.2898737584173
67.54,-719.4123561317823,-3594.650971091961
67.56,-720.5875826945933,-3595.338399303279
67.58,-721.174980677476,-3596.1140128830934
67.6,-722.068557173057,-3597.427442892051
67.62,-722.6579616238877,-3599.220025358172
67.64,-722.9523802420301,-3601.1662687760177
67.66,-723.2467416834313,-3602.8419416916727
67.68,-723.5407916509312,-3604.805302936892
67.7,-723.5407916509312,-3606.896877618688
67.72,-723.8347742173931,-3608.8817814887434
67.74,-723.8344843114702,-3610.5691253406817
67.76,-723.5407916509312,-3611.870821317868
67.78,-723.5407916509312,-3612.8673396653408
67.8,-723.5407916509312,-3613.1875104769993
67.82000000000001,-723.5407916509312,-3613.212379693035
67.84,-723.5407916509312,-3612.6772976214975
67.86,-723.5407916509312,-3611.4869128259406
67.88,-723.5407916509312,-3610.4714764133696
67.9,-723.5407916509312,-3608.3530160972346
67.92,-723.5407916509312,-3606.623848318197
67.94,-723.5407916509312,-3604.5481928804206
67.96000000000001,-723.2467416834313,-3602.227005658209
67.98,-722.9523802420301,-3600.0
68.0,-722.6579616238877,-3598.1846586048364
68.02,-722.0565022364746,-3596.354295513023
68.04,-721.4696043894701,-3595.188458196777
68.06,-720.882336341039,-3594.1565706895913
68.08,-720.0,-3593.4088605493303
68.1,-719.1195437976842,-3593.1090066482598
68.12,-718.2373792541056,-3593.1090066482598
68.14,-717.3578627932882,-3593.227067816171
68.16,-716.7564034058752,-3593.600564144091
68.18,-715.8735733788315,-3594.0025802605574
68.2,-715.2859706339989,-3594.8361416800276
68.22,-714.6992982057911,-3595.427218945381
68.24,-714.4058856945489,-3595.720781805504
68.26,-714.115259007707,-3596.01970393648
68.28,-714.115259007707,-3596.0968580602944
68.3,-714.4058856945489,-3596.1140128830934
68.32000000000001,-714.7009316867536,-3595.9631620727146
68.34,-715.2859706339989,-3596.0907285921417
68.36,-715.8735733788315,-3595.7541472006046
68.38,-716.7564034058752,-3595.188458196777
68.4,-717.3578627932882,-3595.3514190064766
68.42,-718.2373792541056,-3595.4608242469294
68.44,-719.1195437976842,-3595.5760837354587
68.46000000000001,-720.0,-3595.9631620727146
68.48,-720.5875826945933,-3596.3901161427175
68.5,-721.174980677476,-3597.423604997992
68.52,-721.773622976166,-3598.5824958159724
68.54,-722.3632828385943,-3600.0
68.56,-722.6579616238877,-3601.4531009172038
68.58,-722.9523802420301,-3603.2470228485977
68.60000000000001,-722.9523802420301,-3604.8127635936967
68.62,-722.9523802420301,-3606.5899115793377
68.64,-722.9523802420301,-3607.915691854909
68.66,-722.9523802420301,-3609.1600281340975
68.68,-722.9523802420301,-3610.0339294393857
68.7,-722.9523802420301,-3610.7289172712976
68.72,-722.9523802420301,-3610.7218311389415
68.74,-722.9523802420301,-3610.6096141753615
68.76,-722.9523802420301,-3610.049435365556
68.78,-722.9523802420301,-3609.127471925584
68.8,-722.9523802420301,-3607.7904741041025
68.82000000000001,-722.9523802420301,-3606.4800875615274
68.84,-722.9523802420301,-3604.6901619935215
68.86,-722.6579616238877,-3602.987208340093
68.88,-722.6579616238877,-3601.1662687760177
68.9,-722.3632828385943,-3599.5073359717103
68.92,-722.068557173057,-3597.951660982028
68.94,-721.4696043894701,-3596.48854415034
68.96000000000001,-721.174980677476,-3595.727231737893
68.98,-720.5875826945933,-3594.946885920957
69.0,-719.7071825148814,-3594.4106077953784
69.02,-719.1195437976842,-3594.0025802605574
69.04,-718.5320286887236,-3594.4098063840142
69.06,-717.650293080464,-3594.619857470695
69.08,-717.0510821911683,-3594.901510735931
69.10000000000001,-716.4619847877325,-3595.338298244404
69.12,-715.8735733788315,-3595.8606880785696
69.14,-715.579300845772,-3596.4835996708007
69.16,-715.2859706339989,-3596.6200583847
69.18,-715.2859706339989,-3596.9162289102755
69.2,-715.2859706339989,-3596.897414618192
69.22,-715.5795908123697,-3596.767021042669
69.24,-715.8735733788315,-3596.767021042669
69.26,-716.4619847877325,-3596.6251032630894
69.28,-717.0510821911683,-3596.55792737858
69.3,-717.6407420535967,-3596.5069989169906
69.32000000000001,-718.2373792541056,-3596.3842935471994
69.34,-718.8247747046768,-3596.361257389347
69.36,-719.4123561317823,-3596.767021042669
69.38,-720.0,-3597.279242628125
69.4,-720.5875826945933,-3597.702229296867
69.42,-721.174980677476,-3598.5673938166956
69.44,-721.4696043894701,-3599.5032891207275
69.46000000000001,-721.7620706429356,-3600.8009383360204
69.48,-722.068557173057,-3601.846358314832
69.5,-722.3632828385943,-3603.2470228485977
69.52,-722.3632828385943,-3604.538581672608
69.54,-722.3632828385943,-3605.639969410084
69.56,-722.3487296726281,-3606.76630151694
69.58,-722.3632828385943,-3607.551474302256
69.60000000000001,-722.3487296726281,-3608.069290421724
69.62,-722.3632828385943,-3608.5982081996895
69.64,-722.3632828385943,-3608.4737385762314
69.66,-722.3632828385943,-3608.069290421724
69.68,-722.3632828385943,-3607.5755069752336
69.7,-722.3632828385943,-3606.896877618688
69.72,-722.3632828385943,-3605.505262373399
69.74,-722.3487296726281,-3604.3254479785055
69.76,-722.3632828385943,-3602.982825073072
69.78,-722.0565022364746,-3601.5885370332635
69.8,-722.068557173057,-3600.0
69.82000000000001,-721.773622976166,-3598.8545920484844
69.84,-721.4786522549153,-3597.7655210191015
69.86,-721.174980677476,-3596.8971652784608
69.88,-720.5875826945933,-3596.1140128830934
69.9,-720.2948212320787,-3595.5760837354587
69.92,-719.7071825148814,-3595.5760837354587
69.94,-719.1195437976842,-3595.5760837354587
69.96000000000001,-718.5320286887236,-3595.720781805504
69.98,-717.9447606402928,-3595.860448290113
70.0,-717.6407420535967,-3595.9955900734208
70.02,-717.0636390941497,-3596.4764499983085
70.04,-716.7564034058752,-3596.863529823049
70.06,-716.4619847877325,-3597.278407238134
70.08,-716.4619847877325,-3597.398409922923
70.10000000000001,-716.4619847877325,-3597.6665953591805
70.12,-716.4619847877325,-3597.6617974150004
70.14,-716.7564034058752,-3597.6665953591805
70.16,-717.0510821911683,-3597.6665953591805
70.18,-717.3458078567057,-3597.524707393526
70.2,-717.9357127748473,-3597.563384142333
70.22,-718.2393843522867,-3597.5689968911283
70.24,-718.8247747046768,-3597.5689968911283
70.26,-719.4123561317823,-3597.8143407997554
70.28,-719.7071825148814,-3597.946346687488
70.3,-720.2948212320787,-3598.1914319095567
70.32000000000001,-720.5875826945933,-3598.8545920484844
70.34,-720.882336341039,-3599.5032891207275
70.36,-721.174980677476,-3600.0
70.38,-721.4786522549153,-3601.043938646809
70.4,-721.4696043894701,-3601.9521287991965
70.42,-721.7620706429356,-3603.104781550236
70.44,-721.773622976166,-3603.7902442189193
70.46000000000001,-721.7620706429356,-3604.683170061583
70.48,-721.7620706429356,-3605.2226773836846
70.5,-721.773622976166,-3605.7299336241545
70.52,-721.773622976166,-3606.1221755398246
70.54,-721.7620706429356,-3606.250880766312
70.56,-721.7620706429356,-3606.1221755398246
70.58,-721.7620706429356,-3605.5860003094526
70.60000000000001,-721.7620706429356,-3605.1623443203816
70.62,-721.7620706429356,-3604.3254479785055
70.64,-721.7620706429356,-3603.513124331697
70.66,-721.7620706429356,-3602.620807711987
70.68,-721.4696043894701,-3601.5885370332635
70.7,-721.4696043894701,-3600.5340399000515
70.72,-721.4696043894701,-3599.6498515586377
70.74,-721.174980677476,-3598.849404518937
70.76,-720.882336341039,-3597.946346687488
70.78,-720.5875826945933,-3597.423604997992
70.8,-720.2948212320787,-3596.880239675436
70.82000000000001,-720.0,-3596.3901161427175
70.84,-719.7071825148814,-3596.5322635977527
70.86,-719.1195437976842,-3596.4983658323004
70.88,-718.8247747046768,-3596.9165130896085
70.9,-718.5320286887236,-3597.285420139792
70.92,-718.2373792541056,-3597.427442892051
70.94,-717.9357127748473,-3597.6665953591805
70.96000000000001,-717.650293080464,-3597.946346687488
70.98,-717.6407420535967,-3598.046505692753
71.0,-717.6407420535967,-3598.3364812520235
71.02,-717.650293080464,-3598.458954956556
71.04,-717.650293080464,-3598.440323378089
71.06,-717.9447606402928,-3598.4736577136805
71.08,-718.2308401271567,-3598.3364812520235
71.10000000000001,-718.5320286887236,-3598.4445496178832
71.12,-718.8247747046768,-3598.5673938166956
71.14,-719.1195437976842,-3598.5673938166956
71.16,-719.4123561317823,-3598.5824958159724
71.18,-719.7071825148814,-3598.849404518937
71.2,-720.0,-3599.137214745116
71.22,-720.2948212320787,-3599.507624645098
71.24,-720.5875826945933,-3599.5283119727446
71.26,-720.5875826945933,-3600.0
71.28,-720.882336341039,-3600.6570067878465
71.3,-720.882336341039,-3601.3072080788825
71.32000000000001,-721.174980677476,-3601.844060433337
71.34,-721.174980677476,-3602.336590955462
71.36,-721.174980677476,-3603.104781550236
71.38,-721.174980677476,-3603.2537562307343
71.4,-721.174980677476,-3603.6424859023623
71.42,-721.174980677476,-3603.9043165040207
71.44,-721.174980677476,-3604.038189330708
71.46000000000001,-721.174980677476,-3603.9043165040207
71.48,-721.174980677476,-3603.5347942479766
71.5,-721.174980677476,-3603.381553533197
71.52,-721.174980677476,-3602.9832466696625
71.54,-721.174980677476,-3602.387729338398
71.56,-720.882336341039,-3601.706114235248
71.58,-720.882336341039,-3601.3072080788825
71.60000000000001,-720.882336341039,-3600.5340399000515
71.62,-720.882336341039,-3599.583012016692
71.64,-720.882336341039,-3599.366868291956
71.66,-720.5875826945933,-3598.713599969941
71.68,-720.5875826945933,-3598.1846586048364
71.7,-720.2948212320787,-3597.847591622143
71.72,-720.0,-3597.708727494676
71.74,-720.0,-3597.7166097719128
71.76,-719.7071825148814,-3597.5689968911283
71.78,-719.4123561317823,-3597.946346687488
71.8,-719.4123561317823,-3597.952019095758
71.82000000000001,-719.1195437976842,-3598.046505692753
71.84,-718.8247747046768,-3598.293826779637
71.86,-718.8247747046768,-3598.691889758906
71.88,-718.8247747046768,-3598.958082118036
71.9,-718.5320286887236,-3599.220025358172
71.92,-718.8247747046768,-3599.366868291956
71.94,-718.8247747046768,-3599.366868291956
71.96000000000001,-718.8247747046768,-3599.5073359717103
71.98,-718.8247747046768,-3599.366868291956
72.0,-719.1195437976842,-3599.5032891207275
72.02,-719.1195437976842,-3599.6498515586377
72.04,-719.4123561317823,-3599.6430186974294
72.06,-719.4143650297627,-3599.6498515586377
72.08,-719.7071825148814,-3600.0
72.1,-719.7071825148814,-3600.0
72.12,-720.0,-3600.0
72.14,-720.0,-3600.5340399000515
72.15999999999998,-720.2948212320787,-3600.513451498469
72.18,-720.2948212320787,-3600.8009383360204
72.2,-720.2948212320787,-3600.8995434417607
72.22,-720.2948212320787,-3601.3073011632982
72.23999999999998,-720.5875826945933,-3601.309308335924
72.26,-720.5875826945933,-3601.4531009172038
72.28,-720.5875826945933,-3601.5967202923134
72.29999999999998,-720.5875826945933,-3601.844060433337
72.32,-720.5875826945933,-3601.734518168941
72.34,-720.5875826945933,-3601.844060433337
72.36,-720.5875826945933,-3601.706114235248
72.37999999999998,-720.5875826945933,-3601.4531009172038
72.4,-720.5875826945933,-3601.4476493670804
72.42,-720.5875826945933,-3601.3073011632982
72.43999999999998,-720.2948212320787,-3601.02544802323
72.46,-720.2948212320787,-3600.656354366328
72.48,-720.2948212320787,-3600.0
72.5,-720.2948212320787,-3600.0
72.51999999999998,-720.2948212320787,-3599.6498515586377
72.54,-720.2948212320787,-3599.5032891207275
72.56,-720.2948212320787,-3599.2255477886265
72.58,-720.2948212320787,-3599.2428910648337
72.6,-720.2948212320787,-3598.849404518937
72.62,-720.0,-3598.958702840536
72.64,-720.0,-3598.9605516967945
72.65999999999998,-720.0,-3598.8545920484844
72.68,-720.0,-3598.849404518937
72.7,-719.7071825148814,-3599.0977114334746
72.72,-719.7071825148814,-3599.3651154050367
72.73999999999998,-719.7071825148814,-3599.5073359717103
72.76,-719.7071825148814,-3599.5032891207275
72.78,-719.7071825148814,-3599.5032891207275
72.79999999999998,-719.7071825148814,-3600.0
72.82,-719.7071825148814,-3600.0
72.84,-719.7071825148814,-3600.0
72.86,-719.7071825148814,-3600.0
72.87999999999998,-719.7071825148814,-3600.0
72.9,-720.0,-3600.0
72.92,-720.0,-3600.436221209979
72.93999999999998,-720.0,-3600.513451498469
72.96,-720.0,-3600.6535971899275
72.98,-720.0,-3600.6570067878465
73.0,-720.0,-3600.9042692881458
73.01999999999998,-720.0,-3600.8009383360204
73.04,-720.0,-3600.8009383360204
73.06,-720.0,-3600.8009383360204
73.08,-720.0,-3600.8009383360204
73.1,-720.0,-3600.8009383360204
73.12,-720.0,-3600.6570067878465
73.14,-720.0,-3600.6570067878465
73.15999999999998,-720.0,-3600.5340399000515
73.18,-720.0,-3600.389870430214
73.2,-720.0,-3600.0
73.22,-720.0,-3600.0
73.23999999999998,-720.0,-3600.0
73.26,-720.0,-3600.0
73.28,-720.0,-3600.0
73.29999999999998,-720.0,-3600.0
73.32,-720.0,-3600.0
73.34,-720.0,-3599.5032891207275
73.36,-720.0,-3599.5032891207275
73.37999999999998,-720.0,-3599.5032891207275
73.4,-720.0,-3599.5032891207275
73.42,-720.0,-3599.5032891207275
73.43999999999998,-720.0,-3599.5032891207275
73.46,-720.0,-3599.5032891207275
73.48,-720.0,-3599.6430186974294
73.5,-720.0,-3600.0
73.51999999999998,-720.0,-3600.0
73.54,-720.0,-3600.0
73.56,-720.0,-3600.0
73.58,-720.0,-3600.0
73.6,-720.0,-3600.0
73.62,-720.0,-3600.0
73.64,-720.0,-3600.513451498469
73.65999999999998,-720.0,-3600.5340399000515
73.68,-720.0,-3600.5340399000515
73.7,-720.0,-3600.6570067878465
73.72,-720.0,-3600.6570067878465
73.73999999999998,-720.0,-3600.6570067878465
73.76,-720.0,-3600.6570067878465
73.78,-720.0,-3600.6570067878465
73.79999999999998,-720.0,-3600.5340399000515
73.82,-720.0,-3600.551576751053
73.84,-720.0,-3600.51637971971
73.86,-720.0,-3600.513451498469
73.87999999999998,-720.0,-3600.0
73.9,-720.0,-3600.0
73.92,-720.0,-3600.0
73.93999999999998,-720.0,-3600.0
73.96,-720.0,-3600.0
73.98,-720.0,-3600.0
74.0,-720.0,-3600.0
74.01999999999998,-720.0,-3600.0
74.04,-720.0,-3600.0
74.06,-720.0,-3599.6430186974294
74.08,-720.0,-3599.6430186974294
74.1,-720.0,-3599.6430186974294
74.12,-720.0,-3599.6430186974294
74.14,-720.0,-3599.6430186974294
74.15999999999998,-720.0,-3600.0
74.18,-720.0,-3600.0
74.2,-720.0,-3600.0
74.22,-720.0,-3600.0
74.23999999999998,-720.0,-3600.0
74.26,-720.0,-3600.0
74.28,-720.0,-3600.0
74.29999999999998,-720.0,-3600.0
74.32,-720.0,-3600.0
74.34,-720.0,-3600.513451498469
74.36,-720.0,-3600.513451498469
74.37999999999998,-720.0,-3600.51637971971
74.4,-720.0,-3600.5340399000515
74.42,-720.0,-3600.5340399000515
74.43999999999998,-720.0,-3600.5340399000515
74.46,-720.0,-3600.5340399000515
74.48,-720.0,-3600.393490067968
74.5,-720.0,-3600.389870430214
74.51999999999998,-720.0,-3600.389870430214
74.54,-720.0,-3600.0
74.56,-720.0,-3600.0
74.58,-720.0,-3600.0
74.6,-720.0,-3600.0
74.62,-720.0,-3600.0
74.64,-720.0,-3600.0
74.65999999999998,-720.0,-3600.0
74.68,-720.0,-3600.0
74.7,-720.0,-3600.0
74.72,-720.0,-3600.0
74.73999999999998,-720.0,-3600.0
74.76,-720.0,-3600.0
74.78,-720.0,-3600.0
74.79999999999998,-720.0,-3600.0
74.82,-720.0,-3600.0
74.84,-720.0,-3600.0
74.86,-720.0,-3600.0
74.87999999999998,-720.0,-3600.0
74.9,-720.0,-3600.0
74.92,-720.0,-3600.0
74.93999999999998,-720.0,-3600.0
74.96,-720.0,-3600.0
74.98,-720.0,-3600.0
75.0,-720.0,-3600.0
75.01999999999998,-720.0,-3600.0
75.04,-720.0,-3600.0
75.06,-720.0,-3600.513451498469
75.08,-720.0,-3600.513451498469
75.1,-720.0,-3600.513451498469
75.12,-720.0,-3600.513451498469
75.14,-720.0,-3600.513451498469
75.15999999999998,-720.0,-3600.389870430214
75.18,-720.0,-3600.436221209979
75.2,-720.0,-3600.0
75.22,-720.0,-3600.0
75.23999999999998,-720.0,-3600.0
75.26,-720.0,-3600.0
75.28,-720.0,-3600.0
75.29999999999998,-720.0,-3600.0
75.32,-720.0,-3600.0
75.34,-720.0,-3600.0
75.36,-720.0,-3600.0
75.37999999999998,-720.0,-3600.0
75.4,-720.0,-3600.0
75.42,-720.0,-3600.0
75.43999999999998,-720.0,-3600.0
75.46,-720.0,-3600.0
75.48,-720.0,-3600.0
75.5,-720.0,-3600.0
75.51999999999998,-720.0,-3600.0
75.54,-720.0,-3600.0
75.56,-720.0,-3600.0
75.58,-720.0,-3600.0
75.6,-720.0,-3600.0
75.62,-720.0,-3600.0
75.64,-720.0,-3600.0
75.65999999999998,-720.0,-3600.0
75.68,-720.0,-3600.0
75.7,-720.0,-3600.0
75.72,-720.0,-3600.0
75.73999999999998,-720.0,-3600.0
75.76,-720.0,-3600.0
75.78,-720.0,-3600.0
75.79999999999998,-720.0,-3600.0
75.82,-720.0,-3600.0
75.84,-720.0,-3600.0
75.86,-720.0,-3600.0
75.87999999999998,-720.0,-3600.0
75.9,-720.0,-3600.0
75.92,-720.0,-3600.0
75.93999999999998,-720.0,-3600.0
75.96,-720.0,-3600.0
75.98,-720.0,-3600.0
76.0,-720.0,-3600.0
76.01999999999998,-720.0,-3600.0
76.04,-720.0,-3600.0
76.06,-720.0,-3600.0
76.08,-720.0,-3600.0
76.1,-720.0,-3600.0
76.12,-720.0,-3600.0
76.14,-720.0,-3600.0
76.15999999999998,-720.0,-3600.0
76.18,-720.0,-3600.0
76.2,-720.0,-3600.0
76.22,-720.0,-3600.0
76.23999999999998,-720.0,-3600.0
76.26,-720.0,-3600.0
76.28,-720.0,-3600.0
76.29999999999998,-720.0,-3600.0
76.32,-720.0,-3600.0
76.34,-720.0,-3600.0
76.36,-720.0,-3600.0
76.37999999999998,-720.0,-3600.0
76.4,-720.0,-3600.0
76.42,-720.0,-3600.0
76.43999999999998,-720.0,-3600.0
76.46,-720.0,-3600.0
76.48,-720.0,-3600.0
76.5,-720.0,-3600.0
76.51999999999998,-720.0,-3600.0
76.54,-720.0,-3600.0
76.56,-720.0,-3600.0
76.58,-720.0,-3600.0
76.6,-720.0,-3600.0
76.62,-720.0,-3600.0
76.64,-720.0,-3600.0
76.65999999999998,-720.0,-3600.0
76.68,-720.0,-3600.0
76.7,-720.0,-3600.0
76.72,-720.0,-3600.0
76.73999999999998,-720.0,-3600.0
76.76,-720.0,-3600.0
76.78,-720.0,-3600.0
76.79999999999998,-720.0,-3600.0
76.82,-720.0,-3600.0
76.84,-720.0,-3600.0
76.86,-720.0,-3600.0
76.87999999999998,-720.0,-3600.0
76.9,-720.0,-3600.0
76.92,-720.0,-3600.0
76.93999999999998,-720.0,-3600.0
76.96,-720.0,-3600.0
76.98,-720.0,-3600.0
77.0,-720.0,-3600.0
77.01999999999998,-720.0,-3600.0
77.04,-720.0,-3600.0
77.06,-720.0,-3600.0
77.08,-720.0,-3600.0
77.1,-720.0,-3600.0
77.12,-720.0,-3600.0
77.14,-720.0,-3600.0
77.15999999999998,-720.0,-3600.0
77.18,-720.0,-3600.0
77.2,-720.0,-3600.0
77.22,-720.0,-3600.0
77.23999999999998,-720.0,-3600.0
77.26,-720.0,-3600.0
77.28,-720.0,-3600.0
77.29999999999998,-720.0,-3600.0
77.32,-720.0,-3600.0
77.34,-720.0,-3600.0
77.36,-720.0,-3600.0
77.37999999999998,-720.0,-3600.0
77.4,-720.0,-3600.0
77.42,-720.0,-3600.0
77.43999999999998,-720.0,-3600.0
77.46,-720.0,-3600.0
77.48,-720.0,-3600.0
77.5,-720.0,-3600.0
77.51999999999998,-720.0,-3600.0
77.54,-720.0,-3600.0
77.56,-720.0,-3600.0
77.58,-720.0,-3600.0
77.6,-720.0,-3600.0
77.62,-720.0,-3600.0
77.64,-720.0,-3600.0
